order,pixel,wavelength
0,0,655.9010395812264
0,1,655.9122035154113
0,2,655.923366319373
0,3,655.9345279931116
0,4,655.945688536627
0,5,655.9568479499194
0,6,655.9680062329885
0,7,655.9791633858345
0,8,655.9903194084573
0,9,656.0014743008569
0,10,656.0126280630334
0,11,656.0237806949868
0,12,656.034932196717
0,13,656.046082568224
0,14,656.0572318095079
0,15,656.0683799205688
0,16,656.0795269014063
0,17,656.0906727520207
0,18,656.1018174724121
0,19,656.1129610625802
0,20,656.1241035225253
0,21,656.1352448522471
0,22,656.1463850517457
0,23,656.1575241210213
0,24,656.1686620600736
0,25,656.1797988689029
0,26,656.190934547509
0,27,656.2020690958919
0,28,656.2132025140517
0,29,656.2243348019883
0,30,656.2354659597017
0,31,656.2465959871921
0,32,656.2577248844593
0,33,656.2688526515033
0,34,656.2799792883242
0,35,656.2911047949218
0,36,656.3022291712964
0,37,656.3133524174478
0,38,656.324474533376
0,39,656.3355955190812
0,40,656.3467153745631
0,41,656.357834099822
0,42,656.3689516948575
0,43,656.38006815967
0,44,656.3911834942594
0,45,656.4022976986256
0,46,656.4134107727687
0,47,656.4245227166886
0,48,656.4356335303852
0,49,656.4467432138588
0,50,656.4578517671092
0,51,656.4689591901365
0,52,656.4800654829406
0,53,656.4911706455216
0,54,656.5022746778794
0,55,656.5133775800141
0,56,656.5244793519256
0,57,656.535579993614
0,58,656.5466795050792
0,59,656.5577778863212
0,60,656.5688751373401
0,61,656.5799712581359
0,62,656.5910662487084
0,63,656.6021601090579
0,64,656.6132528391843
0,65,656.6243444390874
0,66,656.6354349087674
0,67,656.6465242482242
0,68,656.6576124574578
0,69,656.6686995364684
0,70,656.6797854852558
0,71,656.69087030382
0,72,656.7019539921611
0,73,656.7130365502791
0,74,656.7241179781738
0,75,656.7351982758454
0,76,656.7462774432938
0,77,656.7573554805192
0,78,656.7684323875213
0,79,656.7795081643004
0,80,656.7905828108562
0,81,656.8016563271889
0,82,656.8127287132985
0,83,656.8237999691848
0,84,656.8348700948482
0,85,656.8459390902882
0,86,656.8570069555052
0,87,656.8680736904989
0,88,656.8791392952696
0,89,656.890203769817
0,90,656.9012671141414
0,91,656.9123293282427
0,92,656.9233904121206
0,93,656.9344503657755
0,94,656.9455091892073
0,95,656.9565668824158
0,96,656.9676234454013
0,97,656.9786788781636
0,98,656.9897331807026
0,99,657.0007863530186
0,100,657.0118383951115
0,101,657.0228893069811
0,102,657.0339390886276
0,103,657.0449877400509
0,104,657.0560352612512
0,105,657.0670816522282
0,106,657.0781269129822
0,107,657.0891710435128
0,108,657.1002140438204
0,109,657.1112559139049
0,110,657.1222966537662
0,111,657.1333362634043
0,112,657.1443747428193
0,113,657.1554120920111
0,114,657.1664483109798
0,115,657.1774833997254
0,116,657.1885173582477
0,117,657.199550186547
0,118,657.210581884623
0,119,657.2216124524759
0,120,657.2326418901057
0,121,657.2436701975123
0,122,657.2546973746958
0,123,657.2657234216562
0,124,657.2767483383933
0,125,657.2877721249073
0,126,657.2987947811981
0,127,657.3098163072658
0,128,657.3208367031104
0,129,657.3318559687318
0,130,657.34287410413
0,131,657.3538911093051
0,132,657.3649069842571
0,133,657.3759217289859
0,134,657.3869353434915
0,135,657.397947827774
0,136,657.4089591818333
0,137,657.4199694056695
0,138,657.4309784992826
0,139,657.4419864626724
0,140,657.4529932958392
0,141,657.4639989987827
0,142,657.4750035715031
0,143,657.4860070140004
0,144,657.4970093262745
0,145,657.5080105083255
0,146,657.5190105601533
0,147,657.5300094817579
0,148,657.5410072731395
0,149,657.5520039342978
0,150,657.562999465233
0,151,657.573993865945
0,152,657.5849871364339
0,153,657.5959792766997
0,154,657.6069702867422
0,155,657.6179601665617
0,156,657.628948916158
0,157,657.6399365355311
0,158,657.6509230246811
0,159,657.661908383608
0,160,657.6728926123117
0,161,657.6838757107921
0,162,657.6948576790495
0,163,657.7058385170837
0,164,657.7168182248948
0,165,657.7277968024828
0,166,657.7387742498476
0,167,657.7497505669892
0,168,657.7607257539075
0,169,657.7716998106029
0,170,657.782672737075
0,171,657.793644533324
0,172,657.8046151993499
0,173,657.8155847351526
0,174,657.8265531407321
0,175,657.8375204160885
0,176,657.8484865612218
0,177,657.8594515761318
0,178,657.8704154608188
0,179,657.8813782152826
0,180,657.8923398395233
0,181,657.9033003335408
0,182,657.9142596973351
0,183,657.9252179309062
0,184,657.9361750342542
0,185,657.9471310073791
0,186,657.9580858502809
0,187,657.9690395629594
0,188,657.9799921454148
0,189,657.9909435976471
0,190,658.0018939196563
0,191,658.0128431114422
0,192,658.023791173005
0,193,658.0347381043447
0,194,658.0456839054611
0,195,658.0566285763545
0,196,658.0675721170247
0,197,658.0785145274717
0,198,658.0894558076956
0,199,658.1003959576964
0,200,658.1113349774739
0,201,658.1222728670284
0,202,658.1332096263596
0,203,658.1441452554678
0,204,658.1550797543528
0,205,658.1660131230146
0,206,658.1769453614532
0,207,658.1878764696688
0,208,658.1988064476611
0,209,658.2097352954304
0,210,658.2206630129765
0,211,658.2315896002993
0,212,658.2425150573991
0,213,658.2534393842758
0,214,658.2643625809292
0,215,658.2752846473595
0,216,658.2862055835667
0,217,658.2971253895506
0,218,658.3080440653115
0,219,658.3189616108492
0,220,658.3298780261638
0,221,658.3407933112552
0,222,658.3517074661233
0,223,658.3626204907684
0,224,658.3735323851904
0,225,658.3844431493892
0,226,658.3953527833648
0,227,658.4062612871173
0,228,658.4171686606467
0,229,658.4280749039528
0,230,658.4389800170359
0,231,658.4498839998957
0,232,658.4607868525325
0,233,658.471688574946
0,234,658.4825891671364
0,235,658.4934886291037
0,236,658.5043869608478
0,237,658.5152841623687
0,238,658.5261802336665
0,239,658.5370751747412
0,240,658.5479689855927
0,241,658.558861666221
0,242,658.5697532166262
0,243,658.5806436368083
0,244,658.5915329267672
0,245,658.6024210865029
0,246,658.6133081160154
0,247,658.6241940153049
0,248,658.6350787843712
0,249,658.6459624232143
0,250,658.6568449318343
0,251,658.6677263102312
0,252,658.6786065584048
0,253,658.6894856763553
0,254,658.7003636640827
0,255,658.7112405215869
0,256,658.7221162488679
0,257,658.7329908459259
0,258,658.7438643127606
0,259,658.7547366493723
0,260,658.7656078557607
0,261,658.776477931926
0,262,658.7873468778681
0,263,658.7982146935872
0,264,658.809081379083
0,265,658.8199469343557
0,266,658.8308113594052
0,267,658.8416746542316
0,268,658.8525368188348
0,269,658.8633978532149
0,270,658.8742577573719
0,271,658.8851165313056
0,272,658.8959741750162
0,273,658.9068306885038
0,274,658.917686071768
0,275,658.9285403248092
0,276,658.9393934476273
0,277,658.9502454402221
0,278,658.9610963025938
0,279,658.9719460347424
0,280,658.9827946366678
0,281,658.9936421083701
0,282,659.0044884498492
0,283,659.015333661105
0,284,659.0261777421379
0,285,659.0370206929475
0,286,659.047862513534
0,287,659.0587032038974
0,288,659.0695427640376
0,289,659.0803811939546
0,290,659.0912184936485
0,291,659.1020546631192
0,292,659.1128897023668
0,293,659.1237236113913
0,294,659.1345563901925
0,295,659.1453880387706
0,296,659.1562185571256
0,297,659.1670479452574
0,298,659.1778762031661
0,299,659.1887033308516
0,300,659.199529328314
0,301,659.2103541955532
0,302,659.2211779325693
0,303,659.2320005393622
0,304,659.2428220159319
0,305,659.2536423622786
0,306,659.264461578402
0,307,659.2752796643023
0,308,659.2860966199794
0,309,659.2969124454335
0,310,659.3077271406643
0,311,659.3185407056719
0,312,659.3293531404565
0,313,659.3401644450179
0,314,659.3509746193561
0,315,659.3617836634712
0,316,659.3725915773631
0,317,659.3833983610319
0,318,659.3942040144775
0,319,659.4050085377
0,320,659.4158119306993
0,321,659.4266141934755
0,322,659.4374153260285
0,323,659.4482153283584
0,324,659.459014200465
0,325,659.4698119423487
0,326,659.480608554009
0,327,659.4914040354463
0,328,659.5021983866603
0,329,659.5129916076513
0,330,659.5237836984192
0,331,659.5345746589637
0,332,659.5453644892852
0,333,659.5561531893836
0,334,659.5669407592588
0,335,659.5777271989108
0,336,659.5885125083397
0,337,659.5992966875455
0,338,659.6100797365281
0,339,659.6208616552874
0,340,659.6316424438237
0,341,659.6424221021368
0,342,659.6532006302268
0,343,659.6639780280937
0,344,659.6747542957373
0,345,659.6855294331579
0,346,659.6963034403552
0,347,659.7070763173293
0,348,659.7178480640804
0,349,659.7286186806083
0,350,659.739388166913
0,351,659.7501565229946
0,352,659.7609237488531
0,353,659.7716898444884
0,354,659.7824548099006
0,355,659.7932186450896
0,356,659.8039813500554
0,357,659.8147429247981
0,358,659.8255033693176
0,359,659.836262683614
0,360,659.8470208676872
0,361,659.8577779215373
0,362,659.8685338451643
0,363,659.879288638568
0,364,659.8900423017486
0,365,659.9007948347061
0,366,659.9115462374405
0,367,659.9222965099516
0,368,659.9330456522396
0,369,659.9437936643044
0,370,659.9545405461462
0,371,659.9652862977647
0,372,659.9760309191602
0,373,659.9867744103324
0,374,659.9975167712814
0,375,660.0082580020074
0,376,660.0189981025102
0,377,660.0297370727899
0,378,660.0404749128463
0,379,660.0512116226797
0,380,660.0619472022898
0,381,660.0726816516769
0,382,660.0834149708407
0,383,660.0941471597815
0,384,660.104878218499
0,385,660.1156081469935
0,386,660.1263369452647
0,387,660.1370646133129
0,388,660.1477911511379
0,389,660.1585165587396
0,390,660.1692408361183
0,391,660.1799639832739
0,392,660.1906860002061
0,393,660.2014068869154
0,394,660.2121266434015
0,395,660.2228452696644
0,396,660.233562765704
0,397,660.2442791315207
0,398,660.2549943671141
0,399,660.2657084724844
0,400,660.2764214476316
0,401,660.2871332925556
0,402,660.2978440072563
0,403,660.308553591734
0,404,660.3192620459886
0,405,660.32996937002
0,406,660.3406755638282
0,407,660.3513806274133
0,408,660.3620845607752
0,409,660.372787363914
0,410,660.3834890368296
0,411,660.394189579522
0,412,660.4048889919914
0,413,660.4155872742375
0,414,660.4262844262605
0,415,660.4369804480604
0,416,660.447675339637
0,417,660.4583691009907
0,418,660.4690617321211
0,419,660.4797532330283
0,420,660.4904436037124
0,421,660.5011328441733
0,422,660.5118209544111
0,423,660.5225079344258
0,424,660.5331937842172
0,425,660.5438785037855
0,426,660.5545620931307
0,427,660.5652445522528
0,428,660.5759258811516
0,429,660.5866060798273
0,430,660.59728514828
0,431,660.6079630865094
0,432,660.6186398945157
0,433,660.6293155722988
0,434,660.6399901198587
0,435,660.6506635371956
0,436,660.6613358243092
0,437,660.6720069811997
0,438,660.682677007867
0,439,660.6933459043113
0,440,660.7040136705323
0,441,660.7146803065302
0,442,660.7253458123049
0,443,660.7360101878566
0,444,660.7466734331849
0,445,660.7573355482903
0,446,660.7679965331724
0,447,660.7786563878313
0,448,660.7893151122672
0,449,660.7999727064799
0,450,660.8106291704694
0,451,660.8212845042358
0,452,660.831938707779
0,453,660.8425917810991
0,454,660.853243724196
0,455,660.8638945370698
0,456,660.8745442197204
0,457,660.8851927721479
0,458,660.8958401943522
0,459,660.9064864863333
0,460,660.9171316480913
0,461,660.9277756796262
0,462,660.9384185809379
0,463,660.9490603520264
0,464,660.9597009928918
0,465,660.9703405035341
0,466,660.9809788839532
0,467,660.9916161341491
0,468,661.0022522541219
0,469,661.0128872438715
0,470,661.023521103398
0,471,661.0341538327013
0,472,661.0447854317815
0,473,661.0554159006385
0,474,661.0660452392724
0,475,661.0766734476831
0,476,661.0873005258707
0,477,661.0979264738351
0,478,661.1085512915764
0,479,661.1191749790945
0,480,661.1297975363894
0,481,661.1404189634612
0,482,661.1510392603099
0,483,661.1616584269354
0,484,661.1722764633378
0,485,661.1828933695169
0,486,661.1935091454731
0,487,661.2041237912059
0,488,661.2147373067156
0,489,661.2253496920023
0,490,661.2359609470657
0,491,661.2465710719059
0,492,661.2571800665231
0,493,661.267787930917
0,494,661.278394665088
0,495,661.2890002690356
0,496,661.29960474276
0,497,661.3102080862615
0,498,661.3208102995396
0,499,661.3314113825948
0,500,661.3420113354267
0,501,661.3526101580354
0,502,661.3632078504211
0,503,661.3738044125835
0,504,661.3843998445228
0,505,661.3949941462389
0,506,661.4055873177319
0,507,661.4161793590018
0,508,661.4267702700485
0,509,661.437360050872
0,510,661.4479487014725
0,511,661.4585362218497
0,512,661.4691226120037
0,513,661.4797078719347
0,514,661.4902920016425
0,515,661.5008750011272
0,516,661.5114568703885
0,517,661.5220376094269
0,518,661.5326172182421
0,519,661.5431956968341
0,520,661.553773045203
0,521,661.5643492633487
0,522,661.5749243512713
0,523,661.5854983089707
0,524,661.596071136447
0,525,661.6066428337001
0,526,661.6172134007301
0,527,661.6277828375369
0,528,661.6383511441205
0,529,661.648918320481
0,530,661.6594843666184
0,531,661.6700492825325
0,532,661.6806130682236
0,533,661.6911757236915
0,534,661.7017372489362
0,535,661.7122976439578
0,536,661.7228569087562
0,537,661.7334150433314
0,538,661.7439720476837
0,539,661.7545279218126
0,540,661.7650826657184
0,541,661.775636279401
0,542,661.7861887628605
0,543,661.796740116097
0,544,661.8072903391102
0,545,661.8178394319002
0,546,661.8283873944672
0,547,661.8389342268109
0,548,661.8494799289315
0,549,661.860024500829
0,550,661.8705679425033
0,551,661.8811102539545
0,552,661.8916514351824
0,553,661.9021914861872
0,554,661.912730406969
0,555,661.9232681975275
0,556,661.9338048578629
0,557,661.9443403879751
0,558,661.9548747878642
0,559,661.9654080575301
0,560,661.9759401969729
0,561,661.9864712061926
0,562,661.997001085189
0,563,662.0075298339624
0,564,662.0180574525125
0,565,662.0285839408396
0,566,662.0391092989435
0,567,662.0496335268241
0,568,662.0601566244817
0,569,662.0706785919161
0,570,662.0811994291273
0,571,662.0917191361154
0,572,662.1022377128804
0,573,662.1127551594222
0,574,662.1232714757409
0,575,662.1337866618363
0,576,662.1443007177087
0,577,662.1548136433579
0,578,662.165325438784
0,579,662.1758361039869
0,580,662.1863456389666
0,581,662.1968540437232
0,582,662.2073613182565
0,583,662.2178674625668
0,584,662.2283724766539
0,585,662.2388763605179
0,586,662.2493791141587
0,587,662.2598807375764
0,588,662.2703812307709
0,589,662.2808805937423
0,590,662.2913788264906
0,591,662.3018759290156
0,592,662.3123719013175
0,593,662.3228667433963
0,594,662.3333604552519
0,595,662.3438530368843
0,596,662.3543444882936
0,597,662.3648348094798
0,598,662.3753240004428
0,599,662.3858120611826
0,600,662.3962989916993
0,601,662.4067847919928
0,602,662.4172694620632
0,603,662.4277530019104
0,604,662.4382354115345
0,605,662.4487166909355
0,606,662.4591968401132
0,607,662.4696758590678
0,608,662.4801537477994
0,609,662.4906305063076
0,610,662.5011061345928
0,611,662.5115806326548
0,612,662.5220540004937
0,613,662.5325262381094
0,614,662.5429973455019
0,615,662.5534673226714
0,616,662.5639361696176
0,617,662.5744038863407
0,618,662.5848704728406
0,619,662.5953359291175
0,620,662.6058002551711
0,621,662.6162634510016
0,622,662.626725516609
0,623,662.6371864519931
0,624,662.6476462571542
0,625,662.6581049320921
0,626,662.6685624768068
0,627,662.6790188912984
0,628,662.6894741755668
0,629,662.699928329612
0,630,662.7103813534342
0,631,662.7208332470332
0,632,662.731284010409
0,633,662.7417336435617
0,634,662.7521821464911
0,635,662.7626295191975
0,636,662.7730757616807
0,637,662.7835208739408
0,638,662.7939648559777
0,639,662.8044077077915
0,640,662.8148494293821
0,641,662.8252900207494
0,642,662.8357294818937
0,643,662.8461678128149
0,644,662.8566050135129
0,645,662.8670410839877
0,646,662.8774760242394
0,647,662.8879098342679
0,648,662.8983425140734
0,649,662.9087740636556
0,650,662.9192044830147
0,651,662.9296337721506
0,652,662.9400619310634
0,653,662.950488959753
0,654,662.9609148582194
0,655,662.9713396264627
0,656,662.981763264483
0,657,662.99218577228
0,658,663.0026071498538
0,659,663.0130273972045
0,660,663.023446514332
0,661,663.0338645012365
0,662,663.0442813579177
0,663,663.0546970843758
0,664,663.0651116806108
0,665,663.0755251466226
0,666,663.0859374824112
0,667,663.0963486879767
0,668,663.106758763319
0,669,663.1171677084383
0,670,663.1275755233343
0,671,663.1379822080071
0,672,663.1483877624569
0,673,663.1587921866834
0,674,663.1691954806869
0,675,663.1795976444671
0,676,663.1899986780243
0,677,663.2003985813582
0,678,663.210797354469
0,679,663.2211949973567
0,680,663.2315915100212
0,681,663.2419868924626
0,682,663.2523811446807
0,683,663.2627742666758
0,684,663.2731662584478
0,685,663.2835571199964
0,686,663.2939468513221
0,687,663.3043354524245
0,688,663.3147229233037
0,689,663.3251092639599
0,690,663.3354944743929
0,691,663.3458785546028
0,692,663.3562615045895
0,693,663.3666433243529
0,694,663.3770240138933
0,695,663.3874035732106
0,696,663.3977820023047
0,697,663.4081593011756
0,698,663.4185354698234
0,699,663.428910508248
0,700,663.4392844164495
0,701,663.4496571944278
0,702,663.460028842183
0,703,663.4703993597149
0,704,663.4807687470237
0,705,663.4911370041095
0,706,663.5015041309721
0,707,663.5118701276115
0,708,663.5222349940277
0,709,663.5325987302208
0,710,663.5429613361907
0,711,663.5533228119375
0,712,663.5636831574611
0,713,663.5740423727616
0,714,663.5844004578389
0,715,663.5947574126932
0,716,663.6051132373242
0,717,663.615467931732
0,718,663.6258214959167
0,719,663.6361739298784
0,720,663.6465252336168
0,721,663.656875407132
0,722,663.6672244504241
0,723,663.6775723634931
0,724,663.6879191463389
0,725,663.6982647989615
0,726,663.7086093213611
0,727,663.7189527135374
0,728,663.7292949754907
0,729,663.7396361072207
0,730,663.7499761087277
0,731,663.7603149800113
0,732,663.7706527210719
0,733,663.7809893319094
0,734,663.7913248125236
0,735,663.8016591629148
0,736,663.8119923830828
0,737,663.8223244730276
0,738,663.8326554327493
0,739,663.8429852622478
0,740,663.8533139615232
0,741,663.8636415305755
0,742,663.8739679694045
0,743,663.8842932780104
0,744,663.8946174563932
0,745,663.9049405045528
0,746,663.9152624224893
0,747,663.9255832102026
0,748,663.9359028676927
0,749,663.9462213949597
0,750,663.9565387920036
0,751,663.9668550588243
0,752,663.9771701954219
0,753,663.9874842017962
0,754,663.9977970779474
0,755,664.0081088238755
0,756,664.0184194395805
0,757,664.0287289250623
0,758,664.0390372803209
0,759,664.0493445053564
0,760,664.0596506001688
0,761,664.069955564758
0,762,664.080259399124
0,763,664.0905621032668
0,764,664.1008636771866
0,765,664.1111641208831
0,766,664.1214634343565
0,767,664.1317616176068
0,768,664.1420586706339
0,769,664.1523545934378
0,770,664.1626493860186
0,771,664.1729430483763
0,772,664.1832355805108
0,773,664.1935269824222
0,774,664.2038172541104
0,775,664.2141063955754
0,776,664.2243944068173
0,777,664.2346812878361
0,778,664.2449670386317
0,779,664.2552516592041
0,780,664.2655351495533
0,781,664.2758175096795
0,782,664.2860987395825
0,783,664.2963788392623
0,784,664.306657808719
0,785,664.3169356479525
0,786,664.3272123569628
0,787,664.3374879357501
0,788,664.3477623843141
0,789,664.3580357026551
0,790,664.3683078907728
0,791,664.3785789486675
0,792,664.3888488763389
0,793,664.3991176737873
0,794,664.4093853410124
0,795,664.4196518780144
0,796,664.4299172847932
0,797,664.4401815613489
0,798,664.4504447076815
0,799,664.4607067237908
0,800,664.4709676096771
0,801,664.4812273653401
0,802,664.4914859907801
0,803,664.5017434859969
0,804,664.5119998509905
0,805,664.522255085761
0,806,664.5325091903084
0,807,664.5427621646326
0,808,664.5530140087335
0,809,664.5632647226114
0,810,664.5735143062661
0,811,664.5837627596977
0,812,664.5940100829062
0,813,664.6042562758914
0,814,664.6145013386534
0,815,664.6247452711924
0,816,664.6349880735082
0,817,664.6452297456009
0,818,664.6554702874704
0,819,664.6657096991167
0,820,664.67594798054
0,821,664.68618513174
0,822,664.6964211527169
0,823,664.7066560434706
0,824,664.7168898040012
0,825,664.7271224343086
0,826,664.7373539343929
0,827,664.747584304254
0,828,664.757813543892
0,829,664.7680416533069
0,830,664.7782686324986
0,831,664.7884944814671
0,832,664.7987192002124
0,833,664.8089427887346
0,834,664.8191652470337
0,835,664.8293865751097
0,836,664.8396067729624
0,837,664.849825840592
0,838,664.8600437779984
0,839,664.8702605851818
0,840,664.8804762621419
0,841,664.8906908088788
0,842,664.9009042253928
0,843,664.9111165116834
0,844,664.9213276677509
0,845,664.9315376935954
0,846,664.9417465892166
0,847,664.9519543546147
0,848,664.9621609897896
0,849,664.9723664947414
0,850,664.98257086947
0,851,664.9927741139755
0,852,665.0029762282578
0,853,665.013177212317
0,854,665.023377066153
0,855,665.0335757897659
0,856,665.0437733831556
0,857,665.0539698463222
0,858,665.0641651792656
0,859,665.0743593819858
0,860,665.084552454483
0,861,665.0947443967568
0,862,665.1049352088077
0,863,665.1151248906353
0,864,665.1253134422399
0,865,665.1355008636211
0,866,665.1456871547794
0,867,665.1558723157144
0,868,665.1660563464263
0,869,665.176239246915
0,870,665.1864210171806
0,871,665.196601657223
0,872,665.2067811670423
0,873,665.2169595466385
0,874,665.2271367960115
0,875,665.2373129151613
0,876,665.247487904088
0,877,665.2576617627914
0,878,665.2678344912717
0,879,665.278006089529
0,880,665.288176557563
0,881,665.2983458953739
0,882,665.3085141029617
0,883,665.3186811803263
0,884,665.3288471274677
0,885,665.3390119443861
0,886,665.3491756310813
0,887,665.3593381875532
0,888,665.3694996138021
0,889,665.3796599098278
0,890,665.3898190756303
0,891,665.3999771112096
0,892,665.410134016566
0,893,665.420289791699
0,894,665.4304444366089
0,895,665.4405979512957
0,896,665.4507503357594
0,897,665.4609015899998
0,898,665.4710517140171
0,899,665.4812007078112
0,900,665.4913485713823
0,901,665.5014953047302
0,902,665.5116409078548
0,903,665.5217853807565
0,904,665.5319287234348
0,905,665.5420709358901
0,906,665.5522120181222
0,907,665.5623519701312
0,908,665.572490791917
0,909,665.5826284834795
0,910,665.5927650448191
0,911,665.6029004759355
0,912,665.6130347768286
0,913,665.6231679474987
0,914,665.6332999879455
0,915,665.6434308981693
0,916,665.6535606781698
0,917,665.6636893279473
0,918,665.6738168475016
0,919,665.6839432368326
0,920,665.6940684959407
0,921,665.7041926248255
0,922,665.7143156234871
0,923,665.7244374919256
0,924,665.734558230141
0,925,665.7446778381333
0,926,665.7547963159022
0,927,665.7649136634482
0,928,665.775029880771
0,929,665.7851449678706
0,930,665.795258924747
0,931,665.8053717514002
0,932,665.8154834478304
0,933,665.8255940140374
0,934,665.8357034500212
0,935,665.8458117557819
0,936,665.8559189313195
0,937,665.8660249766339
0,938,665.8761298917251
0,939,665.8862336765932
0,940,665.8963363312381
0,941,665.9064378556599
0,942,665.9165382498585
0,943,665.926637513834
0,944,665.9367356475863
0,945,665.9468326511154
0,946,665.9569285244214
0,947,665.9670232675043
0,948,665.9771168803641
0,949,665.9872093630006
0,950,665.997300715414
0,951,666.0073909376042
0,952,666.0174800295713
0,953,666.0275679913153
0,954,666.0376548228361
0,955,666.0477405241337
0,956,666.0578250952082
0,957,666.0679085360596
0,958,666.0779908466877
0,959,666.0880720270927
0,960,666.0981520772747
0,961,666.1082309972334
0,962,666.1183087869689
0,963,666.1283854464814
0,964,666.1384609757706
0,965,666.1485353748368
0,966,666.1586086436797
0,967,666.1686807822996
0,968,666.1787517906962
0,969,666.1888216688698
0,970,666.1988904168201
0,971,666.2089580345473
0,972,666.2190245220513
0,973,666.2290898793323
0,974,666.23915410639
0,975,666.2492172032246
0,976,666.2592791698361
0,977,666.2693400062243
0,978,666.2793997123895
0,979,666.2894582883314
0,980,666.2995157340503
0,981,666.309572049546
0,982,666.3196272348185
0,983,666.3296812898678
0,984,666.3397342146941
0,985,666.3497860092972
0,986,666.3598366736771
0,987,666.3698862078338
0,988,666.3799346117675
0,989,666.3899818854779
0,990,666.4000280289653
0,991,666.4100730422294
0,992,666.4201169252705
0,993,666.4301596780883
0,994,666.440201300683
0,995,666.4502417930546
0,996,666.4602811552029
0,997,666.4703193871281
0,998,666.4803564888302
0,999,666.4903924603092
0,1000,666.500427301565
0,1001,666.5104610125977
0,1002,666.5204935934072
0,1003,666.5305250439935
0,1004,666.5405553643567
0,1005,666.5505845544967
0,1006,666.5606126144136
0,1007,666.5706395441073
0,1008,666.5806653435778
0,1009,666.5906900128253
0,1010,666.6007135518496
0,1011,666.6107359606507
0,1012,666.6207572392286
0,1013,666.6307773875834
0,1014,666.6407964057152
0,1015,666.6508142936236
0,1016,666.660831051309
0,1017,666.6708466787712
0,1018,666.6808611760102
0,1019,666.6908745430261
0,1020,666.7008867798189
0,1021,666.7108978863885
0,1022,666.7209078627349
0,1023,666.7309167088582
0,1024,666.7409244247583
0,1025,666.7509310104354
0,1026,666.7609364658891
0,1027,666.7709407911199
0,1028,666.7809439861273
0,1029,666.7909460509118
0,1030,666.8009469854729
0,1031,666.810946789811
0,1032,666.8209454639259
0,1033,666.8309430078177
0,1034,666.8409394214864
0,1035,666.8509347049318
0,1036,666.8609288581541
0,1037,666.8709218811532
0,1038,666.8809137739293
0,1039,666.8909045364821
0,1040,666.9008941688119
0,1041,666.9108826709183
0,1042,666.9208700428018
0,1043,666.930856284462
0,1044,666.9408413958992
0,1045,666.950825377113
0,1046,666.9608082281038
0,1047,666.9707899488715
0,1048,666.980770539416
0,1049,666.9907499997373
0,1050,667.0007283298355
0,1051,667.0107055297104
0,1052,667.0206815993623
0,1053,667.030656538791
0,1054,667.0406303479966
0,1055,667.050603026979
0,1056,667.0605745757383
0,1057,667.0705449942744
0,1058,667.0805142825874
0,1059,667.0904824406772
0,1060,667.1004494685438
0,1061,667.1104153661873
0,1062,667.1203801336077
0,1063,667.1303437708049
0,1064,667.140306277779
0,1065,667.1502676545299
0,1066,667.1602279010576
0,1067,667.1701870173622
0,1068,667.1801450034436
0,1069,667.1901018593019
0,1070,667.2000575849371
0,1071,667.210012180349
0,1072,667.2199656455379
0,1073,667.2299179805035
0,1074,667.2398691852461
0,1075,667.2498192597654
0,1076,667.2597682040616
0,1077,667.2697160181348
0,1078,667.2796627019846
0,1079,667.2896082556114
0,1080,667.299552679015
0,1081,667.3094959721955
0,1082,667.3194381351528
0,1083,667.3293791678869
0,1084,667.3393190703979
0,1085,667.3492578426858
0,1086,667.3591954847504
0,1087,667.369131996592
0,1088,667.3790673782104
0,1089,667.3890016296057
0,1090,667.3989347507778
0,1091,667.4088667417267
0,1092,667.4187976024525
0,1093,667.4287273329551
0,1094,667.4386559332346
0,1095,667.448583403291
0,1096,667.4585097431241
0,1097,667.4684349527341
0,1098,667.478359032121
0,1099,667.4882819812847
0,1100,667.4982038002253
0,1101,667.5081244889427
0,1102,667.518044047437
0,1103,667.527962475708
0,1104,667.537879773756
0,1105,667.5477959415808
0,1106,667.5577109791825
0,1107,667.567624886561
0,1108,667.5775376637163
0,1109,667.5874493106485
0,1110,667.5973598273575
0,1111,667.6072692138434
0,1112,667.6171774701062
0,1113,667.6270845961458
0,1114,667.6369905919622
0,1115,667.6468954575555
0,1116,667.6567991929256
0,1117,667.6667017980726
0,1118,667.6766032729964
0,1119,667.6865036176971
0,1120,667.6964028321746
0,1121,667.706300916429
0,1122,667.7161978704602
0,1123,667.7260936942682
0,1124,667.7359883878532
0,1125,667.745881951215
0,1126,667.7557743843536
0,1127,667.765665687269
0,1128,667.7755558599613
0,1129,667.7854449024304
0,1130,667.7953328146765
0,1131,667.8052195966993
0,1132,667.815105248499
0,1133,667.8249897700755
0,1134,667.834873161429
0,1135,667.8447554225592
0,1136,667.8546365534662
0,1137,667.8645165541502
0,1138,667.874395424611
0,1139,667.8842731648487
0,1140,667.8941497748631
0,1141,667.9040252546544
0,1142,667.9138996042226
0,1143,667.9237728235676
0,1144,667.9336449126895
0,1145,667.9435158715881
0,1146,667.9533857002638
0,1147,667.9632543987161
0,1148,667.9731219669454
0,1149,667.9829884049515
0,1150,667.9928537127345
0,1151,668.0027178902943
0,1152,668.0125809376309
0,1153,668.0224428547444
0,1154,668.0323036416347
0,1155,668.042163298302
0,1156,668.052021824746
0,1157,668.0618792209668
0,1158,668.0717354869646
0,1159,668.0815906227392
0,1160,668.0914446282907
0,1161,668.1012975036189
0,1162,668.111149248724
0,1163,668.120999863606
0,1164,668.1308493482649
0,1165,668.1406977027005
0,1166,668.150544926913
0,1167,668.1603910209024
0,1168,668.1702359846686
0,1169,668.1800798182117
0,1170,668.1899225215316
0,1171,668.1997640946283
0,1172,668.209604537502
0,1173,668.2194438501524
0,1174,668.2292820325797
0,1175,668.2391190847839
0,1176,668.2489550067648
0,1177,668.2587897985227
0,1178,668.2686234600574
0,1179,668.2784559913689
0,1180,668.2882873924573
0,1181,668.2981176633225
0,1182,668.3079468039646
0,1183,668.3177748143835
0,1184,668.3276016945794
0,1185,668.337427444552
0,1186,668.3472520643014
0,1187,668.3570755538277
0,1188,668.3668979131309
0,1189,668.376719142211
0,1190,668.3865392410678
0,1191,668.3963582097015
0,1192,668.406176048112
0,1193,668.4159927562995
0,1194,668.4258083342637
0,1195,668.4356227820048
0,1196,668.4454360995228
0,1197,668.4552482868176
0,1198,668.4650593438892
0,1199,668.4748692707377
0,1200,668.484678067363
0,1201,668.4944857337653
0,1202,668.5042922699442
0,1203,668.5140976759002
0,1204,668.5239019516329
0,1205,668.5337050971425
0,1206,668.5435071124289
0,1207,668.5533079974922
0,1208,668.5631077523323
0,1209,668.5729063769493
0,1210,668.582703871343
0,1211,668.5925002355137
0,1212,668.6022954694613
0,1213,668.6120895731856
0,1214,668.6218825466868
0,1215,668.6316743899649
0,1216,668.6414651030198
0,1217,668.6512546858515
0,1218,668.6610431384602
0,1219,668.6708304608457
0,1220,668.6806166530079
0,1221,668.690401714947
0,1222,668.700185646663
0,1223,668.7099684481559
0,1224,668.7197501194256
0,1225,668.729530660472
0,1226,668.7393100712954
0,1227,668.7490883518957
0,1228,668.7588655022728
0,1229,668.7686415224267
0,1230,668.7784164123575
0,1231,668.7881901720651
0,1232,668.7979628015496
0,1233,668.8077343008109
0,1234,668.8175046698491
0,1235,668.8272739086641
0,1236,668.837042017256
0,1237,668.8468089956247
0,1238,668.8565748437702
0,1239,668.8663395616926
0,1240,668.8761031493918
0,1241,668.8858656068679
0,1242,668.8956269341209
0,1243,668.9053871311507
0,1244,668.9151461979574
0,1245,668.9249041345408
0,1246,668.9346609409012
0,1247,668.9444166170383
0,1248,668.9541711629524
0,1249,668.9639245786433
0,1250,668.973676864111
0,1251,668.9834280193555
0,1252,668.993178044377
0,1253,669.0029269391753
0,1254,669.0126747037503
0,1255,669.0224213381024
0,1256,669.0321668422312
0,1257,669.0419112161369
0,1258,669.0516544598194
0,1259,669.0613965732787
0,1260,669.0711375565149
0,1261,669.080877409528
0,1262,669.0906161323179
0,1263,669.1003537248846
0,1264,669.1100901872283
0,1265,669.1198255193486
0,1266,669.129559721246
0,1267,669.1392927929201
0,1268,669.1490247343711
0,1269,669.158755545599
0,1270,669.1684852266036
0,1271,669.1782137773852
0,1272,669.1879411979435
0,1273,669.1976674882787
0,1274,669.2073926483909
0,1275,669.2171166782797
0,1276,669.2268395779455
0,1277,669.2365613473881
0,1278,669.2462819866076
0,1279,669.2560014956039
0,1280,669.265719874377
0,1281,669.2754371229271
0,1282,669.285153241254
0,1283,669.2948682293577
0,1284,669.3045820872383
0,1285,669.3142948148956
0,1286,669.3240064123298
0,1287,669.3337168795409
0,1288,669.3434262165289
0,1289,669.3531344232937
0,1290,669.3628414998353
0,1291,669.3725474461538
0,1292,669.3822522622492
0,1293,669.3919559481213
0,1294,669.4016585037704
0,1295,669.4113599291962
0,1296,669.421060224399
0,1297,669.4307593893785
0,1298,669.4404574241349
0,1299,669.4501543286682
0,1300,669.4598501029783
0,1301,669.4695447470654
0,1302,669.4792382609292
0,1303,669.4889306445698
0,1304,669.4986218979873
0,1305,669.5083120211816
0,1306,669.5180010141528
0,1307,669.5276888769009
0,1308,669.5373756094258
0,1309,669.5470612117275
0,1310,669.5567456838062
0,1311,669.5664290256616
0,1312,669.5761112372938
0,1313,669.585792318703
0,1314,669.595472269889
0,1315,669.6051510908518
0,1316,669.6148287815915
0,1317,669.624505342108
0,1318,669.6341807724014
0,1319,669.6438550724716
0,1320,669.6535282423187
0,1321,669.6632002819426
0,1322,669.6728711913433
0,1323,669.682540970521
0,1324,669.6922096194754
0,1325,669.7018771382068
0,1326,669.711543526715
0,1327,669.7212087849999
0,1328,669.7308729130618
0,1329,669.7405359109005
0,1330,669.750197778516
0,1331,669.7598585159085
0,1332,669.7695181230777
0,1333,669.7791766000238
0,1334,669.7888339467468
0,1335,669.7984901632465
0,1336,669.8081452495231
0,1337,669.8177992055766
0,1338,669.827452031407
0,1339,669.8371037270141
0,1340,669.8467542923981
0,1341,669.856403727559
0,1342,669.8660520324968
0,1343,669.8756992072114
0,1344,669.8853452517028
0,1345,669.894990165971
0,1346,669.9046339500161
0,1347,669.9142766038381
0,1348,669.9239181274369
0,1349,669.9335585208125
0,1350,669.943197783965
0,1351,669.9528359168944
0,1352,669.9624729196006
0,1353,669.9721087920836
0,1354,669.9817435343435
0,1355,669.9913771463803
0,1356,670.0010096281939
0,1357,670.0106409797843
0,1358,670.0202712011516
0,1359,670.0299002922958
0,1360,670.0395282532168
0,1361,670.0491550839146
0,1362,670.0587807843892
0,1363,670.0684053546407
0,1364,670.0780287946691
0,1365,670.0876511044744
0,1366,670.0972722840564
0,1367,670.1068923334153
0,1368,670.116511252551
0,1369,670.1261290414637
0,1370,670.1357457001532
0,1371,670.1453612286194
0,1372,670.1549756268627
0,1373,670.1645888948826
0,1374,670.1742010326794
0,1375,670.1838120402532
0,1376,670.1934219176037
0,1377,670.2030306647312
0,1378,670.2126382816353
0,1379,670.2222447683165
0,1380,670.2318501247744
0,1381,670.2414543510092
0,1382,670.2510574470208
0,1383,670.2606594128093
0,1384,670.2702602483746
0,1385,670.2798599537168
0,1386,670.2894585288358
0,1387,670.2990559737317
0,1388,670.3086522884045
0,1389,670.318247472854
0,1390,670.3278415270804
0,1391,670.3374344510837
0,1392,670.3470262448637
0,1393,670.3566169084207
0,1394,670.3662064417546
0,1395,670.3757948448651
0,1396,670.3853821177527
0,1397,670.394968260417
0,1398,670.4045532728583
0,1399,670.4141371550762
0,1400,670.4237199070711
0,1401,670.4333015288429
0,1402,670.4428820203915
0,1403,670.452461381717
0,1404,670.4620396128192
0,1405,670.4716167136984
0,1406,670.4811926843544
0,1407,670.4907675247871
0,1408,670.5003412349968
0,1409,670.5099138149833
0,1410,670.5194852647467
0,1411,670.5290555842869
0,1412,670.5386247736039
0,1413,670.5481928326979
0,1414,670.5577597615687
0,1415,670.5673255602163
0,1416,670.5768902286408
0,1417,670.586453766842
0,1418,670.5960161748202
0,1419,670.6055774525752
0,1420,670.615137600107
0,1421,670.6246966174157
0,1422,670.6342545045013
0,1423,670.6438112613637
0,1424,670.6533668880029
0,1425,670.662921384419
0,1426,670.672474750612
0,1427,670.6820269865817
0,1428,670.6915780923283
0,1429,670.7011280678518
0,1430,670.7106769131522
0,1431,670.7202246282293
0,1432,670.7297712130833
0,1433,670.7393166677142
0,1434,670.7488609921219
0,1435,670.7584041863065
0,1436,670.7679462502679
0,1437,670.7774871840062
0,1438,670.7870269875212
0,1439,670.7965656608131
0,1440,670.806103203882
0,1441,670.8156396167276
0,1442,670.8251748993501
0,1443,670.8347090517495
0,1444,670.8442420739257
0,1445,670.8537739658788
0,1446,670.8633047276086
0,1447,670.8728343591154
0,1448,670.882362860399
0,1449,670.8918902314593
0,1450,670.9014164722967
0,1451,670.9109415829108
0,1452,670.9204655633017
0,1453,670.9299884134696
0,1454,670.9395101334143
0,1455,670.9490307231357
0,1456,670.9585501826341
0,1457,670.9680685119093
0,1458,670.9775857109614
0,1459,670.9871017797904
0,1460,670.9966167183961
0,1461,671.0061305267786
0,1462,671.0156432049381
0,1463,671.0251547528744
0,1464,671.0346651705876
0,1465,671.0441744580776
0,1466,671.0536826153444
0,1467,671.0631896423881
0,1468,671.0726955392087
0,1469,671.082200305806
0,1470,671.0917039421803
0,1471,671.1012064483314
0,1472,671.1107078242593
0,1473,671.1202080699641
0,1474,671.1297071854457
0,1475,671.1392051707041
0,1476,671.1487020257395
0,1477,671.1581977505516
0,1478,671.1676923451406
0,1479,671.1771858095066
0,1480,671.1866781436493
0,1481,671.1961693475688
0,1482,671.2056594212652
0,1483,671.2151483647384
0,1484,671.2246361779886
0,1485,671.2341228610155
0,1486,671.2436084138193
0,1487,671.2530928364
0,1488,671.2625761287575
0,1489,671.2720582908918
0,1490,671.2815393228029
0,1491,671.291019224491
0,1492,671.3004979959559
0,1493,671.3099756371977
0,1494,671.3194521482162
0,1495,671.3289275290117
0,1496,671.3384017795839
0,1497,671.347874899933
0,1498,671.357346890059
0,1499,671.3668177499618
0,1500,671.3762874796415
0,1501,671.385756079098
0,1502,671.3952235483314
0,1503,671.4046898873416
0,1504,671.4141550961286
0,1505,671.4236191746926
0,1506,671.4330821230333
0,1507,671.4425439411509
0,1508,671.4520046290454
0,1509,671.4614641867166
0,1510,671.4709226141648
0,1511,671.4803799113898
0,1512,671.4898360783916
0,1513,671.4992911151703
0,1514,671.5087450217259
0,1515,671.5181977980583
0,1516,671.5276494441674
0,1517,671.5370999600535
0,1518,671.5465493457165
0,1519,671.5559976011563
0,1520,671.5654447263729
0,1521,671.5748907213664
0,1522,671.5843355861367
0,1523,671.5937793206838
0,1524,671.6032219250078
0,1525,671.6126633991087
0,1526,671.6221037429864
0,1527,671.6315429566409
0,1528,671.6409810400723
0,1529,671.6504179932806
0,1530,671.6598538162657
0,1531,671.6692885090276
0,1532,671.6787220715664
0,1533,671.6881545038821
0,1534,671.6975858059747
0,1535,671.707015977844
0,1536,671.7164450194902
0,1537,671.7258729309132
0,1538,671.735299712113
0,1539,671.7447253630897
0,1540,671.7541498838434
0,1541,671.7635732743738
0,1542,671.7729955346811
0,1543,671.7824166647652
0,1544,671.7918366646261
0,1545,671.801255534264
0,1546,671.8106732736786
0,1547,671.8200898828701
0,1548,671.8295053618385
0,1549,671.8389197105837
0,1550,671.8483329291057
0,1551,671.8577450174047
0,1552,671.8671559754804
0,1553,671.876565803333
0,1554,671.8859745009624
0,1555,671.8953820683687
0,1556,671.9047885055519
0,1557,671.9141938125118
0,1558,671.9235979892487
0,1559,671.9330010357623
0,1560,671.9424029520529
0,1561,671.9518037381204
0,1562,671.9612033939645
0,1563,671.9706019195856
0,1564,671.9799993149835
0,1565,671.9893955801583
0,1566,671.99879071511
0,1567,672.0081847198384
0,1568,672.0175775943437
0,1569,672.0269693386259
0,1570,672.0363599526848
0,1571,672.0457494365207
0,1572,672.0551377901335
0,1573,672.0645250135229
0,1574,672.0739111066894
0,1575,672.0832960696326
0,1576,672.0926799023528
0,1577,672.1020626048497
0,1578,672.1114441771235
0,1579,672.1208246191741
0,1580,672.1302039310016
0,1581,672.1395821126059
0,1582,672.1489591639871
0,1583,672.1583350851452
0,1584,672.16770987608
0,1585,672.1770835367918
0,1586,672.1864560672803
0,1587,672.1958274675458
0,1588,672.205197737588
0,1589,672.2145668774072
0,1590,672.2239348870031
0,1591,672.2333017663759
0,1592,672.2426675155256
0,1593,672.2520321344521
0,1594,672.2613956231554
0,1595,672.2707579816356
0,1596,672.2801192098927
0,1597,672.2894793079266
0,1598,672.2988382757374
0,1599,672.3081961133249
0,1600,672.3175528206893
0,1601,672.3269083978307
0,1602,672.3362628447488
0,1603,672.3456161614438
0,1604,672.3549683479156
0,1605,672.3643194041643
0,1606,672.3736693301898
0,1607,672.3830181259922
0,1608,672.3923657915715
0,1609,672.4017123269275
0,1610,672.4110577320604
0,1611,672.4204020069702
0,1612,672.4297451516568
0,1613,672.4390871661203
0,1614,672.4484280503606
0,1615,672.4577678043778
0,1616,672.4671064281717
0,1617,672.4764439217427
0,1618,672.4857802850903
0,1619,672.4951155182149
0,1620,672.5044496211162
0,1621,672.5137825937945
0,1622,672.5231144362496
0,1623,672.5324451484815
0,1624,672.5417747304904
0,1625,672.5511031822759
0,1626,672.5604305038385
0,1627,672.5697566951778
0,1628,672.5790817562939
0,1629,672.588405687187
0,1630,672.5977284878569
0,1631,672.6070501583035
0,1632,672.6163706985271
0,1633,672.6256901085276
0,1634,672.6350083883049
0,1635,672.644325537859
0,1636,672.6536415571899
0,1637,672.6629564462977
0,1638,672.6722702051824
0,1639,672.6815828338439
0,1640,672.6908943322823
0,1641,672.7002047004975
0,1642,672.7095139384895
0,1643,672.7188220462584
0,1644,672.7281290238042
0,1645,672.7374348711268
0,1646,672.7467395882262
0,1647,672.7560431751025
0,1648,672.7653456317556
0,1649,672.7746469581856
0,1650,672.7839471543924
0,1651,672.7932462203761
0,1652,672.8025441561366
0,1653,672.811840961674
0,1654,672.8211366369882
0,1655,672.8304311820792
0,1656,672.8397245969471
0,1657,672.849016881592
0,1658,672.8583080360136
0,1659,672.867598060212
0,1660,672.8768869541873
0,1661,672.8861747179394
0,1662,672.8954613514685
0,1663,672.9047468547743
0,1664,672.914031227857
0,1665,672.9233144707166
0,1666,672.932596583353
0,1667,672.9418775657662
0,1668,672.9511574179563
0,1669,672.9604361399232
0,1670,672.9697137316671
0,1671,672.9789901931877
0,1672,672.9882655244851
0,1673,672.9975397255595
0,1674,673.0068127964106
0,1675,673.0160847370387
0,1676,673.0253555474435
0,1677,673.0346252276253
0,1678,673.0438937775838
0,1679,673.0531611973192
0,1680,673.0624274868314
0,1681,673.0716926461206
0,1682,673.0809566751866
0,1683,673.0902195740293
0,1684,673.099481342649
0,1685,673.1087419810456
0,1686,673.1180014892188
0,1687,673.1272598671691
0,1688,673.1365171148962
0,1689,673.1457732324
0,1690,673.1550282196807
0,1691,673.1642820767383
0,1692,673.1735348035728
0,1693,673.1827864001841
0,1694,673.1920368665722
0,1695,673.2012862027372
0,1696,673.210534408679
0,1697,673.2197814843977
0,1698,673.2290274298932
0,1699,673.2382722451656
0,1700,673.2475159302148
0,1701,673.2567584850408
0,1702,673.2659999096437
0,1703,673.2752402040235
0,1704,673.2844793681801
0,1705,673.2937174021135
0,1706,673.3029543058238
0,1707,673.312190079311
0,1708,673.321424722575
0,1709,673.3306582356158
0,1710,673.3398906184336
0,1711,673.3491218710282
0,1712,673.3583519933995
0,1713,673.3675809855478
0,1714,673.3768088474728
0,1715,673.3860355791747
0,1716,673.3952611806535
0,1717,673.4044856519092
0,1718,673.4137089929417
0,1719,673.422931203751
0,1720,673.4321522843371
0,1721,673.4413722347002
0,1722,673.4505910548401
0,1723,673.4598087447567
0,1724,673.4690253044503
0,1725,673.4782407339208
0,1726,673.487455033168
0,1727,673.4966682021922
0,1728,673.5058802409931
0,1729,673.5150911495708
0,1730,673.5243009279255
0,1731,673.533509576057
0,1732,673.5427170939654
0,1733,673.5519234816505
0,1734,673.5611287391126
0,1735,673.5703328663515
0,1736,673.5795358633673
0,1737,673.5887377301598
0,1738,673.5979384667293
0,1739,673.6071380730755
0,1740,673.6163365491986
0,1741,673.6255338950987
0,1742,673.6347301107754
0,1743,673.6439251962291
0,1744,673.6531191514596
0,1745,673.662311976467
0,1746,673.6715036712512
0,1747,673.6806942358123
0,1748,673.6898836701502
0,1749,673.6990719742649
1,0,643.2176381322009
1,1,643.2288105496884
1,2,643.2399815988817
1,3,643.2511512797811
1,4,643.2623195923863
1,5,643.2734865366976
1,6,643.2846521127148
1,7,643.2958163204378
1,8,643.3069791598668
1,9,643.3181406310018
1,10,643.3293007338427
1,11,643.3404594683896
1,12,643.3516168346424
1,13,643.3627728326011
1,14,643.3739274622658
1,15,643.3850807236364
1,16,643.396232616713
1,17,643.4073831414954
1,18,643.4185322979838
1,19,643.4296800861782
1,20,643.4408265060785
1,21,643.4519715576847
1,22,643.4631152409969
1,23,643.474257556015
1,24,643.4853985027391
1,25,643.4965380811691
1,26,643.5076762913051
1,27,643.518813133147
1,28,643.5299486066948
1,29,643.5410827119485
1,30,643.5522154489082
1,31,643.5633468175738
1,32,643.5744768179454
1,33,643.585605450023
1,34,643.5967327138064
1,35,643.6078586092958
1,36,643.6189831364911
1,37,643.6301062953925
1,38,643.6412280859996
1,39,643.6523485083128
1,40,643.6634675623319
1,41,643.6745852480569
1,42,643.6857015654879
1,43,643.6968165146247
1,44,643.7079300954676
1,45,643.7190423080165
1,46,643.7301531522712
1,47,643.7412626282319
1,48,643.7523707358985
1,49,643.763477475271
1,50,643.7745828463495
1,51,643.7856868491339
1,52,643.7967894836243
1,53,643.8078907498206
1,54,643.8189906477228
1,55,643.830089177331
1,56,643.8411863386451
1,57,643.8522821316652
1,58,643.8633765563912
1,59,643.8744696128232
1,60,643.8855613009611
1,61,643.8966516208048
1,62,643.9077405723547
1,63,643.9188281556103
1,64,643.929914370572
1,65,643.9409992172396
1,66,643.9520826956131
1,67,643.9631648056926
1,68,643.974245547478
1,69,643.9853249209693
1,70,643.9964029261665
1,71,644.0074795630698
1,72,644.0185548316789
1,73,644.0296287319941
1,74,644.0407012640151
1,75,644.0517724277421
1,76,644.0628422231749
1,77,644.0739106503138
1,78,644.0849777091586
1,79,644.0960433997094
1,80,644.107107721966
1,81,644.1181706759287
1,82,644.1292322615972
1,83,644.1402924789717
1,84,644.1513513280521
1,85,644.1624088088384
1,86,644.1734649213308
1,87,644.184519665529
1,88,644.1955730414332
1,89,644.2066250490434
1,90,644.2176756883595
1,91,644.2287249593815
1,92,644.2397728621094
1,93,644.2508193965433
1,94,644.2618645626832
1,95,644.2729083605288
1,96,644.2839507900806
1,97,644.2949918513383
1,98,644.3060315443018
1,99,644.3170698689713
1,100,644.3281068253468
1,101,644.3391424134282
1,102,644.3501766332156
1,103,644.3612094847089
1,104,644.372240967908
1,105,644.3832710828133
1,106,644.3942998294243
1,107,644.4053272077414
1,108,644.4163532177644
1,109,644.4273778594933
1,110,644.4384011329281
1,111,644.449423038069
1,112,644.4604435749156
1,113,644.4714627434684
1,114,644.482480543727
1,115,644.4934969756915
1,116,644.504512039362
1,117,644.5155257347385
1,118,644.5265380618208
1,119,644.5375490206092
1,120,644.5485586111034
1,121,644.5595668333036
1,122,644.5705736872097
1,123,644.5815791728218
1,124,644.5925832901398
1,125,644.6035860391638
1,126,644.6145874198937
1,127,644.6255874323296
1,128,644.6365860764713
1,129,644.647583352319
1,130,644.6585792598727
1,131,644.6695737991322
1,132,644.6805669700977
1,133,644.6915587727692
1,134,644.7025492071466
1,135,644.71353827323
1,136,644.7245259710193
1,137,644.7355123005145
1,138,644.7464972617157
1,139,644.7574808546227
1,140,644.7684630792359
1,141,644.7794439355548
1,142,644.7904234235797
1,143,644.8014015433106
1,144,644.8123782947474
1,145,644.8233536778902
1,146,644.8343276927388
1,147,644.8453003392934
1,148,644.856271617554
1,149,644.8672415275205
1,150,644.878210069193
1,151,644.8891772425713
1,152,644.9001430476557
1,153,644.9111074844459
1,154,644.922070552942
1,155,644.9330322531442
1,156,644.9439925850523
1,157,644.9549515486664
1,158,644.9659091439863
1,159,644.9768653710122
1,160,644.987820229744
1,161,644.9987737201818
1,162,645.0097258423255
1,163,645.0206765961751
1,164,645.0316259817307
1,165,645.0425739989922
1,166,645.0535206479598
1,167,645.0644659286331
1,168,645.0754098410125
1,169,645.0863523850978
1,170,645.097293560889
1,171,645.1082333683862
1,172,645.1191718075893
1,173,645.1301088784984
1,174,645.1410445811133
1,175,645.1519789154343
1,176,645.1629118814611
1,177,645.1738434791939
1,178,645.1847737086327
1,179,645.1957025697774
1,180,645.206630062628
1,181,645.2175561871845
1,182,645.228480943447
1,183,645.2394043314156
1,184,645.2503263510899
1,185,645.2612470024702
1,186,645.2721662855565
1,187,645.2830842003488
1,188,645.2940007468468
1,189,645.304915925051
1,190,645.315829734961
1,191,645.3267421765769
1,192,645.3376532498988
1,193,645.3485629549266
1,194,645.3594712916604
1,195,645.3703782601001
1,196,645.3812838602458
1,197,645.3921880920974
1,198,645.403090955655
1,199,645.4139924509184
1,200,645.4248925778878
1,201,645.4357913365632
1,202,645.4466887269444
1,203,645.4575847490318
1,204,645.4684794028249
1,205,645.479372688324
1,206,645.4902646055291
1,207,645.5011551544401
1,208,645.512044335057
1,209,645.5229321473798
1,210,645.5338185914087
1,211,645.5447036671434
1,212,645.5555873745841
1,213,645.5664697137307
1,214,645.5773506845833
1,215,645.5882302871418
1,216,645.5991085214063
1,217,645.6099853873766
1,218,645.6208608850529
1,219,645.6317350144352
1,220,645.6426077755234
1,221,645.6534791683176
1,222,645.6643491928177
1,223,645.6752178490237
1,224,645.6860851369356
1,225,645.6969510565535
1,226,645.7078156078774
1,227,645.7186787909072
1,228,645.7295406056429
1,229,645.7404010520846
1,230,645.7512601302321
1,231,645.7621178400857
1,232,645.7729741816452
1,233,645.7838291549106
1,234,645.794682759882
1,235,645.8055349965592
1,236,645.8163858649425
1,237,645.8272353650317
1,238,645.8380834968268
1,239,645.8489302603278
1,240,645.8597756555348
1,241,645.8706196824478
1,242,645.8814623410667
1,243,645.8923036313914
1,244,645.9031435534222
1,245,645.913982107159
1,246,645.9248192926016
1,247,645.9356551097501
1,248,645.9464895586046
1,249,645.9573226391651
1,250,645.9681543514315
1,251,645.9789846954038
1,252,645.9898136710821
1,253,646.0006412784663
1,254,646.0114675175564
1,255,646.0222923883525
1,256,646.0331158908546
1,257,646.0439380250625
1,258,646.0547587909764
1,259,646.0655781885963
1,260,646.076396217922
1,261,646.0872128789538
1,262,646.0980281716915
1,263,646.108842096135
1,264,646.1196546522846
1,265,646.1304658401401
1,266,646.1412756597015
1,267,646.1520841109689
1,268,646.1628911939422
1,269,646.1736969086214
1,270,646.1845012550066
1,271,646.1953042330978
1,272,646.2061058428948
1,273,646.2169060843978
1,274,646.2277049576068
1,275,646.2385024625216
1,276,646.2492985991424
1,277,646.2600933674692
1,278,646.2708867675019
1,279,646.2816787992406
1,280,646.2924694626851
1,281,646.3032587578356
1,282,646.314046684692
1,283,646.3248332432545
1,284,646.3356184335228
1,285,646.3464022554971
1,286,646.3571847091773
1,287,646.3679657945635
1,288,646.3787455116556
1,289,646.3895238604536
1,290,646.4003008409576
1,291,646.4110764531674
1,292,646.4218506970833
1,293,646.4326235727051
1,294,646.4433950800328
1,295,646.4541652190665
1,296,646.4649339898061
1,297,646.4757013922516
1,298,646.4864674264031
1,299,646.4972320922606
1,300,646.5079953898239
1,301,646.5187573190932
1,302,646.5295178800685
1,303,646.5402770727496
1,304,646.5510348971368
1,305,646.5617913532299
1,306,646.5725464410289
1,307,646.5833001605338
1,308,646.5940525117447
1,309,646.6048034946615
1,310,646.6155531092843
1,311,646.626301355613
1,312,646.6370482336476
1,313,646.6477937433882
1,314,646.6585378848347
1,315,646.6692806579872
1,316,646.6800220628455
1,317,646.6907620994099
1,318,646.7015007676802
1,319,646.7122380676564
1,320,646.7229739993386
1,321,646.7337085627266
1,322,646.7444417578207
1,323,646.7551735846207
1,324,646.7659040431266
1,325,646.7766331333385
1,326,646.7873608552562
1,327,646.79808720888
1,328,646.8088121942096
1,329,646.8195358112453
1,330,646.8302580599868
1,331,646.8409789404343
1,332,646.8516984525877
1,333,646.8624165964471
1,334,646.8731333720124
1,335,646.8838487792837
1,336,646.8945628182609
1,337,646.905275488944
1,338,646.915986791333
1,339,646.9266967254281
1,340,646.937405291229
1,341,646.9481124887359
1,342,646.9588183179487
1,343,646.9695227788675
1,344,646.9802258714922
1,345,646.9909275958229
1,346,647.0016279518594
1,347,647.012326939602
1,348,647.0230245590504
1,349,647.0337208102048
1,350,647.0444156930652
1,351,647.0551092076314
1,352,647.0658013539037
1,353,647.0764921318818
1,354,647.0871815415659
1,355,647.0978695829559
1,356,647.1085562560519
1,357,647.1192415608539
1,358,647.1299254973617
1,359,647.1406080655755
1,360,647.1512892654953
1,361,647.161969097121
1,362,647.1726475604526
1,363,647.1833246554901
1,364,647.1940003822336
1,365,647.204674740683
1,366,647.2153477308384
1,367,647.2260193526997
1,368,647.236689606267
1,369,647.2473584915401
1,370,647.2580260085193
1,371,647.2686921572043
1,372,647.2793569375954
1,373,647.2900203496923
1,374,647.3006823934952
1,375,647.311343069004
1,376,647.3220023762188
1,377,647.3326603151395
1,378,647.3433168857662
1,379,647.3539720880988
1,380,647.3646259221373
1,381,647.3752783878817
1,382,647.3859294853322
1,383,647.3965792144885
1,384,647.4072275753508
1,385,647.4178745679191
1,386,647.4285201921932
1,387,647.4391644481733
1,388,647.4498073358593
1,389,647.4604488552513
1,390,647.4710890063492
1,391,647.4817277891531
1,392,647.4923652036629
1,393,647.5030012498786
1,394,647.5136359278004
1,395,647.5242692374279
1,396,647.5349011787615
1,397,647.545531751801
1,398,647.5561609565465
1,399,647.5667887929978
1,400,647.5774152611551
1,401,647.5880403610184
1,402,647.5986640925876
1,403,647.6092864558627
1,404,647.6199074508438
1,405,647.6305270775308
1,406,647.6411453359237
1,407,647.6517622260227
1,408,647.6623777478275
1,409,647.6729919013383
1,410,647.683604686555
1,411,647.6942161034776
1,412,647.7048261521062
1,413,647.7154348324408
1,414,647.7260421444812
1,415,647.7366480882276
1,416,647.74725266368
1,417,647.7578558708383
1,418,647.7684577097025
1,419,647.7790581802727
1,420,647.7896572825488
1,421,647.8002550165309
1,422,647.8108513822189
1,423,647.8214463796128
1,424,647.8320400087126
1,425,647.8426322695184
1,426,647.8532231620302
1,427,647.8638126862479
1,428,647.8744008421714
1,429,647.884987629801
1,430,647.8955730491366
1,431,647.906157100178
1,432,647.9167397829253
1,433,647.9273210973787
1,434,647.937901043538
1,435,647.9484796214032
1,436,647.9590568309743
1,437,647.9696326722514
1,438,647.9802071452344
1,439,647.9907802499233
1,440,648.0013519863182
1,441,648.0119223544191
1,442,648.0224913542258
1,443,648.0330589857385
1,444,648.0436252489573
1,445,648.0541901438819
1,446,648.0647536705123
1,447,648.0753158288488
1,448,648.0858766188912
1,449,648.0964360406397
1,450,648.1069940940939
1,451,648.1175507792542
1,452,648.1281060961203
1,453,648.1386600446924
1,454,648.1492126249705
1,455,648.1597638369544
1,456,648.1703136806444
1,457,648.1808621560402
1,458,648.1914092631421
1,459,648.2019550019498
1,460,648.2124993724635
1,461,648.2230423746831
1,462,648.2335840086088
1,463,648.2441242742402
1,464,648.2546631715777
1,465,648.2652007006211
1,466,648.2757368613704
1,467,648.2862716538257
1,468,648.2968050779868
1,469,648.307337133854
1,470,648.3178678214271
1,471,648.3283971407061
1,472,648.3389250916911
1,473,648.349451674382
1,474,648.3599768887788
1,475,648.3705007348816
1,476,648.3810232126904
1,477,648.3915443222049
1,478,648.4020640634255
1,479,648.4125824363521
1,480,648.4230994409846
1,481,648.433615077323
1,482,648.4441293453674
1,483,648.4546422451176
1,484,648.4651537765739
1,485,648.475663939736
1,486,648.4861727346042
1,487,648.4966801611782
1,488,648.5071862194583
1,489,648.5176909094441
1,490,648.528194231136
1,491,648.5386961845338
1,492,648.5491967696377
1,493,648.5596959864473
1,494,648.570193834963
1,495,648.5806903151845
1,496,648.591185427112
1,497,648.6016791707455
1,498,648.6121715460848
1,499,648.6226625531302
1,500,648.6331521918814
1,501,648.6436404623387
1,502,648.6541273645018
1,503,648.6646128983709
1,504,648.6750970639459
1,505,648.6855798612269
1,506,648.6960612902138
1,507,648.7065413509066
1,508,648.7170200433054
1,509,648.7274973674101
1,510,648.7379733232208
1,511,648.7484479107375
1,512,648.75892112996
1,513,648.7693929808885
1,514,648.7798634635229
1,515,648.7903325778632
1,516,648.8008003239096
1,517,648.8112667016618
1,518,648.8217317111199
1,519,648.8321953522841
1,520,648.8426576251542
1,521,648.8531185297302
1,522,648.8635780660121
1,523,648.874036234
1,524,648.8844930336937
1,525,648.8949484650935
1,526,648.9054025281993
1,527,648.9158552230109
1,528,648.9263065495285
1,529,648.936756507752
1,530,648.9472050976814
1,531,648.9576523193168
1,532,648.9680981726581
1,533,648.9785426577054
1,534,648.9889857744586
1,535,648.9994275229178
1,536,649.0098679030829
1,537,649.0203069149538
1,538,649.0307445585308
1,539,649.0411808338138
1,540,649.0516157408026
1,541,649.0620492794974
1,542,649.0724814498982
1,543,649.0829122520048
1,544,649.0933416858174
1,545,649.1037697513359
1,546,649.1141964485604
1,547,649.1246217774909
1,548,649.1350457381272
1,549,649.1454683304695
1,550,649.1558895545178
1,551,649.166309410272
1,552,649.1767278977321
1,553,649.1871450168982
1,554,649.1975607677701
1,555,649.2079751503481
1,556,649.218388164632
1,557,649.2287998106218
1,558,649.2392100883176
1,559,649.2496189977193
1,560,649.2600265388269
1,561,649.2704327116405
1,562,649.28083751616
1,563,649.2912409523855
1,564,649.3016430203169
1,565,649.3120437199542
1,566,649.3224430512975
1,567,649.3328410143467
1,568,649.3432376091018
1,569,649.353632835563
1,570,649.36402669373
1,571,649.374419183603
1,572,649.3848103051819
1,573,649.3952000584667
1,574,649.4055884434575
1,575,649.4159754601542
1,576,649.4263611085569
1,577,649.4367453886655
1,578,649.4471283004801
1,579,649.4575098440006
1,580,649.467890019227
1,581,649.4782688261594
1,582,649.4886462647977
1,583,649.499022335142
1,584,649.5093970371921
1,585,649.5197703709482
1,586,649.5301423364103
1,587,649.5405129335783
1,588,649.5508821624522
1,589,649.5612500230321
1,590,649.5716165153179
1,591,649.5819816393097
1,592,649.5923453950074
1,593,649.6027077824111
1,594,649.6130688015206
1,595,649.6234284523362
1,596,649.6337867348576
1,597,649.6441436490851
1,598,649.6544991950184
1,599,649.6648533726577
1,600,649.6752061820029
1,601,649.685557623054
1,602,649.6959076958111
1,603,649.7062564002742
1,604,649.7166037364432
1,605,649.726949704318
1,606,649.7372943038989
1,607,649.7476375351857
1,608,649.7579793981785
1,609,649.7683198928771
1,610,649.7786590192818
1,611,649.7889967773923
1,612,649.7993331672088
1,613,649.8096681887313
1,614,649.8200018419597
1,615,649.830334126894
1,616,649.8406650435342
1,617,649.8509945918804
1,618,649.8613227719325
1,619,649.8716495836906
1,620,649.8819750271546
1,621,649.8922991023245
1,622,649.9026218092005
1,623,649.9129431477822
1,624,649.92326311807
1,625,649.9335817200638
1,626,649.9438989537633
1,627,649.954214819169
1,628,649.9645293162805
1,629,649.9748424450979
1,630,649.9851542056214
1,631,649.9954645978507
1,632,650.005773621786
1,633,650.0160812774272
1,634,650.0263875647744
1,635,650.0366924838274
1,636,650.0469960345865
1,637,650.0572982170515
1,638,650.0675990312225
1,639,650.0778984770993
1,640,650.0881965546821
1,641,650.0984932639708
1,642,650.1087886049655
1,643,650.1190825776662
1,644,650.1293751820726
1,645,650.1396664181851
1,646,650.1499562860037
1,647,650.160244785528
1,648,650.1705319167584
1,649,650.1808176796945
1,650,650.1911020743368
1,651,650.2013851006849
1,652,650.2116667587389
1,653,650.221947048499
1,654,650.2322259699649
1,655,650.2425035231369
1,656,650.2527797080147
1,657,650.2630545245985
1,658,650.2733279728882
1,659,650.2836000528838
1,660,650.2938707645854
1,661,650.3041401079929
1,662,650.3144080831064
1,663,650.3246746899258
1,664,650.3349399284511
1,665,650.3452037986824
1,666,650.3554663006197
1,667,650.3657274342628
1,668,650.3759871996119
1,669,650.386245596667
1,670,650.396502625428
1,671,650.4067582858949
1,672,650.4170125780678
1,673,650.4272655019465
1,674,650.4375170575313
1,675,650.447767244822
1,676,650.4580160638186
1,677,650.4682635145211
1,678,650.4785095969297
1,679,650.4887543110441
1,680,650.4989976568645
1,681,650.5092396343908
1,682,650.5194802436231
1,683,650.5297194845613
1,684,650.5399573572055
1,685,650.5501938615555
1,686,650.5604289976116
1,687,650.5706627653735
1,688,650.5808951648414
1,689,650.5911261960152
1,690,650.601355858895
1,691,650.6115841534807
1,692,650.6218110797723
1,693,650.6320366377699
1,694,650.6422608274735
1,695,650.6524836488829
1,696,650.6627051019984
1,697,650.6729251868197
1,698,650.6831439033471
1,699,650.6933612515802
1,700,650.7035772315194
1,701,650.7137918431646
1,702,650.7240050865156
1,703,650.7342169615725
1,704,650.7444274683355
1,705,650.7546366068044
1,706,650.7648443769792
1,707,650.77505077886
1,708,650.7852558124466
1,709,650.7954594777392
1,710,650.8056617747378
1,711,650.8158627034423
1,712,650.8260622638528
1,713,650.8362604559692
1,714,650.8464572797915
1,715,650.8566527353197
1,716,650.866846822554
1,717,650.8770395414941
1,718,650.8872308921401
1,719,650.8974208744921
1,720,650.9076094885502
1,721,650.917796734314
1,722,650.9279826117839
1,723,650.9381671209596
1,724,650.9483502618414
1,725,650.958532034429
1,726,650.9687124387226
1,727,650.9788914747222
1,728,650.9890691424276
1,729,650.9992454418391
1,730,651.0094203729565
1,731,651.0195939357798
1,732,651.029766130309
1,733,651.0399369565441
1,734,651.0501064144853
1,735,651.0602745041323
1,736,651.0704412254853
1,737,651.0806065785442
1,738,651.0907705633091
1,739,651.1009331797799
1,740,651.1110944279567
1,741,651.1212543078393
1,742,651.131412819428
1,743,651.1415699627225
1,744,651.151725737723
1,745,651.1618801444295
1,746,651.1720331828419
1,747,651.1821848529602
1,748,651.1923351547845
1,749,651.2024840883147
1,750,651.2126316535508
1,751,651.2227778504929
1,752,651.232922679141
1,753,651.2430661394949
1,754,651.2532082315548
1,755,651.2633489553207
1,756,651.2734883107925
1,757,651.2836262979702
1,758,651.2937629168539
1,759,651.3038981674434
1,760,651.314032049739
1,761,651.3241645637405
1,762,651.3342957094479
1,763,651.3444254868613
1,764,651.3545538959805
1,765,651.3646809368058
1,766,651.3748066093369
1,767,651.3849309135741
1,768,651.3950538495171
1,769,651.4051754171661
1,770,651.4152956165211
1,771,651.4254144475819
1,772,651.4355319103488
1,773,651.4456480048216
1,774,651.4557627310003
1,775,651.4658760888849
1,776,651.4759880784754
1,777,651.4860986997719
1,778,651.4962079527744
1,779,651.5063158374828
1,780,651.5164223538972
1,781,651.5265275020174
1,782,651.5366312818436
1,783,651.5467336933757
1,784,651.5568347366138
1,785,651.5669344115579
1,786,651.5770327182079
1,787,651.5871296565638
1,788,651.5972252266256
1,789,651.6073194283933
1,790,651.6174122618671
1,791,651.6275037270468
1,792,651.6375938239324
1,793,651.647682552524
1,794,651.6577699128214
1,795,651.6678559048248
1,796,651.6779405285342
1,797,651.6880237839495
1,798,651.6981056710707
1,799,651.7081861898979
1,800,651.7182653404311
1,801,651.7283431226701
1,802,651.7384195366151
1,803,651.7484945822661
1,804,651.758568259623
1,805,651.7686405686858
1,806,651.7787115094545
1,807,651.7887810819292
1,808,651.7988492861099
1,809,651.8089161219964
1,810,651.8189815895889
1,811,651.8290456888874
1,812,651.8391084198918
1,813,651.8491697826022
1,814,651.8592297770184
1,815,651.8692884031407
1,816,651.8793456609687
1,817,651.8894015505028
1,818,651.8994560717429
1,819,651.9095092246889
1,820,651.9195610093408
1,821,651.9296114256987
1,822,651.9396604737624
1,823,651.9497081535321
1,824,651.9597544650078
1,825,651.9697994081895
1,826,651.979842983077
1,827,651.9898851896705
1,828,651.9999260279699
1,829,652.0099654979753
1,830,652.0200035996866
1,831,652.0300403331039
1,832,652.040075698227
1,833,652.0501096950561
1,834,652.0601423235912
1,835,652.0701735838322
1,836,652.0802034757792
1,837,652.090231999432
1,838,652.1002591547909
1,839,652.1102849418556
1,840,652.1203093606264
1,841,652.130332411103
1,842,652.1403540932856
1,843,652.1503744071741
1,844,652.1603933527686
1,845,652.1704109300689
1,846,652.1804271390753
1,847,652.1904419797876
1,848,652.2004554522058
1,849,652.21046755633
1,850,652.22047829216
1,851,652.2304876596961
1,852,652.240495658938
1,853,652.250502289886
1,854,652.2605075525398
1,855,652.2705114468996
1,856,652.2805139729653
1,857,652.290515130737
1,858,652.3005149202146
1,859,652.3105133413982
1,860,652.3205103942877
1,861,652.3305060788831
1,862,652.3405003951844
1,863,652.3504933431918
1,864,652.360484922905
1,865,652.3704751343242
1,866,652.3804639774494
1,867,652.3904514522804
1,868,652.4004375588174
1,869,652.4104222970604
1,870,652.4204056670093
1,871,652.4303876686641
1,872,652.4403683020249
1,873,652.4503475670916
1,874,652.4603254638643
1,875,652.4703019923428
1,876,652.4802771525274
1,877,652.4902509444178
1,878,652.5002233680142
1,879,652.5101944233165
1,880,652.5201641103248
1,881,652.5301324290391
1,882,652.5400993794592
1,883,652.5500649615853
1,884,652.5600291754174
1,885,652.5699920209554
1,886,652.5799534981993
1,887,652.5899136071491
1,888,652.599872347805
1,889,652.6098297201667
1,890,652.6197857242344
1,891,652.629740360008
1,892,652.6396936274875
1,893,652.649645526673
1,894,652.6595960575645
1,895,652.6695452201618
1,896,652.6794930144652
1,897,652.6894394404744
1,898,652.6993844981896
1,899,652.7093281876107
1,900,652.7192705087378
1,901,652.7292114615708
1,902,652.7391510461098
1,903,652.7490892623547
1,904,652.7590261103055
1,905,652.7689615899623
1,906,652.7788957013249
1,907,652.7888284443936
1,908,652.7987598191683
1,909,652.8086898256488
1,910,652.8186184638353
1,911,652.8285457337277
1,912,652.838471635326
1,913,652.8483961686303
1,914,652.8583193336405
1,915,652.8682411303566
1,916,652.8781615587787
1,917,652.8880806189068
1,918,652.8979983107408
1,919,652.9079146342807
1,920,652.9178295895266
1,921,652.9277431764783
1,922,652.9376553951361
1,923,652.9475662454998
1,924,652.9574757275694
1,925,652.9673838413449
1,926,652.9772905868265
1,927,652.987195964014
1,928,652.9970999729073
1,929,653.0070026135066
1,930,653.0169038858119
1,931,653.026803789823
1,932,653.0367023255402
1,933,653.0465994929633
1,934,653.0564952920923
1,935,653.0663897229273
1,936,653.0762827854682
1,937,653.0861744797149
1,938,653.0960648056678
1,939,653.1059537633265
1,940,653.1158413526912
1,941,653.1257275737618
1,942,653.1356124265383
1,943,653.1454959110207
1,944,653.1553780272092
1,945,653.1652587751034
1,946,653.1751381547037
1,947,653.18501616601
1,948,653.1948928090222
1,949,653.2047680837403
1,950,653.2146419901643
1,951,653.2245145282943
1,952,653.2343856981303
1,953,653.2442554996721
1,954,653.2541239329199
1,955,653.2639909978736
1,956,653.2738566945334
1,957,653.283721022899
1,958,653.2935839829705
1,959,653.303445574748
1,960,653.3133057982315
1,961,653.3231646534209
1,962,653.3330221403162
1,963,653.3428782589175
1,964,653.3527330092247
1,965,653.3625863912379
1,966,653.3724384049569
1,967,653.3822890503819
1,968,653.3921383275128
1,969,653.4019862363498
1,970,653.4118327768927
1,971,653.4216779491414
1,972,653.4315217530961
1,973,653.4413641887568
1,974,653.4512052561233
1,975,653.4610449551959
1,976,653.4708832859744
1,977,653.4807202484587
1,978,653.4905558426492
1,979,653.5003900685455
1,980,653.5102229261477
1,981,653.5200544154559
1,982,653.5298845364699
1,983,653.53971328919
1,984,653.549540673616
1,985,653.5593666897479
1,986,653.5691913375858
1,987,653.5790146171296
1,988,653.5888365283794
1,989,653.5986570713351
1,990,653.6084762459967
1,991,653.6182940523643
1,992,653.6281104904377
1,993,653.6379255602172
1,994,653.6477392617026
1,995,653.6575515948939
1,996,653.6673625597912
1,997,653.6771721563944
1,998,653.6869803847036
1,999,653.6967872447186
1,1000,653.7065927364397
1,1001,653.7163968598666
1,1002,653.7261996149995
1,1003,653.7360010018384
1,1004,653.7458010203832
1,1005,653.7555996706338
1,1006,653.7653969525905
1,1007,653.7751928662532
1,1008,653.7849874116217
1,1009,653.7947805886962
1,1010,653.8045723974766
1,1011,653.8143628379629
1,1012,653.8241519101553
1,1013,653.8339396140535
1,1014,653.8437259496576
1,1015,653.8535109169677
1,1016,653.8632945159839
1,1017,653.8730767467058
1,1018,653.8828576091338
1,1019,653.8926371032676
1,1020,653.9024152291074
1,1021,653.9121919866532
1,1022,653.9219673759048
1,1023,653.9317413968625
1,1024,653.9415140495261
1,1025,653.9512853338956
1,1026,653.9610552499711
1,1027,653.9708237977525
1,1028,653.9805909772398
1,1029,653.990356788433
1,1030,654.0001212313323
1,1031,654.0098843059374
1,1032,654.0196460122485
1,1033,654.0294063502655
1,1034,654.0391653199885
1,1035,654.0489229214174
1,1036,654.0586791545522
1,1037,654.0684340193931
1,1038,654.0781875159398
1,1039,654.0879396441924
1,1040,654.0976904041511
1,1041,654.1074397958156
1,1042,654.117187819186
1,1043,654.1269344742625
1,1044,654.1366797610449
1,1045,654.1464236795332
1,1046,654.1561662297274
1,1047,654.1659074116276
1,1048,654.1756472252337
1,1049,654.1853856705458
1,1050,654.1951227475638
1,1051,654.2048584562876
1,1052,654.2145927967176
1,1053,654.2243257688534
1,1054,654.2340573726951
1,1055,654.2437876082429
1,1056,654.2535164754964
1,1057,654.263243974456
1,1058,654.2729701051215
1,1059,654.282694867493
1,1060,654.2924182615704
1,1061,654.3021402873537
1,1062,654.311860944843
1,1063,654.3215802340383
1,1064,654.3312981549394
1,1065,654.3410147075465
1,1066,654.3507298918595
1,1067,654.3604437078785
1,1068,654.3701561556034
1,1069,654.3798672350342
1,1070,654.389576946171
1,1071,654.3992852890137
1,1072,654.4089922635625
1,1073,654.418697869817
1,1074,654.4284021077776
1,1075,654.4381049774441
1,1076,654.4478064788165
1,1077,654.4575066118949
1,1078,654.4672053766792
1,1079,654.4769027731694
1,1080,654.4865988013656
1,1081,654.4962934612678
1,1082,654.5059867528759
1,1083,654.5156786761899
1,1084,654.5253692312098
1,1085,654.5350584179356
1,1086,654.5447462363675
1,1087,654.5544326865053
1,1088,654.5641177683489
1,1089,654.5738014818986
1,1090,654.5834838271542
1,1091,654.5931648041156
1,1092,654.6028444127832
1,1093,654.6125226531565
1,1094,654.6221995252358
1,1095,654.6318750290211
1,1096,654.6415491645123
1,1097,654.6512219317095
1,1098,654.6608933306126
1,1099,654.6705633612216
1,1100,654.6802320235366
1,1101,654.6898993175575
1,1102,654.6995652432844
1,1103,654.7092298007171
1,1104,654.7188929898559
1,1105,654.7285548107006
1,1106,654.7382152632512
1,1107,654.7478743475077
1,1108,654.7575320634702
1,1109,654.7671884111387
1,1110,654.776843390513
1,1111,654.7864970015934
1,1112,654.7961492443796
1,1113,654.8058001188718
1,1114,654.81544962507
1,1115,654.825097762974
1,1116,654.834744532584
1,1117,654.8443899339
1,1118,654.8540339669219
1,1119,654.8636766316497
1,1120,654.8733179280835
1,1121,654.8829578562231
1,1122,654.8925964160687
1,1123,654.9022336076204
1,1124,654.9118694308779
1,1125,654.9215038858414
1,1126,654.9311369725108
1,1127,654.9407686908861
1,1128,654.9503990409673
1,1129,654.9600280227546
1,1130,654.9696556362478
1,1131,654.9792818814468
1,1132,654.9889067583518
1,1133,654.9985302669629
1,1134,655.0081524072798
1,1135,655.0177731793026
1,1136,655.0273925830314
1,1137,655.0370106184662
1,1138,655.0466272856069
1,1139,655.0562425844535
1,1140,655.065856515006
1,1141,655.0754690772645
1,1142,655.085080271229
1,1143,655.0946900968993
1,1144,655.1042985542756
1,1145,655.113905643358
1,1146,655.1235113641461
1,1147,655.1331157166402
1,1148,655.1427187008403
1,1149,655.1523203167463
1,1150,655.1619205643583
1,1151,655.1715194436762
1,1152,655.1811169547
1,1153,655.1907130974298
1,1154,655.2003078718654
1,1155,655.2099012780071
1,1156,655.2194933158547
1,1157,655.2290839854082
1,1158,655.2386732866677
1,1159,655.2482612196332
1,1160,655.2578477843044
1,1161,655.2674329806817
1,1162,655.277016808765
1,1163,655.2865992685541
1,1164,655.2961803600492
1,1165,655.3057600832502
1,1166,655.3153384381573
1,1167,655.3249154247702
1,1168,655.3344910430891
1,1169,655.3440652931139
1,1170,655.3536381748446
1,1171,655.3632096882812
1,1172,655.3727798334239
1,1173,655.3823486102724
1,1174,655.3919160188269
1,1175,655.4014820590874
1,1176,655.4110467310537
1,1177,655.4206100347261
1,1178,655.4301719701043
1,1179,655.4397325371885
1,1180,655.4492917359787
1,1181,655.4588495664748
1,1182,655.4684060286768
1,1183,655.4779611225847
1,1184,655.4875148481985
1,1185,655.4970672055184
1,1186,655.5066181945442
1,1187,655.5161678152759
1,1188,655.5257160677136
1,1189,655.5352629518571
1,1190,655.5448084677067
1,1191,655.5543526152621
1,1192,655.5638953945236
1,1193,655.5734368054909
1,1194,655.5829768481642
1,1195,655.5925155225434
1,1196,655.6020528286286
1,1197,655.6115887664197
1,1198,655.6211233359168
1,1199,655.6306565371198
1,1200,655.6401883700287
1,1201,655.6497188346435
1,1202,655.6592479309644
1,1203,655.6687756589911
1,1204,655.6783020187238
1,1205,655.6878270101624
1,1206,655.697350633307
1,1207,655.7068728881575
1,1208,655.7163937747139
1,1209,655.7259132929763
1,1210,655.7354314429447
1,1211,655.7449482246188
1,1212,655.754463637999
1,1213,655.7639776830853
1,1214,655.7734903598773
1,1215,655.7830016683753
1,1216,655.7925116085793
1,1217,655.8020201804892
1,1218,655.811527384105
1,1219,655.8210332194268
1,1220,655.8305376864545
1,1221,655.8400407851882
1,1222,655.8495425156277
1,1223,655.8590428777733
1,1224,655.8685418716248
1,1225,655.8780394971822
1,1226,655.8875357544456
1,1227,655.8970306434148
1,1228,655.9065241640901
1,1229,655.9160163164712
1,1230,655.9255071005583
1,1231,655.9349965163514
1,1232,655.9444845638504
1,1233,655.9539712430553
1,1234,655.9634565539662
1,1235,655.972940496583
1,1236,655.9824230709057
1,1237,655.9919042769344
1,1238,656.001384114669
1,1239,656.0108625841096
1,1240,656.0203396852561
1,1241,656.0298154181086
1,1242,656.039289782667
1,1243,656.0487627789313
1,1244,656.0582344069015
1,1245,656.0677046665778
1,1246,656.0771735579599
1,1247,656.086641081048
1,1248,656.096107235842
1,1249,656.105572022342
1,1250,656.1150354405479
1,1251,656.1244974904597
1,1252,656.1339581720775
1,1253,656.1434174854012
1,1254,656.1528754304309
1,1255,656.1623320071665
1,1256,656.171787215608
1,1257,656.1812410557555
1,1258,656.1906935276089
1,1259,656.2001446311683
1,1260,656.2095943664335
1,1261,656.2190427334048
1,1262,656.228489732082
1,1263,656.2379353624651
1,1264,656.2473796245541
1,1265,656.2568225183492
1,1266,656.2662640438501
1,1267,656.275704201057
1,1268,656.2851429899698
1,1269,656.2945804105885
1,1270,656.3040164629132
1,1271,656.3134511469439
1,1272,656.3228844626805
1,1273,656.332316410123
1,1274,656.3417469892714
1,1275,656.3511762001258
1,1276,656.3606040426861
1,1277,656.3700305169524
1,1278,656.3794556229245
1,1279,656.3888793606027
1,1280,656.3983017299868
1,1281,656.4077227310769
1,1282,656.4171423638728
1,1283,656.4265606283747
1,1284,656.4359775245825
1,1285,656.4453930524963
1,1286,656.4548072121161
1,1287,656.4642200034417
1,1288,656.4736314264733
1,1289,656.4830414812109
1,1290,656.4924501676544
1,1291,656.5018574858037
1,1292,656.5112634356591
1,1293,656.5206680172205
1,1294,656.5300712304877
1,1295,656.5394730754608
1,1296,656.54887355214
1,1297,656.5582726605251
1,1298,656.5676704006161
1,1299,656.577066772413
1,1300,656.5864617759158
1,1301,656.5958554111247
1,1302,656.6052476780394
1,1303,656.6146385766601
1,1304,656.6240281069868
1,1305,656.6334162690193
1,1306,656.6428030627578
1,1307,656.6521884882023
1,1308,656.6615725453527
1,1309,656.670955234209
1,1310,656.6803365547713
1,1311,656.6897165070395
1,1312,656.6990950910136
1,1313,656.7084723066938
1,1314,656.7178481540798
1,1315,656.7272226331718
1,1316,656.7365957439697
1,1317,656.7459674864735
1,1318,656.7553378606833
1,1319,656.764706866599
1,1320,656.7740745042207
1,1321,656.7834407735484
1,1322,656.7928056745818
1,1323,656.8021692073213
1,1324,656.8115313717668
1,1325,656.8208921679181
1,1326,656.8302515957754
1,1327,656.8396096553387
1,1328,656.8489663466079
1,1329,656.858321669583
1,1330,656.867675624264
1,1331,656.877028210651
1,1332,656.886379428744
1,1333,656.8957292785428
1,1334,656.9050777600477
1,1335,656.9144248732584
1,1336,656.9237706181751
1,1337,656.9331149947978
1,1338,656.9424580031264
1,1339,656.9517996431609
1,1340,656.9611399149013
1,1341,656.9704788183477
1,1342,656.9798163535
1,1343,656.9891525203584
1,1344,656.9984873189226
1,1345,657.0078207491928
1,1346,657.0171528111688
1,1347,657.0264835048508
1,1348,657.0358128302388
1,1349,657.0451407873328
1,1350,657.0544673761326
1,1351,657.0637925966385
1,1352,657.0731164488501
1,1353,657.0824389327678
1,1354,657.0917600483914
1,1355,657.1010797957209
1,1356,657.1103981747565
1,1357,657.1197151854979
1,1358,657.1290308279453
1,1359,657.1383451020986
1,1360,657.1476580079578
1,1361,657.156969545523
1,1362,657.1662797147941
1,1363,657.1755885157712
1,1364,657.1848959484541
1,1365,657.1942020128431
1,1366,657.203506708938
1,1367,657.2128100367388
1,1368,657.2221119962456
1,1369,657.2314125874583
1,1370,657.240711810377
1,1371,657.2500096650016
1,1372,657.2593061513321
1,1373,657.2686012693686
1,1374,657.2778950191109
1,1375,657.2871874005592
1,1376,657.2964784137135
1,1377,657.3057680585738
1,1378,657.31505633514
1,1379,657.324343243412
1,1380,657.33362878339
1,1381,657.3429129550741
1,1382,657.352195758464
1,1383,657.3614771935598
1,1384,657.3707572603616
1,1385,657.3800359588694
1,1386,657.389313289083
1,1387,657.3985892510026
1,1388,657.4078638446282
1,1389,657.4171370699597
1,1390,657.4264089269972
1,1391,657.4356794157405
1,1392,657.4449485361898
1,1393,657.454216288345
1,1394,657.4634826722063
1,1395,657.4727476877733
1,1396,657.4820113350464
1,1397,657.4912736140254
1,1398,657.5005345247104
1,1399,657.5097940671013
1,1400,657.5190522411981
1,1401,657.5283090470009
1,1402,657.5375644845096
1,1403,657.5468185537243
1,1404,657.5560712546448
1,1405,657.5653225872713
1,1406,657.5745725516039
1,1407,657.5838211476422
1,1408,657.5930683753866
1,1409,657.6023142348369
1,1410,657.6115587259931
1,1411,657.6208018488553
1,1412,657.6300436034234
1,1413,657.6392839896974
1,1414,657.6485230076773
1,1415,657.6577606573633
1,1416,657.6669969387551
1,1417,657.676231851853
1,1418,657.6854653966567
1,1419,657.6946975731664
1,1420,657.703928381382
1,1421,657.7131578213035
1,1422,657.722385892931
1,1423,657.7316125962645
1,1424,657.7408379313039
1,1425,657.7500618980492
1,1426,657.7592844965004
1,1427,657.7685057266576
1,1428,657.7777255885208
1,1429,657.7869440820898
1,1430,657.7961612073649
1,1431,657.8053769643458
1,1432,657.8145913530327
1,1433,657.8238043734256
1,1434,657.8330160255243
1,1435,657.842226309329
1,1436,657.8514352248396
1,1437,657.8606427720563
1,1438,657.8698489509788
1,1439,657.8790537616072
1,1440,657.8882572039416
1,1441,657.897459277982
1,1442,657.9066599837283
1,1443,657.9158593211805
1,1444,657.9250572903387
1,1445,657.9342538912028
1,1446,657.9434491237729
1,1447,657.9526429880489
1,1448,657.9618354840308
1,1449,657.9710266117187
1,1450,657.9802163711124
1,1451,657.9894047622122
1,1452,657.9985917850179
1,1453,658.0077774395295
1,1454,658.016961725747
1,1455,658.0261446436706
1,1456,658.0353261933
1,1457,658.0445063746354
1,1458,658.0536851876767
1,1459,658.062862632424
1,1460,658.0720387088771
1,1461,658.0812134170363
1,1462,658.0903867569014
1,1463,658.0995587284724
1,1464,658.1087293317494
1,1465,658.1178985667323
1,1466,658.1270664334211
1,1467,658.1362329318158
1,1468,658.1453980619166
1,1469,658.1545618237233
1,1470,658.1637242172358
1,1471,658.1728852424543
1,1472,658.1820448993789
1,1473,658.1912031880092
1,1474,658.2003601083455
1,1475,658.2095156603879
1,1476,658.2186698441361
1,1477,658.2278226595903
1,1478,658.2369741067504
1,1479,658.2461241856164
1,1480,658.2552728961884
1,1481,658.2644202384664
1,1482,658.2735662124502
1,1483,658.28271081814
1,1484,658.2918540555357
1,1485,658.3009959246375
1,1486,658.3101364254451
1,1487,658.3192755579587
1,1488,658.3284133221782
1,1489,658.3375497181037
1,1490,658.346684745735
1,1491,658.3558184050723
1,1492,658.3649506961156
1,1493,658.3740816188648
1,1494,658.38321117332
1,1495,658.3923393594811
1,1496,658.4014661773481
1,1497,658.410591626921
1,1498,658.4197157081999
1,1499,658.4288384211848
1,1500,658.4379597658756
1,1501,658.4470797422722
1,1502,658.4561983503748
1,1503,658.4653155901835
1,1504,658.474431461698
1,1505,658.4835459649186
1,1506,658.4926590998449
1,1507,658.5017708664773
1,1508,658.5108812648156
1,1509,658.5199902948598
1,1510,658.52909795661
1,1511,658.5382042500661
1,1512,658.5473091752282
1,1513,658.5564127320962
1,1514,658.5655149206701
1,1515,658.57461574095
1,1516,658.5837151929358
1,1517,658.5928132766276
1,1518,658.6019099920252
1,1519,658.6110053391288
1,1520,658.6200993179384
1,1521,658.6291919284539
1,1522,658.6382831706753
1,1523,658.6473730446028
1,1524,658.656461550236
1,1525,658.6655486875753
1,1526,658.6746344566205
1,1527,658.6837188573717
1,1528,658.6928018898288
1,1529,658.7018835539918
1,1530,658.7109638498608
1,1531,658.7200427774357
1,1532,658.7291203367165
1,1533,658.7381965277033
1,1534,658.7472713503961
1,1535,658.7563448047947
1,1536,658.7654168908992
1,1537,658.7744876087098
1,1538,658.7835569582263
1,1539,658.7926249394487
1,1540,658.8016915523771
1,1541,658.8107567970114
1,1542,658.8198206733516
1,1543,658.8288831813978
1,1544,658.83794432115
1,1545,658.847004092608
1,1546,658.856062495772
1,1547,658.8651195306419
1,1548,658.8741751972178
1,1549,658.8832294954996
1,1550,658.8922824254873
1,1551,658.901333987181
1,1552,658.9103841805806
1,1553,658.9194330056863
1,1554,658.9284804624978
1,1555,658.9375265510153
1,1556,658.9465712712387
1,1557,658.955614623168
1,1558,658.9646566068033
1,1559,658.9736972221444
1,1560,658.9827364691917
1,1561,658.9917743479447
1,1562,659.0008108584037
1,1563,659.0098460005687
1,1564,659.0188797744396
1,1565,659.0279121800164
1,1566,659.0369432172993
1,1567,659.0459728862879
1,1568,659.0550011869826
1,1569,659.0640281193832
1,1570,659.0730536834898
1,1571,659.0820778793022
1,1572,659.0911007068207
1,1573,659.100122166045
1,1574,659.1091422569754
1,1575,659.1181609796116
1,1576,659.1271783339538
1,1577,659.1361943200019
1,1578,659.1452089377559
1,1579,659.154222187216
1,1580,659.1632340683819
1,1581,659.1722445812538
1,1582,659.1812537258317
1,1583,659.1902615021154
1,1584,659.199267910105
1,1585,659.2082729498007
1,1586,659.2172766212022
1,1587,659.2262789243098
1,1588,659.2352798591232
1,1589,659.2442794256426
1,1590,659.253277623868
1,1591,659.2622744537993
1,1592,659.2712699154365
1,1593,659.2802640087796
1,1594,659.2892567338287
1,1595,659.2982480905838
1,1596,659.3072380790447
1,1597,659.3162266992116
1,1598,659.3252139510845
1,1599,659.3341998346633
1,1600,659.343184349948
1,1601,659.3521674969387
1,1602,659.3611492756353
1,1603,659.3701296860378
1,1604,659.3791087281463
1,1605,659.3880864019608
1,1606,659.3970627074812
1,1607,659.4060376447075
1,1608,659.4150112136397
1,1609,659.4239834142778
1,1610,659.432954246622
1,1611,659.4419237106721
1,1612,659.4508918064281
1,1613,659.45985853389
1,1614,659.4688238930579
1,1615,659.4777878839317
1,1616,659.4867505065115
1,1617,659.4957117607971
1,1618,659.5046716467888
1,1619,659.5136301644864
1,1620,659.52258731389
1,1621,659.5315430949994
1,1622,659.5404975078147
1,1623,659.5494505523361
1,1624,659.5584022285634
1,1625,659.5673525364966
1,1626,659.5763014761358
1,1627,659.5852490474808
1,1628,659.5941952505319
1,1629,659.6031400852889
1,1630,659.6120835517518
1,1631,659.6210256499206
1,1632,659.6299663797954
1,1633,659.6389057413762
1,1634,659.6478437346628
1,1635,659.6567803596555
1,1636,659.6657156163541
1,1637,659.6746495047585
1,1638,659.683582024869
1,1639,659.6925131766853
1,1640,659.7014429602076
1,1641,659.7103713754359
1,1642,659.7192984223701
1,1643,659.7282241010103
1,1644,659.7371484113563
1,1645,659.7460713534083
1,1646,659.7549929271662
1,1647,659.7639131326301
1,1648,659.7728319698
1,1649,659.7817494386757
1,1650,659.7906655392575
1,1651,659.7995802715451
1,1652,659.8084936355386
1,1653,659.8174056312382
1,1654,659.8263162586436
1,1655,659.835225517755
1,1656,659.8441334085724
1,1657,659.8530399310956
1,1658,659.8619450853249
1,1659,659.87084887126
1,1660,659.8797512889012
1,1661,659.8886523382482
1,1662,659.8975520193012
1,1663,659.9064503320601
1,1664,659.9153472765249
1,1665,659.9242428526958
1,1666,659.9331370605724
1,1667,659.9420299001551
1,1668,659.9509213714438
1,1669,659.9598114744383
1,1670,659.9687002091389
1,1671,659.9775875755453
1,1672,659.9864735736577
1,1673,659.9953582034759
1,1674,660.0042414650002
1,1675,660.0131233582305
1,1676,660.0220038831666
1,1677,660.0308830398086
1,1678,660.0397608281567
1,1679,660.0486372482106
1,1680,660.0575122999705
1,1681,660.0663859834364
1,1682,660.0752582986081
1,1683,660.0841292454858
1,1684,660.0929988240695
1,1685,660.101867034359
1,1686,660.1107338763545
1,1687,660.119599350056
1,1688,660.1284634554635
1,1689,660.1373261925768
1,1690,660.1461875613961
1,1691,660.1550475619213
1,1692,660.1639061941524
1,1693,660.1727634580895
1,1694,660.1816193537326
1,1695,660.1904738810816
1,1696,660.1993270401365
1,1697,660.2081788308974
1,1698,660.2170292533642
1,1699,660.225878307537
1,1700,660.2347259934156
1,1701,660.2435723110002
1,1702,660.2524172602908
1,1703,660.2612608412873
1,1704,660.2701030539897
1,1705,660.2789438983981
1,1706,660.2877833745124
1,1707,660.2966214823327
1,1708,660.3054582218589
1,1709,660.3142935930911
1,1710,660.323127596029
1,1711,660.3319602306731
1,1712,660.340791497023
1,1713,660.349621395079
1,1714,660.3584499248408
1,1715,660.3672770863086
1,1716,660.3761028794823
1,1717,660.3849273043619
1,1718,660.3937503609476
1,1719,660.4025720492391
1,1720,660.4113923692365
1,1721,660.42021132094
1,1722,660.4290289043493
1,1723,660.4378451194646
1,1724,660.4466599662858
1,1725,660.455473444813
1,1726,660.4642855550461
1,1727,660.4730962969852
1,1728,660.4819056706301
1,1729,660.490713675981
1,1730,660.4995203130379
1,1731,660.5083255818007
1,1732,660.5171294822695
1,1733,660.5259320144442
1,1734,660.5347331783248
1,1735,660.5435329739114
1,1736,660.5523314012039
1,1737,660.5611284602023
1,1738,660.5699241509067
1,1739,660.578718473317
1,1740,660.5875114274332
1,1741,660.5963030132555
1,1742,660.6050932307836
1,1743,660.6138820800177
1,1744,660.6226695609578
1,1745,660.6314556736037
1,1746,660.6402404179556
1,1747,660.6490237940134
1,1748,660.6578058017772
1,1749,660.6665864412469
2,0,631.1077606684469
2,1,631.1187012949723
2,2,631.1296405891981
2,3,631.1405785511241
2,4,631.1515151807505
2,5,631.1624504780773
2,6,631.1733844431045
2,7,631.1843170758319
2,8,631.1952483762598
2,9,631.2061783443879
2,10,631.2171069802165
2,11,631.2280342837454
2,12,631.2389602549746
2,13,631.2498848939041
2,14,631.260808200534
2,15,631.2717301748643
2,16,631.2826508168949
2,17,631.2935701266258
2,18,631.3044881040571
2,19,631.3154047491888
2,20,631.3263200620208
2,21,631.3372340425532
2,22,631.3481466907858
2,23,631.3590580067189
2,24,631.3699679903523
2,25,631.380876641686
2,26,631.3917839607201
2,27,631.4026899474545
2,28,631.4135946018893
2,29,631.4244979240244
2,30,631.4353999138599
2,31,631.4463005713957
2,32,631.4571998966319
2,33,631.4680978895684
2,34,631.4789945502052
2,35,631.4898898785424
2,36,631.50078387458
2,37,631.5116765383179
2,38,631.5225678697561
2,39,631.5334578688947
2,40,631.5443465357337
2,41,631.555233870273
2,42,631.5661198725127
2,43,631.5770045424526
2,44,631.5878878800929
2,45,631.5987698854336
2,46,631.6096505584746
2,47,631.6205298992161
2,48,631.6314079076577
2,49,631.6422845837999
2,50,631.6531599276423
2,51,631.6640339391851
2,52,631.6749066184282
2,53,631.6857779653716
2,54,631.6966479800154
2,55,631.7075166623596
2,56,631.718384012404
2,57,631.7292500301489
2,58,631.7401147155941
2,59,631.7509780687396
2,60,631.7618400895856
2,61,631.7727007781318
2,62,631.7835601343784
2,63,631.7944181583254
2,64,631.8052748499726
2,65,631.8161302093202
2,66,631.8269842363683
2,67,631.8378369311165
2,68,631.8486882935653
2,69,631.8595383237142
2,70,631.8703870215636
2,71,631.8812343871133
2,72,631.8920804203634
2,73,631.9029251213138
2,74,631.9137684899646
2,75,631.9246105263156
2,76,631.9354512303671
2,77,631.9462906021189
2,78,631.9571286415711
2,79,631.9679653487236
2,80,631.9788007235765
2,81,631.9896347661296
2,82,632.0004674763832
2,83,632.011298854337
2,84,632.0221288999912
2,85,632.0329576133458
2,86,632.0437849944008
2,87,632.054611043156
2,88,632.0654357596117
2,89,632.0762591437676
2,90,632.0870811956239
2,91,632.0979019151806
2,92,632.1087213024376
2,93,632.119539357395
2,94,632.1303560800527
2,95,632.1411714704108
2,96,632.1519855284691
2,97,632.1627982542279
2,98,632.173609647687
2,99,632.1844197088465
2,100,632.1952284377062
2,101,632.2060358342663
2,102,632.2168418985268
2,103,632.2276466304877
2,104,632.2384500301489
2,105,632.2492520975104
2,106,632.2600528325722
2,107,632.2708522353345
2,108,632.281650305797
2,109,632.29244704396
2,110,632.3032424498233
2,111,632.3140365233869
2,112,632.3248292646508
2,113,632.3356206736152
2,114,632.3464107502798
2,115,632.3571994946448
2,116,632.3679869067101
2,117,632.3787729864758
2,118,632.3895577339418
2,119,632.4003411491083
2,120,632.411123231975
2,121,632.4219039825421
2,122,632.4326834008095
2,123,632.4434614867773
2,124,632.4542382404454
2,125,632.4650136618139
2,126,632.4757877508828
2,127,632.4865605076519
2,128,632.4973319321215
2,129,632.5081020242914
2,130,632.5188707841615
2,131,632.529638211732
2,132,632.540404307003
2,133,632.5511690699742
2,134,632.5619325006459
2,135,632.5726945990178
2,136,632.5834553650901
2,137,632.5942147988627
2,138,632.6049729003357
2,139,632.615729669509
2,140,632.6264851063828
2,141,632.6372392109569
2,142,632.6479919832312
2,143,632.6587434232059
2,144,632.669493530881
2,145,632.6802423062564
2,146,632.6909897493322
2,147,632.7017358601083
2,148,632.7124806385848
2,149,632.7232240847616
2,150,632.7339661986388
2,151,632.7447069802163
2,152,632.7554464294941
2,153,632.7661845464723
2,154,632.7769213311509
2,155,632.7876567835298
2,156,632.7983909036091
2,157,632.8091236913887
2,158,632.8198551468686
2,159,632.8305852700489
2,160,632.8413140609296
2,161,632.8520415195105
2,162,632.8627676457918
2,163,632.8734924397735
2,164,632.8842159014556
2,165,632.8949380308379
2,166,632.9056588279207
2,167,632.9163782927037
2,168,632.9270964251872
2,169,632.9378132253709
2,170,632.9485286932551
2,171,632.9592428288395
2,172,632.9699556321243
2,173,632.9806671031095
2,174,632.9913772417949
2,175,633.0020860481808
2,176,633.012793522267
2,177,633.0234996640535
2,178,633.0342044735404
2,179,633.0449079507276
2,180,633.0556100956153
2,181,633.0663109082031
2,182,633.0770103884914
2,183,633.0877085364801
2,184,633.098405352169
2,185,633.1091008355584
2,186,633.119794986648
2,187,633.1304878054381
2,188,633.1411792919284
2,189,633.1518694461191
2,190,633.1625582680102
2,191,633.1732457576016
2,192,633.1839319148934
2,193,633.1946167398855
2,194,633.2053002325779
2,195,633.2159823929708
2,196,633.2266632210639
2,197,633.2373427168574
2,198,633.2480208803512
2,199,633.2586977115454
2,200,633.2693732104399
2,201,633.2800473770349
2,202,633.29072021133
2,203,633.3013917133256
2,204,633.3120618830216
2,205,633.3227307204178
2,206,633.3333982255144
2,207,633.3440643983114
2,208,633.3547292388088
2,209,633.3653927470064
2,210,633.3760549229044
2,211,633.3867157665028
2,212,633.3973752778014
2,213,633.4080334568005
2,214,633.4186903035
2,215,633.4293458178996
2,216,633.4399999999997
2,217,633.4506528498002
2,218,633.461304367301
2,219,633.4719545525021
2,220,633.4826034054036
2,221,633.4932509260054
2,222,633.5038971143076
2,223,633.5145419703101
2,224,633.525185494013
2,225,633.5358276854163
2,226,633.5464685445198
2,227,633.5571080713237
2,228,633.567746265828
2,229,633.5783831280326
2,230,633.5890186579376
2,231,633.5996528555429
2,232,633.6102857208485
2,233,633.6209172538545
2,234,633.6315474545609
2,235,633.6421763229675
2,236,633.6528038590745
2,237,633.663430062882
2,238,633.6740549343897
2,239,633.6846784735978
2,240,633.6953006805062
2,241,633.705921555115
2,242,633.7165410974242
2,243,633.7271593074336
2,244,633.7377761851434
2,245,633.7483917305536
2,246,633.7590059436641
2,247,633.769618824475
2,248,633.7802303729862
2,249,633.7908405891977
2,250,633.8014494731096
2,251,633.8120570247219
2,252,633.8226632440345
2,253,633.8332681310475
2,254,633.8438716857607
2,255,633.8544739081744
2,256,633.8650747982884
2,257,633.8756743561028
2,258,633.8862725816174
2,259,633.8968694748324
2,260,633.9074650357478
2,261,633.9180592643636
2,262,633.9286521606797
2,263,633.9392437246961
2,264,633.9498339564128
2,265,633.96042285583
2,266,633.9710104229474
2,267,633.9815966577652
2,268,633.9921815602834
2,269,634.0027651305019
2,270,634.0133473684208
2,271,634.0239282740399
2,272,634.0345078473595
2,273,634.0450860883794
2,274,634.0556629970996
2,275,634.0662385735202
2,276,634.0768128176412
2,277,634.0873857294624
2,278,634.0979573089841
2,279,634.1085275562061
2,280,634.1190964711284
2,281,634.1296640537511
2,282,634.1402303040742
2,283,634.1507952220975
2,284,634.1613588078212
2,285,634.1719210612453
2,286,634.1824819823697
2,287,634.1930415711945
2,288,634.2035998277196
2,289,634.214156751945
2,290,634.2247123438708
2,291,634.2352666034969
2,292,634.2458195308235
2,293,634.2563711258504
2,294,634.2669213885775
2,295,634.277470319005
2,296,634.288017917133
2,297,634.2985641829612
2,298,634.3091091164898
2,299,634.3196527177187
2,300,634.3301949866479
2,301,634.3407359232776
2,302,634.3512755276075
2,303,634.3618137996378
2,304,634.3723507393686
2,305,634.3828863467996
2,306,634.393420621931
2,307,634.4039535647627
2,308,634.4144851752947
2,309,634.4250154535271
2,310,634.4355443994599
2,311,634.4460720130929
2,312,634.4565982944264
2,313,634.4671232434603
2,314,634.4776468601943
2,315,634.4881691446288
2,316,634.4986900967637
2,317,634.5092097165989
2,318,634.5197280041344
2,319,634.5302449593703
2,320,634.5407605823065
2,321,634.551274872943
2,322,634.56178783128
2,323,634.5722994573173
2,324,634.5828097510549
2,325,634.5933187124929
2,326,634.6038263416311
2,327,634.6143326384698
2,328,634.6248376030088
2,329,634.6353412352482
2,330,634.6458435351879
2,331,634.6563445028279
2,332,634.6668441381684
2,333,634.6773424412091
2,334,634.6878394119502
2,335,634.6983350503916
2,336,634.7088293565334
2,337,634.7193223303756
2,338,634.729813971918
2,339,634.7403042811609
2,340,634.7507932581041
2,341,634.7612809027476
2,342,634.7717672150914
2,343,634.7822521951356
2,344,634.7927358428802
2,345,634.8032181583251
2,346,634.8136991414704
2,347,634.8241787923159
2,348,634.8346571108619
2,349,634.8451340971083
2,350,634.8556097510549
2,351,634.8660840727018
2,352,634.8765570620492
2,353,634.8870287190969
2,354,634.897499043845
2,355,634.9079680362934
2,356,634.9184356964421
2,357,634.9289020242911
2,358,634.9393670198406
2,359,634.9498306830903
2,360,634.9602930140405
2,361,634.9707540126909
2,362,634.9812136790417
2,363,634.991672013093
2,364,635.0021290148445
2,365,635.0125846842964
2,366,635.0230390214485
2,367,635.0334920263011
2,368,635.043943698854
2,369,635.0543940391073
2,370,635.0648430470609
2,371,635.0752907227148
2,372,635.0857370660691
2,373,635.0961820771238
2,374,635.1066257558787
2,375,635.1170681023341
2,376,635.1275091164897
2,377,635.1379487983457
2,378,635.1483871479021
2,379,635.1588241651589
2,380,635.169259850116
2,381,635.1796942027734
2,382,635.1901272231312
2,383,635.2005589111892
2,384,635.2109892669478
2,385,635.2214182904065
2,386,635.2318459815657
2,387,635.2422723404252
2,388,635.252697366985
2,389,635.2631210612452
2,390,635.2735434232058
2,391,635.2839644528667
2,392,635.2943841502279
2,393,635.3048025152896
2,394,635.3152195480515
2,395,635.3256352485138
2,396,635.3360496166764
2,397,635.3464626525393
2,398,635.3568743561027
2,399,635.3672847273664
2,400,635.3776937663304
2,401,635.3881014729948
2,402,635.3985078473595
2,403,635.4089128894245
2,404,635.41931659919
2,405,635.4297189766557
2,406,635.4401200218218
2,407,635.4505197346882
2,408,635.460918115255
2,409,635.4713151635221
2,410,635.4817108794897
2,411,635.4921052631576
2,412,635.5024983145257
2,413,635.5128900335943
2,414,635.5232804203631
2,415,635.5336694748324
2,416,635.544057197002
2,417,635.5544435868719
2,418,635.5648286444422
2,419,635.5752123697127
2,420,635.5855947626837
2,421,635.595975823355
2,422,635.6063555517268
2,423,635.6167339477988
2,424,635.6271110115712
2,425,635.6374867430438
2,426,635.6478611422169
2,427,635.6582342090903
2,428,635.668605943664
2,429,635.6789763459382
2,430,635.6893454159126
2,431,635.6997131535874
2,432,635.7100795589625
2,433,635.720444632038
2,434,635.7308083728138
2,435,635.7411707812901
2,436,635.7515318574666
2,437,635.7618916013435
2,438,635.7722500129206
2,439,635.7826070921982
2,440,635.7929628391762
2,441,635.8033172538544
2,442,635.813670336233
2,443,635.824022086312
2,444,635.8343725040913
2,445,635.844721589571
2,446,635.855069342751
2,447,635.8654157636313
2,448,635.875760852212
2,449,635.886104608493
2,450,635.8964470324745
2,451,635.9067881241562
2,452,635.9171278835382
2,453,635.9274663106207
2,454,635.9378034054035
2,455,635.9481391678867
2,456,635.9584735980701
2,457,635.968806695954
2,458,635.9791384615381
2,459,635.9894688948226
2,460,635.9997979958075
2,461,636.0101257644927
2,462,636.0204522008783
2,463,636.0307773049642
2,464,636.0411010767505
2,465,636.051423516237
2,466,636.061744623424
2,467,636.0720643983113
2,468,636.082382840899
2,469,636.0926999511869
2,470,636.1030157291752
2,471,636.113330174864
2,472,636.123643288253
2,473,636.1339550693424
2,474,636.1442655181321
2,475,636.1545746346222
2,476,636.1648824188127
2,477,636.1751888707034
2,478,636.1854939902945
2,479,636.195797777586
2,480,636.2061002325778
2,481,636.21640135527
2,482,636.2267011456624
2,483,636.2369996037553
2,484,636.2472967295486
2,485,636.2575925230421
2,486,636.267886984236
2,487,636.2781801131302
2,488,636.2884719097249
2,489,636.2987623740198
2,490,636.3090515060151
2,491,636.3193393057107
2,492,636.3296257731067
2,493,636.339910908203
2,494,636.3501947109997
2,495,636.3604771814968
2,496,636.3707583196941
2,497,636.3810381255919
2,498,636.39131659919
2,499,636.4015937404884
2,500,636.4118695494872
2,501,636.4221440261862
2,502,636.4324171705857
2,503,636.4426889826855
2,504,636.4529594624856
2,505,636.4632286099861
2,506,636.473496425187
2,507,636.4837629080882
2,508,636.4940280586898
2,509,636.5042918769916
2,510,636.5145543629939
2,511,636.5248155166964
2,512,636.5350753380994
2,513,636.5453338272026
2,514,636.5555909840064
2,515,636.5658468085103
2,516,636.5761013007146
2,517,636.5863544606193
2,518,636.5966062882243
2,519,636.6068567835297
2,520,636.6171059465354
2,521,636.6273537772414
2,522,636.6376002756479
2,523,636.6478454417546
2,524,636.6580892755617
2,525,636.6683317770692
2,526,636.678572946277
2,527,636.6888127831851
2,528,636.6990512877936
2,529,636.7092884601025
2,530,636.7195243001116
2,531,636.7297588078212
2,532,636.739991983231
2,533,636.7502238263413
2,534,636.7604543371518
2,535,636.7706835156628
2,536,636.780911361874
2,537,636.7911378757857
2,538,636.8013630573977
2,539,636.81158690671
2,540,636.8218094237226
2,541,636.8320306084356
2,542,636.842250460849
2,543,636.8524689809627
2,544,636.8626861687767
2,545,636.8729020242912
2,546,636.8831165475059
2,547,636.893329738421
2,548,636.9035415970365
2,549,636.9137521233522
2,550,636.9239613173684
2,551,636.9341691790848
2,552,636.9443757085016
2,553,636.9545809056189
2,554,636.9647847704364
2,555,636.9749873029542
2,556,636.9851885031725
2,557,636.995388371091
2,558,637.0055869067099
2,559,637.0157841100292
2,560,637.0259799810489
2,561,637.0361745197688
2,562,637.0463677261891
2,563,637.0565596003098
2,564,637.0667501421308
2,565,637.0769393516521
2,566,637.0871272288738
2,567,637.0973137737958
2,568,637.1074989864182
2,569,637.117682866741
2,570,637.1278654147641
2,571,637.1380466304875
2,572,637.1482265139113
2,573,637.1584050650354
2,574,637.1685822838599
2,575,637.1787581703848
2,576,637.1889327246099
2,577,637.1991059465354
2,578,637.2092778361613
2,579,637.2194483934875
2,580,637.229617618514
2,581,637.2397855112409
2,582,637.2499520716682
2,583,637.2601172997958
2,584,637.2702811956237
2,585,637.280443759152
2,586,637.2906049903806
2,587,637.3007648893097
2,588,637.310923455939
2,589,637.3210806902687
2,590,637.3312365922988
2,591,637.3413911620291
2,592,637.3515443994598
2,593,637.361696304591
2,594,637.3718468774224
2,595,637.3819961179541
2,596,637.3921440261862
2,597,637.4022906021187
2,598,637.4124358457515
2,599,637.4225797570847
2,600,637.4327223361182
2,601,637.442863582852
2,602,637.4530034972862
2,603,637.4631420794208
2,604,637.4732793292557
2,605,637.483415246791
2,606,637.4935498320266
2,607,637.5036830849625
2,608,637.5138150055988
2,609,637.5239455939354
2,610,637.5340748499724
2,611,637.5442027737097
2,612,637.5543293651474
2,613,637.5644546242854
2,614,637.5745785511238
2,615,637.5847011456625
2,616,637.5948224079016
2,617,637.604942337841
2,618,637.6150609354808
2,619,637.6251782008209
2,620,637.6352941338613
2,621,637.6454087346021
2,622,637.6555220030433
2,623,637.6656339391848
2,624,637.6757445430267
2,625,637.6858538145689
2,626,637.6959617538114
2,627,637.7060683607542
2,628,637.7161736353975
2,629,637.726277577741
2,630,637.736380187785
2,631,637.7464814655293
2,632,637.7565814109739
2,633,637.7666800241188
2,634,637.7767773049642
2,635,637.7868732535098
2,636,637.7969678697559
2,637,637.8070611537023
2,638,637.817153105349
2,639,637.827243724696
2,640,637.8373330117435
2,641,637.8474209664912
2,642,637.8575075889393
2,643,637.8675928790877
2,644,637.8776768369365
2,645,637.8877594624856
2,646,637.8978407557352
2,647,637.907920716685
2,648,637.9179993453351
2,649,637.9280766416857
2,650,637.9381526057366
2,651,637.9482272374878
2,652,637.9583005369394
2,653,637.9683725040913
2,654,637.9784431389436
2,655,637.9885124414963
2,656,637.9985804117492
2,657,638.0086470497025
2,658,638.0187123553561
2,659,638.0287763287101
2,660,638.0388389697646
2,661,638.0489002785192
2,662,638.0589602549743
2,663,638.0690188991297
2,664,638.0790762109855
2,665,638.0891321905415
2,666,638.0991868377979
2,667,638.1092401527548
2,668,638.1192921354119
2,669,638.1293427857694
2,670,638.1393921038272
2,671,638.1494400895854
2,672,638.1594867430439
2,673,638.1695320642027
2,674,638.179576053062
2,675,638.1896187096215
2,676,638.1996600338814
2,677,638.2097000258417
2,678,638.2197386855023
2,679,638.2297760128633
2,680,638.2398120079246
2,681,638.2498466706862
2,682,638.2598800011482
2,683,638.2699119993106
2,684,638.2799426651733
2,685,638.2899719987363
2,686,638.2999999999997
2,687,638.3100266689635
2,688,638.3200520056275
2,689,638.3300760099919
2,690,638.3400986820567
2,691,638.3501200218219
2,692,638.3601400292873
2,693,638.3701587044532
2,694,638.3801760473193
2,695,638.3901920578859
2,696,638.4002067361527
2,697,638.4102200821198
2,698,638.4202320957875
2,699,638.4302427771554
2,700,638.4402521262236
2,701,638.4502601429922
2,702,638.4602668274612
2,703,638.4702721796305
2,704,638.4802761995
2,705,638.4902788870701
2,706,638.5002802423404
2,707,638.5102802653112
2,708,638.5202789559821
2,709,638.5302763143535
2,710,638.5402723404253
2,711,638.5502670341973
2,712,638.5602603956697
2,713,638.5702524248425
2,714,638.5802431217156
2,715,638.5902324862891
2,716,638.6002205185629
2,717,638.6102072185371
2,718,638.6201925862116
2,719,638.6301766215864
2,720,638.6401593246617
2,721,638.6501406954371
2,722,638.6601207339131
2,723,638.6700994400893
2,724,638.6800768139659
2,725,638.6900528555428
2,726,638.7000275648202
2,727,638.7100009417977
2,728,638.7199729864758
2,729,638.7299436988541
2,730,638.7399130789328
2,731,638.7498811267118
2,732,638.7598478421911
2,733,638.7698132253709
2,734,638.7797772762509
2,735,638.7897399948313
2,736,638.7997013811121
2,737,638.8096614350932
2,738,638.8196201567747
2,739,638.8295775461564
2,740,638.8395336032386
2,741,638.8494883280212
2,742,638.8594417205039
2,743,638.8693937806871
2,744,638.8793445085706
2,745,638.8892939041546
2,746,638.8992419674388
2,747,638.9091886984233
2,748,638.9191340971083
2,749,638.9290781634936
2,750,638.9390208975792
2,751,638.9489622993652
2,752,638.9589023688515
2,753,638.9688411060382
2,754,638.9787785109252
2,755,638.9887145835125
2,756,638.9986493238002
2,757,639.0085827317884
2,758,639.0185148074767
2,759,639.0284455508655
2,760,639.0383749619546
2,761,639.048303040744
2,762,639.0582297872338
2,763,639.0681552014239
2,764,639.0780792833144
2,765,639.0880020329053
2,766,639.0979234501965
2,767,639.107843535188
2,768,639.1177622878798
2,769,639.1276797082721
2,770,639.1375957963646
2,771,639.1475105521575
2,772,639.1574239756509
2,773,639.1673360668444
2,774,639.1772468257384
2,775,639.1871562523328
2,776,639.1970643466274
2,777,639.2069711086224
2,778,639.2168765383177
2,779,639.2267806357135
2,780,639.2366834008095
2,781,639.2465848336059
2,782,639.2564849341027
2,783,639.2663837022997
2,784,639.2762811381972
2,785,639.2861772417949
2,786,639.2960720130931
2,787,639.3059654520915
2,788,639.3158575587904
2,789,639.3257483331895
2,790,639.3356377752891
2,791,639.3455258850889
2,792,639.3554126625892
2,793,639.3652981077897
2,794,639.3751822206906
2,795,639.3850650012919
2,796,639.3949464495935
2,797,639.4048265655955
2,798,639.4147053492977
2,799,639.4245828007004
2,800,639.4344589198034
2,801,639.4443337066067
2,802,639.4542071611104
2,803,639.4640792833145
2,804,639.4739500732188
2,805,639.4838195308236
2,806,639.4936876561287
2,807,639.5035544491341
2,808,639.5134199098399
2,809,639.523284038246
2,810,639.5331468343525
2,811,639.5430082981593
2,812,639.5528684296664
2,813,639.562727228874
2,814,639.5725846957819
2,815,639.58244083039
2,816,639.5922956326986
2,817,639.6021491027075
2,818,639.6120012404167
2,819,639.6218520458264
2,820,639.6317015189363
2,821,639.6415496597466
2,822,639.6513964682572
2,823,639.6612419444682
2,824,639.6710860883795
2,825,639.6809288999912
2,826,639.6907703793032
2,827,639.7006105263156
2,828,639.7104493410284
2,829,639.7202868234414
2,830,639.7301229735548
2,831,639.7399577913686
2,832,639.7497912768827
2,833,639.7596234300971
2,834,639.769454251012
2,835,639.7792837396271
2,836,639.7891118959426
2,837,639.7989387199585
2,838,639.8087642116747
2,839,639.8185883710912
2,840,639.8284111982081
2,841,639.8382326930254
2,842,639.848052855543
2,843,639.8578716857609
2,844,639.8676891836792
2,845,639.8775053492978
2,846,639.8873201826168
2,847,639.8971336836361
2,848,639.9069458523558
2,849,639.9167566887758
2,850,639.9265661928962
2,851,639.9363743647169
2,852,639.946181204238
2,853,639.9559867114593
2,854,639.9657908863811
2,855,639.9755937290032
2,856,639.9853952393256
2,857,639.9951954173484
2,858,640.0049942630716
2,859,640.0147917764951
2,860,640.0245879576189
2,861,640.0343828064431
2,862,640.0441763229677
2,863,640.0539685071925
2,864,640.0637593591177
2,865,640.0735488787434
2,866,640.0833370660692
2,867,640.0931239210955
2,868,640.1029094438222
2,869,640.1126936342491
2,870,640.1224764923764
2,871,640.1322580182041
2,872,640.1420382117321
2,873,640.1518170729605
2,874,640.1615946018892
2,875,640.1713707985183
2,876,640.1811456628477
2,877,640.1909191948774
2,878,640.2006913946075
2,879,640.2104622620379
2,880,640.2202317971687
2,881,640.2299999999999
2,882,640.2397668705314
2,883,640.2495324087632
2,884,640.2592966146954
2,885,640.2690594883279
2,886,640.2788210296608
2,887,640.288581238694
2,888,640.2983401154275
2,889,640.3080976598615
2,890,640.3178538719958
2,891,640.3276087518303
2,892,640.3373622993653
2,893,640.3471145146007
2,894,640.3568653975362
2,895,640.3666149481722
2,896,640.3763631665087
2,897,640.3861100525453
2,898,640.3958556062823
2,899,640.4055998277198
2,900,640.4153427168575
2,901,640.4250842736956
2,902,640.434824498234
2,903,640.4445633904728
2,904,640.454300950412
2,905,640.4640371780514
2,906,640.4737720733913
2,907,640.4835056364315
2,908,640.493237867172
2,909,640.5029687656128
2,910,640.512698331754
2,911,640.5224265655955
2,912,640.5321534671375
2,913,640.5418790363798
2,914,640.5516032733224
2,915,640.5613261779653
2,916,640.5710477503086
2,917,640.5807679903522
2,918,640.5904868980962
2,919,640.6002044735405
2,920,640.6099207166852
2,921,640.6196356275303
2,922,640.6293492060756
2,923,640.6390614523214
2,924,640.6487723662675
2,925,640.6584819479139
2,926,640.6681901972606
2,927,640.6778971143078
2,928,640.6876026990552
2,929,640.697306951503
2,930,640.7070098716513
2,931,640.7167114594997
2,932,640.7264117150486
2,933,640.7361106382978
2,934,640.7458082292474
2,935,640.7555044878973
2,936,640.7651994142475
2,937,640.7748930082981
2,938,640.7845852700491
2,939,640.7942761995004
2,940,640.8039657966519
2,941,640.8136540615039
2,942,640.8233409940563
2,943,640.833026594309
2,944,640.842710862262
2,945,640.8523937979154
2,946,640.8620754012691
2,947,640.8717556723232
2,948,640.8814346110776
2,949,640.8911122175323
2,950,640.9007884916874
2,951,640.9104634335429
2,952,640.9201370430987
2,953,640.9298093203548
2,954,640.9394802653113
2,955,640.9491498779682
2,956,640.9588181583254
2,957,640.9684851063829
2,958,640.9781507221409
2,959,640.987815005599
2,960,640.9974779567576
2,961,641.0071395756166
2,962,641.0167998621758
2,963,641.0264588164355
2,964,641.0361164383955
2,965,641.0457727280558
2,966,641.0554276854165
2,967,641.0650813104775
2,968,641.0747336032389
2,969,641.0843845637006
2,970,641.0940341918626
2,971,641.103682487725
2,972,641.1133294512878
2,973,641.1229750825509
2,974,641.1326193815144
2,975,641.1422623481782
2,976,641.1519039825423
2,977,641.1615442846067
2,978,641.1711832543716
2,979,641.1808208918368
2,980,641.1904571970024
2,981,641.2000921698682
2,982,641.2097258104344
2,983,641.219358118701
2,984,641.2289890946679
2,985,641.2386187383352
2,986,641.2482470497029
2,987,641.2578740287707
2,988,641.267499675539
2,989,641.2771239900078
2,990,641.2867469721767
2,991,641.2963686220461
2,992,641.3059889396159
2,993,641.3156079248859
2,994,641.3252255778563
2,995,641.3348418985271
2,996,641.3444568868981
2,997,641.3540705429696
2,998,641.3636828667413
2,999,641.3732938582135
2,1000,641.382903517386
2,1001,641.3925118442588
2,1002,641.4021188388319
2,1003,641.4117245011055
2,1004,641.4213288310793
2,1005,641.4309318287536
2,1006,641.4405334941282
2,1007,641.4501338272031
2,1008,641.4597328279783
2,1009,641.469330496454
2,1010,641.4789268326299
2,1011,641.4885218365063
2,1012,641.4981155080828
2,1013,641.5077078473598
2,1014,641.5172988543372
2,1015,641.5268885290149
2,1016,641.5364768713929
2,1017,641.5460638814714
2,1018,641.55564955925
2,1019,641.5652339047292
2,1020,641.5748169179086
2,1021,641.5843985987883
2,1022,641.5939789473684
2,1023,641.603557963649
2,1024,641.6131356476297
2,1025,641.6227119993109
2,1026,641.6322870186925
2,1027,641.6418607057743
2,1028,641.6514330605565
2,1029,641.6610040830391
2,1030,641.670573773222
2,1031,641.6801421311053
2,1032,641.6897091566889
2,1033,641.6992748499728
2,1034,641.7088392109571
2,1035,641.7184022396417
2,1036,641.7279639360268
2,1037,641.7375243001121
2,1038,641.7470833318978
2,1039,641.7566410313838
2,1040,641.7661973985702
2,1041,641.7757524334569
2,1042,641.785306136044
2,1043,641.7948585063314
2,1044,641.8044095443191
2,1045,641.8139592500073
2,1046,641.8235076233957
2,1047,641.8330546644845
2,1048,641.8426003732737
2,1049,641.8521447497633
2,1050,641.8616877939531
2,1051,641.8712295058433
2,1052,641.8807698854338
2,1053,641.8903089327247
2,1054,641.899846647716
2,1055,641.9093830304075
2,1056,641.9189180807995
2,1057,641.9284517988918
2,1058,641.9379841846844
2,1059,641.9475152381774
2,1060,641.9570449593707
2,1061,641.9665733482644
2,1062,641.9761004048585
2,1063,641.9856261291528
2,1064,641.9951505211475
2,1065,642.0046735808426
2,1066,642.014195308238
2,1067,642.0237157033338
2,1068,642.0332347661299
2,1069,642.0427524966263
2,1070,642.0522688948231
2,1071,642.0617839607203
2,1072,642.0712976943178
2,1073,642.0808100956157
2,1074,642.0903211646138
2,1075,642.0998309013123
2,1076,642.1093393057113
2,1077,642.1188463778104
2,1078,642.1283521176101
2,1079,642.13785652511
2,1080,642.1473596003103
2,1081,642.156861343211
2,1082,642.1663617538119
2,1083,642.1758608321131
2,1084,642.1853585781148
2,1085,642.1948549918169
2,1086,642.2043500732192
2,1087,642.2138438223219
2,1088,642.223336239125
2,1089,642.2328273236284
2,1090,642.2423170758321
2,1091,642.2518054957362
2,1092,642.2612925833407
2,1093,642.2707783386455
2,1094,642.2802627616506
2,1095,642.2897458523561
2,1096,642.2992276107619
2,1097,642.3087080368681
2,1098,642.3181871306747
2,1099,642.3276648921816
2,1100,642.3371413213888
2,1101,642.3466164182963
2,1102,642.3560901829043
2,1103,642.3655626152125
2,1104,642.3750337152212
2,1105,642.3845034829301
2,1106,642.3939719183394
2,1107,642.4034390214491
2,1108,642.412904792259
2,1109,642.4223692307695
2,1110,642.4318323369802
2,1111,642.4412941108912
2,1112,642.4507545525026
2,1113,642.4602136618144
2,1114,642.4696714388265
2,1115,642.4791278835388
2,1116,642.4885829959517
2,1117,642.4980367760647
2,1118,642.5074892238782
2,1119,642.5169403393921
2,1120,642.5263901226062
2,1121,642.5358385735208
2,1122,642.5452856921356
2,1123,642.5547314784509
2,1124,642.5641759324665
2,1125,642.5736190541824
2,1126,642.5830608435986
2,1127,642.5925013007152
2,1128,642.6019404255321
2,1129,642.6113782180495
2,1130,642.6208146782672
2,1131,642.6302498061851
2,1132,642.6396836018034
2,1133,642.6491160651221
2,1134,642.6585471961412
2,1135,642.6679769948606
2,1136,642.6774054612803
2,1137,642.6868325954003
2,1138,642.6962583972208
2,1139,642.7056828667417
2,1140,642.7151060039628
2,1141,642.7245278088842
2,1142,642.7339482815061
2,1143,642.7433674218282
2,1144,642.7527852298507
2,1145,642.7622017055736
2,1146,642.7716168489967
2,1147,642.7810306601203
2,1148,642.7904431389442
2,1149,642.7998542854684
2,1150,642.8092640996931
2,1151,642.818672581618
2,1152,642.8280797312433
2,1153,642.8374855485689
2,1154,642.846890033595
2,1155,642.8562931863213
2,1156,642.865695006748
2,1157,642.8750954948749
2,1158,642.8844946507023
2,1159,642.89389247423
2,1160,642.9032889654582
2,1161,642.9126841243866
2,1162,642.9220779510154
2,1163,642.9314704453444
2,1164,642.9408616073739
2,1165,642.9502514371037
2,1166,642.9596399345339
2,1167,642.9690270996643
2,1168,642.9784129324952
2,1169,642.9877974330265
2,1170,642.9971806012579
2,1171,643.0065624371899
2,1172,643.0159429408221
2,1173,643.0253221121548
2,1174,643.0346999511877
2,1175,643.0440764579209
2,1176,643.0534516323546
2,1177,643.0628254744886
2,1178,643.0721979843229
2,1179,643.0815691618575
2,1180,643.0909390070925
2,1181,643.100307520028
2,1182,643.1096747006636
2,1183,643.1190405489997
2,1184,643.1284050650361
2,1185,643.1377682487729
2,1186,643.14713010021
2,1187,643.1564906193474
2,1188,643.1658498061852
2,1189,643.1752076607233
2,1190,643.1845641829618
2,1191,643.1939193729007
2,1192,643.2032732305399
2,1193,643.2126257558795
2,1194,643.2219769489193
2,1195,643.2313268096595
2,1196,643.2406753381001
2,1197,643.2500225342411
2,1198,643.2593683980823
2,1199,643.2687129296239
2,1200,643.278056128866
2,1201,643.2873979958083
2,1202,643.296738530451
2,1203,643.3060777327939
2,1204,643.3154156028373
2,1205,643.324752140581
2,1206,643.3340873460251
2,1207,643.3434212191695
2,1208,643.3527537600141
2,1209,643.3620849685593
2,1210,643.3714148448047
2,1211,643.3807433887505
2,1212,643.3900706003967
2,1213,643.3993964797431
2,1214,643.40872102679
2,1215,643.4180442415371
2,1216,643.4273661239847
2,1217,643.4366866741326
2,1218,643.4460058919808
2,1219,643.4553237775293
2,1220,643.4646403307783
2,1221,643.4739555517275
2,1222,643.4832694403772
2,1223,643.4925819967272
2,1224,643.5018932207774
2,1225,643.511203112528
2,1226,643.5205116719791
2,1227,643.5298188991304
2,1228,643.5391247939822
2,1229,643.5484293565341
2,1230,643.5577325867865
2,1231,643.5670344847393
2,1232,643.5763350503925
2,1233,643.5856342837459
2,1234,643.5949321847996
2,1235,643.6042287535538
2,1236,643.6135239900083
2,1237,643.6228178941631
2,1238,643.6321104660183
2,1239,643.6414017055738
2,1240,643.6506916128296
2,1241,643.6599801877858
2,1242,643.6692674304423
2,1243,643.6785533407993
2,1244,643.6878379188565
2,1245,643.6971211646141
2,1246,643.7064030780721
2,1247,643.7156836592304
2,1248,643.7249629080891
2,1249,643.734240824648
2,1250,643.7435174089073
2,1251,643.752792660867
2,1252,643.7620665805271
2,1253,643.7713391678875
2,1254,643.7806104229483
2,1255,643.7898803457093
2,1256,643.7991489361707
2,1257,643.8084161943325
2,1258,643.8176821201946
2,1259,643.8269467137571
2,1260,643.8362099750199
2,1261,643.845471903983
2,1262,643.8547325006466
2,1263,643.8639917650105
2,1264,643.8732496970747
2,1265,643.8825062968392
2,1266,643.8917615643041
2,1267,643.9010154994694
2,1268,643.910268102335
2,1269,643.9195193729009
2,1270,643.9287693111672
2,1271,643.9380179171338
2,1272,643.9472651908007
2,1273,643.9565111321681
2,1274,643.9657557412359
2,1275,643.9749990180038
2,1276,643.9842409624722
2,1277,643.9934815746409
2,1278,644.00272085451
2,1279,644.0119588020794
2,1280,644.0211954173492
2,1281,644.0304307003192
2,1282,644.0396646509897
2,1283,644.0488972693605
2,1284,644.0581285554317
2,1285,644.0673585092032
2,1286,644.0765871306751
2,1287,644.0858144198472
2,1288,644.0950403767198
2,1289,644.1042650012927
2,1290,644.113488293566
2,1291,644.1227102535395
2,1292,644.1319308812134
2,1293,644.1411501765878
2,1294,644.1503681396624
2,1295,644.1595847704374
2,1296,644.1688000689127
2,1297,644.1780140350884
2,1298,644.1872266689644
2,1299,644.1964379705407
2,1300,644.2056479398175
2,1301,644.2148565767945
2,1302,644.2240638814719
2,1303,644.2332698538496
2,1304,644.2424744939277
2,1305,644.2516778017063
2,1306,644.260879777185
2,1307,644.2700804203641
2,1308,644.2792797312436
2,1309,644.2884777098235
2,1310,644.2976743561037
2,1311,644.3068696700842
2,1312,644.316063651765
2,1313,644.3252563011463
2,1314,644.3344476182278
2,1315,644.3436376030098
2,1316,644.3528262554921
2,1317,644.3620135756747
2,1318,644.3711995635576
2,1319,644.380384219141
2,1320,644.3895675424246
2,1321,644.3987495334087
2,1322,644.407930192093
2,1323,644.4171095184777
2,1324,644.4262875125628
2,1325,644.4354641743482
2,1326,644.444639503834
2,1327,644.45381350102
2,1328,644.4629861659065
2,1329,644.4721574984933
2,1330,644.4813274987804
2,1331,644.4904961667679
2,1332,644.4996635024557
2,1333,644.5088295058439
2,1334,644.5179941769323
2,1335,644.5271575157212
2,1336,644.5363195222105
2,1337,644.5454801964
2,1338,644.55463953829
2,1339,644.5637975478802
2,1340,644.5729542251709
2,1341,644.5821095701618
2,1342,644.5912635828531
2,1343,644.6004162632447
2,1344,644.6095676113367
2,1345,644.6187176271291
2,1346,644.6278663106218
2,1347,644.6370136618149
2,1348,644.6461596807083
2,1349,644.6553043673019
2,1350,644.664447721596
2,1351,644.6735897435905
2,1352,644.6827304332853
2,1353,644.6918697906804
2,1354,644.7010078157758
2,1355,644.7101445085717
2,1356,644.7192798690679
2,1357,644.7284138972644
2,1358,644.7375465931613
2,1359,644.7466779567585
2,1360,644.7558079880561
2,1361,644.7649366870539
2,1362,644.7740640537522
2,1363,644.7831900881508
2,1364,644.7923147902497
2,1365,644.801438160049
2,1366,644.8105601975486
2,1367,644.8196809027487
2,1368,644.828800275649
2,1369,644.8379183162497
2,1370,644.8470350245507
2,1371,644.8561504005521
2,1372,644.8652644442539
2,1373,644.8743771556559
2,1374,644.8834885347583
2,1375,644.8925985815611
2,1376,644.9017072960642
2,1377,644.9108146782677
2,1378,644.9199207281715
2,1379,644.9290254457757
2,1380,644.9381288310801
2,1381,644.947230884085
2,1382,644.9563316047902
2,1383,644.9654309931958
2,1384,644.9745290493016
2,1385,644.9836257731079
2,1386,644.9927211646145
2,1387,645.0018152238215
2,1388,645.0109079507288
2,1389,645.0199993453364
2,1390,645.0290894076444
2,1391,645.0381781376527
2,1392,645.0472655353614
2,1393,645.0563516007704
2,1394,645.0654363338797
2,1395,645.0745197346895
2,1396,645.0836018031995
2,1397,645.0926825394099
2,1398,645.1017619433208
2,1399,645.1108400149318
2,1400,645.1199167542433
2,1401,645.128992161255
2,1402,645.1380662359672
2,1403,645.1471389783798
2,1404,645.1562103884926
2,1405,645.1652804663057
2,1406,645.1743492118193
2,1407,645.1834166250331
2,1408,645.1924827059474
2,1409,645.201547454562
2,1410,645.210610870877
2,1411,645.2196729548922
2,1412,645.2287337066078
2,1413,645.2377931260238
2,1414,645.2468512131402
2,1415,645.2559079679568
2,1416,645.2649633904738
2,1417,645.2740174806912
2,1418,645.283070238609
2,1419,645.292121664227
2,1420,645.3011717575454
2,1421,645.3102205185642
2,1422,645.3192679472833
2,1423,645.3283140437027
2,1424,645.3373588078225
2,1425,645.3464022396427
2,1426,645.3554443391631
2,1427,645.3644851063839
2,1428,645.3735245413051
2,1429,645.3825626439267
2,1430,645.3915994142485
2,1431,645.4006348522707
2,1432,645.4096689579933
2,1433,645.4187017314163
2,1434,645.4277331725395
2,1435,645.4367632813631
2,1436,645.445792057887
2,1437,645.4548195021114
2,1438,645.463845614036
2,1439,645.4728703936611
2,1440,645.4818938409865
2,1441,645.4909159560121
2,1442,645.4999367387381
2,1443,645.5089561891646
2,1444,645.5179743072913
2,1445,645.5269910931185
2,1446,645.5360065466458
2,1447,645.5450206678736
2,1448,645.5540334568018
2,1449,645.5630449134303
2,1450,645.5720550377591
2,1451,645.5810638297883
2,1452,645.5900712895178
2,1453,645.5990774169477
2,1454,645.6080822120779
2,1455,645.6170856749085
2,1456,645.6260878054393
2,1457,645.6350886036706
2,1458,645.6440880696022
2,1459,645.6530862032341
2,1460,645.6620830045665
2,1461,645.6710784735991
2,1462,645.6800726103321
2,1463,645.6890654147654
2,1464,645.6980568868992
2,1465,645.7070470267332
2,1466,645.7160358342676
2,1467,645.7250233095023
2,1468,645.7340094524374
2,1469,645.7429942630728
2,1470,645.7519777414086
2,1471,645.7609598874448
2,1472,645.7699407011812
2,1473,645.778920182618
2,1474,645.7878983317552
2,1475,645.7968751485927
2,1476,645.8058506331306
2,1477,645.8148247853687
2,1478,645.8237976053073
2,1479,645.8327690929463
2,1480,645.8417392482854
2,1481,645.8507080713251
2,1482,645.859675562065
2,1483,645.8686417205054
2,1484,645.877606546646
2,1485,645.886570040487
2,1486,645.8955322020283
2,1487,645.9044930312699
2,1488,645.913452528212
2,1489,645.9224106928543
2,1490,645.9313675251971
2,1491,645.9403230252402
2,1492,645.9492771929836
2,1493,645.9582300284274
2,1494,645.9671815315714
2,1495,645.976131702416
2,1496,645.9850805409608
2,1497,645.9940280472059
2,1498,646.0029742211514
2,1499,646.0119190627972
2,1500,646.0208625721434
2,1501,646.02980474919
2,1502,646.0387455939369
2,1503,646.0476851063842
2,1504,646.0566232865317
2,1505,646.0655601343797
2,1506,646.0744956499279
2,1507,646.0834298331766
2,1508,646.0923626841255
2,1509,646.1012942027749
2,1510,646.1102243891246
2,1511,646.1191532431745
2,1512,646.128080764925
2,1513,646.1370069543757
2,1514,646.1459318115268
2,1515,646.1548553363782
2,1516,646.1637775289299
2,1517,646.172698389182
2,1518,646.1816179171344
2,1519,646.1905361127873
2,1520,646.1994529761404
2,1521,646.2083685071939
2,1522,646.2172827059478
2,1523,646.2261955724019
2,1524,646.2351071065565
2,1525,646.2440173084113
2,1526,646.2529261779666
2,1527,646.2618337152222
2,1528,646.2707399201781
2,1529,646.2796447928343
2,1530,646.288548333191
2,1531,646.2974505412479
2,1532,646.3063514170053
2,1533,646.315250960463
2,1534,646.324149171621
2,1535,646.3330460504793
2,1536,646.341941597038
2,1537,646.3508358112971
2,1538,646.3597286932566
2,1539,646.3686202429162
2,1540,646.3775104602763
2,1541,646.3863993453368
2,1542,646.3952868980975
2,1543,646.4041731185587
2,1544,646.4130580067202
2,1545,646.4219415625821
2,1546,646.4308237861443
2,1547,646.4397046774068
2,1548,646.4485842363696
2,1549,646.4574624630328
2,1550,646.4663393573965
2,1551,646.4752149194603
2,1552,646.4840891492246
2,1553,646.4929620466893
2,1554,646.5018336118542
2,1555,646.5107038447195
2,1556,646.5195727452851
2,1557,646.5284403135512
2,1558,646.5373065495176
2,1559,646.5461714531842
2,1560,646.5550350245512
2,1561,646.5638972636186
2,1562,646.5727581703864
2,1563,646.5816177448545
2,1564,646.590475987023
2,1565,646.5993328968917
2,1566,646.6081884744608
2,1567,646.6170427197303
2,1568,646.6258956327001
2,1569,646.6347472133704
2,1570,646.6435974617408
2,1571,646.6524463778117
2,1572,646.6612939615829
2,1573,646.6701402130544
2,1574,646.6789851322263
2,1575,646.6878287190987
2,1576,646.6966709736712
2,1577,646.7055118959443
2,1578,646.7143514859175
2,1579,646.7231897435911
2,1580,646.7320266689651
2,1581,646.7408622620395
2,1582,646.7496965228141
2,1583,646.7585294512892
2,1584,646.7673610474646
2,1585,646.7761913113403
2,1586,646.7850202429164
2,1587,646.7938478421928
2,1588,646.8026741091696
2,1589,646.8114990438468
2,1590,646.8203226462242
2,1591,646.829144916302
2,1592,646.8379658540802
2,1593,646.8467854595586
2,1594,646.8556037327376
2,1595,646.8644206736168
2,1596,646.8732362821963
2,1597,646.8820505584762
2,1598,646.8908635024565
2,1599,646.899675114137
2,1600,646.908485393518
2,1601,646.9172943405993
2,1602,646.9261019553809
2,1603,646.9349082378629
2,1604,646.9437131880452
2,1605,646.9525168059279
2,1606,646.961319091511
2,1607,646.9701200447943
2,1608,646.978919665778
2,1609,646.9877179544621
2,1610,646.9965149108465
2,1611,647.0053105349313
2,1612,647.0141048267164
2,1613,647.0228977862018
2,1614,647.0316894133877
2,1615,647.0404797082739
2,1616,647.0492686708603
2,1617,647.0580563011472
2,1618,647.0668425991344
2,1619,647.075627564822
2,1620,647.0844111982099
2,1621,647.0931934992981
2,1622,647.1019744680866
2,1623,647.1107541045756
2,1624,647.1195324087648
2,1625,647.1283093806545
2,1626,647.1370850202445
2,1627,647.1458593275348
2,1628,647.1546323025254
2,1629,647.1634039452165
2,1630,647.1721742556078
2,1631,647.1809432336995
2,1632,647.1897108794916
2,1633,647.198477192984
2,1634,647.2072421741768
2,1635,647.2160058230698
2,1636,647.2247681396633
2,1637,647.2335291239572
2,1638,647.2422887759512
2,1639,647.2510470956457
2,1640,647.2598040830406
2,1641,647.2685597381358
2,1642,647.2773140609313
2,1643,647.2860670514273
2,1644,647.2948187096234
2,1645,647.30356903552
2,1646,647.312318029117
2,1647,647.3210656904142
2,1648,647.3298120194119
2,1649,647.3385570161098
2,1650,647.3473006805082
2,1651,647.3560430126068
2,1652,647.3647840124058
2,1653,647.3735236799051
2,1654,647.3822620151049
2,1655,647.3909990180049
2,1656,647.3997346886053
2,1657,647.4084690269061
2,1658,647.4172020329072
2,1659,647.4259337066086
2,1660,647.4346640480104
2,1661,647.4433930571125
2,1662,647.452120733915
2,1663,647.4608470784178
2,1664,647.469572090621
2,1665,647.4782957705246
2,1666,647.4870181181284
2,1667,647.4957391334326
2,1668,647.5044588164372
2,1669,647.5131771671421
2,1670,647.5218941855474
2,1671,647.530609871653
2,1672,647.5393242254589
2,1673,647.5480372469652
2,1674,647.556748936172
2,1675,647.5654592930789
2,1676,647.5741683176863
2,1677,647.5828760099939
2,1678,647.591582370002
2,1679,647.6002873977104
2,1680,647.6089910931191
2,1681,647.6176934562283
2,1682,647.6263944870377
2,1683,647.6350941855475
2,1684,647.6437925517575
2,1685,647.652489585668
2,1686,647.6611852872788
2,1687,647.6698796565901
2,1688,647.6785726936016
2,1689,647.6872643983135
2,1690,647.6959547707256
2,1691,647.7046438108382
2,1692,647.7133315186511
2,1693,647.7220178941643
2,1694,647.7307029373779
2,1695,647.7393866482919
2,1696,647.7480690269063
2,1697,647.7567500732208
2,1698,647.7654297872358
2,1699,647.7741081689512
2,1700,647.7827852183668
2,1701,647.7914609354829
2,1702,647.8001353202993
2,1703,647.808808372816
2,1704,647.817480093033
2,1705,647.8261504809506
2,1706,647.8348195365683
2,1707,647.8434872598864
2,1708,647.8521536509048
2,1709,647.8608187096237
2,1710,647.8694824360429
2,1711,647.8781448301623
2,1712,647.8868058919822
2,1713,647.8954656215025
2,1714,647.904124018723
2,1715,647.9127810836438
2,1716,647.9214368162651
2,1717,647.9300912165867
2,1718,647.9387442846087
2,1719,647.947396020331
2,1720,647.9560464237536
2,1721,647.9646954948765
2,1722,647.9733432336999
2,1723,647.9819896402236
2,1724,647.9906347144475
2,1725,647.9992784563719
2,1726,648.0079208659967
2,1727,648.0165619433218
2,1728,648.0252016883471
2,1729,648.0338401010729
2,1730,648.0424771814991
2,1731,648.0511129296254
2,1732,648.0597473454523
2,1733,648.0683804289795
2,1734,648.0770121802069
2,1735,648.0856425991348
2,1736,648.094271685763
2,1737,648.1028994400915
2,1738,648.1115258621204
2,1739,648.1201509518496
2,1740,648.1287747092792
2,1741,648.1373971344092
2,1742,648.1460182272394
2,1743,648.1546379877701
2,1744,648.1632564160011
2,1745,648.1718735119324
2,1746,648.180489275564
2,1747,648.189103706896
2,1748,648.1977168059284
2,1749,648.2063285726612
3,0,619.4377313991688
3,1,619.4484300388204
3,2,619.459127426714
3,3,619.4698235628493
3,4,619.4805184472266
3,5,619.4912120798457
3,6,619.5019044607067
3,7,619.5125955898095
3,8,619.5232854671542
3,9,619.5339740927408
3,10,619.5446614665692
3,11,619.5553475886396
3,12,619.5660324589518
3,13,619.5767160775058
3,14,619.5873984443018
3,15,619.5980795593396
3,16,619.6087594226192
3,17,619.6194380341408
3,18,619.6301153939041
3,19,619.6407915019095
3,20,619.6514663581565
3,21,619.6621399626456
3,22,619.6728123153764
3,23,619.6834834163492
3,24,619.6941532655638
3,25,619.7048218630202
3,26,619.7154892087186
3,27,619.7261553026589
3,28,619.736820144841
3,29,619.7474837352648
3,30,619.7581460739307
3,31,619.7688071608384
3,32,619.779466995988
3,33,619.7901255793794
3,34,619.8007829110127
3,35,619.8114389908878
3,36,619.8220938190049
3,37,619.8327473953638
3,38,619.8433997199645
3,39,619.8540507928071
3,40,619.8647006138916
3,41,619.8753491832181
3,42,619.8859965007863
3,43,619.8966425665964
3,44,619.9072873806483
3,45,619.9179309429422
3,46,619.9285732534779
3,47,619.9392143122554
3,48,619.949854119275
3,49,619.9604926745362
3,50,619.9711299780395
3,51,619.9817660297845
3,52,619.9924008297714
3,53,620.0030343780002
3,54,620.0136666744709
3,55,620.0242977191834
3,56,620.0349275121378
3,57,620.045556053334
3,58,620.0561833427722
3,59,620.0668093804522
3,60,620.077434166374
3,61,620.0880577005378
3,62,620.0986799829434
3,63,620.1093010135909
3,64,620.1199207924802
3,65,620.1305393196114
3,66,620.1411565949845
3,67,620.1517726185995
3,68,620.1623873904563
3,69,620.173000910555
3,70,620.1836131788955
3,71,620.1942241954779
3,72,620.2048339603023
3,73,620.2154424733684
3,74,620.2260497346764
3,75,620.2366557442263
3,76,620.2472605020181
3,77,620.2578640080517
3,78,620.2684662623271
3,79,620.2790672648446
3,80,620.2896670156038
3,81,620.3002655146049
3,82,620.3108627618478
3,83,620.3214587573327
3,84,620.3320535010594
3,85,620.342646993028
3,86,620.3532392332385
3,87,620.3638302216907
3,88,620.3744199583849
3,89,620.385008443321
3,90,620.3955956764989
3,91,620.4061816579186
3,92,620.4167663875803
3,93,620.4273498654838
3,94,620.4379320916292
3,95,620.4485130660165
3,96,620.4590927886456
3,97,620.4696712595166
3,98,620.4802484786295
3,99,620.4908244459842
3,100,620.5013991615808
3,101,620.5119726254193
3,102,620.5225448374996
3,103,620.5331157978219
3,104,620.5436855063859
3,105,620.5542539631919
3,106,620.5648211682396
3,107,620.5753871215294
3,108,620.5859518230609
3,109,620.5965152728343
3,110,620.6070774708496
3,111,620.6176384171067
3,112,620.6281981116058
3,113,620.6387565543466
3,114,620.6493137453294
3,115,620.659869684554
3,116,620.6704243720205
3,117,620.6809778077289
3,118,620.6915299916791
3,119,620.7020809238712
3,120,620.7126306043052
3,121,620.7231790329811
3,122,620.7337262098987
3,123,620.7442721350583
3,124,620.7548168084597
3,125,620.765360230103
3,126,620.7759023999882
3,127,620.7864433181153
3,128,620.7969829844842
3,129,620.807521399095
3,130,620.8180585619476
3,131,620.8285944730421
3,132,620.8391291323785
3,133,620.8496625399567
3,134,620.860194695777
3,135,620.8707255998389
3,136,620.8812552521428
3,137,620.8917836526884
3,138,620.9023108014761
3,139,620.9128366985055
3,140,620.9233613437768
3,141,620.9338847372901
3,142,620.9444068790451
3,143,620.9549277690421
3,144,620.9654474072809
3,145,620.9759657937616
3,146,620.9864829284842
3,147,620.9969988114485
3,148,621.0075134426548
3,149,621.0180268221029
3,150,621.028538949793
3,151,621.0390498257249
3,152,621.0495594498987
3,153,621.0600678223142
3,154,621.0705749429717
3,155,621.0810808118711
3,156,621.0915854290123
3,157,621.1020887943954
3,158,621.1125909080204
3,159,621.1230917698872
3,160,621.1335913799959
3,161,621.1440897383465
3,162,621.1545868449389
3,163,621.1650826997732
3,164,621.1755773028494
3,165,621.1860706541675
3,166,621.1965627537273
3,167,621.2070536015291
3,168,621.2175431975727
3,169,621.2280315418583
3,170,621.2385186343856
3,171,621.249004475155
3,172,621.259489064166
3,173,621.269972401419
3,174,621.2804544869139
3,175,621.2909353206505
3,176,621.3014149026292
3,177,621.3118932328497
3,178,621.3223703113119
3,179,621.3328461380162
3,180,621.3433207129623
3,181,621.3537940361501
3,182,621.36426610758
3,183,621.3747369272517
3,184,621.3852064951652
3,185,621.3956748113205
3,186,621.4061418757178
3,187,621.416607688357
3,188,621.427072249238
3,189,621.4375355583609
3,190,621.4479976157256
3,191,621.4584584213322
3,192,621.4689179751807
3,193,621.4793762772711
3,194,621.4898333276033
3,195,621.5002891261774
3,196,621.5107436729934
3,197,621.5211969680512
3,198,621.5316490113509
3,199,621.5420998028925
3,200,621.5525493426759
3,201,621.5629976307011
3,202,621.5734446669684
3,203,621.5838904514774
3,204,621.5943349842283
3,205,621.6047782652211
3,206,621.6152202944558
3,207,621.6256610719322
3,208,621.6361005976506
3,209,621.6465388716108
3,210,621.656975893813
3,211,621.667411664257
3,212,621.6778461829427
3,213,621.6882794498705
3,214,621.6987114650401
3,215,621.7091422284516
3,216,621.7195717401048
3,217,621.73
3,218,621.7404270081371
3,219,621.750852764516
3,220,621.7612772691368
3,221,621.7717005219995
3,222,621.782122523104
3,223,621.7925432724504
3,224,621.8029627700387
3,225,621.8133810158689
3,226,621.8237980099409
3,227,621.8342137522548
3,228,621.8446282428105
3,229,621.855041481608
3,230,621.8654534686476
3,231,621.8758642039289
3,232,621.8862736874521
3,233,621.8966819192173
3,234,621.9070888992242
3,235,621.917494627473
3,236,621.9278991039637
3,237,621.9383023286963
3,238,621.9487043016707
3,239,621.959105022887
3,240,621.9695044923451
3,241,621.9799027100452
3,242,621.9902996759871
3,243,622.0006953901708
3,244,622.0110898525965
3,245,622.021483063264
3,246,622.0318750221734
3,247,622.0422657293246
3,248,622.0526551847177
3,249,622.0630433883526
3,250,622.0734303402295
3,251,622.0838160403482
3,252,622.0942004887088
3,253,622.1045836853112
3,254,622.1149656301556
3,255,622.1253463232417
3,256,622.1357257645699
3,257,622.1461039541398
3,258,622.1564808919516
3,259,622.1668565780052
3,260,622.1772310123007
3,261,622.1876041948382
3,262,622.1979761256174
3,263,622.2083468046385
3,264,622.2187162319016
3,265,622.2290844074064
3,266,622.2394513311532
3,267,622.2498170031417
3,268,622.2601814233723
3,269,622.2705445918446
3,270,622.2809065085588
3,271,622.2912671735148
3,272,622.3016265867128
3,273,622.3119847481527
3,274,622.3223416578343
3,275,622.3326973157579
3,276,622.3430517219233
3,277,622.3534048763306
3,278,622.3637567789798
3,279,622.3741074298708
3,280,622.3844568290036
3,281,622.3948049763784
3,282,622.405151871995
3,283,622.4154975158535
3,284,622.4258419079539
3,285,622.4361850482961
3,286,622.4465269368803
3,287,622.4568675737063
3,288,622.4672069587741
3,289,622.4775450920838
3,290,622.4878819736354
3,291,622.4982176034289
3,292,622.5085519814642
3,293,622.5188851077413
3,294,622.5292169822604
3,295,622.5395476050213
3,296,622.549876976024
3,297,622.5602050952688
3,298,622.5705319627552
3,299,622.5808575784837
3,300,622.5911819424539
3,301,622.6015050546661
3,302,622.6118269151201
3,303,622.6221475238159
3,304,622.6324668807537
3,305,622.6427849859333
3,306,622.6531018393547
3,307,622.663417441018
3,308,622.6737317909233
3,309,622.6840448890704
3,310,622.6943567354593
3,311,622.7046673300902
3,312,622.7149766729627
3,313,622.7252847640773
3,314,622.7355916034337
3,315,622.7458971910321
3,316,622.7562015268722
3,317,622.7665046109543
3,318,622.7768064432781
3,319,622.7871070238439
3,320,622.7974063526515
3,321,622.807704429701
3,322,622.8180012549924
3,323,622.8282968285256
3,324,622.8385911503007
3,325,622.8488842203177
3,326,622.8591760385765
3,327,622.8694666050772
3,328,622.8797559198198
3,329,622.8900439828042
3,330,622.9003307940305
3,331,622.9106163534987
3,332,622.9209006612087
3,333,622.9311837171607
3,334,622.9414655213544
3,335,622.9517460737901
3,336,622.9620253744677
3,337,622.972303423387
3,338,622.9825802205482
3,339,622.9928557659514
3,340,623.0031300595964
3,341,623.0134031014833
3,342,623.023674891612
3,343,623.0339454299826
3,344,623.0442147165951
3,345,623.0544827514494
3,346,623.0647495345456
3,347,623.0750150658837
3,348,623.0852793454636
3,349,623.0955423732854
3,350,623.1058041493491
3,351,623.1160646736546
3,352,623.1263239462021
3,353,623.1365819669913
3,354,623.1468387360225
3,355,623.1570942532954
3,356,623.1673485188104
3,357,623.1776015325671
3,358,623.1878532945658
3,359,623.1981038048062
3,360,623.2083530632887
3,361,623.2186010700128
3,362,623.228847824979
3,363,623.2390933281869
3,364,623.2493375796367
3,365,623.2595805793284
3,366,623.269822327262
3,367,623.2800628234374
3,368,623.2903020678548
3,369,623.3005400605139
3,370,623.3107768014149
3,371,623.3210122905579
3,372,623.3312465279427
3,373,623.3414795135693
3,374,623.3517112474378
3,375,623.3619417295482
3,376,623.3721709599005
3,377,623.3823989384946
3,378,623.3926256653306
3,379,623.4028511404084
3,380,623.4130753637281
3,381,623.4232983352897
3,382,623.4335200550931
3,383,623.4437405231386
3,384,623.4539597394257
3,385,623.4641777039548
3,386,623.4743944167258
3,387,623.4846098777385
3,388,623.4948240869932
3,389,623.5050370444898
3,390,623.5152487502281
3,391,623.5254592042085
3,392,623.5356684064305
3,393,623.5458763568946
3,394,623.5560830556004
3,395,623.5662885025482
3,396,623.5764926977379
3,397,623.5866956411693
3,398,623.5968973328427
3,399,623.6070977727579
3,400,623.6172969609149
3,401,623.6274948973139
3,402,623.6376915819548
3,403,623.6478870148375
3,404,623.658081195962
3,405,623.6682741253285
3,406,623.6784658029368
3,407,623.688656228787
3,408,623.698845402879
3,409,623.7090333252129
3,410,623.7192199957886
3,411,623.7294054146063
3,412,623.7395895816658
3,413,623.7497724969672
3,414,623.7599541605105
3,415,623.7701345722955
3,416,623.7803137323225
3,417,623.7904916405914
3,418,623.8006682971021
3,419,623.8108437018547
3,420,623.8210178548492
3,421,623.8311907560854
3,422,623.8413624055637
3,423,623.8515328032837
3,424,623.8617019492457
3,425,623.8718698434494
3,426,623.8820364858951
3,427,623.8922018765827
3,428,623.902366015512
3,429,623.9125289026833
3,430,623.9226905380965
3,431,623.9328509217515
3,432,623.9430100536483
3,433,623.9531679337871
3,434,623.9633245621677
3,435,623.9734799387902
3,436,623.9836340636546
3,437,623.9937869367608
3,438,624.0039385581089
3,439,624.0140889276988
3,440,624.0242380455306
3,441,624.0343859116043
3,442,624.0445325259199
3,443,624.0546778884773
3,444,624.0648219992767
3,445,624.0749648583178
3,446,624.0851064656008
3,447,624.0952468211257
3,448,624.1053859248925
3,449,624.1155237769011
3,450,624.1256603771517
3,451,624.135795725644
3,452,624.1459298223782
3,453,624.1560626673544
3,454,624.1661942605723
3,455,624.1763246020322
3,456,624.186453691734
3,457,624.1965815296775
3,458,624.206708115863
3,459,624.2168334502903
3,460,624.2269575329594
3,461,624.2370803638705
3,462,624.2472019430235
3,463,624.2573222704183
3,464,624.2674413460549
3,465,624.2775591699334
3,466,624.2876757420538
3,467,624.2977910624161
3,468,624.3079051310202
3,469,624.3180179478662
3,470,624.3281295129541
3,471,624.3382398262838
3,472,624.3483488878554
3,473,624.3584566976689
3,474,624.3685632557243
3,475,624.3786685620215
3,476,624.3887726165606
3,477,624.3988754193415
3,478,624.4089769703644
3,479,624.419077269629
3,480,624.4291763171356
3,481,624.439274112884
3,482,624.4493706568743
3,483,624.4594659491065
3,484,624.4695599895805
3,485,624.4796527782964
3,486,624.4897443152541
3,487,624.4998346004538
3,488,624.5099236338953
3,489,624.5200114155787
3,490,624.5300979455039
3,491,624.540183223671
3,492,624.55026725008
3,493,624.5603500247308
3,494,624.5704315476236
3,495,624.5805118187582
3,496,624.5905908381345
3,497,624.6006686057528
3,498,624.610745121613
3,499,624.6208203857151
3,500,624.630894398059
3,501,624.6409671586448
3,502,624.6510386674724
3,503,624.6611089245421
3,504,624.6711779298535
3,505,624.6812456834067
3,506,624.6913121852018
3,507,624.7013774352388
3,508,624.7114414335177
3,509,624.7215041800384
3,510,624.731565674801
3,511,624.7416259178055
3,512,624.7516849090518
3,513,624.76174264854
3,514,624.7717991362701
3,515,624.781854372242
3,516,624.7919083564559
3,517,624.8019610889115
3,518,624.8120125696091
3,519,624.8220627985486
3,520,624.8321117757298
3,521,624.842159501153
3,522,624.852205974818
3,523,624.8622511967249
3,524,624.8722951668736
3,525,624.8823378852643
3,526,624.8923793518968
3,527,624.9024195667712
3,528,624.9124585298874
3,529,624.9224962412454
3,530,624.9325327008454
3,531,624.9425679086872
3,532,624.952601864771
3,533,624.9626345690966
3,534,624.972666021664
3,535,624.9826962224734
3,536,624.9927251715245
3,537,625.0027528688175
3,538,625.0127793143524
3,539,625.0228045081293
3,540,625.0328284501479
3,541,625.0428511404084
3,542,625.0528725789109
3,543,625.0628927656551
3,544,625.0729117006413
3,545,625.0829293838692
3,546,625.092945815339
3,547,625.1029609950508
3,548,625.1129749230045
3,549,625.1229875991999
3,550,625.1329990236372
3,551,625.1430091963164
3,552,625.1530181172375
3,553,625.1630257864005
3,554,625.1730322038053
3,555,625.1830373694519
3,556,625.1930412833404
3,557,625.2030439454709
3,558,625.2130453558432
3,559,625.2230455144573
3,560,625.2330444213134
3,561,625.2430420764113
3,562,625.253038479751
3,563,625.2630336313326
3,564,625.2730275311561
3,565,625.2830201792215
3,566,625.2930115755287
3,567,625.3030017200778
3,568,625.3129906128687
3,569,625.3229782539016
3,570,625.3329646431763
3,571,625.3429497806928
3,572,625.3529336664512
3,573,625.3629163004516
3,574,625.3728976826937
3,575,625.3828778131779
3,576,625.3928566919037
3,577,625.4028343188716
3,578,625.4128106940811
3,579,625.4227858175327
3,580,625.432759689226
3,581,625.4427323091613
3,582,625.4527036773385
3,583,625.4626737937574
3,584,625.4726426584183
3,585,625.482610271321
3,586,625.4925766324656
3,587,625.502541741852
3,588,625.5125055994804
3,589,625.5224682053506
3,590,625.5324295594627
3,591,625.5423896618166
3,592,625.5523485124124
3,593,625.5623061112501
3,594,625.5722624583296
3,595,625.582217553651
3,596,625.5921713972143
3,597,625.6021239890194
3,598,625.6120753290664
3,599,625.6220254173554
3,600,625.6319742538861
3,601,625.6419218386587
3,602,625.6518681716732
3,603,625.6618132529296
3,604,625.6717570824278
3,605,625.6816996601679
3,606,625.6916409861499
3,607,625.7015810603737
3,608,625.7115198828394
3,609,625.7214574535469
3,610,625.7313937724964
3,611,625.7413288396876
3,612,625.7512626551209
3,613,625.7611952187959
3,614,625.7711265307128
3,615,625.7810565908716
3,616,625.7909853992722
3,617,625.8009129559148
3,618,625.8108392607992
3,619,625.8207643139253
3,620,625.8306881152935
3,621,625.8406106649035
3,622,625.8505319627553
3,623,625.860452008849
3,624,625.8703708031846
3,625,625.8802883457621
3,626,625.8902046365814
3,627,625.9001196756426
3,628,625.9100334629456
3,629,625.9199459984907
3,630,625.9298572822775
3,631,625.9397673143061
3,632,625.9496760945766
3,633,625.9595836230891
3,634,625.9694898998433
3,635,625.9793949248394
3,636,625.9892986980775
3,637,625.9992012195573
3,638,626.0091024892791
3,639,626.0190025072427
3,640,626.0289012734482
3,641,626.0387987878955
3,642,626.0486950505848
3,643,626.0585900615158
3,644,626.0684838206888
3,645,626.0783763281037
3,646,626.0882675837603
3,647,626.0981575876589
3,648,626.1080463397993
3,649,626.1179338401816
3,650,626.1278200888058
3,651,626.1377050856718
3,652,626.1475888307797
3,653,626.1574713241295
3,654,626.1673525657211
3,655,626.1772325555546
3,656,626.18711129363
3,657,626.1969887799472
3,658,626.2068650145063
3,659,626.2167399973074
3,660,626.2266137283502
3,661,626.2364862076349
3,662,626.2463574351615
3,663,626.2562274109299
3,664,626.2660961349403
3,665,626.2759636071925
3,666,626.2858298276865
3,667,626.2956947964225
3,668,626.3055585134002
3,669,626.31542097862
3,670,626.3252821920814
3,671,626.3351421537849
3,672,626.3450008637301
3,673,626.3548583219173
3,674,626.3647145283463
3,675,626.3745694830171
3,676,626.3844231859299
3,677,626.3942756370845
3,678,626.4041268364809
3,679,626.4139767841193
3,680,626.4238254799996
3,681,626.4336729241217
3,682,626.4435191164856
3,683,626.4533640570914
3,684,626.4632077459391
3,685,626.4730501830286
3,686,626.48289136836
3,687,626.4927313019334
3,688,626.5025699837486
3,689,626.5124074138056
3,690,626.5222435921045
3,691,626.5320785186452
3,692,626.5419121934278
3,693,626.5517446164523
3,694,626.5615757877188
3,695,626.571405707227
3,696,626.581234374977
3,697,626.5910617909691
3,698,626.6008879552029
3,699,626.6107128676787
3,700,626.6205365283962
3,701,626.6303589373556
3,702,626.640180094557
3,703,626.6500000000002
3,704,626.6598186536852
3,705,626.6696360556122
3,706,626.6794522057809
3,707,626.6892671041916
3,708,626.6990807508441
3,709,626.7088931457386
3,710,626.7187042888747
3,711,626.7285141802529
3,712,626.7383228198729
3,713,626.7481302077348
3,714,626.7579363438385
3,715,626.7677412281841
3,716,626.7775448607716
3,717,626.787347241601
3,718,626.7971483706722
3,719,626.8069482479852
3,720,626.8167468735402
3,721,626.826544247337
3,722,626.8363403693756
3,723,626.8461352396562
3,724,626.8559288581787
3,725,626.865721224943
3,726,626.8755123399491
3,727,626.8853022031972
3,728,626.895090814687
3,729,626.9048781744187
3,730,626.9146642823924
3,731,626.9244491386079
3,732,626.9342327430653
3,733,626.9440150957645
3,734,626.9537961967056
3,735,626.9635760458885
3,736,626.9733546433134
3,737,626.9831319889802
3,738,626.9929080828887
3,739,627.0026829250392
3,740,627.0124565154315
3,741,627.0222288540657
3,742,627.0319999409417
3,743,627.0417697760596
3,744,627.0515383594194
3,745,627.0613056910211
3,746,627.0710717708646
3,747,627.08083659895
3,748,627.0906001752772
3,749,627.1003624998464
3,750,627.1101235726574
3,751,627.1198833937102
3,752,627.1296419630049
3,753,627.1393992805415
3,754,627.1491553463201
3,755,627.1589101603404
3,756,627.1686637226026
3,757,627.1784160331066
3,758,627.1881670918526
3,759,627.1979168988404
3,760,627.2076654540701
3,761,627.2174127575416
3,762,627.227158809255
3,763,627.2369036092103
3,764,627.2466471574074
3,765,627.2563894538465
3,766,627.2661304985274
3,767,627.2758702914501
3,768,627.2856088326148
3,769,627.2953461220213
3,770,627.3050821596696
3,771,627.3148169455599
3,772,627.324550479692
3,773,627.334282762066
3,774,627.3440137926817
3,775,627.3537435715394
3,776,627.363472098639
3,777,627.3731993739805
3,778,627.3829253975638
3,779,627.392650169389
3,780,627.402373689456
3,781,627.4120959577649
3,782,627.4218169743157
3,783,627.4315367391084
3,784,627.4412552521429
3,785,627.4509725134193
3,786,627.4606885229375
3,787,627.4704032806976
3,788,627.4801167866997
3,789,627.4898290409435
3,790,627.4995400434292
3,791,627.5092497941569
3,792,627.5189582931263
3,793,627.5286655403377
3,794,627.5383715357908
3,795,627.5480762794859
3,796,627.5577797714228
3,797,627.5674820116017
3,798,627.5771830000224
3,799,627.5868827366849
3,800,627.5965812215893
3,801,627.6062784547356
3,802,627.6159744361237
3,803,627.6256691657537
3,804,627.6353626436256
3,805,627.6450548697394
3,806,627.654745844095
3,807,627.6644355666925
3,808,627.6741240375318
3,809,627.683811256613
3,810,627.6934972239361
3,811,627.7031819395011
3,812,627.712865403308
3,813,627.7225476153567
3,814,627.7322285756472
3,815,627.7419082841797
3,816,627.7515867409539
3,817,627.7612639459701
3,818,627.7709398992282
3,819,627.7806146007281
3,820,627.7902880504698
3,821,627.7999602484535
3,822,627.809631194679
3,823,627.8193008891465
3,824,627.8289693318557
3,825,627.8386365228067
3,826,627.8483024619998
3,827,627.8579671494347
3,828,627.8676305851113
3,829,627.87729276903
3,830,627.8869537011904
3,831,627.8966133815927
3,832,627.906271810237
3,833,627.915928987123
3,834,627.9255849122509
3,835,627.9352395856207
3,836,627.9448930072324
3,837,627.954545177086
3,838,627.9641960951814
3,839,627.9738457615186
3,840,627.9834941760978
3,841,627.9931413389188
3,842,628.0027872499817
3,843,628.0124319092864
3,844,628.022075316833
3,845,628.0317174726215
3,846,628.0413583766518
3,847,628.050998028924
3,848,628.0606364294382
3,849,628.0702735781941
3,850,628.0799094751919
3,851,628.0895441204317
3,852,628.0991775139132
3,853,628.1088096556366
3,854,628.118440545602
3,855,628.1280701838091
3,856,628.1376985702582
3,857,628.147325704949
3,858,628.1569515878818
3,859,628.1665762190564
3,860,628.176199598473
3,861,628.1858217261314
3,862,628.1954426020316
3,863,628.2050622261737
3,864,628.2146805985577
3,865,628.2242977191836
3,866,628.2339135880512
3,867,628.2435282051608
3,868,628.2531415705123
3,869,628.2627536841056
3,870,628.2723645459408
3,871,628.2819741560179
3,872,628.2915825143368
3,873,628.3011896208976
3,874,628.3107954757003
3,875,628.3204000787448
3,876,628.3300034300312
3,877,628.3396055295595
3,878,628.3492063773297
3,879,628.3588059733416
3,880,628.3684043175955
3,881,628.3780014100913
3,882,628.3875972508289
3,883,628.3971918398083
3,884,628.4067851770297
3,885,628.4163772624929
3,886,628.4259680961981
3,887,628.435557678145
3,888,628.4451460083338
3,889,628.4547330867645
3,890,628.4643189134371
3,891,628.4739034883514
3,892,628.4834868115078
3,893,628.493068882906
3,894,628.5026497025459
3,895,628.5122292704278
3,896,628.5218075865516
3,897,628.5313846509173
3,898,628.5409604635248
3,899,628.5505350243741
3,900,628.5601083334653
3,901,628.5696803907985
3,902,628.5792511963734
3,903,628.5888207501903
3,904,628.598389052249
3,905,628.6079561025496
3,906,628.617521901092
3,907,628.6270864478764
3,908,628.6366497429026
3,909,628.6462117861706
3,910,628.6557725776805
3,911,628.6653321174324
3,912,628.674890405426
3,913,628.6844474416615
3,914,628.694003226139
3,915,628.7035577588582
3,916,628.7131110398193
3,917,628.7226630690224
3,918,628.7322138464672
3,919,628.741763372154
3,920,628.7513116460825
3,921,628.760858668253
3,922,628.7704044386654
3,923,628.7799489573196
3,924,628.7894922242157
3,925,628.7990342393537
3,926,628.8085750027334
3,927,628.8181145143551
3,928,628.8276527742187
3,929,628.8371897823241
3,930,628.8467255386714
3,931,628.8562600432606
3,932,628.8657932960916
3,933,628.8753252971645
3,934,628.8848560464793
3,935,628.8943855440359
3,936,628.9039137898344
3,937,628.9134407838748
3,938,628.922966526157
3,939,628.9324910166811
3,940,628.942014255447
3,941,628.951536242455
3,942,628.9610569777046
3,943,628.9705764611962
3,944,628.9800946929296
3,945,628.989611672905
3,946,628.9991274011221
3,947,629.0086418775812
3,948,629.0181551022821
3,949,629.0276670752249
3,950,629.0371777964095
3,951,629.0466872658361
3,952,629.0561954835044
3,953,629.0657024494147
3,954,629.0752081635669
3,955,629.0847126259608
3,956,629.0942158365967
3,957,629.1037177954745
3,958,629.113218502594
3,959,629.1227179579555
3,960,629.1322161615589
3,961,629.1417131134041
3,962,629.1512088134912
3,963,629.1607032618201
3,964,629.1701964583909
3,965,629.1796884032036
3,966,629.1891790962582
3,967,629.1986685375546
3,968,629.2081567270928
3,969,629.217643664873
3,970,629.227129350895
3,971,629.236613785159
3,972,629.2460969676647
3,973,629.2555788984123
3,974,629.2650595774018
3,975,629.2745390046332
3,976,629.2840171801064
3,977,629.2934941038216
3,978,629.3029697757785
3,979,629.3124441959773
3,980,629.321917364418
3,981,629.3313892811005
3,982,629.340859946025
3,983,629.3503293591914
3,984,629.3597975205995
3,985,629.3692644302496
3,986,629.3787300881415
3,987,629.3881944942752
3,988,629.3976576486509
3,989,629.4071195512685
3,990,629.4165802021279
3,991,629.426039601229
3,992,629.4354977485722
3,993,629.4449546441572
3,994,629.454410287984
3,995,629.4638646800528
3,996,629.4733178203634
3,997,629.4827697089158
3,998,629.4922203457102
3,999,629.5016697307464
3,1000,629.5111178640245
3,1001,629.5205647455444
3,1002,629.5300103753062
3,1003,629.5394547533099
3,1004,629.5488978795554
3,1005,629.5583397540429
3,1006,629.5677803767721
3,1007,629.5772197477432
3,1008,629.5866578669563
3,1009,629.5960947344112
3,1010,629.605530350108
3,1011,629.6149647140466
3,1012,629.6243978262271
3,1013,629.6338296866494
3,1014,629.6432602953137
3,1015,629.6526896522198
3,1016,629.6621177573677
3,1017,629.6715446107576
3,1018,629.6809702123893
3,1019,629.6903945622628
3,1020,629.6998176603782
3,1021,629.7092395067356
3,1022,629.7186601013348
3,1023,629.7280794441758
3,1024,629.7374975352587
3,1025,629.7469143745835
3,1026,629.7563299621502
3,1027,629.7657442979587
3,1028,629.7751573820091
3,1029,629.7845692143013
3,1030,629.7939797948354
3,1031,629.8033891236114
3,1032,629.8127972006292
3,1033,629.8222040258889
3,1034,629.8316095993905
3,1035,629.841013921134
3,1036,629.8504169911193
3,1037,629.8598188093465
3,1038,629.8692193758156
3,1039,629.8786186905265
3,1040,629.8880167534794
3,1041,629.897413564674
3,1042,629.9068091241106
3,1043,629.916203431789
3,1044,629.9255964877093
3,1045,629.9349882918714
3,1046,629.9443788442754
3,1047,629.9537681449214
3,1048,629.963156193809
3,1049,629.9725429909387
3,1050,629.9819285363102
3,1051,629.9913128299235
3,1052,630.0006958717787
3,1053,630.0100776618758
3,1054,630.0194582002148
3,1055,630.0288374867956
3,1056,630.0382155216183
3,1057,630.0475923046829
3,1058,630.0569678359893
3,1059,630.0663421155376
3,1060,630.0757151433278
3,1061,630.0850869193598
3,1062,630.0944574436337
3,1063,630.1038267161495
3,1064,630.1131947369072
3,1065,630.1225615059067
3,1066,630.131927023148
3,1067,630.1412912886312
3,1068,630.1506543023564
3,1069,630.1600160643234
3,1070,630.1693765745322
3,1071,630.178735832983
3,1072,630.1880938396755
3,1073,630.19745059461
3,1074,630.2068060977863
3,1075,630.2161603492045
3,1076,630.2255133488646
3,1077,630.2348650967665
3,1078,630.2442155929103
3,1079,630.253564837296
3,1080,630.2629128299235
3,1081,630.2722595707929
3,1082,630.2816050599042
3,1083,630.2909492972574
3,1084,630.3002922828523
3,1085,630.3096340166892
3,1086,630.318974498768
3,1087,630.3283137290886
3,1088,630.337651707651
3,1089,630.3469884344554
3,1090,630.3563239095016
3,1091,630.3656581327897
3,1092,630.3749911043196
3,1093,630.3843228240916
3,1094,630.3936532921052
3,1095,630.4029825083608
3,1096,630.4123104728582
3,1097,630.4216371855974
3,1098,630.4309626465787
3,1099,630.4402868558017
3,1100,630.4496098132665
3,1101,630.4589315189734
3,1102,630.468251972922
3,1103,630.4775711751125
3,1104,630.4868891255448
3,1105,630.4962058242191
3,1106,630.5055212711352
3,1107,630.5148354662932
3,1108,630.5241484096931
3,1109,630.5334601013348
3,1110,630.5427705412184
3,1111,630.5520797293439
3,1112,630.5613876657111
3,1113,630.5706943503203
3,1114,630.5799997831714
3,1115,630.5893039642643
3,1116,630.5986068935991
3,1117,630.6079085711758
3,1118,630.6172089969943
3,1119,630.6265081710548
3,1120,630.635806093357
3,1121,630.6451027639011
3,1122,630.6543981826871
3,1123,630.663692349715
3,1124,630.6729852649847
3,1125,630.6822769284963
3,1126,630.6915673402498
3,1127,630.7008565002452
3,1128,630.7101444084824
3,1129,630.7194310649614
3,1130,630.7287164696824
3,1131,630.7380006226452
3,1132,630.7472835238499
3,1133,630.7565651732965
3,1134,630.7658455709849
3,1135,630.7751247169152
3,1136,630.7844026110873
3,1137,630.7936792535014
3,1138,630.8029546441572
3,1139,630.812228783055
3,1140,630.8215016701947
3,1141,630.8307733055761
3,1142,630.8400436891995
3,1143,630.8493128210648
3,1144,630.8585807011718
3,1145,630.8678473295208
3,1146,630.8771127061117
3,1147,630.8863768309444
3,1148,630.895639704019
3,1149,630.9049013253355
3,1150,630.9141616948938
3,1151,630.923420812694
3,1152,630.932678678736
3,1153,630.9419352930199
3,1154,630.9511906555457
3,1155,630.9604447663133
3,1156,630.9696976253229
3,1157,630.9789492325743
3,1158,630.9881995880676
3,1159,630.9974486918027
3,1160,631.0066965437796
3,1161,631.0159431439986
3,1162,631.0251884924593
3,1163,631.034432589162
3,1164,631.0436754341064
3,1165,631.0529170272927
3,1166,631.0621573687209
3,1167,631.071396458391
3,1168,631.080634296303
3,1169,631.0898708824568
3,1170,631.0991062168524
3,1171,631.10834029949
3,1172,631.1175731303695
3,1173,631.1268047094907
3,1174,631.1360350368539
3,1175,631.1452641124589
3,1176,631.1544919363058
3,1177,631.1637185083946
3,1178,631.1729438287251
3,1179,631.1821678972976
3,1180,631.191390714112
3,1181,631.2006122791682
3,1182,631.2098325924663
3,1183,631.2190516540063
3,1184,631.2282694637881
3,1185,631.237486021812
3,1186,631.2467013280775
3,1187,631.2559153825849
3,1188,631.2651281853342
3,1189,631.2743397363254
3,1190,631.2835500355585
3,1191,631.2927590830334
3,1192,631.3019668787501
3,1193,631.3111734227089
3,1194,631.3203787149093
3,1195,631.3295827553517
3,1196,631.338785544036
3,1197,631.3479870809621
3,1198,631.3571873661301
3,1199,631.3663863995399
3,1200,631.3755841811917
3,1201,631.3847807110853
3,1202,631.3939759892207
3,1203,631.4031700155981
3,1204,631.4123627902173
3,1205,631.4215543130783
3,1206,631.4307445841813
3,1207,631.4399336035261
3,1208,631.4491213711128
3,1209,631.4583078869414
3,1210,631.4674931510118
3,1211,631.4766771633241
3,1212,631.4858599238783
3,1213,631.4950414326743
3,1214,631.5042216897122
3,1215,631.5134006949919
3,1216,631.5225784485135
3,1217,631.531754950277
3,1218,631.5409302002823
3,1219,631.5501041985295
3,1220,631.5592769450187
3,1221,631.5684484397497
3,1222,631.5776186827225
3,1223,631.5867876739372
3,1224,631.5959554133938
3,1225,631.6051219010922
3,1226,631.6142871370325
3,1227,631.6234511212147
3,1228,631.6326138536388
3,1229,631.6417753343046
3,1230,631.6509355632124
3,1231,631.660094540362
3,1232,631.6692522657536
3,1233,631.678408739387
3,1234,631.6875639612622
3,1235,631.6967179313793
3,1236,631.7058706497384
3,1237,631.7150221163392
3,1238,631.7241723311819
3,1239,631.7333212942665
3,1240,631.742469005593
3,1241,631.7516154651613
3,1242,631.7607606729715
3,1243,631.7699046290236
3,1244,631.7790473333175
3,1245,631.7881887858533
3,1246,631.797328986631
3,1247,631.8064679356505
3,1248,631.8156056329119
3,1249,631.8247420784153
3,1250,631.8338772721604
3,1251,631.8430112141474
3,1252,631.8521439043762
3,1253,631.8612753428471
3,1254,631.8704055295597
3,1255,631.8795344645141
3,1256,631.8886621477105
3,1257,631.8977885791487
3,1258,631.9069137588289
3,1259,631.9160376867508
3,1260,631.9251603629147
3,1261,631.9342817873203
3,1262,631.9434019599679
3,1263,631.9525208808573
3,1264,631.9616385499886
3,1265,631.9707549673618
3,1266,631.9798701329769
3,1267,631.9889840468337
3,1268,631.9980967089325
3,1269,632.0072081192732
3,1270,632.0163182778557
3,1271,632.0254271846801
3,1272,632.0345348397464
3,1273,632.0436412430544
3,1274,632.0527463946044
3,1275,632.0618502943962
3,1276,632.0709529424299
3,1277,632.0800543387056
3,1278,632.0891544832231
3,1279,632.0982533759824
3,1280,632.1073510169836
3,1281,632.1164474062266
3,1282,632.1255425437115
3,1283,632.1346364294384
3,1284,632.143729063407
3,1285,632.1528204456175
3,1286,632.16191057607
3,1287,632.1709994547642
3,1288,632.1800870817004
3,1289,632.1891734568784
3,1290,632.1982585802983
3,1291,632.20734245196
3,1292,632.2164250718637
3,1293,632.2255064400091
3,1294,632.2345865563965
3,1295,632.2436654210256
3,1296,632.2527430338968
3,1297,632.2618193950098
3,1298,632.2708945043646
3,1299,632.2799683619612
3,1300,632.2890409677998
3,1301,632.2981123218802
3,1302,632.3071824242026
3,1303,632.3162512747667
3,1304,632.3253188735728
3,1305,632.3343852206207
3,1306,632.3434503159104
3,1307,632.3525141594421
3,1308,632.3615767512156
3,1309,632.370638091231
3,1310,632.3796981794882
3,1311,632.3887570159873
3,1312,632.3978146007283
3,1313,632.4068709337112
3,1314,632.4159260149358
3,1315,632.4249798444024
3,1316,632.4340324221109
3,1317,632.4430837480612
3,1318,632.4521338222535
3,1319,632.4611826446875
3,1320,632.4702302153634
3,1321,632.4792765342812
3,1322,632.4883216014408
3,1323,632.4973654168424
3,1324,632.5064079804858
3,1325,632.515449292371
3,1326,632.5244893524982
3,1327,632.5335281608673
3,1328,632.542565717478
3,1329,632.5516020223308
3,1330,632.5606370754255
3,1331,632.569670876762
3,1332,632.5787034263403
3,1333,632.5877347241604
3,1334,632.5967647702225
3,1335,632.6057935645265
3,1336,632.6148211070723
3,1337,632.62384739786
3,1338,632.6328724368896
3,1339,632.641896224161
3,1340,632.6509187596744
3,1341,632.6599400434295
3,1342,632.6689600754265
3,1343,632.6779788556654
3,1344,632.6869963841461
3,1345,632.6960126608689
3,1346,632.7050276858333
3,1347,632.7140414590397
3,1348,632.723053980488
3,1349,632.732065250178
3,1350,632.74107526811
3,1351,632.7500840342839
3,1352,632.7590915486995
3,1353,632.7680978113572
3,1354,632.7771028222566
3,1355,632.7861065813979
3,1356,632.7951090887811
3,1357,632.8041103444061
3,1358,632.8131103482731
3,1359,632.8221091003819
3,1360,632.8311066007325
3,1361,632.840102849325
3,1362,632.8490978461595
3,1363,632.8580915912357
3,1364,632.8670840845539
3,1365,632.8760753261139
3,1366,632.8850653159158
3,1367,632.8940540539595
3,1368,632.9030415402451
3,1369,632.9120277747726
3,1370,632.9210127575419
3,1371,632.9299964885531
3,1372,632.9389789678062
3,1373,632.9479601953011
3,1374,632.9569401710379
3,1375,632.9659188950167
3,1376,632.9748963672372
3,1377,632.9838725876996
3,1378,632.992847556404
3,1379,633.0018212733501
3,1380,633.010793738538
3,1381,633.019764951968
3,1382,633.0287349136397
3,1383,633.0377036235534
3,1384,633.0466710817088
3,1385,633.0556372881063
3,1386,633.0646022427454
3,1387,633.0735659456266
3,1388,633.0825283967496
3,1389,633.0914895961143
3,1390,633.1004495437211
3,1391,633.1094082395697
3,1392,633.1183656836602
3,1393,633.1273218759925
3,1394,633.1362768165666
3,1395,633.1452305053826
3,1396,633.1541829424406
3,1397,633.1631341277404
3,1398,633.172084061282
3,1399,633.1810327430655
3,1400,633.1899801730909
3,1401,633.1989263513582
3,1402,633.2078712778673
3,1403,633.2168149526184
3,1404,633.2257573756112
3,1405,633.234698546846
3,1406,633.2436384663225
3,1407,633.252577134041
3,1408,633.2615145500014
3,1409,633.2704507142035
3,1410,633.2793856266476
3,1411,633.2883192873336
3,1412,633.2972516962614
3,1413,633.3061828534311
3,1414,633.3151127588426
3,1415,633.3240414124961
3,1416,633.3329688143913
3,1417,633.3418949645285
3,1418,633.3508198629075
3,1419,633.3597435095284
3,1420,633.3686659043912
3,1421,633.3775870474958
3,1422,633.3865069388422
3,1423,633.3954255784306
3,1424,633.4043429662609
3,1425,633.413259102333
3,1426,633.422173986647
3,1427,633.4310876192028
3,1428,633.4400000000005
3,1429,633.4489111290401
3,1430,633.4578210063215
3,1431,633.4667296318448
3,1432,633.47563700561
3,1433,633.484543127617
3,1434,633.4934479978659
3,1435,633.5023516163567
3,1436,633.5112539830893
3,1437,633.5201550980639
3,1438,633.5290549612803
3,1439,633.5379535727385
3,1440,633.5468509324387
3,1441,633.5557470403807
3,1442,633.5646418965645
3,1443,633.5735355009903
3,1444,633.5824278536578
3,1445,633.5913189545673
3,1446,633.6002088037186
3,1447,633.6090974011119
3,1448,633.6179847467469
3,1449,633.6268708406238
3,1450,633.6357556827427
3,1451,633.6446392731033
3,1452,633.6535216117059
3,1453,633.6624026985503
3,1454,633.6712825336366
3,1455,633.6801611169647
3,1456,633.6890384485347
3,1457,633.6979145283466
3,1458,633.7067893564003
3,1459,633.715662932696
3,1460,633.7245352572335
3,1461,633.7334063300128
3,1462,633.742276151034
3,1463,633.7511447202971
3,1464,633.7600120378021
3,1465,633.7688781035489
3,1466,633.7777429175377
3,1467,633.7866064797682
3,1468,633.7954687902406
3,1469,633.8043298489549
3,1470,633.8131896559112
3,1471,633.8220482111092
3,1472,633.830905514549
3,1473,633.8397615662309
3,1474,633.8486163661545
3,1475,633.8574699143201
3,1476,633.8663222107274
3,1477,633.8751732553767
3,1478,633.8840230482677
3,1479,633.8928715894008
3,1480,633.9017188787756
3,1481,633.9105649163923
3,1482,633.919409702251
3,1483,633.9282532363515
3,1484,633.9370955186937
3,1485,633.9459365492779
3,1486,633.954776328104
3,1487,633.963614855172
3,1488,633.9724521304818
3,1489,633.9812881540335
3,1490,633.9901229258269
3,1491,633.9989564458623
3,1492,634.0077887141396
3,1493,634.0166197306588
3,1494,634.0254494954198
3,1495,634.0342780084227
3,1496,634.0431052696674
3,1497,634.051931279154
3,1498,634.0607560368825
3,1499,634.0695795428528
3,1500,634.0784017970651
3,1501,634.0872227995192
3,1502,634.0960425502151
3,1503,634.104861049153
3,1504,634.1136782963326
3,1505,634.1224942917543
3,1506,634.1313090354176
3,1507,634.140122527323
3,1508,634.1489347674701
3,1509,634.1577457558592
3,1510,634.16655549249
3,1511,634.1753639773628
3,1512,634.1841712104775
3,1513,634.192977191834
3,1514,634.2017819214324
3,1515,634.2105853992726
3,1516,634.2193876253548
3,1517,634.2281885996787
3,1518,634.2369883222445
3,1519,634.2457867930523
3,1520,634.2545840121019
3,1521,634.2633799793933
3,1522,634.2721746949267
3,1523,634.2809681587019
3,1524,634.2897603707189
3,1525,634.2985513309778
3,1526,634.3073410394786
3,1527,634.3161294962213
3,1528,634.3249167012059
3,1529,634.3337026544323
3,1530,634.3424873559005
3,1531,634.3512708056106
3,1532,634.3600530035627
3,1533,634.3688339497565
3,1534,634.3776136441923
3,1535,634.3863920868699
3,1536,634.3951692777894
3,1537,634.4039452169508
3,1538,634.4127199043539
3,1539,634.4214933399991
3,1540,634.430265523886
3,1541,634.4390364560148
3,1542,634.4478061363855
3,1543,634.456574564998
3,1544,634.4653417418525
3,1545,634.4741076669487
3,1546,634.4828723402869
3,1547,634.491635761867
3,1548,634.5003979316889
3,1549,634.5091588497527
3,1550,634.5179185160583
3,1551,634.5266769306058
3,1552,634.5354340933951
3,1553,634.5441900044264
3,1554,634.5529446636995
3,1555,634.5616980712144
3,1556,634.5704502269714
3,1557,634.5792011309701
3,1558,634.5879507832107
3,1559,634.5966991836931
3,1560,634.6054463324174
3,1561,634.6141922293835
3,1562,634.6229368745917
3,1563,634.6316802680416
3,1564,634.6404224097333
3,1565,634.6491632996671
3,1566,634.6579029378426
3,1567,634.66664132426
3,1568,634.6753784589192
3,1569,634.6841143418204
3,1570,634.6928489729634
3,1571,634.7015823523483
3,1572,634.710314479975
3,1573,634.7190453558436
3,1574,634.7277749799541
3,1575,634.7365033523064
3,1576,634.7452304729006
3,1577,634.7539563417367
3,1578,634.7626809588146
3,1579,634.7714043241344
3,1580,634.7801264376961
3,1581,634.7888472994997
3,1582,634.7975669095451
3,1583,634.8062852678324
3,1584,634.8150023743616
3,1585,634.8237182291326
3,1586,634.8324328321455
3,1587,634.8411461834003
3,1588,634.8498582828969
3,1589,634.8585691306354
3,1590,634.8672787266157
3,1591,634.875987070838
3,1592,634.8846941633021
3,1593,634.8934000040081
3,1594,634.902104592956
3,1595,634.9108079301457
3,1596,634.9195100155772
3,1597,634.9282108492507
3,1598,634.936910431166
3,1599,634.9456087613232
3,1600,634.9543058397222
3,1601,634.9630016663632
3,1602,634.9716962412459
3,1603,634.9803895643706
3,1604,634.9890816357371
3,1605,634.9977724553455
3,1606,635.0064620231958
3,1607,635.0151503392879
3,1608,635.0238374036219
3,1609,635.0325232161978
3,1610,635.0412077770155
3,1611,635.0498910860751
3,1612,635.0585731433766
3,1613,635.0672539489199
3,1614,635.0759335027051
3,1615,635.0846118047322
3,1616,635.0932888550011
3,1617,635.1019646535119
3,1618,635.1106392002647
3,1619,635.1193124952592
3,1620,635.1279845384956
3,1621,635.1366553299739
3,1622,635.145324869694
3,1623,635.153993157656
3,1624,635.16266019386
3,1625,635.1713259783057
3,1626,635.1799905109933
3,1627,635.1886537919229
3,1628,635.1973158210942
3,1629,635.2059765985075
3,1630,635.2146361241626
3,1631,635.2232943980596
3,1632,635.2319514201984
3,1633,635.2406071905791
3,1634,635.2492617092016
3,1635,635.2579149760661
3,1636,635.2665669911725
3,1637,635.2752177545206
3,1638,635.2838672661106
3,1639,635.2925155259426
3,1640,635.3011625340164
3,1641,635.309808290332
3,1642,635.3184527948895
3,1643,635.3270960476889
3,1644,635.3357380487301
3,1645,635.3443787980133
3,1646,635.3530182955383
3,1647,635.3616565413051
3,1648,635.3702935353139
3,1649,635.3789292775645
3,1650,635.3875637680569
3,1651,635.3961970067912
3,1652,635.4048289937675
3,1653,635.4134597289856
3,1654,635.4220892124455
3,1655,635.4307174441473
3,1656,635.439344424091
3,1657,635.4479701522765
3,1658,635.4565946287039
3,1659,635.4652178533732
3,1660,635.4738398262843
3,1661,635.4824605474374
3,1662,635.4910800168323
3,1663,635.4996982344691
3,1664,635.5083152003476
3,1665,635.5169309144682
3,1666,635.5255453768305
3,1667,635.5341585874347
3,1668,635.5427705462808
3,1669,635.5513812533687
3,1670,635.5599907086986
3,1671,635.5685989122703
3,1672,635.5772058640839
3,1673,635.5858115641394
3,1674,635.5944160124367
3,1675,635.6030192089759
3,1676,635.6116211537568
3,1677,635.6202218467797
3,1678,635.6288212880445
3,1679,635.6374194775512
3,1680,635.6460164152998
3,1681,635.6546121012901
3,1682,635.6632065355224
3,1683,635.6717997179965
3,1684,635.6803916487124
3,1685,635.6889823276703
3,1686,635.6975717548701
3,1687,635.7061599303116
3,1688,635.714746853995
3,1689,635.7233325259205
3,1690,635.7319169460876
3,1691,635.7405001144967
3,1692,635.7490820311476
3,1693,635.7576626960405
3,1694,635.7662421091751
3,1695,635.7748202705517
3,1696,635.78339718017
3,1697,635.7919728380303
3,1698,635.8005472441325
3,1699,635.8091203984765
3,1700,635.8176923010624
3,1701,635.8262629518902
3,1702,635.8348323509598
3,1703,635.8434004982712
3,1704,635.8519673938246
3,1705,635.8605330376198
3,1706,635.8690974296569
3,1707,635.8776605699359
3,1708,635.8862224584567
3,1709,635.8947830952194
3,1710,635.903342480224
3,1711,635.9119006134704
3,1712,635.9204574949587
3,1713,635.9290131246888
3,1714,635.937567502661
3,1715,635.9461206288748
3,1716,635.9546725033306
3,1717,635.9632231260282
3,1718,635.9717724969678
3,1719,635.9803206161491
3,1720,635.9888674835723
3,1721,635.9974130992375
3,1722,636.0059574631445
3,1723,636.0145005752934
3,1724,636.023042435684
3,1725,636.0315830443167
3,1726,636.0401224011911
3,1727,636.0486605063074
3,1728,636.0571973596656
3,1729,636.0657329612657
3,1730,636.0742673111076
3,1731,636.0828004091915
3,1732,636.091332255517
3,1733,636.0998628500846
3,1734,636.108392192894
3,1735,636.1169202839453
3,1736,636.1254471232385
3,1737,636.1339727107735
3,1738,636.1424970465504
3,1739,636.1510201305691
3,1740,636.1595419628297
3,1741,636.1680625433322
3,1742,636.1765818720766
3,1743,636.1850999490628
3,1744,636.1936167742908
3,1745,636.2021323477608
3,1746,636.2106466694726
3,1747,636.2191597394263
3,1748,636.2276715576219
3,1749,636.2361821240593
4,0,608.1815724575446
4,1,608.1920742245945
4,2,608.2025747777136
4,3,608.2130741169017
4,4,608.2235722421588
4,5,608.2340691534849
4,6,608.2445648508802
4,7,608.2550593343445
4,8,608.2655526038778
4,9,608.2760446594802
4,10,608.2865355011518
4,11,608.2970251288923
4,12,608.3075135427019
4,13,608.3180007425806
4,14,608.3284867285282
4,15,608.338971500545
4,16,608.3494550586308
4,17,608.3599374027857
4,18,608.3704185330096
4,19,608.3808984493027
4,20,608.3913771516646
4,21,608.4018546400957
4,22,608.4123309145959
4,23,608.4228059751651
4,24,608.4332798218034
4,25,608.4437524545107
4,26,608.4542238732871
4,27,608.4646940781325
4,28,608.4751630690471
4,29,608.4856308460306
4,30,608.4960974090832
4,31,608.5065627582048
4,32,608.5170268933956
4,33,608.5274898146554
4,34,608.5379515219843
4,35,608.5484120153822
4,36,608.558871294849
4,37,608.569329360385
4,38,608.5797862119902
4,39,608.5902418496643
4,40,608.6006962734075
4,41,608.6111494832197
4,42,608.621601479101
4,43,608.6320522610513
4,44,608.6425018290707
4,45,608.6529501831592
4,46,608.6633973233168
4,47,608.6738432495433
4,48,608.6842879618389
4,49,608.6947314602036
4,50,608.7051737446374
4,51,608.7156148151402
4,52,608.7260546717121
4,53,608.736493314353
4,54,608.7469307430629
4,55,608.757366957842
4,56,608.76780195869
4,57,608.7782357456072
4,58,608.7886683185934
4,59,608.7990996776487
4,60,608.809529822773
4,61,608.8199587539664
4,62,608.8303864712287
4,63,608.8408129745602
4,64,608.8512382639608
4,65,608.8616623394304
4,66,608.8720852009691
4,67,608.8825068485768
4,68,608.8929272822535
4,69,608.9033465019994
4,70,608.9137645078142
4,71,608.9241812996981
4,72,608.9345968776512
4,73,608.9450112416732
4,74,608.9554243917644
4,75,608.9658363279245
4,76,608.9762470501537
4,77,608.9866565584521
4,78,608.9970648528193
4,79,609.0074719332557
4,80,609.0178777997612
4,81,609.0282824523357
4,82,609.0386858909793
4,83,609.0490881156919
4,84,609.0594891264735
4,85,609.0698889233244
4,86,609.0802875062441
4,87,609.0906848752329
4,88,609.1010810302909
4,89,609.1114759714178
4,90,609.1218696986139
4,91,609.1322622118789
4,92,609.1426535112131
4,93,609.1530435966163
4,94,609.1634324680884
4,95,609.1738201256297
4,96,609.1842065692401
4,97,609.1945917989195
4,98,609.204975814668
4,99,609.2153586164856
4,100,609.2257402043722
4,101,609.2361205783278
4,102,609.2464997383524
4,103,609.2568776844463
4,104,609.267254416609
4,105,609.2776299348409
4,106,609.2880042391419
4,107,609.2983773295118
4,108,609.3087492059509
4,109,609.319119868459
4,110,609.3294893170362
4,111,609.3398575516824
4,112,609.3502245723977
4,113,609.360590379182
4,114,609.3709549720353
4,115,609.3813183509577
4,116,609.3916805159492
4,117,609.4020414670098
4,118,609.4124012041394
4,119,609.4227597273381
4,120,609.4331170366058
4,121,609.4434731319426
4,122,609.4538280133485
4,123,609.4641816808233
4,124,609.4745341343673
4,125,609.4848853739803
4,126,609.4952353996623
4,127,609.5055842114135
4,128,609.5159318092336
4,129,609.5262781931228
4,130,609.5366233630812
4,131,609.5469673191085
4,132,609.5573100612049
4,133,609.5676515893704
4,134,609.5779919036049
4,135,609.5883310039085
4,136,609.5986688902811
4,137,609.6090055627228
4,138,609.6193410212336
4,139,609.6296752658134
4,140,609.6400082964622
4,141,609.6503401131802
4,142,609.6606707159671
4,143,609.6710001048231
4,144,609.6813282797482
4,145,609.6916552407423
4,146,609.7019809878055
4,147,609.7123055209378
4,148,609.7226288401391
4,149,609.7329509454095
4,150,609.7432718367489
4,151,609.7535915141574
4,152,609.763909977635
4,153,609.7742272271815
4,154,609.7845432627972
4,155,609.7948580844819
4,156,609.8051716922357
4,157,609.8154840860585
4,158,609.8257952659503
4,159,609.8361052319113
4,160,609.8464139839413
4,161,609.8567215220404
4,162,609.8670278462084
4,163,609.8773329564457
4,164,609.8876368527518
4,165,609.8979395351271
4,166,609.9082410035714
4,167,609.9185412580848
4,168,609.9288402986673
4,169,609.9391381253188
4,170,609.9494347380394
4,171,609.959730136829
4,172,609.9700243216877
4,173,609.9803172926154
4,174,609.9906090496122
4,175,610.000899592678
4,176,610.011188921813
4,177,610.0214770370169
4,178,610.0317639382899
4,179,610.042049625632
4,180,610.0523340990432
4,181,610.0626173585233
4,182,610.0728994040726
4,183,610.0831802356909
4,184,610.0934598533782
4,185,610.1037382571346
4,186,610.1140154469601
4,187,610.1242914228546
4,188,610.1345661848183
4,189,610.1448397328509
4,190,610.1551120669526
4,191,610.1653831871233
4,192,610.1756530933632
4,193,610.185921785672
4,194,610.19618926405
4,195,610.2064555284969
4,196,610.216720579013
4,197,610.226984415598
4,198,610.2372470382522
4,199,610.2475084469754
4,200,610.2577686417677
4,201,610.268027622629
4,202,610.2782853895594
4,203,610.2885419425588
4,204,610.2987972816273
4,205,610.3090514067649
4,206,610.3193043179715
4,207,610.3295560152471
4,208,610.3398064985919
4,209,610.3500557680056
4,210,610.3603038234885
4,211,610.3705506650404
4,212,610.3807962926613
4,213,610.3910407063513
4,214,610.4012839061104
4,215,610.4115258919385
4,216,610.4217666638357
4,217,610.4320062218019
4,218,610.4422445658372
4,219,610.4524816959415
4,220,610.462717612115
4,221,610.4729523143574
4,222,610.4831858026689
4,223,610.4934180770495
4,224,610.5036491374991
4,225,610.5138789840178
4,226,610.5241076166055
4,227,610.5343350352623
4,228,610.5445612399882
4,229,610.5547862307831
4,230,610.5650100076471
4,231,610.57523257058
4,232,610.5854539195822
4,233,610.5956740546533
4,234,610.6058929757935
4,235,610.6161106830027
4,236,610.626327176281
4,237,610.6365424556285
4,238,610.6467565210448
4,239,610.6569693725304
4,240,610.6671810100848
4,241,610.6773914337085
4,242,610.6876006434012
4,243,610.6978086391629
4,244,610.7080154209937
4,245,610.7182209888934
4,246,610.7284253428624
4,247,610.7386284829003
4,248,610.7488304090073
4,249,610.7590311211833
4,250,610.7692306194284
4,251,610.7794289037425
4,252,610.7896259741258
4,253,610.799821830578
4,254,610.8100164730994
4,255,610.8202099016897
4,256,610.8304021163492
4,257,610.8405931170778
4,258,610.8507829038753
4,259,610.860971476742
4,260,610.8711588356775
4,261,610.8813449806823
4,262,610.8915299117562
4,263,610.901713628899
4,264,610.9118961321109
4,265,610.9220774213918
4,266,610.9322574967418
4,267,610.9424363581609
4,268,610.952614005649
4,269,610.9627904392062
4,270,610.9729656588324
4,271,610.9831396645277
4,272,610.9933124562921
4,273,611.0034840341256
4,274,611.0136543980279
4,275,611.0238235479995
4,276,611.0339914840401
4,277,611.0441582061497
4,278,611.0543237143285
4,279,611.0644880085762
4,280,611.074651088893
4,281,611.0848129552788
4,282,611.0949736077338
4,283,611.1051330462577
4,284,611.1152912708508
4,285,611.125448281513
4,286,611.135604078244
4,287,611.1457586610443
4,288,611.1559120299136
4,289,611.1660641848518
4,290,611.1762151258592
4,291,611.1863648529356
4,292,611.1965133660811
4,293,611.2066606652957
4,294,611.2168067505793
4,295,611.226951621932
4,296,611.2370952793536
4,297,611.2472377228445
4,298,611.2573789524043
4,299,611.2675189680332
4,300,611.2776577697311
4,301,611.2877953574981
4,302,611.2979317313342
4,303,611.3080668912393
4,304,611.3182008372135
4,305,611.3283335692568
4,306,611.338465087369
4,307,611.3485953915504
4,308,611.3587244818008
4,309,611.3688523581202
4,310,611.3789790205087
4,311,611.3891044689663
4,312,611.3992287034929
4,313,611.4093517240885
4,314,611.4194735307533
4,315,611.4295941234872
4,316,611.43971350229
4,317,611.4498316671619
4,318,611.4599486181029
4,319,611.4700643551129
4,320,611.480178878192
4,321,611.4902921873401
4,322,611.5004042825573
4,323,611.5105151638436
4,324,611.5206248311989
4,325,611.5307332846232
4,326,611.5408405241167
4,327,611.5509465496791
4,328,611.5610513613107
4,329,611.5711549590112
4,330,611.5812573427809
4,331,611.5913585126196
4,332,611.6014584685274
4,333,611.6115572105042
4,334,611.6216547385501
4,335,611.631751052665
4,336,611.641846152849
4,337,611.6519400391021
4,338,611.6620327114241
4,339,611.6721241698153
4,340,611.6822144142756
4,341,611.6923034448048
4,342,611.7023912614031
4,343,611.7124778640705
4,344,611.7225632528069
4,345,611.7326474276125
4,346,611.7427303884871
4,347,611.7528121354306
4,348,611.7628926684433
4,349,611.772971987525
4,350,611.7830500926758
4,351,611.7931269838957
4,352,611.8032026611846
4,353,611.8132771245425
4,354,611.8233503739696
4,355,611.8334224094656
4,356,611.8434932310307
4,357,611.853562838665
4,358,611.8636312323681
4,359,611.8736984121405
4,360,611.8837643779818
4,361,611.8938291298922
4,362,611.9038926678717
4,363,611.9139549919203
4,364,611.9240161020377
4,365,611.9340759982244
4,366,611.9441346804801
4,367,611.9541921488049
4,368,611.9642484031987
4,369,611.9743034436616
4,370,611.9843572701934
4,371,611.9944098827945
4,372,612.0044612814645
4,373,612.0145114662035
4,374,612.0245604370117
4,375,612.034608193889
4,376,612.0446547368352
4,377,612.0547000658505
4,378,612.0647441809349
4,379,612.0747870820883
4,380,612.0848287693108
4,381,612.0948692426024
4,382,612.104908501963
4,383,612.1149465473926
4,384,612.1249833788913
4,385,612.135018996459
4,386,612.1450534000959
4,387,612.1550865898018
4,388,612.1651185655768
4,389,612.1751493274207
4,390,612.1851788753338
4,391,612.195207209316
4,392,612.2052343293672
4,393,612.2152602354873
4,394,612.2252849276766
4,395,612.2353084059349
4,396,612.2453306702623
4,397,612.2553517206588
4,398,612.2653715571244
4,399,612.2753901796589
4,400,612.2854075882625
4,401,612.2954237829352
4,402,612.305438763677
4,403,612.3154525304877
4,404,612.3254650833676
4,405,612.3354764223166
4,406,612.3454865473344
4,407,612.3554954584215
4,408,612.3655031555776
4,409,612.3755096388027
4,410,612.3855149080969
4,411,612.3955189634602
4,412,612.4055218048925
4,413,612.4155234323938
4,414,612.4255238459642
4,415,612.4355230456038
4,416,612.4455210313123
4,417,612.4555178030898
4,418,612.4655133609365
4,419,612.4755077048522
4,420,612.485500834837
4,421,612.4954927508908
4,422,612.5054834530137
4,423,612.5154729412055
4,424,612.5254612154665
4,425,612.5354482757966
4,426,612.5454341221957
4,427,612.5554187546638
4,428,612.565402173201
4,429,612.5753843778074
4,430,612.5853653684827
4,431,612.595345145227
4,432,612.6053237080405
4,433,612.615301056923
4,434,612.6252771918746
4,435,612.6352521128952
4,436,612.6452258199848
4,437,612.6551983131436
4,438,612.6651695923714
4,439,612.6751396576682
4,440,612.6851085090341
4,441,612.6950761464691
4,442,612.7050425699731
4,443,612.7150077795461
4,444,612.7249717751882
4,445,612.7349345568995
4,446,612.7448961246797
4,447,612.754856478529
4,448,612.7648156184473
4,449,612.7747735444348
4,450,612.7847302564912
4,451,612.7946857546167
4,452,612.8046400388113
4,453,612.814593109075
4,454,612.8245449654077
4,455,612.8344956078093
4,456,612.8444450362801
4,457,612.8543932508201
4,458,612.864340251429
4,459,612.8742860381069
4,460,612.8842306108539
4,461,612.8941739696701
4,462,612.9041161145552
4,463,612.9140570455094
4,464,612.9239967625326
4,465,612.933935265625
4,466,612.9438725547864
4,467,612.9538086300169
4,468,612.9637434913163
4,469,612.9736771386848
4,470,612.9836095721224
4,471,612.9935407916291
4,472,613.0034707972048
4,473,613.0133995888496
4,474,613.0233271665634
4,475,613.0332535303463
4,476,613.0431786801983
4,477,613.0531026161192
4,478,613.0630253381092
4,479,613.0729468461684
4,480,613.0828671402966
4,481,613.0927862204937
4,482,613.1027040867601
4,483,613.1126207390954
4,484,613.1225361774998
4,485,613.1324504019733
4,486,613.1423634125158
4,487,613.1522752091273
4,488,613.1621857918079
4,489,613.1720951605577
4,490,613.1820033153764
4,491,613.1919102562641
4,492,613.201815983221
4,493,613.2117204962469
4,494,613.2216237953419
4,495,613.231525880506
4,496,613.241426751739
4,497,613.2513264090411
4,498,613.2612248524123
4,499,613.2711220818526
4,500,613.2810180973619
4,501,613.2909128989402
4,502,613.3008064865877
4,503,613.3106988603041
4,504,613.3205900200896
4,505,613.3304799659443
4,506,613.3403686978679
4,507,613.3502562158606
4,508,613.3601425199223
4,509,613.3700276100532
4,510,613.379911486253
4,511,613.389794148522
4,512,613.39967559686
4,513,613.409555831267
4,514,613.4194348517431
4,515,613.4293126582883
4,516,613.4391892509025
4,517,613.4490646295858
4,518,613.4589387943381
4,519,613.4688117451594
4,520,613.4786834820499
4,521,613.4885540050094
4,522,613.498423314038
4,523,613.5082914091356
4,524,613.5181582903023
4,525,613.5280239575379
4,526,613.5378884108427
4,527,613.5477516502166
4,528,613.5576136756595
4,529,613.5674744871715
4,530,613.5773340847525
4,531,613.5871924684025
4,532,613.5970496381216
4,533,613.6069055939098
4,534,613.616760335767
4,535,613.6266138636934
4,536,613.6364661776887
4,537,613.646317277753
4,538,613.6561671638865
4,539,613.6660158360891
4,540,613.6758632943606
4,541,613.6857095387013
4,542,613.695554569111
4,543,613.7053983855897
4,544,613.7152409881375
4,545,613.7250823767544
4,546,613.7349225514403
4,547,613.7447615121953
4,548,613.7545992590193
4,549,613.7644357919124
4,550,613.7742711108746
4,551,613.7841052159057
4,552,613.7939381070059
4,553,613.8037697841753
4,554,613.8136002474137
4,555,613.8234294967211
4,556,613.8332575320976
4,557,613.8430843535431
4,558,613.8529099610578
4,559,613.8627343546414
4,560,613.8725575342941
4,561,613.8823795000159
4,562,613.8922002518067
4,563,613.9020197896666
4,564,613.9118381135955
4,565,613.9216552235935
4,566,613.9314711196605
4,567,613.9412858017967
4,568,613.9510992700018
4,569,613.9609115242761
4,570,613.9707225646193
4,571,613.9805323910317
4,572,613.9903410035131
4,573,614.0001484020635
4,574,614.0099545866831
4,575,614.0197595573716
4,576,614.0295633141292
4,577,614.0393658569559
4,578,614.0491671858516
4,579,614.0589673008164
4,580,614.0687662018503
4,581,614.0785638889531
4,582,614.0883603621252
4,583,614.0981556213661
4,584,614.1079496666762
4,585,614.1177424980553
4,586,614.1275341155035
4,587,614.1373245190208
4,588,614.1471137086071
4,589,614.1569016842625
4,590,614.1666884459869
4,591,614.1764739937803
4,592,614.1862583276429
4,593,614.1960414475744
4,594,614.205823353575
4,595,614.2156040456448
4,596,614.2253835237835
4,597,614.2351617879914
4,598,614.2449388382682
4,599,614.2547146746142
4,600,614.2644892970292
4,601,614.2742627055133
4,602,614.2840349000663
4,603,614.2938058806884
4,604,614.3035756473797
4,605,614.3133442001399
4,606,614.3231115389692
4,607,614.3328776638676
4,608,614.342642574835
4,609,614.3524062718716
4,610,614.3621687549771
4,611,614.3719300241518
4,612,614.3816900793954
4,613,614.3914489207082
4,614,614.4012065480899
4,615,614.4109629615407
4,616,614.4207181610607
4,617,614.4304721466495
4,618,614.4402249183075
4,619,614.4499764760346
4,620,614.4597268198307
4,621,614.469475949696
4,622,614.4792238656302
4,623,614.4889705676335
4,624,614.4987160557058
4,625,614.5084603298473
4,626,614.5182033900577
4,627,614.5279452363372
4,628,614.5376858686858
4,629,614.5474252871034
4,630,614.5571634915901
4,631,614.5669004821458
4,632,614.5766362587707
4,633,614.5863708214645
4,634,614.5961041702274
4,635,614.6058363050594
4,636,614.6155672259604
4,637,614.6252969329305
4,638,614.6350254259696
4,639,614.6447527050778
4,640,614.6544787702551
4,641,614.6642036215014
4,642,614.6739272588168
4,643,614.6836496822012
4,644,614.6933708916547
4,645,614.7030908871773
4,646,614.7128096687688
4,647,614.7225272364295
4,648,614.7322435901592
4,649,614.7419587299579
4,650,614.7516726558258
4,651,614.7613853677626
4,652,614.7710968657686
4,653,614.7808071498436
4,654,614.7905162199877
4,655,614.8002240762007
4,656,614.8099307184829
4,657,614.8196361468341
4,658,614.8293403612544
4,659,614.8390433617437
4,660,614.8487451483021
4,661,614.8584457209296
4,662,614.8681450796261
4,663,614.8778432243917
4,664,614.8875401552262
4,665,614.89723587213
4,666,614.9069303751027
4,667,614.9166236641445
4,668,614.9263157392553
4,669,614.9360066004352
4,670,614.9456962476842
4,671,614.9553846810022
4,672,614.9650719003893
4,673,614.9747579058454
4,674,614.9844426973706
4,675,614.9941262749649
4,676,615.0038086386281
4,677,615.0134897883605
4,678,615.0231697241619
4,679,615.0328484460324
4,680,615.0425259539719
4,681,615.0522022479805
4,682,615.0618773280581
4,683,615.0715511942049
4,684,615.0812238464206
4,685,615.0908952847054
4,686,615.1005655090593
4,687,615.1102345194822
4,688,615.1199023159742
4,689,615.1295688985352
4,690,615.1392342671653
4,691,615.1488984218645
4,692,615.1585613626327
4,693,615.16822308947
4,694,615.1778836023763
4,695,615.1875429013517
4,696,615.1972009863961
4,697,615.2068578575096
4,698,615.2165135146921
4,699,615.2261679579437
4,700,615.2358211872644
4,701,615.2454732026541
4,702,615.2551240041129
4,703,615.2647735916407
4,704,615.2744219652376
4,705,615.2840691249036
4,706,615.2937150706385
4,707,615.3033598024426
4,708,615.3130033203157
4,709,615.3226456242579
4,710,615.3322867142691
4,711,615.3419265903494
4,712,615.3515652524987
4,713,615.3612027007172
4,714,615.3708389350046
4,715,615.3804739553611
4,716,615.3901077617867
4,717,615.3997403542813
4,718,615.4093717328451
4,719,615.4190018974778
4,720,615.4286308481796
4,721,615.4382585849504
4,722,615.4478851077904
4,723,615.4575104166993
4,724,615.4671345116774
4,725,615.4767573927245
4,726,615.4863790598406
4,727,615.4959995130258
4,728,615.50561875228
4,729,615.5152367776034
4,730,615.5248535889957
4,731,615.5344691864572
4,732,615.5440835699876
4,733,615.5536967395872
4,734,615.5633086952557
4,735,615.5729194369934
4,736,615.5825289648001
4,737,615.5921372786759
4,738,615.6017443786207
4,739,615.6113502646346
4,740,615.6209549367175
4,741,615.6305583948695
4,742,615.6401606390906
4,743,615.6497616693806
4,744,615.6593614857399
4,745,615.668960088168
4,746,615.6785574766653
4,747,615.6881536512317
4,748,615.697748611867
4,749,615.7073423585715
4,750,615.716934891345
4,751,615.7265262101876
4,752,615.7361163150991
4,753,615.7457052060798
4,754,615.7552928831295
4,755,615.7648793462483
4,756,615.7744645954361
4,757,615.7840486306931
4,758,615.7936314520191
4,759,615.803213059414
4,760,615.8127934528782
4,761,615.8223726324113
4,762,615.8319505980135
4,763,615.8415273496847
4,764,615.851102887425
4,765,615.8606772112344
4,766,615.8702503211127
4,767,615.8798222170602
4,768,615.8893928990767
4,769,615.8989623671623
4,770,615.908530621317
4,771,615.9180976615406
4,772,615.9276634878335
4,773,615.9372281001953
4,774,615.9467914986261
4,775,615.956353683126
4,776,615.965914653695
4,777,615.975474410333
4,778,615.9850329530401
4,779,615.9945902818163
4,780,616.0041463966614
4,781,616.0137012975757
4,782,616.0232549845591
4,783,616.0328074576114
4,784,616.0423587167329
4,785,616.0519087619234
4,786,616.0614575931829
4,787,616.0710052105115
4,788,616.0805516139092
4,789,616.0900968033759
4,790,616.0996407789116
4,791,616.1091835405165
4,792,616.1187250881904
4,793,616.1282654219334
4,794,616.1378045417454
4,795,616.1473424476264
4,796,616.1568791395765
4,797,616.1664146175957
4,798,616.1759488816839
4,799,616.1854819318412
4,800,616.1950137680676
4,801,616.2045443903629
4,802,616.2140737987274
4,803,616.223601993161
4,804,616.2331289736635
4,805,616.2426547402351
4,806,616.2521792928758
4,807,616.2617026315855
4,808,616.2712247563644
4,809,616.2807456672122
4,810,616.2902653641291
4,811,616.2997838471151
4,812,616.3093011161701
4,813,616.3188171712942
4,814,616.3283320124873
4,815,616.3378456397495
4,816,616.3473580530808
4,817,616.356869252481
4,818,616.3663792379505
4,819,616.3758880094889
4,820,616.3853955670963
4,821,616.3949019107729
4,822,616.4044070405184
4,823,616.4139109563331
4,824,616.4234136582169
4,825,616.4329151461696
4,826,616.4424154201914
4,827,616.4519144802823
4,828,616.4614123264422
4,829,616.4709089586712
4,830,616.4804043769693
4,831,616.4898985813363
4,832,616.4993915717725
4,833,616.5088833482778
4,834,616.518373910852
4,835,616.5278632594953
4,836,616.5373513942077
4,837,616.5468383149891
4,838,616.5563240218397
4,839,616.5658085147593
4,840,616.5752917937479
4,841,616.5847738588055
4,842,616.5942547099322
4,843,616.603734347128
4,844,616.6132127703929
4,845,616.6226899797268
4,846,616.6321659751297
4,847,616.6416407566018
4,848,616.6511143241428
4,849,616.6605866777529
4,850,616.6700578174322
4,851,616.6795277431804
4,852,616.6889964549977
4,853,616.698463952884
4,854,616.7079302368394
4,855,616.7173953068639
4,856,616.7268591629575
4,857,616.73632180512
4,858,616.7457832333516
4,859,616.7552434476523
4,860,616.764702448022
4,861,616.7741602344609
4,862,616.7836168069688
4,863,616.7930721655457
4,864,616.8025263101916
4,865,616.8119792409067
4,866,616.8214309576907
4,867,616.8308814605439
4,868,616.8403307494661
4,869,616.8497788244574
4,870,616.8592256855177
4,871,616.8686713326471
4,872,616.8781157658456
4,873,616.8875589851131
4,874,616.8970009904496
4,875,616.9064417818552
4,876,616.9158813593298
4,877,616.9253197228735
4,878,616.9347568724863
4,879,616.9441928081682
4,880,616.953627529919
4,881,616.963061037739
4,882,616.972493331628
4,883,616.981924411586
4,884,616.9913542776131
4,885,617.0007829297093
4,886,617.0102103678745
4,887,617.0196365921088
4,888,617.0290616024122
4,889,617.0384853987846
4,890,617.047907981226
4,891,617.0573293497365
4,892,617.0667495043161
4,893,617.0761684449648
4,894,617.0855861716824
4,895,617.0950026844691
4,896,617.1044179833249
4,897,617.1138320682497
4,898,617.1232449392437
4,899,617.1326565963067
4,900,617.1420670394386
4,901,617.1514762686397
4,902,617.1608842839099
4,903,617.1702910852491
4,904,617.1796966726573
4,905,617.1891010461346
4,906,617.198504205681
4,907,617.2079061512965
4,908,617.2173068829809
4,909,617.2267064007344
4,910,617.2361047045571
4,911,617.2455017944487
4,912,617.2548976704094
4,913,617.2642923324391
4,914,617.2736857805379
4,915,617.2830780147058
4,916,617.2924690349428
4,917,617.3018588412488
4,918,617.3112474336237
4,919,617.3206348120679
4,920,617.3300209765811
4,921,617.3394059271633
4,922,617.3487896638145
4,923,617.3581721865348
4,924,617.3675534953243
4,925,617.3769335901827
4,926,617.3863124711102
4,927,617.3956901381067
4,928,617.4050665911724
4,929,617.414441830307
4,930,617.4238158555107
4,931,617.4331886667835
4,932,617.4425602641254
4,933,617.4519306475363
4,934,617.4612998170162
4,935,617.4706677725652
4,936,617.4800345141833
4,937,617.4894000418705
4,938,617.4987643556266
4,939,617.5081274554518
4,940,617.5174893413462
4,941,617.5268500133095
4,942,617.5362094713419
4,943,617.5455677154433
4,944,617.5549247456139
4,945,617.5642805618535
4,946,617.573635164162
4,947,617.5829885525397
4,948,617.5923407269865
4,949,617.6016916875024
4,950,617.6110414340873
4,951,617.6203899667412
4,952,617.6297372854641
4,953,617.6390833902561
4,954,617.6484282811173
4,955,617.6577719580474
4,956,617.6671144210466
4,957,617.6764556701148
4,958,617.6857957052522
4,959,617.6951345264586
4,960,617.7044721337339
4,961,617.7138085270784
4,962,617.723143706492
4,963,617.7324776719746
4,964,617.7418104235262
4,965,617.7511419611469
4,966,617.7604722848367
4,967,617.7698013945956
4,968,617.7791292904235
4,969,617.7884559723204
4,970,617.7977814402864
4,971,617.8071056943214
4,972,617.8164287344256
4,973,617.8257505605987
4,974,617.8350711728409
4,975,617.8443905711522
4,976,617.8537087555326
4,977,617.863025725982
4,978,617.8723414825004
4,979,617.881656025088
4,980,617.8909693537445
4,981,617.9002814684701
4,982,617.9095923692648
4,983,617.9189020561286
4,984,617.9282105290613
4,985,617.9375177880631
4,986,617.9468238331341
4,987,617.956128664274
4,988,617.9654322814831
4,989,617.9747346847612
4,990,617.9840358741083
4,991,617.9933358495244
4,992,618.0026346110097
4,993,618.011932158564
4,994,618.0212284921873
4,995,618.0305236118797
4,996,618.0398175176413
4,997,618.0491102094718
4,998,618.0584016873714
4,999,618.0676919513401
4,1000,618.0769810013777
4,1001,618.0862688374845
4,1002,618.0955554596603
4,1003,618.1048408679052
4,1004,618.1141250622192
4,1005,618.1234080426021
4,1006,618.1326898090541
4,1007,618.1419703615752
4,1008,618.1512497001654
4,1009,618.1605278248246
4,1010,618.1698047355529
4,1011,618.1790804323502
4,1012,618.1883549152166
4,1013,618.197628184152
4,1014,618.2069002391565
4,1015,618.2161710802301
4,1016,618.2254407073727
4,1017,618.2347091205844
4,1018,618.243976319865
4,1019,618.2532423052148
4,1020,618.2625070766337
4,1021,618.2717706341216
4,1022,618.2810329776786
4,1023,618.2902941073046
4,1024,618.2995540229996
4,1025,618.3088127247637
4,1026,618.3180702125969
4,1027,618.3273264864991
4,1028,618.3365815464705
4,1029,618.3458353925108
4,1030,618.3550880246202
4,1031,618.3643394427987
4,1032,618.3735896470462
4,1033,618.3828386373627
4,1034,618.3920864137484
4,1035,618.4013329762031
4,1036,618.4105783247269
4,1037,618.4198224593197
4,1038,618.4290653799815
4,1039,618.4383070867124
4,1040,618.4475475795124
4,1041,618.4567868583814
4,1042,618.4660249233195
4,1043,618.4752617743267
4,1044,618.4844974114028
4,1045,618.4937318345482
4,1046,618.5029650437624
4,1047,618.5121970390458
4,1048,618.5214278203982
4,1049,618.5306573878197
4,1050,618.5398857413103
4,1051,618.5491128808699
4,1052,618.5583388064985
4,1053,618.5675635181963
4,1054,618.576787015963
4,1055,618.5860092997988
4,1056,618.5952303697037
4,1057,618.6044502256776
4,1058,618.6136688677207
4,1059,618.6228862958327
4,1060,618.6321025100137
4,1061,618.641317510264
4,1062,618.6505312965832
4,1063,618.6597438689714
4,1064,618.6689552274288
4,1065,618.6781653719552
4,1066,618.6873743025507
4,1067,618.6965820192152
4,1068,618.7057885219488
4,1069,618.7149938107514
4,1070,618.724197885623
4,1071,618.7334007465637
4,1072,618.7426023935735
4,1073,618.7518028266524
4,1074,618.7610020458003
4,1075,618.7702000510172
4,1076,618.7793968423033
4,1077,618.7885924196584
4,1078,618.7977867830825
4,1079,618.8069799325757
4,1080,618.8161718681379
4,1081,618.8253625897692
4,1082,618.8345520974696
4,1083,618.843740391239
4,1084,618.8529274710775
4,1085,618.862113336985
4,1086,618.8712979889616
4,1087,618.8804814270072
4,1088,618.889663651122
4,1089,618.8988446613057
4,1090,618.9080244575584
4,1091,618.9172030398804
4,1092,618.9263804082713
4,1093,618.9355565627312
4,1094,618.9447315032603
4,1095,618.9539052298584
4,1096,618.9630777425256
4,1097,618.9722490412618
4,1098,618.9814191260671
4,1099,618.9905879969414
4,1100,618.9997556538848
4,1101,619.0089220968972
4,1102,619.0180873259786
4,1103,619.0272513411293
4,1104,619.0364141423488
4,1105,619.0455757296374
4,1106,619.0547361029952
4,1107,619.063895262422
4,1108,619.0730532079178
4,1109,619.0822099394827
4,1110,619.0913654571167
4,1111,619.1005197608197
4,1112,619.1096728505918
4,1113,619.1188247264329
4,1114,619.1279753883431
4,1115,619.1371248363223
4,1116,619.1462730703706
4,1117,619.155420090488
4,1118,619.1645658966743
4,1119,619.1737104889298
4,1120,619.1828538672543
4,1121,619.1919960316478
4,1122,619.2011369821105
4,1123,619.2102767186421
4,1124,619.2194152412429
4,1125,619.2285525499127
4,1126,619.2376886446516
4,1127,619.2468235254595
4,1128,619.2559571923365
4,1129,619.2650896452825
4,1130,619.2742208842976
4,1131,619.2833509093817
4,1132,619.292479720535
4,1133,619.3016073177572
4,1134,619.3107337010485
4,1135,619.3198588704089
4,1136,619.3289828258382
4,1137,619.3381055673368
4,1138,619.3472270949043
4,1139,619.356347408541
4,1140,619.3654665082465
4,1141,619.3745843940213
4,1142,619.383701065865
4,1143,619.3928165237778
4,1144,619.4019307677597
4,1145,619.4110437978106
4,1146,619.4201556139307
4,1147,619.4292662161197
4,1148,619.4383756043778
4,1149,619.447483778705
4,1150,619.4565907391012
4,1151,619.4656964855665
4,1152,619.4748010181008
4,1153,619.4839043367042
4,1154,619.4930064413767
4,1155,619.5021073321182
4,1156,619.5112070089287
4,1157,619.5203054718083
4,1158,619.529402720757
4,1159,619.5384987557748
4,1160,619.5475935768616
4,1161,619.5566871840174
4,1162,619.5657795772423
4,1163,619.5748707565363
4,1164,619.5839607218993
4,1165,619.5930494733313
4,1166,619.6021370108325
4,1167,619.6112233344027
4,1168,619.6203084440419
4,1169,619.6293923397502
4,1170,619.6384750215276
4,1171,619.647556489374
4,1172,619.6566367432895
4,1173,619.665715783274
4,1174,619.6747936093276
4,1175,619.6838702214502
4,1176,619.6929456196419
4,1177,619.7020198039027
4,1178,619.7110927742325
4,1179,619.7201645306313
4,1180,619.7292350730993
4,1181,619.7383044016362
4,1182,619.7473725162423
4,1183,619.7564394169174
4,1184,619.7655051036616
4,1185,619.7745695764747
4,1186,619.783632835357
4,1187,619.7926948803083
4,1188,619.8017557113287
4,1189,619.8108153284181
4,1190,619.8198737315766
4,1191,619.8289309208042
4,1192,619.8379868961008
4,1193,619.8470416574664
4,1194,619.8560952049012
4,1195,619.8651475384049
4,1196,619.8741986579778
4,1197,619.8832485636196
4,1198,619.8922972553306
4,1199,619.9013447331106
4,1200,619.9103909969597
4,1201,619.9194360468778
4,1202,619.928479882865
4,1203,619.9375225049212
4,1204,619.9465639130465
4,1205,619.9556041072408
4,1206,619.9646430875042
4,1207,619.9736808538368
4,1208,619.9827174062382
4,1209,619.9917527447088
4,1210,620.0007868692484
4,1211,620.0098197798571
4,1212,620.0188514765348
4,1213,620.0278819592817
4,1214,620.0369112280976
4,1215,620.0459392829824
4,1216,620.0549661239364
4,1217,620.0639917509594
4,1218,620.0730161640515
4,1219,620.0820393632126
4,1220,620.0910613484428
4,1221,620.1000821197421
4,1222,620.1091016771104
4,1223,620.1181200205477
4,1224,620.1271371500542
4,1225,620.1361530656296
4,1226,620.1451677672742
4,1227,620.1541812549877
4,1228,620.1631935287704
4,1229,620.1722045886222
4,1230,620.1812144345429
4,1231,620.1902230665328
4,1232,620.1992304845916
4,1233,620.2082366887196
4,1234,620.2172416789166
4,1235,620.2262454551826
4,1236,620.2352480175177
4,1237,620.2442493659219
4,1238,620.2532495003951
4,1239,620.2622484209373
4,1240,620.2712461275487
4,1241,620.280242620229
4,1242,620.2892378989785
4,1243,620.298231963797
4,1244,620.3072248146846
4,1245,620.3162164516413
4,1246,620.3252068746668
4,1247,620.3341960837616
4,1248,620.3431840789254
4,1249,620.3521708601583
4,1250,620.3611564274602
4,1251,620.3701407808311
4,1252,620.3791239202711
4,1253,620.3881058457802
4,1254,620.3970865573583
4,1255,620.4060660550055
4,1256,620.4150443387217
4,1257,620.4240214085071
4,1258,620.4329972643613
4,1259,620.4419719062848
4,1260,620.4509453342773
4,1261,620.4599175483388
4,1262,620.4688885484694
4,1263,620.477858334669
4,1264,620.4868269069377
4,1265,620.4957942652754
4,1266,620.5047604096823
4,1267,620.5137253401581
4,1268,620.522689056703
4,1269,620.5316515593171
4,1270,620.540612848
4,1271,620.5495729227522
4,1272,620.5585317835734
4,1273,620.5674894304635
4,1274,620.5764458634228
4,1275,620.5854010824511
4,1276,620.5943550875485
4,1277,620.6033078787149
4,1278,620.6122594559504
4,1279,620.621209819255
4,1280,620.6301589686286
4,1281,620.6391069040712
4,1282,620.648053625583
4,1283,620.6569991331637
4,1284,620.6659434268136
4,1285,620.6748865065324
4,1286,620.6838283723204
4,1287,620.6927690241774
4,1288,620.7017084621034
4,1289,620.7106466860986
4,1290,620.7195836961628
4,1291,620.728519492296
4,1292,620.7374540744983
4,1293,620.7463874427696
4,1294,620.75531959711
4,1295,620.7642505375194
4,1296,620.7731802639979
4,1297,620.7821087765456
4,1298,620.7910360751622
4,1299,620.7999621598478
4,1300,620.8088870306026
4,1301,620.8178106874263
4,1302,620.8267331303192
4,1303,620.8356543592812
4,1304,620.8445743743121
4,1305,620.8534931754122
4,1306,620.8624107625812
4,1307,620.8713271358193
4,1308,620.8802422951265
4,1309,620.8891562405028
4,1310,620.8980689719481
4,1311,620.9069804894625
4,1312,620.915890793046
4,1313,620.9247998826984
4,1314,620.9337077584199
4,1315,620.9426144202105
4,1316,620.9515198680701
4,1317,620.9604241019988
4,1318,620.9693271219966
4,1319,620.9782289280635
4,1320,620.9871295201993
4,1321,620.9960288984042
4,1322,621.0049270626782
4,1323,621.0138240130212
4,1324,621.0227197494333
4,1325,621.0316142719146
4,1326,621.0405075804648
4,1327,621.049399675084
4,1328,621.0582905557724
4,1329,621.0671802225297
4,1330,621.0760686753562
4,1331,621.0849559142517
4,1332,621.0938419392163
4,1333,621.1027267502499
4,1334,621.1116103473526
4,1335,621.1204927305242
4,1336,621.129373899765
4,1337,621.1382538550749
4,1338,621.1471325964538
4,1339,621.1560101239018
4,1340,621.1648864374188
4,1341,621.1737615370048
4,1342,621.1826354226599
4,1343,621.1915080943842
4,1344,621.2003795521774
4,1345,621.2092497960397
4,1346,621.218118825971
4,1347,621.2269866419714
4,1348,621.2358532440409
4,1349,621.2447186321795
4,1350,621.253582806387
4,1351,621.2624457666636
4,1352,621.2713075130093
4,1353,621.280168045424
4,1354,621.2890273639078
4,1355,621.2978854684608
4,1356,621.3067423590827
4,1357,621.3155980357736
4,1358,621.3244524985337
4,1359,621.3333057473628
4,1360,621.3421577822609
4,1361,621.3510086032281
4,1362,621.3598582102644
4,1363,621.3687066033697
4,1364,621.377553782544
4,1365,621.3863997477876
4,1366,621.3952444991
4,1367,621.4040880364815
4,1368,621.4129303599321
4,1369,621.4217714694518
4,1370,621.4306113650405
4,1371,621.4394500466983
4,1372,621.4482875144251
4,1373,621.457123768221
4,1374,621.4659588080859
4,1375,621.47479263402
4,1376,621.483625246023
4,1377,621.4924566440951
4,1378,621.5012868282363
4,1379,621.5101157984466
4,1380,621.5189435547258
4,1381,621.5277700970742
4,1382,621.5365954254916
4,1383,621.545419539978
4,1384,621.5542424405335
4,1385,621.5630641271581
4,1386,621.5718845998517
4,1387,621.5807038586144
4,1388,621.5895219034461
4,1389,621.598338734347
4,1390,621.6071543513168
4,1391,621.6159687543557
4,1392,621.6247819434636
4,1393,621.6335939186407
4,1394,621.6424046798868
4,1395,621.6512142272019
4,1396,621.6600225605861
4,1397,621.6688296800393
4,1398,621.6776355855616
4,1399,621.686440277153
4,1400,621.6952437548134
4,1401,621.7040460185428
4,1402,621.7128470683414
4,1403,621.721646904209
4,1404,621.7304455261457
4,1405,621.7392429341513
4,1406,621.7480391282261
4,1407,621.75683410837
4,1408,621.7656278745828
4,1409,621.7744204268647
4,1410,621.7832117652157
4,1411,621.7920018896358
4,1412,621.8007908001249
4,1413,621.809578496683
4,1414,621.8183649793102
4,1415,621.8271502480065
4,1416,621.8359343027719
4,1417,621.8447171436062
4,1418,621.8534987705096
4,1419,621.8622791834822
4,1420,621.8710583825238
4,1421,621.8798363676343
4,1422,621.888613138814
4,1423,621.8973886960628
4,1424,621.9061630393805
4,1425,621.9149361687673
4,1426,621.9237080842232
4,1427,621.9324787857482
4,1428,621.9412482733422
4,1429,621.9500165470052
4,1430,621.9587836067374
4,1431,621.9675494525386
4,1432,621.9763140844088
4,1433,621.9850775023481
4,1434,621.9938397063564
4,1435,622.0026006964339
4,1436,622.0113604725803
4,1437,622.0201190347958
4,1438,622.0288763830804
4,1439,622.0376325174341
4,1440,622.0463874378568
4,1441,622.0551411443486
4,1442,622.0638936369094
4,1443,622.0726449155392
4,1444,622.0813949802381
4,1445,622.0901438310061
4,1446,622.0988914678431
4,1447,622.1076378907492
4,1448,622.1163830997243
4,1449,622.1251270947686
4,1450,622.1338698758818
4,1451,622.1426114430641
4,1452,622.1513517963155
4,1453,622.1600909356359
4,1454,622.1688288610254
4,1455,622.1775655724839
4,1456,622.1863010700115
4,1457,622.1950353536082
4,1458,622.2037684232739
4,1459,622.2125002790087
4,1460,622.2212309208126
4,1461,622.2299603486854
4,1462,622.2386885626273
4,1463,622.2474155626384
4,1464,622.2561413487184
4,1465,622.2648659208675
4,1466,622.2735892790856
4,1467,622.2823114233729
4,1468,622.2910323537292
4,1469,622.2997520701546
4,1470,622.308470572649
4,1471,622.3171878612123
4,1472,622.3259039358448
4,1473,622.3346187965465
4,1474,622.3433324433171
4,1475,622.3520448761567
4,1476,622.3607560950654
4,1477,622.3694661000433
4,1478,622.3781748910901
4,1479,622.3868824682061
4,1480,622.395588831391
4,1481,622.404293980645
4,1482,622.412997915968
4,1483,622.4217006373602
4,1484,622.4304021448214
4,1485,622.4391024383517
4,1486,622.447801517951
4,1487,622.4564993836193
4,1488,622.4651960353567
4,1489,622.4738914731632
4,1490,622.4825856970388
4,1491,622.4912787069833
4,1492,622.499970502997
4,1493,622.5086610850797
4,1494,622.5173504532314
4,1495,622.5260386074523
4,1496,622.5347255477421
4,1497,622.543411274101
4,1498,622.5520957865291
4,1499,622.5607790850261
4,1500,622.5694611695922
4,1501,622.5781420402274
4,1502,622.5868216969316
4,1503,622.5955001397048
4,1504,622.6041773685472
4,1505,622.6128533834585
4,1506,622.621528184439
4,1507,622.6302017714885
4,1508,622.638874144607
4,1509,622.6475453037947
4,1510,622.6562152490513
4,1511,622.664883980377
4,1512,622.6735514977718
4,1513,622.6822178012357
4,1514,622.6908828907685
4,1515,622.6995467663705
4,1516,622.7082094280415
4,1517,622.7168708757815
4,1518,622.7255311095906
4,1519,622.7341901294689
4,1520,622.7428479354161
4,1521,622.7515045274324
4,1522,622.7601599055178
4,1523,622.7688140696721
4,1524,622.7774670198957
4,1525,622.7861187561881
4,1526,622.7947692785497
4,1527,622.8034185869803
4,1528,622.81206668148
4,1529,622.8207135620488
4,1530,622.8293592286866
4,1531,622.8380036813934
4,1532,622.8466469201693
4,1533,622.8552889450143
4,1534,622.8639297559283
4,1535,622.8725693529115
4,1536,622.8812077359636
4,1537,622.8898449050848
4,1538,622.8984808602751
4,1539,622.9071156015343
4,1540,622.9157491288627
4,1541,622.9243814422601
4,1542,622.9330125417266
4,1543,622.9416424272622
4,1544,622.9502710988668
4,1545,622.9588985565405
4,1546,622.9675248002832
4,1547,622.9761498300949
4,1548,622.9847736459757
4,1549,622.9933962479256
4,1550,623.0020176359445
4,1551,623.0106378100326
4,1552,623.0192567701896
4,1553,623.0278745164157
4,1554,623.0364910487109
4,1555,623.045106367075
4,1556,623.0537204715084
4,1557,623.0623333620107
4,1558,623.0709450385821
4,1559,623.0795555012226
4,1560,623.088164749932
4,1561,623.0967727847107
4,1562,623.1053796055583
4,1563,623.113985212475
4,1564,623.1225896054607
4,1565,623.1311927845154
4,1566,623.1397947496393
4,1567,623.1483955008322
4,1568,623.1569950380941
4,1569,623.1655933614252
4,1570,623.1741904708252
4,1571,623.1827863662944
4,1572,623.1913810478326
4,1573,623.1999745154399
4,1574,623.2085667691161
4,1575,623.2171578088614
4,1576,623.2257476346759
4,1577,623.2343362465593
4,1578,623.2429236445118
4,1579,623.2515098285335
4,1580,623.2600947986241
4,1581,623.2686785547838
4,1582,623.2772610970126
4,1583,623.2858424253104
4,1584,623.2944225396773
4,1585,623.3030014401132
4,1586,623.3115791266182
4,1587,623.3201555991922
4,1588,623.3287308578354
4,1589,623.3373049025474
4,1590,623.3458777333286
4,1591,623.3544493501789
4,1592,623.3630197530982
4,1593,623.3715889420866
4,1594,623.3801569171441
4,1595,623.3887236782706
4,1596,623.3972892254661
4,1597,623.4058535587308
4,1598,623.4144166780644
4,1599,623.4229785834672
4,1600,623.4315392749389
4,1601,623.4400987524797
4,1602,623.4486570160897
4,1603,623.4572140657685
4,1604,623.4657699015166
4,1605,623.4743245233336
4,1606,623.4828779312197
4,1607,623.4914301251749
4,1608,623.4999811051991
4,1609,623.5085308712925
4,1610,623.5170794234548
4,1611,623.5256267616862
4,1612,623.5341728859867
4,1613,623.5427177963562
4,1614,623.5512614927948
4,1615,623.5598039753024
4,1616,623.5683452438791
4,1617,623.5768852985249
4,1618,623.5854241392396
4,1619,623.5939617660235
4,1620,623.6024981788764
4,1621,623.6110333777983
4,1622,623.6195673627894
4,1623,623.6281001338494
4,1624,623.6366316909787
4,1625,623.6451620341768
4,1626,623.653691163444
4,1627,623.6622190787804
4,1628,623.6707457801857
4,1629,623.6792712676602
4,1630,623.6877955412036
4,1631,623.6963186008162
4,1632,623.7048404464978
4,1633,623.7133610782485
4,1634,623.7218804960681
4,1635,623.7303986999569
4,1636,623.7389156899147
4,1637,623.7474314659416
4,1638,623.7559460280376
4,1639,623.7644593762026
4,1640,623.7729715104366
4,1641,623.7814824307397
4,1642,623.7899921371119
4,1643,623.7985006295531
4,1644,623.8070079080634
4,1645,623.8155139726427
4,1646,623.8240188232911
4,1647,623.8325224600086
4,1648,623.8410248827951
4,1649,623.8495260916507
4,1650,623.8580260865753
4,1651,623.866524867569
4,1652,623.8750224346317
4,1653,623.8835187877635
4,1654,623.8920139269643
4,1655,623.9005078522342
4,1656,623.9090005635732
4,1657,623.9174920609812
4,1658,623.9259823444582
4,1659,623.9344714140044
4,1660,623.9429592696196
4,1661,623.9514459113038
4,1662,623.9599313390571
4,1663,623.9684155528795
4,1664,623.9768985527709
4,1665,623.9853803387314
4,1666,623.9938609107609
4,1667,624.0023402688595
4,1668,624.0108184130271
4,1669,624.0192953432638
4,1670,624.0277710595695
4,1671,624.0362455619444
4,1672,624.0447188503882
4,1673,624.0531909249012
4,1674,624.0616617854831
4,1675,624.0701314321342
4,1676,624.0785998648543
4,1677,624.0870670836434
4,1678,624.0955330885016
4,1679,624.1039978794289
4,1680,624.1124614564252
4,1681,624.1209238194906
4,1682,624.129384968625
4,1683,624.1378449038285
4,1684,624.146303625101
4,1685,624.1547611324427
4,1686,624.1632174258533
4,1687,624.171672505333
4,1688,624.1801263708818
4,1689,624.1885790224997
4,1690,624.1970304601865
4,1691,624.2054806839425
4,1692,624.2139296937675
4,1693,624.2223774896615
4,1694,624.2308240716246
4,1695,624.2392694396568
4,1696,624.247713593758
4,1697,624.2561565339283
4,1698,624.2645982601678
4,1699,624.2730387724761
4,1700,624.2814780708536
4,1701,624.2899161553
4,1702,624.2983530258157
4,1703,624.3067886824002
4,1704,624.315223125054
4,1705,624.3236563537768
4,1706,624.3320883685685
4,1707,624.3405191694294
4,1708,624.3489487563593
4,1709,624.3573771293583
4,1710,624.3658042884263
4,1711,624.3742302335634
4,1712,624.3826549647695
4,1713,624.3910784820447
4,1714,624.3995007853889
4,1715,624.4079218748022
4,1716,624.4163417502846
4,1717,624.424760411836
4,1718,624.4331778594565
4,1719,624.441594093146
4,1720,624.4500091129047
4,1721,624.4584229187323
4,1722,624.466835510629
4,1723,624.4752468885947
4,1724,624.4836570526296
4,1725,624.4920660027335
4,1726,624.5004737389064
4,1727,624.5088802611484
4,1728,624.5172855694594
4,1729,624.5256896638396
4,1730,624.5340925442887
4,1731,624.5424942108069
4,1732,624.5508946633942
4,1733,624.5592939020505
4,1734,624.567691926776
4,1735,624.5760887375703
4,1736,624.5844843344339
4,1737,624.5928787173664
4,1738,624.6012718863681
4,1739,624.6096638414388
4,1740,624.6180545825785
4,1741,624.6264441097873
4,1742,624.6348324230651
4,1743,624.643219522412
4,1744,624.6516054078279
4,1745,624.6599900793129
4,1746,624.668373536867
4,1747,624.6767557804901
4,1748,624.6851368101824
4,1749,624.6935166259436
5,0,597.2710091320683
5,1,597.2814201920346
5,2,597.2918299825834
5,3,597.3022385037146
5,4,597.3126457554285
5,5,597.323051737725
5,6,597.333456450604
5,7,597.3438598940655
5,8,597.3542620681096
5,9,597.3646629727361
5,10,597.3750626079453
5,11,597.385460973737
5,12,597.3958580701113
5,13,597.4062538970682
5,14,597.4166484546075
5,15,597.4270417427294
5,16,597.4374337614339
5,17,597.4478245107209
5,18,597.4582139905905
5,19,597.4686022010426
5,20,597.4789891420772
5,21,597.4893748136944
5,22,597.4997592158942
5,23,597.5101423486765
5,24,597.5205242120413
5,25,597.5309048059887
5,26,597.5412841305186
5,27,597.5516621856311
5,28,597.5620389713262
5,29,597.5724144876037
5,30,597.5827887344639
5,31,597.5931617119065
5,32,597.6035334199319
5,33,597.6139038585396
5,34,597.6242730277299
5,35,597.6346409275028
5,36,597.6450075578582
5,37,597.6553729187962
5,38,597.6657370103168
5,39,597.6760998324198
5,40,597.6864613851054
5,41,597.6968216683736
5,42,597.7071806822242
5,43,597.7175384266576
5,44,597.7278949016734
5,45,597.7382501072717
5,46,597.7486040434526
5,47,597.7589567102161
5,48,597.7693081075621
5,49,597.7796582354906
5,50,597.7900070940018
5,51,597.8003546830954
5,52,597.8107010027716
5,53,597.8210460530304
5,54,597.8313898338716
5,55,597.8417323452954
5,56,597.8520735873019
5,57,597.8624135598908
5,58,597.8727522630622
5,59,597.8830896968163
5,60,597.8934258611529
5,61,597.9037607560721
5,62,597.9140943815737
5,63,597.924426737658
5,64,597.9347578243247
5,65,597.9450876415741
5,66,597.9554161894059
5,67,597.9657434678204
5,68,597.9760694768173
5,69,597.9863942163969
5,70,597.9967176865589
5,71,598.0070398873036
5,72,598.0173608186307
5,73,598.0276804805404
5,74,598.0379988730326
5,75,598.0483159961075
5,76,598.0586318497648
5,77,598.0689464340047
5,78,598.0792597488272
5,79,598.0895717942321
5,80,598.0998825702197
5,81,598.1101920767899
5,82,598.1205003139424
5,83,598.1308072816777
5,84,598.1411129799955
5,85,598.1514174088957
5,86,598.1617205683785
5,87,598.172022458444
5,88,598.1823230790918
5,89,598.1926224303223
5,90,598.2029205121354
5,91,598.213217324531
5,92,598.223512867509
5,93,598.2338071410697
5,94,598.244100145213
5,95,598.2543918799388
5,96,598.2646823452471
5,97,598.2749715411379
5,98,598.2852594676114
5,99,598.2955461246673
5,100,598.3058315123059
5,101,598.316115630527
5,102,598.3263984793306
5,103,598.3366800587168
5,104,598.3469603686854
5,105,598.3572394092366
5,106,598.3675171803704
5,107,598.3777936820868
5,108,598.3880689143857
5,109,598.3983428772672
5,110,598.4086155707312
5,111,598.4188869947777
5,112,598.4291571494068
5,113,598.4394260346185
5,114,598.4496936504127
5,115,598.4599599967894
5,116,598.4702250737487
5,117,598.4804888812905
5,118,598.4907514194149
5,119,598.5010126881218
5,120,598.5112726874113
5,121,598.5215314172833
5,122,598.5317888777379
5,123,598.542045068775
5,124,598.5522999903947
5,125,598.562553642597
5,126,598.5728060253817
5,127,598.583057138749
5,128,598.5933069826989
5,129,598.6035555572313
5,130,598.6138028623462
5,131,598.6240488980438
5,132,598.6342936643239
5,133,598.6445371611865
5,134,598.6547793886316
5,135,598.6650203466593
5,136,598.6752600352696
5,137,598.6854984544624
5,138,598.6957356042377
5,139,598.7059714845956
5,140,598.7162060955361
5,141,598.7264394370591
5,142,598.7366715091646
5,143,598.7469023118528
5,144,598.7571318451234
5,145,598.7673601089765
5,146,598.7775871034122
5,147,598.7878128284306
5,148,598.7980372840314
5,149,598.8082604702148
5,150,598.8184823869807
5,151,598.8287030343291
5,152,598.8389224122602
5,153,598.8491405207737
5,154,598.8593573598699
5,155,598.8695729295486
5,156,598.8797872298097
5,157,598.8900002606536
5,158,598.9002120220798
5,159,598.9104225140887
5,160,598.9206317366801
5,161,598.9308396898541
5,162,598.9410463736106
5,163,598.9512517879497
5,164,598.9614559328712
5,165,598.9716588083754
5,166,598.9818604144622
5,167,598.9920607511314
5,168,599.0022598183832
5,169,599.0124576162175
5,170,599.0226541446344
5,171,599.0328494036338
5,172,599.0430433932158
5,173,599.0532361133804
5,174,599.0634275641274
5,175,599.0736177454571
5,176,599.0838066573693
5,177,599.093994299864
5,178,599.1041806729413
5,179,599.1143657766012
5,180,599.1245496108435
5,181,599.1347321756684
5,182,599.1449134710759
5,183,599.155093497066
5,184,599.1652722536385
5,185,599.1754497407936
5,186,599.1856259585313
5,187,599.1958009068516
5,188,599.2059745857542
5,189,599.2161469952396
5,190,599.2263181353075
5,191,599.2364880059579
5,192,599.2466566071909
5,193,599.2568239390064
5,194,599.2669900014043
5,195,599.277154794385
5,196,599.2873183179481
5,197,599.2974805720938
5,198,599.3076415568221
5,199,599.3178012721329
5,200,599.3279597180262
5,201,599.3381168945021
5,202,599.3482728015606
5,203,599.3584274392016
5,204,599.3685808074251
5,205,599.3787329062312
5,206,599.3888837356197
5,207,599.3990332955909
5,208,599.4091815861447
5,209,599.4193286072809
5,210,599.4294743589999
5,211,599.4396188413012
5,212,599.4497620541852
5,213,599.4599039976516
5,214,599.4700446717006
5,215,599.4801840763322
5,216,599.4903222115463
5,217,599.500459077343
5,218,599.5105946737222
5,219,599.5207290006839
5,220,599.5308620582282
5,221,599.5409938463551
5,222,599.5511243650645
5,223,599.5612536143565
5,224,599.571381594231
5,225,599.581508304688
5,226,599.5916337457276
5,227,599.6017579173498
5,228,599.6118808195545
5,229,599.6220024523417
5,230,599.6321228157115
5,231,599.6422419096639
5,232,599.6523597341987
5,233,599.6624762893161
5,234,599.6725915750161
5,235,599.6827055912987
5,236,599.6928183381638
5,237,599.7029298156114
5,238,599.7130400236416
5,239,599.7231489622543
5,240,599.7332566314495
5,241,599.7433630312274
5,242,599.7534681615878
5,243,599.7635720225306
5,244,599.7736746140562
5,245,599.7837759361641
5,246,599.7938759888548
5,247,599.8039747721278
5,248,599.8140722859835
5,249,599.8241685304217
5,250,599.8342635054424
5,251,599.8443572110458
5,252,599.8544496472316
5,253,599.8645408140001
5,254,599.874630711351
5,255,599.8847193392845
5,256,599.8948066978005
5,257,599.9048927868992
5,258,599.9149776065802
5,259,599.925061156844
5,260,599.9351434376902
5,261,599.945224449119
5,262,599.9553041911304
5,263,599.9653826637242
5,264,599.9754598669007
5,265,599.9855358006596
5,266,599.9956104650012
5,267,600.0056838599253
5,268,600.0157559854318
5,269,600.025826841521
5,270,600.0358964281928
5,271,600.045964745447
5,272,600.0560317932839
5,273,600.0660975717033
5,274,600.0761620807051
5,275,600.0862253202896
5,276,600.0962872904566
5,277,600.1063479912062
5,278,600.1164074225383
5,279,600.126465584453
5,280,600.1365224769502
5,281,600.14657810003
5,282,600.1566324536922
5,283,600.166685537937
5,284,600.1767373527645
5,285,600.1867878981744
5,286,600.196837174167
5,287,600.206885180742
5,288,600.2169319178995
5,289,600.2269773856397
5,290,600.2370215839624
5,291,600.2470645128676
5,292,600.2571061723554
5,293,600.2671465624258
5,294,600.2771856830786
5,295,600.2872235343141
5,296,600.2972601161321
5,297,600.3072954285326
5,298,600.3173294715157
5,299,600.3273622450813
5,300,600.3373937492295
5,301,600.3474239839602
5,302,600.3574529492735
5,303,600.3674806451693
5,304,600.3775070716476
5,305,600.3875322287086
5,306,600.397556116352
5,307,600.407578734578
5,308,600.4176000833866
5,309,600.4276201627777
5,310,600.4376389727513
5,311,600.4476565133075
5,312,600.4576727844462
5,313,600.4676877861675
5,314,600.4777015184713
5,315,600.4877139813578
5,316,600.4977251748268
5,317,600.5077350988782
5,318,600.5177437535123
5,319,600.5277511387288
5,320,600.5377572545281
5,321,600.5477621009097
5,322,600.5577656778739
5,323,600.5677679854207
5,324,600.57776902355
5,325,600.587768792262
5,326,600.5977672915564
5,327,600.6077645214333
5,328,600.6177604818929
5,329,600.6277551729349
5,330,600.6377485945595
5,331,600.6477407467667
5,332,600.6577316295565
5,333,600.6677212429287
5,334,600.6777095868835
5,335,600.6876966614209
5,336,600.6976824665408
5,337,600.7076670022433
5,338,600.7176502685282
5,339,600.7276322653958
5,340,600.7376129928459
5,341,600.7475924508785
5,342,600.7575706394938
5,343,600.7675475586915
5,344,600.7775232084718
5,345,600.7874975888346
5,346,600.7974706997801
5,347,600.807442541308
5,348,600.8174131134185
5,349,600.8273824161115
5,350,600.8373504493871
5,351,600.8473172132452
5,352,600.857282707686
5,353,600.8672469327091
5,354,600.877209888315
5,355,600.8871715745032
5,356,600.8971319912741
5,357,600.9070911386275
5,358,600.9170490165635
5,359,600.9270056250821
5,360,600.9369609641831
5,361,600.9469150338667
5,362,600.9568678341329
5,363,600.9668193649816
5,364,600.9767696264129
5,365,600.9867186184267
5,366,600.996666341023
5,367,601.0066127942019
5,368,601.0165579779634
5,369,601.0265018923074
5,370,601.0364445372339
5,371,601.0463859127431
5,372,601.0563260188347
5,373,601.066264855509
5,374,601.0762024227656
5,375,601.0861387206049
5,376,601.0960737490268
5,377,601.1060075080312
5,378,601.1159399976182
5,379,601.1258712177876
5,380,601.1358011685396
5,381,601.1457298498742
5,382,601.1556572617914
5,383,601.165583404291
5,384,601.1755082773733
5,385,601.1854318810381
5,386,601.1953542152853
5,387,601.2052752801152
5,388,601.2151950755276
5,389,601.2251136015226
5,390,601.2350308581001
5,391,601.2449468452602
5,392,601.2548615630028
5,393,601.264775011328
5,394,601.2746871902357
5,395,601.2845980997259
5,396,601.2945077397987
5,397,601.3044161104541
5,398,601.314323211692
5,399,601.3242290435124
5,400,601.3341336059154
5,401,601.344036898901
5,402,601.3539389224691
5,403,601.3638396766198
5,404,601.373739161353
5,405,601.3836373766687
5,406,601.393534322567
5,407,601.4034299990478
5,408,601.4133244061112
5,409,601.4232175437571
5,410,601.4331094119856
5,411,601.4430000107967
5,412,601.4528893401903
5,413,601.4627774001664
5,414,601.472664190725
5,415,601.4825497118662
5,416,601.4924339635901
5,417,601.5023169458964
5,418,601.5121986587852
5,419,601.5220791022566
5,420,601.5319582763107
5,421,601.5418361809471
5,422,601.5517128161662
5,423,601.5615881819679
5,424,601.571462278352
5,425,601.5813351053187
5,426,601.591206662868
5,427,601.6010769509998
5,428,601.6109459697141
5,429,601.620813719011
5,430,601.6306801988904
5,431,601.6405454093524
5,432,601.650409350397
5,433,601.6602720220241
5,434,601.6701334242338
5,435,601.6799935570259
5,436,601.6898524204006
5,437,601.699710014358
5,438,601.7095663388977
5,439,601.7194213940202
5,440,601.729275179725
5,441,601.7391276960126
5,442,601.7489789428826
5,443,601.7588289203352
5,444,601.7686776283703
5,445,601.778525066988
5,446,601.7883712361881
5,447,601.798216135971
5,448,601.8080597663363
5,449,601.8179021272841
5,450,601.8277432188146
5,451,601.8375830409275
5,452,601.847421593623
5,453,601.8572588769011
5,454,601.8670948907617
5,455,601.8769296352049
5,456,601.8867631102306
5,457,601.8965953158388
5,458,601.9064262520296
5,459,601.916255918803
5,460,601.9260843161588
5,461,601.9359114440973
5,462,601.9457373026183
5,463,601.9555618917218
5,464,601.9653852114079
5,465,601.9752072616766
5,466,601.9850280425278
5,467,601.9948475539614
5,468,602.0046657959778
5,469,602.0144827685766
5,470,602.024298471758
5,471,602.034112905522
5,472,602.0439260698683
5,473,602.0537379647974
5,474,602.063548590309
5,475,602.0733579464031
5,476,602.0831660330798
5,477,602.092972850339
5,478,602.1027783981808
5,479,602.1125826766051
5,480,602.1223856856119
5,481,602.1321874252013
5,482,602.1419878953733
5,483,602.1517870961278
5,484,602.1615850274649
5,485,602.1713816893845
5,486,602.1811770818866
5,487,602.1909712049713
5,488,602.2007640586386
5,489,602.2105556428884
5,490,602.2203459577207
5,491,602.2301350031356
5,492,602.239922779133
5,493,602.249709285713
5,494,602.2594945228756
5,495,602.2692784906206
5,496,602.2790611889484
5,497,602.2888426178586
5,498,602.2986227773513
5,499,602.3084016674266
5,500,602.3181792880844
5,501,602.3279556393247
5,502,602.3377307211476
5,503,602.3475045335531
5,504,602.3572770765412
5,505,602.3670483501118
5,506,602.3768183542649
5,507,602.3865870890005
5,508,602.3963545543187
5,509,602.4061207502195
5,510,602.4158856767028
5,511,602.4256493337687
5,512,602.435411721417
5,513,602.4451728396481
5,514,602.4549326884616
5,515,602.4646912678576
5,516,602.4744485778361
5,517,602.4842046183974
5,518,602.493959389541
5,519,602.5037128912672
5,520,602.5134651235761
5,521,602.5232160864674
5,522,602.5329657799413
5,523,602.5427142039978
5,524,602.5524613586367
5,525,602.5622072438583
5,526,602.5719518596624
5,527,602.581695206049
5,528,602.5914372830182
5,529,602.6011780905699
5,530,602.6109176287042
5,531,602.620655897421
5,532,602.6303928967204
5,533,602.6401286266023
5,534,602.6498630870668
5,535,602.6595962781138
5,536,602.6693281997434
5,537,602.6790588519555
5,538,602.6887882347502
5,539,602.6985163481273
5,540,602.7082431920871
5,541,602.7179687666294
5,542,602.7276930717543
5,543,602.7374161074616
5,544,602.7471378737516
5,545,602.7568583706242
5,546,602.7665775980792
5,547,602.7762955561168
5,548,602.786012244737
5,549,602.7957276639396
5,550,602.8054418137249
5,551,602.8151546940927
5,552,602.824866305043
5,553,602.8345766465759
5,554,602.8442857186914
5,555,602.8539935213893
5,556,602.8637000546698
5,557,602.873405318533
5,558,602.8831093129786
5,559,602.8928120380067
5,560,602.9025134936174
5,561,602.9122136798107
5,562,602.9219125965866
5,563,602.9316102439449
5,564,602.9413066218858
5,565,602.9510017304093
5,566,602.9606955695153
5,567,602.9703881392039
5,568,602.980079439475
5,569,602.9897694703286
5,570,602.9994582317648
5,571,603.0091457237836
5,572,603.0188319463849
5,573,603.0285168995688
5,574,603.0382005833352
5,575,603.0478829976842
5,576,603.0575641426157
5,577,603.0672440181297
5,578,603.0769226242263
5,579,603.0865999609055
5,580,603.0962760281672
5,581,603.1059508260114
5,582,603.1156243544382
5,583,603.1252966134475
5,584,603.1349676030394
5,585,603.1446373232138
5,586,603.1543057739708
5,587,603.1639729553103
5,588,603.1736388672324
5,589,603.183303509737
5,590,603.1929668828242
5,591,603.2026289864939
5,592,603.2122898207462
5,593,603.221949385581
5,594,603.2316076809984
5,595,603.2412647069983
5,596,603.2509204635808
5,597,603.2605749507458
5,598,603.2702281684933
5,599,603.2798801168234
5,600,603.2895307957361
5,601,603.2991802052313
5,602,603.308828345309
5,603,603.3184752159693
5,604,603.3281208172122
5,605,603.3377651490376
5,606,603.3474082114456
5,607,603.357050004436
5,608,603.3666905280091
5,609,603.3763297821647
5,610,603.3859677669028
5,611,603.3956044822235
5,612,603.4052399281268
5,613,603.4148741046125
5,614,603.4245070116808
5,615,603.4341386493318
5,616,603.4437690175652
5,617,603.4533981163812
5,618,603.4630259457797
5,619,603.4726525057607
5,620,603.4822777963244
5,621,603.4919018174705
5,622,603.5015245691993
5,623,603.5111460515105
5,624,603.5207662644043
5,625,603.5303852078807
5,626,603.5400028819396
5,627,603.5496192865811
5,628,603.5592344218051
5,629,603.5688482876117
5,630,603.5784608840007
5,631,603.5880722109724
5,632,603.5976822685266
5,633,603.6072910566634
5,634,603.6168985753827
5,635,603.6265048246845
5,636,603.636109804569
5,637,603.6457135150358
5,638,603.6553159560854
5,639,603.6649171277174
5,640,603.674517029932
5,641,603.6841156627291
5,642,603.6937130261088
5,643,603.703309120071
5,644,603.7129039446158
5,645,603.7224974997431
5,646,603.732089785453
5,647,603.7416808017455
5,648,603.7512705486205
5,649,603.7608590260779
5,650,603.770446234118
5,651,603.7800321727407
5,652,603.7896168419458
5,653,603.7992002417335
5,654,603.8087823721038
5,655,603.8183632330566
5,656,603.827942824592
5,657,603.8375211467098
5,658,603.8470981994103
5,659,603.8566739826933
5,660,603.8662484965589
5,661,603.875821741007
5,662,603.8853937160377
5,663,603.8949644216508
5,664,603.9045338578466
5,665,603.9141020246249
5,666,603.9236689219857
5,667,603.9332345499291
5,668,603.9427989084551
5,669,603.9523619975636
5,670,603.9619238172546
5,671,603.9714843675282
5,672,603.9810436483843
5,673,603.990601659823
5,674,604.0001584018443
5,675,604.009713874448
5,676,604.0192680776344
5,677,604.0288210114032
5,678,604.0383726757547
5,679,604.0479230706886
5,680,604.0574721962051
5,681,604.0670200523042
5,682,604.0765666389858
5,683,604.08611195625
5,684,604.0956560040967
5,685,604.1051987825259
5,686,604.1147402915377
5,687,604.1242805311322
5,688,604.1338195013091
5,689,604.1433572020685
5,690,604.1528936334105
5,691,604.162428795335
5,692,604.1719626878421
5,693,604.1814953109317
5,694,604.191026664604
5,695,604.2005567488587
5,696,604.210085563696
5,697,604.2196131091158
5,698,604.2291393851183
5,699,604.2386643917032
5,700,604.2481881288707
5,701,604.2577105966207
5,702,604.2672317949533
5,703,604.2767517238684
5,704,604.2862703833661
5,705,604.2957877734464
5,706,604.3053038941091
5,707,604.3148187453544
5,708,604.3243323271823
5,709,604.3338446395927
5,710,604.3433556825856
5,711,604.3528654561612
5,712,604.3623739603192
5,713,604.3718811950599
5,714,604.381387160383
5,715,604.3908918562887
5,716,604.400395282777
5,717,604.4098974398478
5,718,604.4193983275012
5,719,604.428897945737
5,720,604.4383962945556
5,721,604.4478933739565
5,722,604.4573891839401
5,723,604.4668837245061
5,724,604.4763769956548
5,725,604.485868997386
5,726,604.4953597296998
5,727,604.504849192596
5,728,604.5143373860749
5,729,604.5238243101362
5,730,604.5333099647802
5,731,604.5427943500067
5,732,604.5522774658157
5,733,604.5617593122073
5,734,604.5712398891814
5,735,604.5807191967381
5,736,604.5901972348773
5,737,604.599674003599
5,738,604.6091495029034
5,739,604.6186237327903
5,740,604.6280966932596
5,741,604.6375683843116
5,742,604.6470388059462
5,743,604.6565079581633
5,744,604.6659758409628
5,745,604.675442454345
5,746,604.6849077983097
5,747,604.694371872857
5,748,604.7038346779867
5,749,604.7132962136991
5,750,604.722756479994
5,751,604.7322154768715
5,752,604.7416732043315
5,753,604.751129662374
5,754,604.7605848509991
5,755,604.7700387702067
5,756,604.7794914199969
5,757,604.7889428003697
5,758,604.798392911325
5,759,604.8078417528628
5,760,604.8172893249832
5,761,604.826735627686
5,762,604.8361806609715
5,763,604.8456244248396
5,764,604.8550669192902
5,765,604.8645081443233
5,766,604.873948099939
5,767,604.8833867861372
5,768,604.892824202918
5,769,604.9022603502813
5,770,604.9116952282271
5,771,604.9211288367555
5,772,604.9305611758665
5,773,604.93999224556
5,774,604.9494220458361
5,775,604.9588505766947
5,776,604.9682778381359
5,777,604.9777038301596
5,778,604.9871285527659
5,779,604.9965520059546
5,780,605.005974189726
5,781,605.0153951040799
5,782,605.0248147490163
5,783,605.0342331245353
5,784,605.0436502306369
5,785,605.053066067321
5,786,605.0624806345876
5,787,605.0718939324368
5,788,605.0813059608685
5,789,605.0907167198828
5,790,605.1001262094796
5,791,605.109534429659
5,792,605.1189413804209
5,793,605.1283470617653
5,794,605.1377514736924
5,795,605.147154616202
5,796,605.1565564892941
5,797,605.1659570929688
5,798,605.175356427226
5,799,605.1847544920657
5,800,605.1941512874881
5,801,605.203546813493
5,802,605.2129410700803
5,803,605.2223340572504
5,804,605.2317257750028
5,805,605.2411162233378
5,806,605.2505054022555
5,807,605.2598933117556
5,808,605.2692799518384
5,809,605.2786653225036
5,810,605.2880494237514
5,811,605.2974322555817
5,812,605.3068138179946
5,813,605.3161941109901
5,814,605.325573134568
5,815,605.3349508887286
5,816,605.3443273734716
5,817,605.3537025887973
5,818,605.3630765347054
5,819,605.3724492111962
5,820,605.3818206182696
5,821,605.3911907559253
5,822,605.4005596241637
5,823,605.4099272229846
5,824,605.4192935523881
5,825,605.4286586123741
5,826,605.4380224029427
5,827,605.4473849240939
5,828,605.4567461758274
5,829,605.4661061581437
5,830,605.4754648710425
5,831,605.4848223145237
5,832,605.4941784885876
5,833,605.5035333932341
5,834,605.512887028463
5,835,605.5222393942745
5,836,605.5315904906686
5,837,605.5409403176451
5,838,605.5502888752043
5,839,605.559636163346
5,840,605.5689821820703
5,841,605.5783269313771
5,842,605.5876704112663
5,843,605.5970126217383
5,844,605.6063535627927
5,845,605.6156932344297
5,846,605.6250316366493
5,847,605.6343687694513
5,848,605.6437046328359
5,849,605.6530392268031
5,850,605.6623725513529
5,851,605.6717046064852
5,852,605.6810353922
5,853,605.6903649084974
5,854,605.6996931553773
5,855,605.7090201328397
5,856,605.7183458408847
5,857,605.7276702795123
5,858,605.7369934487224
5,859,605.746315348515
5,860,605.7556359788903
5,861,605.764955339848
5,862,605.7742734313883
5,863,605.7835902535112
5,864,605.7929058062166
5,865,605.8022200895045
5,866,605.811533103375
5,867,605.8208448478281
5,868,605.8301553228637
5,869,605.8394645284818
5,870,605.8487724646826
5,871,605.8580791314658
5,872,605.8673845288316
5,873,605.87668865678
5,874,605.8859915153108
5,875,605.8952931044242
5,876,605.9045934241202
5,877,605.9138924743987
5,878,605.9231902552599
5,879,605.9324867667035
5,880,605.9417820087297
5,881,605.9510759813384
5,882,605.9603686845296
5,883,605.9696601183035
5,884,605.9789502826599
5,885,605.9882391775988
5,886,605.9975268031202
5,887,606.0068131592243
5,888,606.0160982459108
5,889,606.0253820631799
5,890,606.0346646110315
5,891,606.0439458894658
5,892,606.0532258984825
5,893,606.0625046380818
5,894,606.0717821082637
5,895,606.0810583090281
5,896,606.090333240375
5,897,606.0996069023046
5,898,606.1088792948166
5,899,606.1181504179112
5,900,606.1274202715883
5,901,606.136688855848
5,902,606.1459561706903
5,903,606.155222216115
5,904,606.1644869921224
5,905,606.1737504987123
5,906,606.1830127358847
5,907,606.1922737036397
5,908,606.2015334019773
5,909,606.2107918308973
5,910,606.2200489904
5,911,606.2293048804851
5,912,606.2385595011528
5,913,606.2478128524031
5,914,606.2570649342359
5,915,606.2663157466512
5,916,606.2755652896492
5,917,606.2848135632297
5,918,606.2940605673926
5,919,606.3033063021383
5,920,606.3125507674663
5,921,606.321793963377
5,922,606.3310358898702
5,923,606.3402765469459
5,924,606.3495159346043
5,925,606.3587540528451
5,926,606.3679909016685
5,927,606.3772264810744
5,928,606.386460791063
5,929,606.3956938316339
5,930,606.4049256027876
5,931,606.4141561045237
5,932,606.4233853368424
5,933,606.4326132997436
5,934,606.4418399932274
5,935,606.4510654172938
5,936,606.4602895719427
5,937,606.469512457174
5,938,606.478734072988
5,939,606.4879544193846
5,940,606.4971734963636
5,941,606.5063913039253
5,942,606.5156078420695
5,943,606.5248231107962
5,944,606.5340371101054
5,945,606.5432498399972
5,946,606.5524613004716
5,947,606.5616714915285
5,948,606.570880413168
5,949,606.58008806539
5,950,606.5892944481946
5,951,606.5984995615817
5,952,606.6077034055513
5,953,606.6169059801035
5,954,606.6261072852383
5,955,606.6353073209556
5,956,606.6445060872554
5,957,606.6537035841378
5,958,606.6628998116028
5,959,606.6720947696502
5,960,606.6812884582803
5,961,606.6904808774929
5,962,606.699672027288
5,963,606.7088619076657
5,964,606.7180505186259
5,965,606.7272378601687
5,966,606.736423932294
5,967,606.7456087350018
5,968,606.7547922682924
5,969,606.7639745321653
5,970,606.7731555266208
5,971,606.7823352516589
5,972,606.7915137072795
5,973,606.8006908934826
5,974,606.8098668102684
5,975,606.8190414576367
5,976,606.8282148355875
5,977,606.8373869441208
5,978,606.8465577832367
5,979,606.8557273529352
5,980,606.8648956532162
5,981,606.8740626840797
5,982,606.8832284455259
5,983,606.8923929375545
5,984,606.9015561601657
5,985,606.9107181133594
5,986,606.9198787971358
5,987,606.9290382114946
5,988,606.9381963564359
5,989,606.9473532319599
5,990,606.9565088380664
5,991,606.9656631747555
5,992,606.974816242027
5,993,606.9839680398811
5,994,606.9931185683179
5,995,607.002267827337
5,996,607.0114158169389
5,997,607.0205625371232
5,998,607.02970798789
5,999,607.0388521692395
5,1000,607.0479950811714
5,1001,607.057136723686
5,1002,607.066277096783
5,1003,607.0754162004627
5,1004,607.0845540347248
5,1005,607.0936905995695
5,1006,607.1028258949967
5,1007,607.1119599210066
5,1008,607.121092677599
5,1009,607.1302241647738
5,1010,607.1393543825313
5,1011,607.1484833308713
5,1012,607.1576110097939
5,1013,607.166737419299
5,1014,607.1758625593866
5,1015,607.1849864300568
5,1016,607.1941090313095
5,1017,607.2032303631448
5,1018,607.2123504255627
5,1019,607.221469218563
5,1020,607.230586742146
5,1021,607.2397029963115
5,1022,607.2488179810596
5,1023,607.2579316963901
5,1024,607.2670441423032
5,1025,607.2761553187989
5,1026,607.2852652258771
5,1027,607.2943738635379
5,1028,607.3034812317812
5,1029,607.3125873306071
5,1030,607.3216921600156
5,1031,607.3307957200064
5,1032,607.33989801058
5,1033,607.3489990317361
5,1034,607.3580987834747
5,1035,607.3671972657959
5,1036,607.3762944786996
5,1037,607.3853904221858
5,1038,607.3944850962546
5,1039,607.403578500906
5,1040,607.4126706361399
5,1041,607.4217615019563
5,1042,607.4308510983553
5,1043,607.4399394253369
5,1044,607.449026482901
5,1045,607.4581122710476
5,1046,607.4671967897768
5,1047,607.4762800390886
5,1048,607.4853620189829
5,1049,607.4944427294597
5,1050,607.5035221705191
5,1051,607.512600342161
5,1052,607.5216772443855
5,1053,607.5307528771925
5,1054,607.5398272405821
5,1055,607.5489003345542
5,1056,607.5579721591089
5,1057,607.5670427142461
5,1058,607.5761119999659
5,1059,607.5851800162682
5,1060,607.594246763153
5,1061,607.6033122406204
5,1062,607.6123764486705
5,1063,607.621439387303
5,1064,607.630501056518
5,1065,607.6395614563156
5,1066,607.6486205866958
5,1067,607.6576784476584
5,1068,607.6667350392038
5,1069,607.6757903613316
5,1070,607.6848444140419
5,1071,607.6938971973348
5,1072,607.7029487112103
5,1073,607.7119989556683
5,1074,607.7210479307088
5,1075,607.7300956363318
5,1076,607.7391420725376
5,1077,607.7481872393257
5,1078,607.7572311366964
5,1079,607.7662737646498
5,1080,607.7753151231856
5,1081,607.7843552123039
5,1082,607.7933940320049
5,1083,607.8024315822884
5,1084,607.8114678631543
5,1085,607.820502874603
5,1086,607.8295366166341
5,1087,607.8385690892478
5,1088,607.847600292444
5,1089,607.8566302262227
5,1090,607.8656588905841
5,1091,607.8746862855279
5,1092,607.8837124110544
5,1093,607.8927372671633
5,1094,607.9017608538549
5,1095,607.9107831711289
5,1096,607.9198042189855
5,1097,607.9288239974246
5,1098,607.9378425064464
5,1099,607.9468597460506
5,1100,607.9558757162374
5,1101,607.9648904170067
5,1102,607.9739038483586
5,1103,607.982916010293
5,1104,607.9919269028101
5,1105,608.0009365259097
5,1106,608.0099448795917
5,1107,608.0189519638564
5,1108,608.0279577787035
5,1109,608.0369623241332
5,1110,608.0459656001456
5,1111,608.0549676067403
5,1112,608.0639683439177
5,1113,608.0729678116777
5,1114,608.0819660100201
5,1115,608.0909629389452
5,1116,608.0999585984528
5,1117,608.1089529885429
5,1118,608.1179461092155
5,1119,608.1269379604707
5,1120,608.1359285423085
5,1121,608.1449178547289
5,1122,608.1539058977316
5,1123,608.1628926713171
5,1124,608.1718781754851
5,1125,608.1808624102356
5,1126,608.1898453755687
5,1127,608.1988270714842
5,1128,608.2078074979823
5,1129,608.2167866550631
5,1130,608.2257645427263
5,1131,608.2347411609721
5,1132,608.2437165098005
5,1133,608.2526905892114
5,1134,608.2616633992048
5,1135,608.2706349397807
5,1136,608.2796052109393
5,1137,608.2885742126804
5,1138,608.297541945004
5,1139,608.3065084079102
5,1140,608.3154736013989
5,1141,608.3244375254702
5,1142,608.333400180124
5,1143,608.3423615653604
5,1144,608.3513216811793
5,1145,608.3602805275808
5,1146,608.3692381045648
5,1147,608.3781944121314
5,1148,608.3871494502805
5,1149,608.3961032190122
5,1150,608.4050557183264
5,1151,608.4140069482232
5,1152,608.4229569087025
5,1153,608.4319055997644
5,1154,608.4408530214088
5,1155,608.4497991736357
5,1156,608.4587440564452
5,1157,608.4676876698372
5,1158,608.4766300138118
5,1159,608.485571088369
5,1160,608.4945108935087
5,1161,608.503449429231
5,1162,608.5123866955357
5,1163,608.521322692423
5,1164,608.530257419893
5,1165,608.5391908779454
5,1166,608.5481230665804
5,1167,608.5570539857979
5,1168,608.5659836355981
5,1169,608.5749120159807
5,1170,608.5838391269458
5,1171,608.5927649684936
5,1172,608.6016895406239
5,1173,608.6106128433366
5,1174,608.6195348766321
5,1175,608.62845564051
5,1176,608.6373751349704
5,1177,608.6462933600135
5,1178,608.655210315639
5,1179,608.6641260018471
5,1180,608.6730404186378
5,1181,608.681953566011
5,1182,608.6908654439668
5,1183,608.6997760525051
5,1184,608.7086853916259
5,1185,608.7175934613293
5,1186,608.7265002616152
5,1187,608.7354057924838
5,1188,608.7443100539348
5,1189,608.7532130459684
5,1190,608.7621147685845
5,1191,608.7710152217833
5,1192,608.7799144055645
5,1193,608.7888123199283
5,1194,608.7977089648746
5,1195,608.8066043404035
5,1196,608.815498446515
5,1197,608.8243912832089
5,1198,608.8332828504855
5,1199,608.8421731483445
5,1200,608.8510621767862
5,1201,608.8599499358104
5,1202,608.868836425417
5,1203,608.8777216456064
5,1204,608.8866055963782
5,1205,608.8954882777325
5,1206,608.9043696896695
5,1207,608.913249832189
5,1208,608.9221287052909
5,1209,608.9310063089755
5,1210,608.9398826432426
5,1211,608.9487577080922
5,1212,608.9576315035245
5,1213,608.9665040295392
5,1214,608.9753752861366
5,1215,608.9842452733163
5,1216,608.9931139910788
5,1217,609.0019814394237
5,1218,609.0108476183512
5,1219,609.0197125278613
5,1220,609.0285761679538
5,1221,609.037438538629
5,1222,609.0462996398867
5,1223,609.0551594717269
5,1224,609.0640180341497
5,1225,609.0728753271551
5,1226,609.081731350743
5,1227,609.0905861049134
5,1228,609.0994395896663
5,1229,609.1082918050018
5,1230,609.1171427509199
5,1231,609.1259924274206
5,1232,609.1348408345037
5,1233,609.1436879721695
5,1234,609.1525338404177
5,1235,609.1613784392486
5,1236,609.1702217686619
5,1237,609.1790638286578
5,1238,609.1879046192363
5,1239,609.1967441403973
5,1240,609.2055823921409
5,1241,609.214419374467
5,1242,609.2232550873756
5,1243,609.2320895308668
5,1244,609.2409227049407
5,1245,609.249754609597
5,1246,609.2585852448358
5,1247,609.2674146106572
5,1248,609.2762427070611
5,1249,609.2850695340476
5,1250,609.2938950916166
5,1251,609.3027193797682
5,1252,609.3115423985024
5,1253,609.3203641478191
5,1254,609.3291846277183
5,1255,609.3380038382
5,1256,609.3468217792644
5,1257,609.3556384509113
5,1258,609.3644538531407
5,1259,609.3732679859527
5,1260,609.3820808493472
5,1261,609.3908924433243
5,1262,609.3997027678839
5,1263,609.4085118230261
5,1264,609.4173196087507
5,1265,609.4261261250581
5,1266,609.4349313719479
5,1267,609.4437353494202
5,1268,609.4525380574752
5,1269,609.4613394961126
5,1270,609.4701396653326
5,1271,609.4789385651352
5,1272,609.4877361955203
5,1273,609.496532556488
5,1274,609.5053276480381
5,1275,609.5141214701708
5,1276,609.5229140228862
5,1277,609.531705306184
5,1278,609.5404953200645
5,1279,609.5492840645273
5,1280,609.5580715395729
5,1281,609.5668577452009
5,1282,609.5756426814115
5,1283,609.5844263482046
5,1284,609.5932087455803
5,1285,609.6019898735385
5,1286,609.6107697320793
5,1287,609.6195483212026
5,1288,609.6283256409085
5,1289,609.6371016911969
5,1290,609.6458764720679
5,1291,609.6546499835214
5,1292,609.6634222255575
5,1293,609.6721931981762
5,1294,609.6809629013773
5,1295,609.689731335161
5,1296,609.6984984995273
5,1297,609.707264394476
5,1298,609.7160290200075
5,1299,609.7247923761213
5,1300,609.7335544628178
5,1301,609.7423152800968
5,1302,609.7510748279584
5,1303,609.7598331064024
5,1304,609.7685901154291
5,1305,609.7773458550383
5,1306,609.7861003252301
5,1307,609.7948535260043
5,1308,609.8036054573612
5,1309,609.8123561193006
5,1310,609.8211055118226
5,1311,609.829853634927
5,1312,609.838600488614
5,1313,609.8473460728836
5,1314,609.8560903877358
5,1315,609.8648334331705
5,1316,609.8735752091877
5,1317,609.8823157157874
5,1318,609.8910549529697
5,1319,609.8997929207346
5,1320,609.9085296190821
5,1321,609.917265048012
5,1322,609.9259992075246
5,1323,609.9347320976196
5,1324,609.9434637182973
5,1325,609.9521940695574
5,1326,609.9609231514002
5,1327,609.9696509638254
5,1328,609.9783775068332
5,1329,609.9871027804236
5,1330,609.9958267845965
5,1331,610.0045495193519
5,1332,610.0132709846899
5,1333,610.0219911806105
5,1334,610.0307101071136
5,1335,610.0394277641992
5,1336,610.0481441518674
5,1337,610.0568592701181
5,1338,610.0655731189514
5,1339,610.0742856983672
5,1340,610.0829970083656
5,1341,610.0917070489465
5,1342,610.10041582011
5,1343,610.1091233218561
5,1344,610.1178295541847
5,1345,610.1265345170958
5,1346,610.1352382105895
5,1347,610.1439406346657
5,1348,610.1526417893244
5,1349,610.1613416745658
5,1350,610.1700402903897
5,1351,610.1787376367961
5,1352,610.187433713785
5,1353,610.1961285213566
5,1354,610.2048220595107
5,1355,610.2135143282472
5,1356,610.2222053275664
5,1357,610.2308950574682
5,1358,610.2395835179524
5,1359,610.2482707090192
5,1360,610.2569566306686
5,1361,610.2656412829004
5,1362,610.2743246657149
5,1363,610.2830067791119
5,1364,610.2916876230914
5,1365,610.3003671976535
5,1366,610.3090455027982
5,1367,610.3177225385253
5,1368,610.3263983048352
5,1369,610.3350728017274
5,1370,610.3437460292022
5,1371,610.3524179872596
5,1372,610.3610886758995
5,1373,610.369758095122
5,1374,610.378426244927
5,1375,610.3870931253147
5,1376,610.3957587362847
5,1377,610.4044230778375
5,1378,610.4130861499726
5,1379,610.4217479526905
5,1380,610.4304084859907
5,1381,610.4390677498736
5,1382,610.447725744339
5,1383,610.456382469387
5,1384,610.4650379250176
5,1385,610.4736921112305
5,1386,610.4823450280262
5,1387,610.4909966754043
5,1388,610.499647053365
5,1389,610.5082961619083
5,1390,610.5169440010341
5,1391,610.5255905707425
5,1392,610.5342358710334
5,1393,610.5428799019068
5,1394,610.5515226633628
5,1395,610.5601641554014
5,1396,610.5688043780224
5,1397,610.577443331226
5,1398,610.5860810150123
5,1399,610.594717429381
5,1400,610.6033525743322
5,1401,610.6119864498661
5,1402,610.6206190559825
5,1403,610.6292503926815
5,1404,610.6378804599628
5,1405,610.6465092578269
5,1406,610.6551367862735
5,1407,610.6637630453026
5,1408,610.6723880349143
5,1409,610.6810117551086
5,1410,610.6896342058852
5,1411,610.6982553872446
5,1412,610.7068752991864
5,1413,610.7154939417109
5,1414,610.7241113148178
5,1415,610.7327274185074
5,1416,610.7413422527794
5,1417,610.749955817634
5,1418,610.7585681130712
5,1419,610.7671791390909
5,1420,610.7757888956932
5,1421,610.784397382878
5,1422,610.7930046006453
5,1423,610.8016105489952
5,1424,610.8102152279276
5,1425,610.8188186374426
5,1426,610.8274207775402
5,1427,610.8360216482203
5,1428,610.8446212494829
5,1429,610.8532195813281
5,1430,610.8618166437558
5,1431,610.8704124367661
5,1432,610.8790069603589
5,1433,610.8876002145342
5,1434,610.8961921992922
5,1435,610.9047829146326
5,1436,610.9133723605556
5,1437,610.9219605370613
5,1438,610.9305474441494
5,1439,610.93913308182
5,1440,610.9477174500732
5,1441,610.956300548909
5,1442,610.9648823783274
5,1443,610.9734629383282
5,1444,610.9820422289116
5,1445,610.9906202500775
5,1446,610.999197001826
5,1447,611.0077724841572
5,1448,611.0163466970707
5,1449,611.0249196405668
5,1450,611.0334913146455
5,1451,611.0420617193068
5,1452,611.0506308545506
5,1453,611.0591987203769
5,1454,611.0677653167859
5,1455,611.0763306437773
5,1456,611.0848947013512
5,1457,611.0934574895078
5,1458,611.1020190082469
5,1459,611.1105792575686
5,1460,611.1191382374727
5,1461,611.1276959479594
5,1462,611.1362523890288
5,1463,611.1448075606805
5,1464,611.153361462915
5,1465,611.1619140957318
5,1466,611.1704654591314
5,1467,611.1790155531133
5,1468,611.1875643776779
5,1469,611.196111932825
5,1470,611.2046582185546
5,1471,611.2132032348669
5,1472,611.2217469817616
5,1473,611.230289459239
5,1474,611.2388306672989
5,1475,611.2473706059412
5,1476,611.2559092751662
5,1477,611.2644466749737
5,1478,611.2729828053638
5,1479,611.2815176663363
5,1480,611.2900512578915
5,1481,611.2985835800292
5,1482,611.3071146327494
5,1483,611.3156444160522
5,1484,611.3241729299376
5,1485,611.3327001744054
5,1486,611.3412261494559
5,1487,611.3497508550889
5,1488,611.3582742913044
5,1489,611.3667964581025
5,1490,611.3753173554832
5,1491,611.3838369834463
5,1492,611.392355341992
5,1493,611.4008724311203
5,1494,611.4093882508312
5,1495,611.4179028011245
5,1496,611.4264160820004
5,1497,611.4349280934589
5,1498,611.4434388354999
5,1499,611.4519483081235
5,1500,611.4604565113295
5,1501,611.4689634451182
5,1502,611.4774691094894
5,1503,611.4859735044432
5,1504,611.4944766299795
5,1505,611.5029784860984
5,1506,611.5114790727998
5,1507,611.5199783900837
5,1508,611.5284764379502
5,1509,611.5369732163992
5,1510,611.5454687254309
5,1511,611.553962965045
5,1512,611.5624559352417
5,1513,611.570947636021
5,1514,611.5794380673827
5,1515,611.5879272293271
5,1516,611.596415121854
5,1517,611.6049017449634
5,1518,611.6133870986554
5,1519,611.6218711829299
5,1520,611.630353997787
5,1521,611.6388355432266
5,1522,611.6473158192488
5,1523,611.6557948258535
5,1524,611.6642725630408
5,1525,611.6727490308106
5,1526,611.6812242291629
5,1527,611.6896981580979
5,1528,611.6981708176154
5,1529,611.7066422077154
5,1530,611.7151123283979
5,1531,611.723581179663
5,1532,611.7320487615107
5,1533,611.7405150739409
5,1534,611.7489801169537
5,1535,611.757443890549
5,1536,611.7659063947268
5,1537,611.7743676294872
5,1538,611.7828275948301
5,1539,611.7912862907557
5,1540,611.7997437172637
5,1541,611.8081998743543
5,1542,611.8166547620274
5,1543,611.8251083802832
5,1544,611.8335607291214
5,1545,611.8420118085421
5,1546,611.8504616185455
5,1547,611.8589101591314
5,1548,611.8673574302998
5,1549,611.8758034320508
5,1550,611.8842481643843
5,1551,611.8926916273003
5,1552,611.901133820799
5,1553,611.9095747448802
5,1554,611.918014399544
5,1555,611.9264527847902
5,1556,611.9348899006189
5,1557,611.9433257470304
5,1558,611.9517603240242
5,1559,611.9601936316008
5,1560,611.9686256697597
5,1561,611.9770564385013
5,1562,611.9854859378254
5,1563,611.9939141677321
5,1564,612.0023411282212
5,1565,612.010766819293
5,1566,612.0191912409473
5,1567,612.0276143931842
5,1568,612.0360362760035
5,1569,612.0444568894055
5,1570,612.05287623339
5,1571,612.061294307957
5,1572,612.0697111131067
5,1573,612.0781266488387
5,1574,612.0865409151535
5,1575,612.0949539120506
5,1576,612.1033656395305
5,1577,612.1117760975928
5,1578,612.1201852862376
5,1579,612.1285932054651
5,1580,612.1369998552751
5,1581,612.1454052356676
5,1582,612.1538093466427
5,1583,612.1622121882003
5,1584,612.1706137603404
5,1585,612.1790140630632
5,1586,612.1874130963685
5,1587,612.1958108602563
5,1588,612.2042073547266
5,1589,612.2126025797795
5,1590,612.220996535415
5,1591,612.229389221633
5,1592,612.2377806384336
5,1593,612.2461707858166
5,1594,612.2545596637823
5,1595,612.2629472723305
5,1596,612.2713336114613
5,1597,612.2797186811746
5,1598,612.2881024814704
5,1599,612.2964850123489
5,1600,612.3048662738097
5,1601,612.3132462658532
5,1602,612.3216249884792
5,1603,612.3300024416878
5,1604,612.338378625479
5,1605,612.3467535398527
5,1606,612.3551271848089
5,1607,612.3634995603477
5,1608,612.371870666469
5,1609,612.3802405031729
5,1610,612.3886090704593
5,1611,612.3969763683283
5,1612,612.4053423967798
5,1613,612.4137071558139
5,1614,612.4220706454305
5,1615,612.4304328656297
5,1616,612.4387938164114
5,1617,612.4471534977756
5,1618,612.4555119097224
5,1619,612.4638690522518
5,1620,612.4722249253637
5,1621,612.4805795290582
5,1622,612.4889328633352
5,1623,612.4972849281947
5,1624,612.5056357236368
5,1625,612.5139852496615
5,1626,612.5223335062686
5,1627,612.5306804934584
5,1628,612.5390262112307
5,1629,612.5473706595856
5,1630,612.5557138385229
5,1631,612.5640557480428
5,1632,612.5723963881454
5,1633,612.5807357588304
5,1634,612.589073860098
5,1635,612.5974106919481
5,1636,612.6057462543808
5,1637,612.614080547396
5,1638,612.6224135709938
5,1639,612.6307453251741
5,1640,612.639075809937
5,1641,612.6474050252824
5,1642,612.6557329712103
5,1643,612.6640596477209
5,1644,612.672385054814
5,1645,612.6807091924896
5,1646,612.6890320607478
5,1647,612.6973536595884
5,1648,612.7056739890118
5,1649,612.7139930490175
5,1650,612.7223108396059
5,1651,612.7306273607768
5,1652,612.7389426125302
5,1653,612.7472565948663
5,1654,612.7555693077848
5,1655,612.7638807512859
5,1656,612.7721909253695
5,1657,612.7804998300358
5,1658,612.7888074652844
5,1659,612.7971138311158
5,1660,612.8054189275296
5,1661,612.813722754526
5,1662,612.8220253121049
5,1663,612.8303266002664
5,1664,612.8386266190105
5,1665,612.846925368337
5,1666,612.8552228482462
5,1667,612.8635190587378
5,1668,612.871813999812
5,1669,612.8801076714689
5,1670,612.8884000737081
5,1671,612.89669120653
5,1672,612.9049810699345
5,1673,612.9132696639214
5,1674,612.9215569884909
5,1675,612.929843043643
5,1676,612.9381278293775
5,1677,612.9464113456947
5,1678,612.9546935925945
5,1679,612.9629745700767
5,1680,612.9712542781415
5,1681,612.9795327167889
5,1682,612.9878098860188
5,1683,612.9960857858313
5,1684,613.0043604162262
5,1685,613.0126337772037
5,1686,613.0209058687639
5,1687,613.0291766909065
5,1688,613.0374462436317
5,1689,613.0457145269394
5,1690,613.0539815408297
5,1691,613.0622472853025
5,1692,613.0705117603579
5,1693,613.0787749659959
5,1694,613.0870369022164
5,1695,613.0952975690194
5,1696,613.103556966405
5,1697,613.1118150943731
5,1698,613.1200719529237
5,1699,613.1283275420569
5,1700,613.1365818617727
5,1701,613.144834912071
5,1702,613.1530866929519
5,1703,613.1613372044153
5,1704,613.1695864464613
5,1705,613.1778344190898
5,1706,613.1860811223008
5,1707,613.1943265560944
5,1708,613.2025707204706
5,1709,613.2108136154293
5,1710,613.2190552409706
5,1711,613.2272955970944
5,1712,613.2355346838008
5,1713,613.2437725010897
5,1714,613.2520090489611
5,1715,613.2602443274151
5,1716,613.2684783364516
5,1717,613.2767110760707
5,1718,613.2849425462723
5,1719,613.2931727470566
5,1720,613.3014016784233
5,1721,613.3096293403726
5,1722,613.3178557329044
5,1723,613.3260808560187
5,1724,613.3343047097158
5,1725,613.3425272939952
5,1726,613.3507486088572
5,1727,613.3589686543017
5,1728,613.367187430329
5,1729,613.3754049369386
5,1730,613.3836211741308
5,1731,613.3918361419055
5,1732,613.4000498402629
5,1733,613.4082622692027
5,1734,613.4164734287251
5,1735,613.4246833188301
5,1736,613.4328919395176
5,1737,613.4410992907876
5,1738,613.4493053726403
5,1739,613.4575101850754
5,1740,613.4657137280931
5,1741,613.4739160016934
5,1742,613.4821170058761
5,1743,613.4903167406416
5,1744,613.4985152059894
5,1745,613.5067124019199
5,1746,613.5149083284329
5,1747,613.5231029855285
5,1748,613.5312963732065
5,1749,613.5394884914671
6,0,586.8502475911687
6,1,586.8604455242212
6,2,586.8706421167346
6,3,586.8808373687091
6,4,586.8910312801445
6,5,586.9012238510409
6,6,586.9114150813982
6,7,586.9216049712165
6,8,586.9317935204958
6,9,586.9419807292361
6,10,586.9521665974374
6,11,586.9623511250996
6,12,586.9725343122228
6,13,586.982716158807
6,14,586.9928966648521
6,15,587.0030758303582
6,16,587.0132536553252
6,17,587.0234301397533
6,18,587.0336052836423
6,19,587.0437790869922
6,20,587.0539515498032
6,21,587.0641226720752
6,22,587.0742924538081
6,23,587.0844608950019
6,24,587.0946279956568
6,25,587.1047937557726
6,26,587.1149581753493
6,27,587.1251212543871
6,28,587.1352829928858
6,29,587.1454433908456
6,30,587.1556024482662
6,31,587.1657601651478
6,32,587.1759165414904
6,33,587.186071577294
6,34,587.1962252725585
6,35,587.206377627284
6,36,587.2165286414706
6,37,587.2266783151181
6,38,587.2368266482265
6,39,587.2469736407959
6,40,587.2571192928262
6,41,587.2672636043176
6,42,587.27740657527
6,43,587.2875482056833
6,44,587.2976884955575
6,45,587.3078274448927
6,46,587.3179650536889
6,47,587.3281013219462
6,48,587.3382362496643
6,49,587.3483698368434
6,50,587.3585020834835
6,51,587.3686329895845
6,52,587.3787625551466
6,53,587.3888907801696
6,54,587.3990176646536
6,55,587.4091432085985
6,56,587.4192674120045
6,57,587.4293902748714
6,58,587.4395117971992
6,59,587.449631978988
6,60,587.4597508202378
6,61,587.4698683209486
6,62,587.4799844811204
6,63,587.4900993007531
6,64,587.5002127798467
6,65,587.5103249184015
6,66,587.5204357164171
6,67,587.5305451738936
6,68,587.5406532908313
6,69,587.5507600672298
6,70,587.5608655030893
6,71,587.5709695984098
6,72,587.5810723531913
6,73,587.5911737674337
6,74,587.6012738411371
6,75,587.6113725743015
6,76,587.6214699669268
6,77,587.6315660190131
6,78,587.6416607305604
6,79,587.6517541015687
6,80,587.6618461320379
6,81,587.6719368219681
6,82,587.6820261713593
6,83,587.6921141802114
6,84,587.7022008485245
6,85,587.7122861762987
6,86,587.7223701635337
6,87,587.7324528102297
6,88,587.7425341163868
6,89,587.7526140820047
6,90,587.7626927070836
6,91,587.7727699916236
6,92,587.7828459356244
6,93,587.7929205390863
6,94,587.8029938020092
6,95,587.8130657243929
6,96,587.8231363062378
6,97,587.8332055475435
6,98,587.8432734483101
6,99,587.8533400085379
6,100,587.8634052282265
6,101,587.8734691073761
6,102,587.8835316459867
6,103,587.8935928440583
6,104,587.9036527015909
6,105,587.9137112185844
6,106,587.9237683950388
6,107,587.9338242309543
6,108,587.9438787263307
6,109,587.9539318811682
6,110,587.9639836954665
6,111,587.9740341692258
6,112,587.9840833024462
6,113,587.9941310951274
6,114,588.0041775472697
6,115,588.0142226588729
6,116,588.0242664299371
6,117,588.0343088604623
6,118,588.0443499504485
6,119,588.0543896998955
6,120,588.0644281088036
6,121,588.0744651771727
6,122,588.0845009050026
6,123,588.0945352922937
6,124,588.1045683390456
6,125,588.1146000452586
6,126,588.1246304109325
6,127,588.1346594360674
6,128,588.1446871206632
6,129,588.1547134647201
6,130,588.1647384682378
6,131,588.1747621312167
6,132,588.1847844536563
6,133,588.1948054355571
6,134,588.2048250769187
6,135,588.2148433777414
6,136,588.224860338025
6,137,588.2348759577696
6,138,588.2448902369752
6,139,588.2549031756417
6,140,588.2649147737692
6,141,588.2749250313577
6,142,588.2849339484071
6,143,588.2949415249176
6,144,588.3049477608889
6,145,588.3149526563213
6,146,588.3249562112146
6,147,588.334958425569
6,148,588.3449592993842
6,149,588.3549588326605
6,150,588.3649570253978
6,151,588.3749538775959
6,152,588.3849493892551
6,153,588.3949435603752
6,154,588.4049363909563
6,155,588.4149278809983
6,156,588.4249180305014
6,157,588.4349068394655
6,158,588.4448943078904
6,159,588.4548804357764
6,160,588.4648652231233
6,161,588.4748486699312
6,162,588.4848307762002
6,163,588.49481154193
6,164,588.5047909671208
6,165,588.5147690517725
6,166,588.5247457958853
6,167,588.5347211994591
6,168,588.5446952624937
6,169,588.5546679849895
6,170,588.564639366946
6,171,588.5746094083637
6,172,588.5845781092423
6,173,588.5945454695818
6,174,588.6045114893824
6,175,588.6144761686439
6,176,588.6244395073663
6,177,588.6344015055498
6,178,588.6443621631943
6,179,588.6543214802996
6,180,588.664279456866
6,181,588.6742360928934
6,182,588.6841913883816
6,183,588.6941453433309
6,184,588.7040979577412
6,185,588.7140492316123
6,186,588.7239991649445
6,187,588.7339477577377
6,188,588.7438950099918
6,189,588.7538409217069
6,190,588.763785492883
6,191,588.77372872352
6,192,588.783670613618
6,193,588.793611163177
6,194,588.803550372197
6,195,588.8134882406779
6,196,588.8234247686198
6,197,588.8333599560227
6,198,588.8432938028865
6,199,588.8532263092113
6,200,588.8631574749971
6,201,588.8730873002439
6,202,588.8830157849516
6,203,588.8929429291203
6,204,588.90286873275
6,205,588.9127931958407
6,206,588.9227163183922
6,207,588.9326381004048
6,208,588.9425585418784
6,209,588.9524776428129
6,210,588.9623954032083
6,211,588.9723118230648
6,212,588.9822269023823
6,213,588.9921406411607
6,214,589.0020530394
6,215,589.0119640971004
6,216,589.0218738142618
6,217,589.0317821908841
6,218,589.0416892269674
6,219,589.0515949225115
6,220,589.0614992775168
6,221,589.071402291983
6,222,589.0813039659101
6,223,589.0912042992983
6,224,589.1011032921473
6,225,589.1110009444574
6,226,589.1208972562284
6,227,589.1307922274605
6,228,589.1406858581535
6,229,589.1505781483074
6,230,589.1604690979223
6,231,589.1703587069982
6,232,589.180246975535
6,233,589.1901339035329
6,234,589.2000194909917
6,235,589.2099037379115
6,236,589.2197866442922
6,237,589.2296682101339
6,238,589.2395484354366
6,239,589.2494273202003
6,240,589.259304864425
6,241,589.2691810681106
6,242,589.2790559312572
6,243,589.2889294538647
6,244,589.2988016359332
6,245,589.3086724774627
6,246,589.3185419784531
6,247,589.3284101389046
6,248,589.338276958817
6,249,589.3481424381904
6,250,589.3580065770248
6,251,589.3678693753201
6,252,589.3777308330764
6,253,589.3875909502937
6,254,589.3974497269718
6,255,589.407307163111
6,256,589.4171632587112
6,257,589.4270180137723
6,258,589.4368714282945
6,259,589.4467235022776
6,260,589.4565742357216
6,261,589.4664236286267
6,262,589.4762716809927
6,263,589.4861183928197
6,264,589.4959637641076
6,265,589.5058077948565
6,266,589.5156504850664
6,267,589.5254918347373
6,268,589.5353318438691
6,269,589.5451705124619
6,270,589.5550078405157
6,271,589.5648438280305
6,272,589.5746784750062
6,273,589.5845117814429
6,274,589.5943437473405
6,275,589.6041743726992
6,276,589.6140036575188
6,277,589.6238316017993
6,278,589.6336582055409
6,279,589.6434834687434
6,280,589.6533073914069
6,281,589.6631299735313
6,282,589.6729512151168
6,283,589.6827711161632
6,284,589.6925896766705
6,285,589.7024068966389
6,286,589.7122227760682
6,287,589.7220373149585
6,288,589.7318505133097
6,289,589.741662371122
6,290,589.7514728883951
6,291,589.7612820651293
6,292,589.7710899013244
6,293,589.7808963969806
6,294,589.7907015520976
6,295,589.8005053666757
6,296,589.8103078407147
6,297,589.8201089742147
6,298,589.8299087671757
6,299,589.8397072195976
6,300,589.8495043314805
6,301,589.8593001028245
6,302,589.8690945336293
6,303,589.8788876238951
6,304,589.8886793736219
6,305,589.8984697828097
6,306,589.9082588514584
6,307,589.9180465795681
6,308,589.9278329671388
6,309,589.9376180141704
6,310,589.947401720663
6,311,589.9571840866167
6,312,589.9669651120313
6,313,589.9767447969068
6,314,589.9865231412433
6,315,589.9963001450408
6,316,590.0060758082992
6,317,590.0158501310186
6,318,590.025623113199
6,319,590.0353947548405
6,320,590.0451650559428
6,321,590.0549340165061
6,322,590.0647016365303
6,323,590.0744679160156
6,324,590.0842328549618
6,325,590.0939964533691
6,326,590.1037587112372
6,327,590.1135196285663
6,328,590.1232792053564
6,329,590.1330374416075
6,330,590.1427943373195
6,331,590.1525498924926
6,332,590.1623041071266
6,333,590.1720569812215
6,334,590.1818085147775
6,335,590.1915587077943
6,336,590.2013075602723
6,337,590.2110550722111
6,338,590.2208012436109
6,339,590.2305460744717
6,340,590.2402895647934
6,341,590.2500317145763
6,342,590.25977252382
6,343,590.2695119925246
6,344,590.2792501206902
6,345,590.2889869083169
6,346,590.2987223554045
6,347,590.308456461953
6,348,590.3181892279625
6,349,590.3279206534331
6,350,590.3376507383646
6,351,590.347379482757
6,352,590.3571068866104
6,353,590.3668329499249
6,354,590.3765576727002
6,355,590.3862810549365
6,356,590.3960030966338
6,357,590.4057237977921
6,358,590.4154431584113
6,359,590.4251611784915
6,360,590.4348778580327
6,361,590.4445931970349
6,362,590.454307195498
6,363,590.4640198534221
6,364,590.4737311708072
6,365,590.4834411476533
6,366,590.4931497839602
6,367,590.5028570797283
6,368,590.5125630349572
6,369,590.5222676496471
6,370,590.5319709237981
6,371,590.5416728574099
6,372,590.5513734504827
6,373,590.5610727030166
6,374,590.5707706150114
6,375,590.5804671864671
6,376,590.5901624173839
6,377,590.5998563077616
6,378,590.6095488576002
6,379,590.6192400668999
6,380,590.6289299356605
6,381,590.638618463882
6,382,590.6483056515647
6,383,590.6579914987082
6,384,590.6676760053126
6,385,590.6773591713782
6,386,590.6870409969046
6,387,590.696721481892
6,388,590.7064006263404
6,389,590.7160784302497
6,390,590.7257548936201
6,391,590.7354300164513
6,392,590.7451037987436
6,393,590.7547762404969
6,394,590.764447341711
6,395,590.7741171023863
6,396,590.7837855225224
6,397,590.7934526021196
6,398,590.8031183411777
6,399,590.8127827396967
6,400,590.8224457976768
6,401,590.8321075151177
6,402,590.8417678920198
6,403,590.8514269283827
6,404,590.8610846242067
6,405,590.8707409794915
6,406,590.8803959942373
6,407,590.8900496684442
6,408,590.899702002112
6,409,590.9093529952409
6,410,590.9190026478306
6,411,590.9286509598813
6,412,590.938297931393
6,413,590.9479435623657
6,414,590.9575878527993
6,415,590.967230802694
6,416,590.9768724120495
6,417,590.9865126808661
6,418,590.9961516091436
6,419,591.0057891968821
6,420,591.0154254440815
6,421,591.025060350742
6,422,591.0346939168634
6,423,591.0443261424458
6,424,591.0539570274891
6,425,591.0635865719935
6,426,591.0732147759587
6,427,591.082841639385
6,428,591.0924671622722
6,429,591.1020913446205
6,430,591.1117141864296
6,431,591.1213356876998
6,432,591.1309558484309
6,433,591.140574668623
6,434,591.150192148276
6,435,591.1598082873901
6,436,591.169423085965
6,437,591.1790365440011
6,438,591.1886486614981
6,439,591.1982594384559
6,440,591.2078688748749
6,441,591.2174769707547
6,442,591.2270837260955
6,443,591.2366891408973
6,444,591.2462932151601
6,445,591.2558959488839
6,446,591.2654973420686
6,447,591.2750973947143
6,448,591.2846961068209
6,449,591.2942934783886
6,450,591.3038895094171
6,451,591.3134841999067
6,452,591.3230775498573
6,453,591.3326695592688
6,454,591.3422602281413
6,455,591.3518495564748
6,456,591.3614375442692
6,457,591.3710241915246
6,458,591.3806094982409
6,459,591.3901934644183
6,460,591.3997760900567
6,461,591.4093573751559
6,462,591.4189373197162
6,463,591.4285159237375
6,464,591.4380931872196
6,465,591.4476691101628
6,466,591.457243692567
6,467,591.466816934432
6,468,591.4763888357581
6,469,591.4859593965452
6,470,591.4955286167932
6,471,591.5050964965022
6,472,591.5146630356722
6,473,591.5242282343031
6,474,591.5337920923951
6,475,591.543354609948
6,476,591.5529157869618
6,477,591.5624756234366
6,478,591.5720341193725
6,479,591.5815912747692
6,480,591.5911470896269
6,481,591.6007015639457
6,482,591.6102546977254
6,483,591.619806490966
6,484,591.6293569436676
6,485,591.6389060558303
6,486,591.6484538274537
6,487,591.6580002585383
6,488,591.6675453490839
6,489,591.6770890990904
6,490,591.6866315085578
6,491,591.6961725774862
6,492,591.7057123058756
6,493,591.715250693726
6,494,591.7247877410373
6,495,591.7343234478096
6,496,591.7438578140429
6,497,591.7533908397372
6,498,591.7629225248924
6,499,591.7724528695086
6,500,591.7819818735858
6,501,591.7915095371239
6,502,591.801035860123
6,503,591.8105608425831
6,504,591.8200844845042
6,505,591.8296067858862
6,506,591.8391277467292
6,507,591.8486473670331
6,508,591.858165646798
6,509,591.867682586024
6,510,591.8771981847109
6,511,591.8867124428588
6,512,591.8962253604675
6,513,591.9057369375373
6,514,591.9152471740681
6,515,591.9247560700599
6,516,591.9342636255126
6,517,591.9437698404263
6,518,591.9532747148008
6,519,591.9627782486365
6,520,591.9722804419331
6,521,591.9817812946907
6,522,591.9912808069092
6,523,592.0007789785888
6,524,592.0102758097293
6,525,592.0197713003306
6,526,592.029265450393
6,527,592.0387582599164
6,528,592.0482497289008
6,529,592.0577398573462
6,530,592.0672286452525
6,531,592.0767160926198
6,532,592.0862021994479
6,533,592.0956869657372
6,534,592.1051703914874
6,535,592.1146524766986
6,536,592.1241332213707
6,537,592.1336126255038
6,538,592.1430906890979
6,539,592.152567412153
6,540,592.162042794669
6,541,592.171516836646
6,542,592.180989538084
6,543,592.1904608989828
6,544,592.1999309193427
6,545,592.2093995991636
6,546,592.2188669384454
6,547,592.2283329371883
6,548,592.2377975953921
6,549,592.2472609130568
6,550,592.2567228901826
6,551,592.2661835267693
6,552,592.275642822817
6,553,592.2851007783256
6,554,592.2945573932952
6,555,592.3040126677258
6,556,592.3134666016174
6,557,592.3229191949699
6,558,592.3323704477834
6,559,592.3418203600579
6,560,592.3512689317934
6,561,592.3607161629898
6,562,592.3701620536472
6,563,592.3796066037655
6,564,592.3890498133449
6,565,592.3984916823852
6,566,592.4079322108864
6,567,592.4173713988487
6,568,592.4268092462719
6,569,592.4362457531561
6,570,592.4456809195012
6,571,592.4551147453074
6,572,592.4645472305745
6,573,592.4739783753025
6,574,592.4834081794916
6,575,592.4928366431416
6,576,592.5022637662526
6,577,592.5116895488245
6,578,592.5211139908574
6,579,592.5305370923513
6,580,592.5399588533062
6,581,592.549379273722
6,582,592.5587983535988
6,583,592.5682160929366
6,584,592.5776324917354
6,585,592.5870475499951
6,586,592.5964612677158
6,587,592.6058736448974
6,588,592.6152846815402
6,589,592.6246943776438
6,590,592.6341027332084
6,591,592.6435097482339
6,592,592.6529154227204
6,593,592.6623197566679
6,594,592.6717227500764
6,595,592.6811244029458
6,596,592.6905247152762
6,597,592.6999236870676
6,598,592.70932131832
6,599,592.7187176090333
6,600,592.7281125592076
6,601,592.7375061688429
6,602,592.7468984379391
6,603,592.7562893664963
6,604,592.7656789545144
6,605,592.7750672019936
6,606,592.7844541089338
6,607,592.7938396753349
6,608,592.8032239011969
6,609,592.81260678652
6,610,592.8219883313039
6,611,592.8313685355489
6,612,592.840747399255
6,613,592.8501249224219
6,614,592.8595011050497
6,615,592.8688759471386
6,616,592.8782494486884
6,617,592.8876216096992
6,618,592.896992430171
6,619,592.9063619101038
6,620,592.9157300494975
6,621,592.9250968483522
6,622,592.9344623066678
6,623,592.9438264244445
6,624,592.9531892016821
6,625,592.9625506383807
6,626,592.9719107345402
6,627,592.9812694901607
6,628,592.9906269052423
6,629,592.9999829797847
6,630,593.0093377137881
6,631,593.0186911072525
6,632,593.028043160178
6,633,593.0373938725643
6,634,593.0467432444116
6,635,593.0560912757198
6,636,593.0654379664891
6,637,593.0747833167194
6,638,593.0841273264106
6,639,593.0934699955627
6,640,593.102811324176
6,641,593.11215131225
6,642,593.1214899597851
6,643,593.1308272667811
6,644,593.1401632332382
6,645,593.1494978591562
6,646,593.1588311445352
6,647,593.1681630893751
6,648,593.1774936936761
6,649,593.1868229574379
6,650,593.1961508806608
6,651,593.2054774633447
6,652,593.2148027054894
6,653,593.2241266070952
6,654,593.233449168162
6,655,593.2427703886897
6,656,593.2520902686783
6,657,593.261408808128
6,658,593.2707260070387
6,659,593.2800418654102
6,660,593.2893563832428
6,661,593.2986695605364
6,662,593.3079813972909
6,663,593.3172918935063
6,664,593.3266010491828
6,665,593.3359088643202
6,666,593.3452153389186
6,667,593.354520472978
6,668,593.3638242664983
6,669,593.3731267194797
6,670,593.382427831922
6,671,593.3917276038252
6,672,593.4010260351895
6,673,593.4103231260146
6,674,593.4196188763008
6,675,593.428913286048
6,676,593.438206355256
6,677,593.4474980839252
6,678,593.4567884720552
6,679,593.4660775196462
6,680,593.4753652266983
6,681,593.4846515932112
6,682,593.4939366191852
6,683,593.5032203046201
6,684,593.5125026495159
6,685,593.5217836538728
6,686,593.5310633176906
6,687,593.5403416409695
6,688,593.5496186237092
6,689,593.5588942659099
6,690,593.5681685675717
6,691,593.5774415286943
6,692,593.586713149278
6,693,593.5959834293226
6,694,593.6052523688282
6,695,593.6145199677948
6,696,593.6237862262224
6,697,593.6330511441108
6,698,593.6423147214604
6,699,593.6515769582708
6,700,593.6608378545421
6,701,593.6700974102746
6,702,593.6793556254679
6,703,593.6886125001223
6,704,593.6978680342376
6,705,593.7071222278139
6,706,593.7163750808511
6,707,593.7256265933494
6,708,593.7348767653085
6,709,593.7441255967287
6,710,593.7533730876098
6,711,593.762619237952
6,712,593.771864047755
6,713,593.7811075170191
6,714,593.7903496457441
6,715,593.7995904339301
6,716,593.808829881577
6,717,593.818067988685
6,718,593.8273047552539
6,719,593.8365401812838
6,720,593.8457742667747
6,721,593.8550070117265
6,722,593.8642384161393
6,723,593.873468480013
6,724,593.8826972033478
6,725,593.8919245861434
6,726,593.9011506284002
6,727,593.9103753301177
6,728,593.9195986912964
6,729,593.928820711936
6,730,593.9380413920366
6,731,593.9472607315981
6,732,593.9564787306206
6,733,593.9656953891041
6,734,593.9749107070485
6,735,593.984124684454
6,736,593.9933373213204
6,737,594.0025486176477
6,738,594.011758573436
6,739,594.0209671886853
6,740,594.0301744633956
6,741,594.0393803975669
6,742,594.048584991199
6,743,594.0577882442923
6,744,594.0669901568465
6,745,594.0761907288615
6,746,594.0853899603377
6,747,594.0945878512747
6,748,594.1037844016728
6,749,594.1129796115318
6,750,594.1221734808518
6,751,594.1313660096328
6,752,594.1405571978747
6,753,594.1497470455776
6,754,594.1589355527415
6,755,594.1681227193664
6,756,594.1773085454521
6,757,594.1864930309989
6,758,594.1956761760067
6,759,594.2048579804754
6,760,594.2140384444051
6,761,594.2232175677958
6,762,594.2323953506474
6,763,594.24157179296
6,764,594.2507468947337
6,765,594.2599206559681
6,766,594.2690930766637
6,767,594.2782641568202
6,768,594.2874338964376
6,769,594.2966022955161
6,770,594.3057693540555
6,771,594.314935072056
6,772,594.3240994495172
6,773,594.3332624864396
6,774,594.3424241828229
6,775,594.3515845386672
6,776,594.3607435539724
6,777,594.3699012287386
6,778,594.3790575629658
6,779,594.3882125566539
6,780,594.3973662098031
6,781,594.4065185224132
6,782,594.4156694944843
6,783,594.4248191260162
6,784,594.4339674170093
6,785,594.4431143674633
6,786,594.4522599773783
6,787,594.4614042467542
6,788,594.470547175591
6,789,594.4796887638889
6,790,594.4888290116478
6,791,594.4979679188676
6,792,594.5071054855483
6,793,594.5162417116901
6,794,594.5253765972928
6,795,594.5345101423566
6,796,594.5436423468813
6,797,594.5527732108668
6,798,594.5619027343134
6,799,594.571030917221
6,800,594.5801577595896
6,801,594.5892832614192
6,802,594.5984074227097
6,803,594.607530243461
6,804,594.6166517236735
6,805,594.6257718633469
6,806,594.6348906624813
6,807,594.6440081210767
6,808,594.653124239133
6,809,594.6622390166502
6,810,594.6713524536285
6,811,594.6804645500678
6,812,594.689575305968
6,813,594.6986847213292
6,814,594.7077927961514
6,815,594.7168995304345
6,816,594.7260049241785
6,817,594.7351089773836
6,818,594.7442116900496
6,819,594.7533130621766
6,820,594.7624130937646
6,821,594.7715117848136
6,822,594.7806091353235
6,823,594.7897051452944
6,824,594.7987998147263
6,825,594.807893143619
6,826,594.8169851319728
6,827,594.8260757797876
6,828,594.8351650870634
6,829,594.8442530538001
6,830,594.8533396799978
6,831,594.8624249656565
6,832,594.8715089107761
6,833,594.8805915153567
6,834,594.8896727793983
6,835,594.8987527029009
6,836,594.9078312858644
6,837,594.9169085282889
6,838,594.9259844301743
6,839,594.9350589915207
6,840,594.9441322123281
6,841,594.9532040925965
6,842,594.9622746323258
6,843,594.9713438315162
6,844,594.9804116901674
6,845,594.9894782082797
6,846,594.9985433858529
6,847,595.0076072228871
6,848,595.0166697193823
6,849,595.0257308753385
6,850,595.0347906907556
6,851,595.0438491656337
6,852,595.0529062999727
6,853,595.0619620937728
6,854,595.0710165470338
6,855,595.0800696597557
6,856,595.0891214319387
6,857,595.0981718635826
6,858,595.1072209546875
6,859,595.1162687052533
6,860,595.1253151152802
6,861,595.134360184768
6,862,595.1434039137167
6,863,595.1524463021265
6,864,595.1614873499972
6,865,595.1705270573289
6,866,595.1795654241215
6,867,595.1886024503752
6,868,595.1976381360898
6,869,595.2066724812654
6,870,595.2157054859019
6,871,595.2247371499994
6,872,595.2337674735579
6,873,595.2427964565774
6,874,595.2518240990578
6,875,595.2608504009992
6,876,595.2698753624015
6,877,595.2788989832649
6,878,595.2879212635892
6,879,595.2969422033744
6,880,595.3059618026207
6,881,595.314980061328
6,882,595.3239969794962
6,883,595.3330125571254
6,884,595.3420267942155
6,885,595.3510396907666
6,886,595.3600512467787
6,887,595.3690614622517
6,888,595.3780703371857
6,889,595.3870778715807
6,890,595.3960840654368
6,891,595.4050889187537
6,892,595.4140924315316
6,893,595.4230946037704
6,894,595.4320954354703
6,895,595.4410949266311
6,896,595.4500930772529
6,897,595.4590898873357
6,898,595.4680853568794
6,899,595.4770794858841
6,900,595.4860722743498
6,901,595.4950637222764
6,902,595.504053829664
6,903,595.5130425965127
6,904,595.5220300228223
6,905,595.5310161085928
6,906,595.5400008538243
6,907,595.5489842585167
6,908,595.5579663226703
6,909,595.5669470462847
6,910,595.57592642936
6,911,595.5849044718964
6,912,595.5938811738937
6,913,595.6028565353521
6,914,595.6118305562713
6,915,595.6208032366516
6,916,595.6297745764928
6,917,595.6387445757949
6,918,595.6477132345582
6,919,595.6566805527823
6,920,595.6656465304674
6,921,595.6746111676134
6,922,595.6835744642206
6,923,595.6925364202885
6,924,595.7014970358175
6,925,595.7104563108074
6,926,595.7194142452585
6,927,595.7283708391703
6,928,595.7373260925432
6,929,595.746280005377
6,930,595.7552325776719
6,931,595.7641838094277
6,932,595.7731337006444
6,933,595.7820822513221
6,934,595.7910294614609
6,935,595.7999753310605
6,936,595.8089198601211
6,937,595.8178630486428
6,938,595.8268048966254
6,939,595.8357454040689
6,940,595.8446845709735
6,941,595.853622397339
6,942,595.8625588831654
6,943,595.8714940284528
6,944,595.8804278332013
6,945,595.8893602974107
6,946,595.898291421081
6,947,595.9072212042124
6,948,595.9161496468047
6,949,595.9250767488579
6,950,595.9340025103722
6,951,595.9429269313474
6,952,595.9518500117836
6,953,595.9607717516808
6,954,595.9696921510389
6,955,595.978611209858
6,956,595.9875289281381
6,957,595.9964453058791
6,958,596.0053603430812
6,959,596.0142740397441
6,960,596.023186395868
6,961,596.032097411453
6,962,596.0410070864989
6,963,596.0499154210057
6,964,596.0588224149736
6,965,596.0677280684024
6,966,596.0766323812923
6,967,596.085535353643
6,968,596.0944369854546
6,969,596.1033372767274
6,970,596.112236227461
6,971,596.1211338376557
6,972,596.1300301073113
6,973,596.1389250364278
6,974,596.1478186250055
6,975,596.156710873044
6,976,596.1656017805435
6,977,596.1744913475039
6,978,596.1833795739254
6,979,596.1922664598078
6,980,596.2011520051511
6,981,596.2100362099555
6,982,596.2189190742208
6,983,596.2278005979472
6,984,596.2366807811344
6,985,596.2455596237827
6,986,596.2544371258919
6,987,596.2633132874621
6,988,596.2721881084932
6,989,596.2810615889854
6,990,596.2899337289384
6,991,596.2988045283525
6,992,596.3076739872275
6,993,596.3165421055636
6,994,596.3254088833605
6,995,596.3342743206185
6,996,596.3431384173374
6,997,596.3520011735174
6,998,596.3608625891582
6,999,596.36972266426
6,1000,596.3785813988228
6,1001,596.3874387928466
6,1002,596.3962948463313
6,1003,596.4051495592771
6,1004,596.4140029316837
6,1005,596.4228549635515
6,1006,596.43170565488
6,1007,596.4405550056697
6,1008,596.4494030159202
6,1009,596.4582496856318
6,1010,596.4670950148043
6,1011,596.4759390034378
6,1012,596.4847816515322
6,1013,596.4936229590877
6,1014,596.5024629261042
6,1015,596.5113015525815
6,1016,596.5201388385199
6,1017,596.5289747839191
6,1018,596.5378093887795
6,1019,596.5466426531007
6,1020,596.555474576883
6,1021,596.5643051601262
6,1022,596.5731344028303
6,1023,596.5819623049955
6,1024,596.5907888666216
6,1025,596.5996140877087
6,1026,596.6084379682568
6,1027,596.6172605082658
6,1028,596.6260817077358
6,1029,596.6349015666667
6,1030,596.6437200850587
6,1031,596.6525372629117
6,1032,596.6613531002255
6,1033,596.6701675970004
6,1034,596.6789807532363
6,1035,596.687792568933
6,1036,596.6966030440908
6,1037,596.7054121787095
6,1038,596.7142199727892
6,1039,596.72302642633
6,1040,596.7318315393316
6,1041,596.7406353117942
6,1042,596.7494377437179
6,1043,596.7582388351024
6,1044,596.767038585948
6,1045,596.7758369962545
6,1046,596.7846340660219
6,1047,596.7934297952504
6,1048,596.8022241839399
6,1049,596.8110172320902
6,1050,596.8198089397016
6,1051,596.828599306774
6,1052,596.8373883333072
6,1053,596.8461760193015
6,1054,596.8549623647568
6,1055,596.8637473696731
6,1056,596.8725310340502
6,1057,596.8813133578884
6,1058,596.8900943411876
6,1059,596.8988739839476
6,1060,596.9076522861687
6,1061,596.9164292478508
6,1062,596.9252048689939
6,1063,596.9339791495978
6,1064,596.9427520896628
6,1065,596.9515236891888
6,1066,596.9602939481757
6,1067,596.9690628666235
6,1068,596.9778304445324
6,1069,596.9865966819023
6,1070,596.9953615787331
6,1071,597.0041251350248
6,1072,597.0128873507775
6,1073,597.0216482259913
6,1074,597.030407760666
6,1075,597.0391659548015
6,1076,597.0479228083982
6,1077,597.0566783214558
6,1078,597.0654324939744
6,1079,597.074185325954
6,1080,597.0829368173944
6,1081,597.0916869682959
6,1082,597.1004357786584
6,1083,597.1091832484818
6,1084,597.1179293777661
6,1085,597.1266741665115
6,1086,597.1354176147179
6,1087,597.1441597223852
6,1088,597.1529004895135
6,1089,597.1616399161028
6,1090,597.1703780021529
6,1091,597.1791147476641
6,1092,597.1878501526363
6,1093,597.1965842170695
6,1094,597.2053169409636
6,1095,597.2140483243187
6,1096,597.2227783671347
6,1097,597.2315070694117
6,1098,597.2402344311497
6,1099,597.2489604523487
6,1100,597.2576851330086
6,1101,597.2664084731296
6,1102,597.2751304727115
6,1103,597.2838511317542
6,1104,597.292570450258
6,1105,597.3012884282228
6,1106,597.3100050656486
6,1107,597.3187203625354
6,1108,597.3274343188831
6,1109,597.3361469346918
6,1110,597.3448582099614
6,1111,597.353568144692
6,1112,597.3622767388836
6,1113,597.3709839925361
6,1114,597.3796899056497
6,1115,597.3883944782242
6,1116,597.3970977102597
6,1117,597.4057996017561
6,1118,597.4145001527136
6,1119,597.423199363132
6,1120,597.4318972330113
6,1121,597.4405937623517
6,1122,597.449288951153
6,1123,597.4579827994153
6,1124,597.4666753071384
6,1125,597.4753664743226
6,1126,597.4840563009678
6,1127,597.492744787074
6,1128,597.5014319326411
6,1129,597.5101177376692
6,1130,597.5188022021583
6,1131,597.5274853261084
6,1132,597.5361671095194
6,1133,597.5448475523914
6,1134,597.5535266547244
6,1135,597.5622044165183
6,1136,597.5708808377732
6,1137,597.5795559184891
6,1138,597.5882296586659
6,1139,597.5969020583037
6,1140,597.6055731174025
6,1141,597.6142428359623
6,1142,597.622911213983
6,1143,597.6315782514647
6,1144,597.6402439484074
6,1145,597.648908304811
6,1146,597.6575713206756
6,1147,597.6662329960012
6,1148,597.6748933307878
6,1149,597.6835523250353
6,1150,597.6922099787438
6,1151,597.7008662919133
6,1152,597.7095212645437
6,1153,597.7181748966351
6,1154,597.7268271881875
6,1155,597.7354781392008
6,1156,597.7441277496752
6,1157,597.7527760196106
6,1158,597.7614229490068
6,1159,597.7700685378641
6,1160,597.7787127861823
6,1161,597.7873556939614
6,1162,597.7959972612016
6,1163,597.8046374879027
6,1164,597.8132763740648
6,1165,597.8219139196879
6,1166,597.8305501247719
6,1167,597.8391849893169
6,1168,597.8478185133229
6,1169,597.8564506967899
6,1170,597.8650815397178
6,1171,597.8737110421067
6,1172,597.8823392039566
6,1173,597.8909660252674
6,1174,597.8995915060392
6,1175,597.908215646272
6,1176,597.9168384459657
6,1177,597.9254599051204
6,1178,597.9340800237362
6,1179,597.9426988018129
6,1180,597.9513162393505
6,1181,597.9599323363491
6,1182,597.9685470928086
6,1183,597.9771605087292
6,1184,597.9857725841107
6,1185,597.9943833189533
6,1186,598.0029927132567
6,1187,598.0116007670212
6,1188,598.0202074802465
6,1189,598.0288128529329
6,1190,598.0374168850802
6,1191,598.0460195766886
6,1192,598.0546209277579
6,1193,598.0632209382882
6,1194,598.0718196082794
6,1195,598.0804169377316
6,1196,598.0890129266448
6,1197,598.097607575019
6,1198,598.1062008828541
6,1199,598.1147928501501
6,1200,598.1233834769072
6,1201,598.1319727631253
6,1202,598.1405607088043
6,1203,598.1491473139442
6,1204,598.1577325785452
6,1205,598.1663165026071
6,1206,598.17489908613
6,1207,598.1834803291139
6,1208,598.1920602315587
6,1209,598.2006387934645
6,1210,598.2092160148313
6,1211,598.217791895659
6,1212,598.2263664359477
6,1213,598.2349396356974
6,1214,598.2435114949081
6,1215,598.2520820135798
6,1216,598.2606511917123
6,1217,598.2692190293059
6,1218,598.2777855263605
6,1219,598.286350682876
6,1220,598.2949144988524
6,1221,598.3034769742899
6,1222,598.3120381091884
6,1223,598.3205979035478
6,1224,598.3291563573681
6,1225,598.3377134706495
6,1226,598.3462692433918
6,1227,598.3548236755951
6,1228,598.3633767672594
6,1229,598.3719285183846
6,1230,598.3804789289708
6,1231,598.3890279990179
6,1232,598.3975757285261
6,1233,598.4061221174952
6,1234,598.4146671659253
6,1235,598.4232108738164
6,1236,598.4317532411684
6,1237,598.4402942679814
6,1238,598.4488339542554
6,1239,598.4573722999903
6,1240,598.4659093051862
6,1241,598.4744449698431
6,1242,598.482979293961
6,1243,598.4915122775399
6,1244,598.5000439205796
6,1245,598.5085742230804
6,1246,598.5171031850422
6,1247,598.5256308064648
6,1248,598.5341570873485
6,1249,598.5426820276932
6,1250,598.5512056274988
6,1251,598.5597278867654
6,1252,598.568248805493
6,1253,598.5767683836815
6,1254,598.5852866213311
6,1255,598.5938035184415
6,1256,598.6023190750129
6,1257,598.6108332910454
6,1258,598.6193461665388
6,1259,598.6278577014932
6,1260,598.6363678959085
6,1261,598.6448767497849
6,1262,598.6533842631221
6,1263,598.6618904359203
6,1264,598.6703952681796
6,1265,598.6788987598998
6,1266,598.687400911081
6,1267,598.6959017217231
6,1268,598.7044011918263
6,1269,598.7128993213903
6,1270,598.7213961104153
6,1271,598.7298915589014
6,1272,598.7383856668483
6,1273,598.7468784342564
6,1274,598.7553698611252
6,1275,598.7638599474552
6,1276,598.772348693246
6,1277,598.780836098498
6,1278,598.7893221632107
6,1279,598.7978068873846
6,1280,598.8062902710193
6,1281,598.8147723141151
6,1282,598.8232530166717
6,1283,598.8317323786895
6,1284,598.8402104001681
6,1285,598.8486870811078
6,1286,598.8571624215083
6,1287,598.8656364213699
6,1288,598.8741090806924
6,1289,598.882580399476
6,1290,598.8910503777204
6,1291,598.8995190154259
6,1292,598.9079863125922
6,1293,598.9164522692197
6,1294,598.924916885308
6,1295,598.9333801608574
6,1296,598.9418420958676
6,1297,598.950302690339
6,1298,598.9587619442711
6,1299,598.9672198576644
6,1300,598.9756764305187
6,1301,598.9841316628338
6,1302,598.99258555461
6,1303,599.001038105847
6,1304,599.0094893165451
6,1305,599.0179391867041
6,1306,599.0263877163242
6,1307,599.0348349054052
6,1308,599.0432807539471
6,1309,599.0517252619501
6,1310,599.0601684294139
6,1311,599.0686102563388
6,1312,599.0770507427247
6,1313,599.0854898885715
6,1314,599.0939276938793
6,1315,599.102364158648
6,1316,599.1107992828778
6,1317,599.1192330665685
6,1318,599.1276655097201
6,1319,599.1360966123328
6,1320,599.1445263744064
6,1321,599.152954795941
6,1322,599.1613818769366
6,1323,599.1698076173931
6,1324,599.1782320173106
6,1325,599.1866550766891
6,1326,599.1950767955285
6,1327,599.203497173829
6,1328,599.2119162115904
6,1329,599.2203339088127
6,1330,599.228750265496
6,1331,599.2371652816404
6,1332,599.2455789572456
6,1333,599.2539912923119
6,1334,599.2624022868391
6,1335,599.2708119408272
6,1336,599.2792202542764
6,1337,599.2876272271866
6,1338,599.2960328595576
6,1339,599.3044371513897
6,1340,599.3128401026828
6,1341,599.3212417134367
6,1342,599.3296419836518
6,1343,599.3380409133277
6,1344,599.3464385024646
6,1345,599.3548347510625
6,1346,599.3632296591214
6,1347,599.3716232266413
6,1348,599.380015453622
6,1349,599.3884063400639
6,1350,599.3967958859666
6,1351,599.4051840913303
6,1352,599.413570956155
6,1353,599.4219564804407
6,1354,599.4303406641874
6,1355,599.4387235073949
6,1356,599.4471050100635
6,1357,599.4554851721931
6,1358,599.4638639937837
6,1359,599.4722414748351
6,1360,599.4806176153476
6,1361,599.488992415321
6,1362,599.4973658747555
6,1363,599.5057379936509
6,1364,599.5141087720071
6,1365,599.5224782098245
6,1366,599.5308463071028
6,1367,599.5392130638421
6,1368,599.5475784800423
6,1369,599.5559425557035
6,1370,599.5643052908257
6,1371,599.5726666854089
6,1372,599.581026739453
6,1373,599.5893854529581
6,1374,599.5977428259241
6,1375,599.6060988583512
6,1376,599.6144535502392
6,1377,599.6228069015882
6,1378,599.6311589123982
6,1379,599.639509582669
6,1380,599.6478589124009
6,1381,599.6562069015938
6,1382,599.6645535502477
6,1383,599.6728988583625
6,1384,599.6812428259383
6,1385,599.6895854529749
6,1386,599.6979267394727
6,1387,599.7062666854314
6,1388,599.7146052908511
6,1389,599.7229425557317
6,1390,599.7312784800733
6,1391,599.7396130638759
6,1392,599.7479463071395
6,1393,599.7562782098639
6,1394,599.7646087720494
6,1395,599.7729379936959
6,1396,599.7812658748034
6,1397,599.7895924153718
6,1398,599.7979176154012
6,1399,599.8062414748915
6,1400,599.8145639938429
6,1401,599.8228851722552
6,1402,599.8312050101283
6,1403,599.8395235074626
6,1404,599.8478406642578
6,1405,599.856156480514
6,1406,599.8644709562311
6,1407,599.8727840914092
6,1408,599.8810958860483
6,1409,599.8894063401484
6,1410,599.8977154537095
6,1411,599.9060232267315
6,1412,599.9143296592144
6,1413,599.9226347511584
6,1414,599.9309385025633
6,1415,599.9392409134292
6,1416,599.9475419837561
6,1417,599.9558417135439
6,1418,599.9641401027926
6,1419,599.9724371515024
6,1420,599.9807328596731
6,1421,599.9890272273049
6,1422,599.9973202543976
6,1423,600.0056119409512
6,1424,600.0139022869658
6,1425,600.0221912924414
6,1426,600.030478957378
6,1427,600.0387652817756
6,1428,600.0470502656341
6,1429,600.0553339089536
6,1430,600.063616211734
6,1431,600.0718971739755
6,1432,600.0801767956779
6,1433,600.0884550768412
6,1434,600.0967320174656
6,1435,600.1050076175509
6,1436,600.1132818770972
6,1437,600.1215547961044
6,1438,600.1298263745728
6,1439,600.138096612502
6,1440,600.1463655098921
6,1441,600.1546330667433
6,1442,600.1628992830554
6,1443,600.1711641588284
6,1444,600.1794276940625
6,1445,600.1876898887575
6,1446,600.1959507429135
6,1447,600.2042102565305
6,1448,600.2124684296084
6,1449,600.2207252621473
6,1450,600.2289807541472
6,1451,600.237234905608
6,1452,600.2454877165299
6,1453,600.2537391869126
6,1454,600.2619893167565
6,1455,600.2702381060612
6,1456,600.278485554827
6,1457,600.2867316630536
6,1458,600.2949764307413
6,1459,600.3032198578899
6,1460,600.3114619444995
6,1461,600.31970269057
6,1462,600.3279420961015
6,1463,600.3361801610941
6,1464,600.3444168855476
6,1465,600.352652269462
6,1466,600.3608863128375
6,1467,600.3691190156738
6,1468,600.3773503779712
6,1469,600.3855803997295
6,1470,600.3938090809488
6,1471,600.4020364216292
6,1472,600.4102624217704
6,1473,600.4184870813726
6,1474,600.4267104004358
6,1475,600.43493237896
6,1476,600.4431530169451
6,1477,600.4513723143913
6,1478,600.4595902712983
6,1479,600.4678068876664
6,1480,600.4760221634954
6,1481,600.4842360987853
6,1482,600.4924486935363
6,1483,600.5006599477483
6,1484,600.5088698614212
6,1485,600.5170784345551
6,1486,600.5252856671499
6,1487,600.5334915592057
6,1488,600.5416961107226
6,1489,600.5498993217003
6,1490,600.558101192139
6,1491,600.5663017220387
6,1492,600.5745009113995
6,1493,600.5826987602211
6,1494,600.5908952685037
6,1495,600.5990904362473
6,1496,600.6072842634518
6,1497,600.6154767501174
6,1498,600.6236678962439
6,1499,600.6318577018313
6,1500,600.6400461668798
6,1501,600.6482332913893
6,1502,600.6564190753596
6,1503,600.664603518791
6,1504,600.6727866216834
6,1505,600.6809683840366
6,1506,600.6891488058509
6,1507,600.6973278871261
6,1508,600.7055056278624
6,1509,600.7136820280596
6,1510,600.7218570877177
6,1511,600.7300308068368
6,1512,600.738203185417
6,1513,600.746374223458
6,1514,600.75454392096
6,1515,600.7627122779231
6,1516,600.7708792943471
6,1517,600.779044970232
6,1518,600.787209305578
6,1519,600.7953723003849
6,1520,600.8035339546527
6,1521,600.8116942683816
6,1522,600.8198532415714
6,1523,600.8280108742222
6,1524,600.836167166334
6,1525,600.8443221179067
6,1526,600.8524757289404
6,1527,600.8606279994351
6,1528,600.8687789293907
6,1529,600.8769285188073
6,1530,600.885076767685
6,1531,600.8932236760235
6,1532,600.901369243823
6,1533,600.9095134710835
6,1534,600.917656357805
6,1535,600.9257979039874
6,1536,600.9339381096308
6,1537,600.9420769747352
6,1538,600.9502144993006
6,1539,600.9583506833269
6,1540,600.9664855268142
6,1541,600.9746190297625
6,1542,600.9827511921717
6,1543,600.990882014042
6,1544,600.9990114953731
6,1545,601.0071396361652
6,1546,601.0152664364184
6,1547,601.0233918961325
6,1548,601.0315160153076
6,1549,601.0396387939436
6,1550,601.0477602320406
6,1551,601.0558803295986
6,1552,601.0639990866175
6,1553,601.0721165030975
6,1554,601.0802325790384
6,1555,601.0883473144403
6,1556,601.0964607093031
6,1557,601.1045727636268
6,1558,601.1126834774117
6,1559,601.1207928506574
6,1560,601.1289008833642
6,1561,601.1370075755318
6,1562,601.1451129271605
6,1563,601.1532169382501
6,1564,601.1613196088008
6,1565,601.1694209388123
6,1566,601.1775209282849
6,1567,601.1856195772184
6,1568,601.193716885613
6,1569,601.2018128534684
6,1570,601.2099074807849
6,1571,601.2180007675622
6,1572,601.2260927138007
6,1573,601.2341833195
6,1574,601.2422725846603
6,1575,601.2503605092816
6,1576,601.2584470933639
6,1577,601.2665323369071
6,1578,601.2746162399113
6,1579,601.2826988023764
6,1580,601.2907800243026
6,1581,601.2988599056897
6,1582,601.3069384465379
6,1583,601.3150156468469
6,1584,601.323091506617
6,1585,601.3311660258479
6,1586,601.3392392045399
6,1587,601.3473110426929
6,1588,601.3553815403068
6,1589,601.3634506973817
6,1590,601.3715185139175
6,1591,601.3795849899144
6,1592,601.3876501253721
6,1593,601.395713920291
6,1594,601.4037763746708
6,1595,601.4118374885114
6,1596,601.4198972618132
6,1597,601.4279556945758
6,1598,601.4360127867994
6,1599,601.444068538484
6,1600,601.4521229496296
6,1601,601.4601760202362
6,1602,601.4682277503036
6,1603,601.4762781398322
6,1604,601.4843271888216
6,1605,601.492374897272
6,1606,601.5004212651835
6,1607,601.5084662925558
6,1608,601.5165099793892
6,1609,601.5245523256835
6,1610,601.5325933314388
6,1611,601.5406329966551
6,1612,601.5486713213322
6,1613,601.5567083054705
6,1614,601.5647439490697
6,1615,601.5727782521298
6,1616,601.5808112146509
6,1617,601.588842836633
6,1618,601.596873118076
6,1619,601.6049020589801
6,1620,601.6129296593451
6,1621,601.620955919171
6,1622,601.628980838458
6,1623,601.637004417206
6,1624,601.6450266554148
6,1625,601.6530475530847
6,1626,601.6610671102155
6,1627,601.6690853268074
6,1628,601.67710220286
6,1629,601.6851177383738
6,1630,601.6931319333486
6,1631,601.7011447877842
6,1632,601.7091563016809
6,1633,601.7171664750385
6,1634,601.7251753078571
6,1635,601.7331828001367
6,1636,601.7411889518772
6,1637,601.7491937630788
6,1638,601.7571972337412
6,1639,601.7651993638647
6,1640,601.7732001534491
6,1641,601.7811996024946
6,1642,601.7891977110008
6,1643,601.7971944789682
6,1644,601.8051899063965
6,1645,601.8131839932859
6,1646,601.821176739636
6,1647,601.8291681454473
6,1648,601.8371582107195
6,1649,601.8451469354527
6,1650,601.8531343196468
6,1651,601.8611203633019
6,1652,601.869105066418
6,1653,601.8770884289951
6,1654,601.885070451033
6,1655,601.893051132532
6,1656,601.901030473492
6,1657,601.909008473913
6,1658,601.9169851337949
6,1659,601.9249604531377
6,1660,601.9329344319416
6,1661,601.9409070702064
6,1662,601.9488783679323
6,1663,601.956848325119
6,1664,601.9648169417668
6,1665,601.9727842178754
6,1666,601.9807501534451
6,1667,601.9887147484758
6,1668,601.9966780029674
6,1669,602.00463991692
6,1670,602.0126004903336
6,1671,602.0205597232081
6,1672,602.0285176155436
6,1673,602.0364741673401
6,1674,602.0444293785976
6,1675,602.052383249316
6,1676,602.0603357794954
6,1677,602.0682869691358
6,1678,602.076236818237
6,1679,602.0841853267993
6,1680,602.0921324948226
6,1681,602.1000783223069
6,1682,602.1080228092521
6,1683,602.1159659556583
6,1684,602.1239077615255
6,1685,602.1318482268537
6,1686,602.1397873516427
6,1687,602.1477251358928
6,1688,602.1556615796038
6,1689,602.1635966827758
6,1690,602.1715304454088
6,1691,602.1794628675028
6,1692,602.1873939490578
6,1693,602.1953236900737
6,1694,602.2032520905506
6,1695,602.2111791504884
6,1696,602.2191048698872
6,1697,602.227029248747
6,1698,602.2349522870678
6,1699,602.2428739848494
6,1700,602.2507943420921
6,1701,602.2587133587958
6,1702,602.2666310349605
6,1703,602.2745473705861
6,1704,602.2824623656727
6,1705,602.2903760202203
6,1706,602.2982883342288
6,1707,602.3061993076983
6,1708,602.3141089406288
6,1709,602.3220172330202
6,1710,602.3299241848727
6,1711,602.337829796186
6,1712,602.3457340669604
6,1713,602.3536369971957
6,1714,602.361538586892
6,1715,602.3694388360493
6,1716,602.3773377446676
6,1717,602.3852353127468
6,1718,602.393131540287
6,1719,602.4010264272881
6,1720,602.4089199737502
6,1721,602.4168121796733
6,1722,602.4247030450574
6,1723,602.4325925699025
6,1724,602.4404807542085
6,1725,602.4483675979754
6,1726,602.4562531012034
6,1727,602.4641372638923
6,1728,602.4720200860422
6,1729,602.4799015676531
6,1730,602.4877817087249
6,1731,602.4956605092577
6,1732,602.5035379692516
6,1733,602.5114140887064
6,1734,602.5192888676221
6,1735,602.5271623059988
6,1736,602.5350344038364
6,1737,602.5429051611351
6,1738,602.5507745778947
6,1739,602.5586426541153
6,1740,602.5665093897968
6,1741,602.5743747849393
6,1742,602.5822388395428
6,1743,602.5901015536073
6,1744,602.5979629271327
6,1745,602.6058229601192
6,1746,602.6136816525666
6,1747,602.6215390044749
6,1748,602.6293950158442
6,1749,602.6372496866745
7,0,576.516663180065
7,1,576.5270537217016
7,2,576.5374427120879
7,3,576.5478301512242
7,4,576.5582160391101
7,5,576.568600375746
7,6,576.5789831611316
7,7,576.589364395267
7,8,576.5997440781524
7,9,576.6101222097875
7,10,576.6204987901724
7,11,576.6308738193072
7,12,576.6412472971919
7,13,576.6516192238263
7,14,576.6619895992105
7,15,576.6723584233446
7,16,576.6827256962284
7,17,576.6930914178622
7,18,576.7034555882457
7,19,576.7138182073791
7,20,576.7241792752623
7,21,576.7345387918953
7,22,576.7448967572782
7,23,576.7552531714108
7,24,576.7656080342933
7,25,576.7759613459257
7,26,576.7863131063078
7,27,576.7966633154398
7,28,576.8070119733216
7,29,576.8173590799531
7,30,576.8277046353346
7,31,576.8380486394659
7,32,576.848391092347
7,33,576.8587319939779
7,34,576.8690713443586
7,35,576.8794091434892
7,36,576.8897453913696
7,37,576.9000800879998
7,38,576.9104132333798
7,39,576.9207448275097
7,40,576.9310748703894
7,41,576.9414033620188
7,42,576.9517303023982
7,43,576.9620556915274
7,44,576.9723795294063
7,45,576.9827018160352
7,46,576.9930225514138
7,47,577.0033417355422
7,48,577.0136593684206
7,49,577.0239754500486
7,50,577.0342899804266
7,51,577.0446029595544
7,52,577.054914387432
7,53,577.0652242640593
7,54,577.0755325894365
7,55,577.0858393635637
7,56,577.0961445864406
7,57,577.1064482580672
7,58,577.1167503784437
7,59,577.1270509475701
7,60,577.1373499654463
7,61,577.1476474320723
7,62,577.1579433474482
7,63,577.1682377115737
7,64,577.1785305244492
7,65,577.1888217860745
7,66,577.1991114964497
7,67,577.2093996555747
7,68,577.2196862634494
7,69,577.229971320074
7,70,577.2402548254485
7,71,577.2505367795727
7,72,577.2608171824468
7,73,577.2710960340706
7,74,577.2813733344444
7,75,577.2916490835679
7,76,577.3019232814413
7,77,577.3121959280645
7,78,577.3224670234375
7,79,577.3327365675603
7,80,577.3430045604331
7,81,577.3532710020555
7,82,577.3635358924279
7,83,577.37379923155
7,84,577.384061019422
7,85,577.3943212560438
7,86,577.4045799414155
7,87,577.4148370755369
7,88,577.4250926584082
7,89,577.4353466900292
7,90,577.4455991704001
7,91,577.455850099521
7,92,577.4660994773915
7,93,577.4763473040118
7,94,577.4865935793821
7,95,577.4968383035022
7,96,577.5070814763719
7,97,577.5173230979917
7,98,577.5275631683612
7,99,577.5378016874805
7,100,577.5480386553497
7,101,577.5582740719686
7,102,577.5685079373375
7,103,577.5787402514561
7,104,577.5889710143246
7,105,577.5992002259429
7,106,577.609427886311
7,107,577.619653995429
7,108,577.6298785532966
7,109,577.6401015599142
7,110,577.6503230152816
7,111,577.660542919399
7,112,577.670761272266
7,113,577.6809780738829
7,114,577.6911933242495
7,115,577.7014070233661
7,116,577.7116191712324
7,117,577.7218297678487
7,118,577.7320388132147
7,119,577.7422463073304
7,120,577.7524522501961
7,121,577.7626566418116
7,122,577.772859482177
7,123,577.7830607712921
7,124,577.793260509157
7,125,577.8034586957718
7,126,577.8136553311364
7,127,577.8238504152508
7,128,577.8340439481151
7,129,577.8442359297292
7,130,577.854426360093
7,131,577.8646152392068
7,132,577.8748025670703
7,133,577.8849883436837
7,134,577.895172569047
7,135,577.90535524316
7,136,577.9155363660228
7,137,577.9257159376355
7,138,577.935893957998
7,139,577.9460704271103
7,140,577.9562453449724
7,141,577.9664187115844
7,142,577.9765905269462
7,143,577.9867607910578
7,144,577.9969295039193
7,145,578.0070966655305
7,146,578.0172622758917
7,147,578.0274263350026
7,148,578.0375888428633
7,149,578.0477497994739
7,150,578.0579092048343
7,151,578.0680670589445
7,152,578.0782233618046
7,153,578.0883781134145
7,154,578.0985313137742
7,155,578.1086829628837
7,156,578.118833060743
7,157,578.1289816073521
7,158,578.1391286027111
7,159,578.14927404682
7,160,578.1594179396786
7,161,578.1695602812871
7,162,578.1797010716454
7,163,578.1898403107534
7,164,578.1999779986114
7,165,578.2101141352192
7,166,578.2202487205767
7,167,578.2303817546841
7,168,578.2405132375414
7,169,578.2506431691485
7,170,578.2607715495053
7,171,578.2708983786121
7,172,578.2810236564686
7,173,578.291147383075
7,174,578.3012695584312
7,175,578.3113901825371
7,176,578.321509255393
7,177,578.3316267769986
7,178,578.3417427473541
7,179,578.3518571664595
7,180,578.3619700343146
7,181,578.3720813509195
7,182,578.3821911162743
7,183,578.3922993303789
7,184,578.4024059932334
7,185,578.4125111048377
7,186,578.4226146651918
7,187,578.4327166742956
7,188,578.4428171321493
7,189,578.4529160387528
7,190,578.4630133941063
7,191,578.4731091982095
7,192,578.4832034510625
7,193,578.4932961526654
7,194,578.503387303018
7,195,578.5134769021205
7,196,578.5235649499729
7,197,578.533651446575
7,198,578.543736391927
7,199,578.5538197860288
7,200,578.5639016288804
7,201,578.5739819204819
7,202,578.5840606608332
7,203,578.5941378499342
7,204,578.6042134877852
7,205,578.6142875743859
7,206,578.6243601097365
7,207,578.6344310938368
7,208,578.6445005266871
7,209,578.6545684082871
7,210,578.664634738637
7,211,578.6746995177367
7,212,578.6847627455862
7,213,578.6948244221855
7,214,578.7048845475348
7,215,578.7149431216337
7,216,578.7250001444826
7,217,578.7350556160812
7,218,578.7451095364297
7,219,578.755161905528
7,220,578.7652127233761
7,221,578.7752619899741
7,222,578.7853097053218
7,223,578.7953558694194
7,224,578.8054004822668
7,225,578.815443543864
7,226,578.8254850542111
7,227,578.835525013308
7,228,578.8455634211547
7,229,578.8556002777513
7,230,578.8656355830976
7,231,578.8756693371938
7,232,578.8857015400398
7,233,578.8957321916357
7,234,578.9057612919813
7,235,578.9157888410768
7,236,578.9258148389222
7,237,578.9358392855173
7,238,578.9458621808623
7,239,578.955883524957
7,240,578.9659033178016
7,241,578.975921559396
7,242,578.9859382497403
7,243,578.9959533888344
7,244,579.0059669766783
7,245,579.015979013272
7,246,579.0259894986156
7,247,579.035998432709
7,248,579.0460058155522
7,249,579.0560116471452
7,250,579.066015927488
7,251,579.0760186565808
7,252,579.0860198344233
7,253,579.0960194610155
7,254,579.1060175363577
7,255,579.1160140604497
7,256,579.1260090332916
7,257,579.1360024548832
7,258,579.1459943252246
7,259,579.1559846443159
7,260,579.165973412157
7,261,579.1759606287479
7,262,579.1859462940887
7,263,579.1959304081793
7,264,579.2059129710196
7,265,579.2158939826098
7,266,579.2258734429499
7,267,579.2358513520398
7,268,579.2458277098794
7,269,579.255802516469
7,270,579.2657757718084
7,271,579.2757474758976
7,272,579.2857176287365
7,273,579.2956862303254
7,274,579.305653280664
7,275,579.3156187797525
7,276,579.3255827275908
7,277,579.3355451241789
7,278,579.3455059695168
7,279,579.3554652636046
7,280,579.3654230064423
7,281,579.3753791980296
7,282,579.3853338383668
7,283,579.395286927454
7,284,579.4052384652908
7,285,579.4151884518775
7,286,579.4251368872141
7,287,579.4350837713005
7,288,579.4450291041367
7,289,579.4549728857227
7,290,579.4649151160585
7,291,579.4748557951442
7,292,579.4847949229796
7,293,579.494732499565
7,294,579.5046685249001
7,295,579.5146029989851
7,296,579.5245359218198
7,297,579.5344672934045
7,298,579.5443971137389
7,299,579.5543253828232
7,300,579.5642521006573
7,301,579.5741772672412
7,302,579.584100882575
7,303,579.5940229466585
7,304,579.6039434594918
7,305,579.613862421075
7,306,579.6237798314081
7,307,579.633695690491
7,308,579.6436099983237
7,309,579.6535227549061
7,310,579.6634339602385
7,311,579.6733436143206
7,312,579.6832517171526
7,313,579.6931582687345
7,314,579.7030632690661
7,315,579.7129667181475
7,316,579.7228686159788
7,317,579.7327689625599
7,318,579.7426677578908
7,319,579.7525650019716
7,320,579.7624606948021
7,321,579.7723548363825
7,322,579.7822474267128
7,323,579.7921384657928
7,324,579.8020279536228
7,325,579.8119158902024
7,326,579.8218022755319
7,327,579.8316871096113
7,328,579.8415703924405
7,329,579.8514521240195
7,330,579.8613323043483
7,331,579.8712109334269
7,332,579.8810880112554
7,333,579.8909635378337
7,334,579.9008375131618
7,335,579.9107099372397
7,336,579.9205808100676
7,337,579.9304501316452
7,338,579.9403179019725
7,339,579.9501841210498
7,340,579.9600487888769
7,341,579.9699119054538
7,342,579.9797734707805
7,343,579.9896334848571
7,344,579.9994919476834
7,345,580.0093488592596
7,346,580.0192042195856
7,347,580.0290580286614
7,348,580.0389102864872
7,349,580.0487609930626
7,350,580.058610148388
7,351,580.0684577524631
7,352,580.0783038052881
7,353,580.0881483068629
7,354,580.0979912571875
7,355,580.107832656262
7,356,580.1176725040862
7,357,580.1275108006603
7,358,580.1373475459842
7,359,580.1471827400579
7,360,580.1570163828815
7,361,580.1668484744549
7,362,580.1766790147781
7,363,580.1865080038511
7,364,580.196335441674
7,365,580.2061613282467
7,366,580.2159856635692
7,367,580.2258084476415
7,368,580.2356296804637
7,369,580.2454493620356
7,370,580.2552674923575
7,371,580.2650840714291
7,372,580.2748990992505
7,373,580.2847125758218
7,374,580.294524501143
7,375,580.3043348752138
7,376,580.3141436980346
7,377,580.3239509696052
7,378,580.3337566899256
7,379,580.3435608589958
7,380,580.353363476816
7,381,580.3631645433858
7,382,580.3729640587055
7,383,580.3827620227751
7,384,580.3925584355944
7,385,580.4023532971636
7,386,580.4121466074826
7,387,580.4219383665514
7,388,580.43172857437
7,389,580.4415172309385
7,390,580.4513043362568
7,391,580.461089890325
7,392,580.4708738931429
7,393,580.4806563447107
7,394,580.4904372450283
7,395,580.5002165940957
7,396,580.509994391913
7,397,580.51977063848
7,398,580.5295453337969
7,399,580.5393184778636
7,400,580.5490900706802
7,401,580.5588601122465
7,402,580.5686286025627
7,403,580.5783955416288
7,404,580.5881609294446
7,405,580.5979247660104
7,406,580.6076870513258
7,407,580.6174477853912
7,408,580.6272069682062
7,409,580.6369645997712
7,410,580.646720680086
7,411,580.6564752091507
7,412,580.6662281869651
7,413,580.6759796135293
7,414,580.6857294888434
7,415,580.6954778129074
7,416,580.7052245857211
7,417,580.7149698072847
7,418,580.724713477598
7,419,580.7344555966613
7,420,580.7441961644744
7,421,580.7539351810371
7,422,580.7636726463498
7,423,580.7734085604123
7,424,580.7831429232248
7,425,580.7928757347869
7,426,580.8026069950989
7,427,580.8123367041607
7,428,580.8220648619723
7,429,580.8317914685338
7,430,580.841516523845
7,431,580.8512400279062
7,432,580.8609619807171
7,433,580.8706823822779
7,434,580.8804012325885
7,435,580.8901185316489
7,436,580.8998342794591
7,437,580.9095484760192
7,438,580.9192611213291
7,439,580.9289722153887
7,440,580.9386817581983
7,441,580.9483897497577
7,442,580.9580961900668
7,443,580.9678010791258
7,444,580.9775044169346
7,445,580.9872062034933
7,446,580.9969064388018
7,447,581.0066051228602
7,448,581.0163022556683
7,449,581.0259978372262
7,450,581.035691867534
7,451,581.0453843465916
7,452,581.055075274399
7,453,581.0647646509562
7,454,581.0744524762633
7,455,581.0841387503202
7,456,581.0938234731269
7,457,581.1035066446835
7,458,581.1131882649898
7,459,581.1228683340461
7,460,581.1325468518521
7,461,581.142223818408
7,462,581.1518992337136
7,463,581.1615730977691
7,464,581.1712454105744
7,465,581.1809161721296
7,466,581.1905853824345
7,467,581.2002530414893
7,468,581.209919149294
7,469,581.2195837058484
7,470,581.2292467111527
7,471,581.2389081652068
7,472,581.2485680680107
7,473,581.2582264195645
7,474,581.267883219868
7,475,581.2775384689214
7,476,581.2871921667246
7,477,581.2968443132777
7,478,581.3064949085806
7,479,581.3161439526332
7,480,581.3257914454357
7,481,581.3354373869881
7,482,581.3450817772903
7,483,581.3547246163422
7,484,581.364365904144
7,485,581.3740056406957
7,486,581.3836438259972
7,487,581.3932804600485
7,488,581.4029155428495
7,489,581.4125490744005
7,490,581.4221810547012
7,491,581.4318114837519
7,492,581.4414403615523
7,493,581.4510676881025
7,494,581.4606934634025
7,495,581.4703176874525
7,496,581.4799403602522
7,497,581.4895614818017
7,498,581.4991810521011
7,499,581.5087990711503
7,500,581.5184155389493
7,501,581.5280304554981
7,502,581.5376438207967
7,503,581.5472556348452
7,504,581.5568658976435
7,505,581.5664746091917
7,506,581.5760817694896
7,507,581.5856873785374
7,508,581.595291436335
7,509,581.6048939428824
7,510,581.6144948981797
7,511,581.6240943022268
7,512,581.6336921550237
7,513,581.6432884565704
7,514,581.6528832068669
7,515,581.6624764059134
7,516,581.6720680537095
7,517,581.6816581502555
7,518,581.6912466955514
7,519,581.7008336895971
7,520,581.7104191323926
7,521,581.7200030239379
7,522,581.7295853642331
7,523,581.739166153278
7,524,581.7487453910728
7,525,581.7583230776174
7,526,581.7678992129119
7,527,581.7774737969562
7,528,581.7870468297502
7,529,581.7966183112942
7,530,581.806188241588
7,531,581.8157566206315
7,532,581.8253234484249
7,533,581.8348887249681
7,534,581.8444524502612
7,535,581.854014624304
7,536,581.8635752470967
7,537,581.8731343186392
7,538,581.8826918389316
7,539,581.8922478079738
7,540,581.9018022257658
7,541,581.9113550923076
7,542,581.9209064075992
7,543,581.9304561716407
7,544,581.940004384432
7,545,581.9495510459731
7,546,581.9590961562641
7,547,581.9686397153048
7,548,581.9781817230954
7,549,581.9877221796359
7,550,581.9972610849261
7,551,582.0067984389661
7,552,582.016334241756
7,553,582.0258684932958
7,554,582.0354011935852
7,555,582.0449323426246
7,556,582.0544619404138
7,557,582.0639899869528
7,558,582.0735164822416
7,559,582.0830414262804
7,560,582.0925648190688
7,561,582.1020866606071
7,562,582.1116069508953
7,563,582.1211256899333
7,564,582.130642877721
7,565,582.1401585142586
7,566,582.1496725995461
7,567,582.1591851335833
7,568,582.1686961163704
7,569,582.1782055479073
7,570,582.187713428194
7,571,582.1972197572305
7,572,582.206724535017
7,573,582.2162277615531
7,574,582.2257294368392
7,575,582.235229560875
7,576,582.2447281336607
7,577,582.2542251551962
7,578,582.2637206254816
7,579,582.2732145445167
7,580,582.2827069123017
7,581,582.2921977288365
7,582,582.3016869941212
7,583,582.3111747081556
7,584,582.3206608709398
7,585,582.3301454824739
7,586,582.3396285427579
7,587,582.3491100517916
7,588,582.3585900095752
7,589,582.3680684161086
7,590,582.3775452713918
7,591,582.3870205754248
7,592,582.3964943282077
7,593,582.4059665297405
7,594,582.415437180023
7,595,582.4249062790553
7,596,582.4343738268375
7,597,582.4438398233694
7,598,582.4533042686513
7,599,582.4627671626829
7,600,582.4722285054644
7,601,582.4816882969957
7,602,582.4911465372768
7,603,582.5006032263077
7,604,582.5100583640885
7,605,582.5195119506191
7,606,582.5289639858995
7,607,582.5384144699298
7,608,582.5478634027098
7,609,582.5573107842397
7,610,582.5667566145195
7,611,582.576200893549
7,612,582.5856436213284
7,613,582.5950847978576
7,614,582.6045244231366
7,615,582.6139624971654
7,616,582.623399019944
7,617,582.6328339914726
7,618,582.6422674117508
7,619,582.651699280779
7,620,582.661129598557
7,621,582.6705583650847
7,622,582.6799855803623
7,623,582.6894112443898
7,624,582.698835357167
7,625,582.7082579186941
7,626,582.717678928971
7,627,582.7270983879978
7,628,582.7365162957743
7,629,582.7459326523007
7,630,582.7553474575769
7,631,582.764760711603
7,632,582.7741724143788
7,633,582.7835825659045
7,634,582.7929911661801
7,635,582.8023982152054
7,636,582.8118037129805
7,637,582.8212076595055
7,638,582.8306100547803
7,639,582.840010898805
7,640,582.8494101915794
7,641,582.8588079331037
7,642,582.8682041233777
7,643,582.8775987624017
7,644,582.8869918501754
7,645,582.896383386699
7,646,582.9057733719724
7,647,582.9151618059956
7,648,582.9245486887687
7,649,582.9339340202915
7,650,582.9433178005643
7,651,582.9527000295868
7,652,582.9620807073592
7,653,582.9714598338813
7,654,582.9808374091533
7,655,582.9902134331751
7,656,582.9995879059468
7,657,583.0089608274683
7,658,583.0183321977396
7,659,583.0277020167607
7,660,583.0370702845316
7,661,583.0464370010524
7,662,583.055802166323
7,663,583.0651657803434
7,664,583.0745278431136
7,665,583.0838883546337
7,666,583.0932473149036
7,667,583.1026047239234
7,668,583.1119605816929
7,669,583.1213148882123
7,670,583.1306676434814
7,671,583.1400188475004
7,672,583.1493685002692
7,673,583.158716601788
7,674,583.1680631520564
7,675,583.1774081510748
7,676,583.1867515988429
7,677,583.1960934953609
7,678,583.2054338406286
7,679,583.2147726346462
7,680,583.2241098774138
7,681,583.233445568931
7,682,583.2427797091981
7,683,583.252112298215
7,684,583.2614433359817
7,685,583.2707728224983
7,686,583.2801007577647
7,687,583.2894271417808
7,688,583.2987519745469
7,689,583.3080752560628
7,690,583.3173969863284
7,691,583.326717165344
7,692,583.3360357931093
7,693,583.3453528696244
7,694,583.3546683948895
7,695,583.3639823689042
7,696,583.3732947916689
7,697,583.3826056631833
7,698,583.3919149834476
7,699,583.4012227524618
7,700,583.4105289702256
7,701,583.4198336367394
7,702,583.4291367520029
7,703,583.4384383160163
7,704,583.4477383287796
7,705,583.4570367902927
7,706,583.4663337005555
7,707,583.4756290595683
7,708,583.4849228673307
7,709,583.4942151238431
7,710,583.5035058291053
7,711,583.5127949831173
7,712,583.5220825858792
7,713,583.5313686373908
7,714,583.5406531376523
7,715,583.5499360866636
7,716,583.5592174844247
7,717,583.5684973309357
7,718,583.5777756261964
7,719,583.587052370207
7,720,583.5963275629674
7,721,583.6056012044777
7,722,583.6148732947378
7,723,583.6241438337477
7,724,583.6334128215074
7,725,583.6426802580169
7,726,583.6519461432763
7,727,583.6612104772855
7,728,583.6704732600444
7,729,583.6797344915533
7,730,583.688994171812
7,731,583.6982523008205
7,732,583.7075088785788
7,733,583.716763905087
7,734,583.726017380345
7,735,583.7352693043528
7,736,583.7445196771104
7,737,583.7537684986178
7,738,583.763015768875
7,739,583.7722614878821
7,740,583.7815056556391
7,741,583.7907482721458
7,742,583.7999893374024
7,743,583.8092288514088
7,744,583.8184668141649
7,745,583.827703225671
7,746,583.8369380859268
7,747,583.8461713949325
7,748,583.855403152688
7,749,583.8646333591934
7,750,583.8738620144486
7,751,583.8830891184535
7,752,583.8923146712084
7,753,583.901538672713
7,754,583.9107611229674
7,755,583.9199820219717
7,756,583.9292013697259
7,757,583.9384191662298
7,758,583.9476354114836
7,759,583.9568501054871
7,760,583.9660632482405
7,761,583.9752748397437
7,762,583.9844848799968
7,763,583.9936933689997
7,764,584.0029003067524
7,765,584.012105693255
7,766,584.0213095285072
7,767,584.0305118125094
7,768,584.0397125452615
7,769,584.0489117267633
7,770,584.0581093570149
7,771,584.0673054360165
7,772,584.0764999637677
7,773,584.0856929402688
7,774,584.0948843655198
7,775,584.1040742395206
7,776,584.1132625622712
7,777,584.1224493337717
7,778,584.1316345540218
7,779,584.1408182230219
7,780,584.1500003407718
7,781,584.1591809072715
7,782,584.1683599225211
7,783,584.1775373865205
7,784,584.1867132992696
7,785,584.1958876607687
7,786,584.2050604710175
7,787,584.2142317300162
7,788,584.2234014377647
7,789,584.232569594263
7,790,584.2417361995111
7,791,584.2509012535091
7,792,584.260064756257
7,793,584.2692267077546
7,794,584.278387108002
7,795,584.2875459569993
7,796,584.2967032547464
7,797,584.3058590012433
7,798,584.31501319649
7,799,584.3241658404866
7,800,584.333316933233
7,801,584.3424664747292
7,802,584.3516144649752
7,803,584.3607609039711
7,804,584.3699057917169
7,805,584.3790491282123
7,806,584.3881909134577
7,807,584.3973311474529
7,808,584.4064698301978
7,809,584.4156069616927
7,810,584.4247425419372
7,811,584.4338765709317
7,812,584.443009048676
7,813,584.4521399751701
7,814,584.4612693504141
7,815,584.4703971744078
7,816,584.4795234471515
7,817,584.4886481686448
7,818,584.497771338888
7,819,584.5068929578811
7,820,584.516013025624
7,821,584.5251315421167
7,822,584.5342485073593
7,823,584.5433639213516
7,824,584.5524777840938
7,825,584.5615900955858
7,826,584.5707008558276
7,827,584.5798100648193
7,828,584.5889177225607
7,829,584.5980238290521
7,830,584.6071283842932
7,831,584.6162313882842
7,832,584.6253328410249
7,833,584.6344327425155
7,834,584.643531092756
7,835,584.6526278917462
7,836,584.6617231394863
7,837,584.6708168359762
7,838,584.6799089812159
7,839,584.6889995752055
7,840,584.6980886179448
7,841,584.707176109434
7,842,584.7162620496731
7,843,584.725346438662
7,844,584.7344292764006
7,845,584.7435105628891
7,846,584.7525902981274
7,847,584.7616684821155
7,848,584.7707451148535
7,849,584.7798201963413
7,850,584.788893726579
7,851,584.7979657055664
7,852,584.8070361333037
7,853,584.8161050097908
7,854,584.8251723350277
7,855,584.8342381090144
7,856,584.843302331751
7,857,584.8523650032374
7,858,584.8614261234736
7,859,584.8704856924596
7,860,584.8795437101955
7,861,584.8886001766813
7,862,584.8976550919167
7,863,584.906708455902
7,864,584.9157602686372
7,865,584.9248105301223
7,866,584.933859240357
7,867,584.9429063993417
7,868,584.9519520070762
7,869,584.9609960635605
7,870,584.9700385687946
7,871,584.9790795227785
7,872,584.9881189255123
7,873,584.9971567769959
7,874,585.0061930772292
7,875,585.0152278262125
7,876,585.0242610239455
7,877,585.0332926704284
7,878,585.0423227656612
7,879,585.0513513096437
7,880,585.0603783023761
7,881,585.0694037438583
7,882,585.0784276340903
7,883,585.0874499730721
7,884,585.0964707608038
7,885,585.1054899972852
7,886,585.1145076825165
7,887,585.1235238164977
7,888,585.1325383992287
7,889,585.1415514307095
7,890,585.15056291094
7,891,585.1595728399204
7,892,585.1685812176507
7,893,585.1775880441307
7,894,585.1865933193607
7,895,585.1955970433404
7,896,585.2045992160699
7,897,585.2135998375494
7,898,585.2225989077785
7,899,585.2315964267576
7,900,585.2405923944865
7,901,585.2495868109652
7,902,585.2585796761937
7,903,585.267570990172
7,904,585.2765607529001
7,905,585.2855489643781
7,906,585.2945356246059
7,907,585.3035207335835
7,908,585.3125042913109
7,909,585.3214862977883
7,910,585.3304667530153
7,911,585.3394456569922
7,912,585.348423009719
7,913,585.3573988111956
7,914,585.366373061422
7,915,585.3753457603982
7,916,585.3843169081242
7,917,585.3932865046002
7,918,585.4022545498258
7,919,585.4112210438013
7,920,585.4201859865267
7,921,585.4291493780019
7,922,585.4381112182268
7,923,585.4470715072017
7,924,585.4560302449263
7,925,585.4649874314008
7,926,585.4739430666251
7,927,585.4828971505992
7,928,585.4918496833232
7,929,585.5008006647969
7,930,585.5097500950204
7,931,585.5186979739939
7,932,585.5276443017171
7,933,585.5365890781902
7,934,585.5455323034131
7,935,585.5544739773858
7,936,585.5634141001084
7,937,585.5723526715807
7,938,585.5812896918029
7,939,585.5902251607749
7,940,585.5991590784968
7,941,585.6080914449684
7,942,585.6170222601899
7,943,585.6259515241612
7,944,585.6348792368823
7,945,585.6438053983533
7,946,585.652730008574
7,947,585.6616530675446
7,948,585.6705745752652
7,949,585.6794945317354
7,950,585.6884129369555
7,951,585.6973297909253
7,952,585.7062450936451
7,953,585.7151588451146
7,954,585.7240710453341
7,955,585.7329816943032
7,956,585.7418907920223
7,957,585.7507983384911
7,958,585.7597043337098
7,959,585.7686087776783
7,960,585.7775116703966
7,961,585.7864130118649
7,962,585.7953128020828
7,963,585.8042110410506
7,964,585.8131077287683
7,965,585.8220028652356
7,966,585.830896450453
7,967,585.8397884844201
7,968,585.848678967137
7,969,585.8575678986037
7,970,585.8664552788204
7,971,585.8753411077867
7,972,585.8842253855029
7,973,585.893108111969
7,974,585.9019892871848
7,975,585.9108689111506
7,976,585.919746983866
7,977,585.9286235053314
7,978,585.9374984755466
7,979,585.9463718945116
7,980,585.9552437622264
7,981,585.9641140786911
7,982,585.9729828439055
7,983,585.9818500578698
7,984,585.9907157205839
7,985,585.9995798320479
7,986,586.0084423922616
7,987,586.0173034012253
7,988,586.0261628589386
7,989,586.0350207654019
7,990,586.043877120615
7,991,586.0527319245779
7,992,586.0615851772906
7,993,586.0704368787531
7,994,586.0792870289655
7,995,586.0881356279277
7,996,586.0969826756397
7,997,586.1058281721015
7,998,586.1146721173131
7,999,586.1235145112747
7,1000,586.132355353986
7,1001,586.1411946454472
7,1002,586.1500323856582
7,1003,586.1588685746189
7,1004,586.1677032123295
7,1005,586.17653629879
7,1006,586.1853678340002
7,1007,586.1941978179603
7,1008,586.2030262506702
7,1009,586.2118531321299
7,1010,586.2206784623395
7,1011,586.2295022412989
7,1012,586.2383244690081
7,1013,586.2471451454671
7,1014,586.255964270676
7,1015,586.2647818446346
7,1016,586.2735978673431
7,1017,586.2824123388015
7,1018,586.2912252590097
7,1019,586.3000366279676
7,1020,586.3088464456755
7,1021,586.317654712133
7,1022,586.3264614273405
7,1023,586.3352665912978
7,1024,586.3440702040049
7,1025,586.3528722654619
7,1026,586.3616727756686
7,1027,586.3704717346252
7,1028,586.3792691423316
7,1029,586.3880649987879
7,1030,586.3968593039939
7,1031,586.4056520579497
7,1032,586.4144432606554
7,1033,586.423232912111
7,1034,586.4320210123163
7,1035,586.4408075612715
7,1036,586.4495925589765
7,1037,586.4583760054313
7,1038,586.4671579006359
7,1039,586.4759382445905
7,1040,586.4847170372948
7,1041,586.4934942787488
7,1042,586.5022699689528
7,1043,586.5110441079066
7,1044,586.5198166956102
7,1045,586.5285877320636
7,1046,586.5373572172668
7,1047,586.5461251512199
7,1048,586.5548915339228
7,1049,586.5636563653756
7,1050,586.5724196455781
7,1051,586.5811813745304
7,1052,586.5899415522326
7,1053,586.5987001786847
7,1054,586.6074572538865
7,1055,586.6162127778382
7,1056,586.6249667505397
7,1057,586.633719171991
7,1058,586.6424700421921
7,1059,586.651219361143
7,1060,586.6599671288438
7,1061,586.6687133452945
7,1062,586.6774580104949
7,1063,586.6862011244452
7,1064,586.6949426871453
7,1065,586.7036826985952
7,1066,586.7124211587949
7,1067,586.7211580677445
7,1068,586.7298934254438
7,1069,586.7386272318931
7,1070,586.7473594870921
7,1071,586.756090191041
7,1072,586.7648193437396
7,1073,586.7735469451882
7,1074,586.7822729953865
7,1075,586.7909974943346
7,1076,586.7997204420327
7,1077,586.8084418384805
7,1078,586.8171616836781
7,1079,586.8258799776256
7,1080,586.8345967203228
7,1081,586.84331191177
7,1082,586.8520255519669
7,1083,586.8607376409136
7,1084,586.8694481786102
7,1085,586.8781571650567
7,1086,586.8868646002528
7,1087,586.895570484199
7,1088,586.9042748168948
7,1089,586.9129775983405
7,1090,586.9216788285361
7,1091,586.9303785074814
7,1092,586.9390766351765
7,1093,586.9477732116216
7,1094,586.9564682368164
7,1095,586.9651617107611
7,1096,586.9738536334555
7,1097,586.9825440048999
7,1098,586.9912328250939
7,1099,586.9999200940379
7,1100,587.0086058117316
7,1101,587.0172899781753
7,1102,587.0259725933687
7,1103,587.034653657312
7,1104,587.043333170005
7,1105,587.0520111314479
7,1106,587.0606875416406
7,1107,587.0693624005831
7,1108,587.0780357082756
7,1109,587.0867074647177
7,1110,587.0953776699098
7,1111,587.1040463238517
7,1112,587.1127134265433
7,1113,587.1213789779848
7,1114,587.1300429781761
7,1115,587.1387054271172
7,1116,587.1473663248082
7,1117,587.156025671249
7,1118,587.1646834664397
7,1119,587.1733397103801
7,1120,587.1819944030703
7,1121,587.1906475445104
7,1122,587.1992991347004
7,1123,587.20794917364
7,1124,587.2165976613296
7,1125,587.225244597769
7,1126,587.2338899829582
7,1127,587.2425338168973
7,1128,587.2511760995861
7,1129,587.2598168310249
7,1130,587.2684560112134
7,1131,587.2770936401517
7,1132,587.2857297178399
7,1133,587.2943642442779
7,1134,587.3029972194656
7,1135,587.3116286434033
7,1136,587.3202585160908
7,1137,587.328886837528
7,1138,587.3375136077151
7,1139,587.3461388266521
7,1140,587.3547624943388
7,1141,587.3633846107754
7,1142,587.3720051759618
7,1143,587.3806241898981
7,1144,587.3892416525841
7,1145,587.39785756402
7,1146,587.4064719242057
7,1147,587.4150847331413
7,1148,587.4236959908266
7,1149,587.4323056972618
7,1150,587.4409138524468
7,1151,587.4495204563816
7,1152,587.4581255090662
7,1153,587.4667290105008
7,1154,587.475330960685
7,1155,587.4839313596192
7,1156,587.4925302073032
7,1157,587.5011275037369
7,1158,587.5097232489205
7,1159,587.5183174428539
7,1160,587.5269100855372
7,1161,587.5355011769702
7,1162,587.5440907171532
7,1163,587.5526787060859
7,1164,587.5612651437684
7,1165,587.5698500302008
7,1166,587.578433365383
7,1167,587.587015149315
7,1168,587.5955953819969
7,1169,587.6041740634286
7,1170,587.61275119361
7,1171,587.6213267725414
7,1172,587.6299008002226
7,1173,587.6384732766535
7,1174,587.6470442018343
7,1175,587.655613575765
7,1176,587.6641813984454
7,1177,587.6727476698757
7,1178,587.6813123900557
7,1179,587.6898755589856
7,1180,587.6984371766654
7,1181,587.706997243095
7,1182,587.7155557582744
7,1183,587.7241127222036
7,1184,587.7326681348826
7,1185,587.7412219963114
7,1186,587.7497743064902
7,1187,587.7583250654187
7,1188,587.7668742730971
7,1189,587.7754219295252
7,1190,587.7839680347032
7,1191,587.792512588631
7,1192,587.8010555913087
7,1193,587.8095970427361
7,1194,587.8181369429134
7,1195,587.8266752918405
7,1196,587.8352120895174
7,1197,587.8437473359442
7,1198,587.8522810311208
7,1199,587.8608131750472
7,1200,587.8693437677234
7,1201,587.8778728091495
7,1202,587.8864002993254
7,1203,587.8949262382511
7,1204,587.9034506259267
7,1205,587.911973462352
7,1206,587.9204947475272
7,1207,587.9290144814522
7,1208,587.937532664127
7,1209,587.9460492955517
7,1210,587.9545643757261
7,1211,587.9630779046505
7,1212,587.9715898823246
7,1213,587.9801003087485
7,1214,587.9886091839223
7,1215,587.9971165078459
7,1216,588.0056222805193
7,1217,588.0141265019427
7,1218,588.0226291721157
7,1219,588.0311302910386
7,1220,588.0396298587114
7,1221,588.0481278751339
7,1222,588.0566243403063
7,1223,588.0651192542284
7,1224,588.0736126169005
7,1225,588.0821044283223
7,1226,588.090594688494
7,1227,588.0990833974155
7,1228,588.1075705550868
7,1229,588.116056161508
7,1230,588.124540216679
7,1231,588.1330227205998
7,1232,588.1415036732703
7,1233,588.1499830746908
7,1234,588.1584609248611
7,1235,588.1669372237811
7,1236,588.1754119714511
7,1237,588.1838851678708
7,1238,588.1923568130404
7,1239,588.2008269069598
7,1240,588.209295449629
7,1241,588.2177624410481
7,1242,588.2262278812169
7,1243,588.2346917701357
7,1244,588.2431541078041
7,1245,588.2516148942225
7,1246,588.2600741293907
7,1247,588.2685318133086
7,1248,588.2769879459765
7,1249,588.2854425273941
7,1250,588.2938955575617
7,1251,588.3023470364789
7,1252,588.310796964146
7,1253,588.3192453405629
7,1254,588.3276921657297
7,1255,588.3361374396463
7,1256,588.3445811623127
7,1257,588.353023333729
7,1258,588.361463953895
7,1259,588.369903022811
7,1260,588.3783405404766
7,1261,588.3867765068921
7,1262,588.3952109220576
7,1263,588.4036437859727
7,1264,588.4120750986377
7,1265,588.4205048600526
7,1266,588.4289330702172
7,1267,588.4373597291317
7,1268,588.445784836796
7,1269,588.4542083932101
7,1270,588.4626303983741
7,1271,588.4710508522879
7,1272,588.4794697549515
7,1273,588.487887106365
7,1274,588.4963029065282
7,1275,588.5047171554413
7,1276,588.5131298531041
7,1277,588.5215409995169
7,1278,588.5299505946795
7,1279,588.5383586385918
7,1280,588.546765131254
7,1281,588.5551700726661
7,1282,588.5635734628279
7,1283,588.5719753017396
7,1284,588.5803755894011
7,1285,588.5887743258124
7,1286,588.5971715109736
7,1287,588.6055671448845
7,1288,588.6139612275454
7,1289,588.622353758956
7,1290,588.6307447391164
7,1291,588.6391341680267
7,1292,588.6475220456869
7,1293,588.6559083720967
7,1294,588.6642931472564
7,1295,588.6726763711661
7,1296,588.6810580438255
7,1297,588.6894381652347
7,1298,588.6978167353938
7,1299,588.7061937543026
7,1300,588.7145692219613
7,1301,588.7229431383698
7,1302,588.7313155035282
7,1303,588.7396863174363
7,1304,588.7480555800943
7,1305,588.7564232915022
7,1306,588.7647894516598
7,1307,588.7731540605672
7,1308,588.7815171182245
7,1309,588.7898786246317
7,1310,588.7982385797886
7,1311,588.8065969836954
7,1312,588.814953836352
7,1313,588.8233091377584
7,1314,588.8316628879146
7,1315,588.8400150868207
7,1316,588.8483657344766
7,1317,588.8567148308823
7,1318,588.8650623760378
7,1319,588.8734083699433
7,1320,588.8817528125984
7,1321,588.8900957040034
7,1322,588.8984370441583
7,1323,588.906776833063
7,1324,588.9151150707174
7,1325,588.9234517571217
7,1326,588.9317868922758
7,1327,588.9401204761798
7,1328,588.9484525088336
7,1329,588.9567829902372
7,1330,588.9651119203907
7,1331,588.9734392992939
7,1332,588.981765126947
7,1333,588.9900894033499
7,1334,588.9984121285027
7,1335,589.0067333024052
7,1336,589.0150529250576
7,1337,589.0233709964598
7,1338,589.0316875166118
7,1339,589.0400024855137
7,1340,589.0483159031653
7,1341,589.0566277695668
7,1342,589.0649380847182
7,1343,589.0732468486193
7,1344,589.0815540612704
7,1345,589.0898597226711
7,1346,589.0981638328218
7,1347,589.1064663917222
7,1348,589.1147673993725
7,1349,589.1230668557725
7,1350,589.1313647609226
7,1351,589.1396611148223
7,1352,589.1479559174718
7,1353,589.1562491688712
7,1354,589.1645408690205
7,1355,589.1728310179195
7,1356,589.1811196155684
7,1357,589.189406661967
7,1358,589.1976921571156
7,1359,589.205976101014
7,1360,589.2142584936621
7,1361,589.2225393350601
7,1362,589.2308186252079
7,1363,589.2390963641056
7,1364,589.2473725517531
7,1365,589.2556471881504
7,1366,589.2639202732975
7,1367,589.2721918071944
7,1368,589.2804617898412
7,1369,589.2887302212378
7,1370,589.2969971013842
7,1371,589.3052624302804
7,1372,589.3135262079265
7,1373,589.3217884343225
7,1374,589.3300491094682
7,1375,589.3383082333637
7,1376,589.346565806009
7,1377,589.3548218274043
7,1378,589.3630762975492
7,1379,589.3713292164441
7,1380,589.3795805840888
7,1381,589.3878304004833
7,1382,589.3960786656276
7,1383,589.4043253795218
7,1384,589.4125705421657
7,1385,589.4208141535595
7,1386,589.4290562137031
7,1387,589.4372967225966
7,1388,589.4455356802398
7,1389,589.4537730866329
7,1390,589.4620089417758
7,1391,589.4702432456685
7,1392,589.4784759983111
7,1393,589.4867071997035
7,1394,589.4949368498457
7,1395,589.5031649487378
7,1396,589.5113914963796
7,1397,589.5196164927713
7,1398,589.5278399379127
7,1399,589.5360618318041
7,1400,589.5442821744452
7,1401,589.5525009658362
7,1402,589.5607182059771
7,1403,589.5689338948677
7,1404,589.5771480325081
7,1405,589.5853606188984
7,1406,589.5935716540386
7,1407,589.6017811379285
7,1408,589.6099890705682
7,1409,589.6181954519578
7,1410,589.6264002820972
7,1411,589.6346035609864
7,1412,589.6428052886255
7,1413,589.6510054650144
7,1414,589.659204090153
7,1415,589.6674011640416
7,1416,589.6755966866799
7,1417,589.6837906580681
7,1418,589.6919830782061
7,1419,589.700173947094
7,1420,589.7083632647316
7,1421,589.716551031119
7,1422,589.7247372462564
7,1423,589.7329219101434
7,1424,589.7411050227804
7,1425,589.7492865841672
7,1426,589.7574665943038
7,1427,589.7656450531903
7,1428,589.7738219608265
7,1429,589.7819973172126
7,1430,589.7901711223484
7,1431,589.7983433762341
7,1432,589.8065140788697
7,1433,589.8146832302551
7,1434,589.8228508303903
7,1435,589.8310168792752
7,1436,589.8391813769101
7,1437,589.8473443232948
7,1438,589.8555057184293
7,1439,589.8636655623136
7,1440,589.8718238549477
7,1441,589.8799805963317
7,1442,589.8881357864656
7,1443,589.8962894253491
7,1444,589.9044415129825
7,1445,589.9125920493658
7,1446,589.920741034499
7,1447,589.9288884683818
7,1448,589.9370343510146
7,1449,589.9451786823971
7,1450,589.9533214625295
7,1451,589.9614626914117
7,1452,589.9696023690437
7,1453,589.9777404954257
7,1454,589.9858770705573
7,1455,589.9940120944389
7,1456,590.0021455670702
7,1457,590.0102774884514
7,1458,590.0184078585823
7,1459,590.0265366774631
7,1460,590.0346639450938
7,1461,590.0427896614742
7,1462,590.0509138266045
7,1463,590.0590364404846
7,1464,590.0671575031146
7,1465,590.0752770144943
7,1466,590.0833949746238
7,1467,590.0915113835033
7,1468,590.0996262411326
7,1469,590.1077395475116
7,1470,590.1158513026405
7,1471,590.1239615065192
7,1472,590.1320701591477
7,1473,590.1401772605261
7,1474,590.1482828106542
7,1475,590.1563868095323
7,1476,590.1644892571601
7,1477,590.1725901535377
7,1478,590.1806894986652
7,1479,590.1887872925425
7,1480,590.1968835351696
7,1481,590.2049782265466
7,1482,590.2130713666734
7,1483,590.22116295555
7,1484,590.2292529931764
7,1485,590.2373414795526
7,1486,590.2454284146787
7,1487,590.2535137985546
7,1488,590.2615976311803
7,1489,590.2696799125558
7,1490,590.2777606426813
7,1491,590.2858398215565
7,1492,590.2939174491814
7,1493,590.3019935255563
7,1494,590.310068050681
7,1495,590.3181410245555
7,1496,590.3262124471798
7,1497,590.334282318554
7,1498,590.3423506386779
7,1499,590.3504174075517
7,1500,590.3584826251754
7,1501,590.3665462915487
7,1502,590.374608406672
7,1503,590.3826689705452
7,1504,590.3907279831681
7,1505,590.3987854445407
7,1506,590.4068413546634
7,1507,590.4148957135358
7,1508,590.422948521158
7,1509,590.43099977753
7,1510,590.4390494826519
7,1511,590.4470976365236
7,1512,590.455144239145
7,1513,590.4631892905164
7,1514,590.4712327906376
7,1515,590.4792747395086
7,1516,590.4873151371294
7,1517,590.4953539835
7,1518,590.5033912786205
7,1519,590.5114270224908
7,1520,590.5194612151108
7,1521,590.5274938564808
7,1522,590.5355249466006
7,1523,590.5435544854702
7,1524,590.5515824730895
7,1525,590.5596089094588
7,1526,590.5676337945779
7,1527,590.5756571284468
7,1528,590.5836789110655
7,1529,590.591699142434
7,1530,590.5997178225523
7,1531,590.6077349514205
7,1532,590.6157505290386
7,1533,590.6237645554064
7,1534,590.6317770305241
7,1535,590.6397879543915
7,1536,590.6477973270088
7,1537,590.655805148376
7,1538,590.6638114184929
7,1539,590.6718161373597
7,1540,590.6798193049763
7,1541,590.6878209213427
7,1542,590.6958209864589
7,1543,590.703819500325
7,1544,590.711816462941
7,1545,590.7198118743066
7,1546,590.7278057344222
7,1547,590.7357980432876
7,1548,590.7437888009027
7,1549,590.7517780072678
7,1550,590.7597656623826
7,1551,590.7677517662473
7,1552,590.7757363188618
7,1553,590.7837193202262
7,1554,590.7917007703403
7,1555,590.7996806692042
7,1556,590.8076590168181
7,1557,590.8156358131816
7,1558,590.8236110582951
7,1559,590.8315847521584
7,1560,590.8395568947715
7,1561,590.8475274861345
7,1562,590.8554965262472
7,1563,590.8634640151097
7,1564,590.8714299527221
7,1565,590.8793943390843
7,1566,590.8873571741964
7,1567,590.8953184580582
7,1568,590.90327819067
7,1569,590.9112363720315
7,1570,590.9191930021428
7,1571,590.927148081004
7,1572,590.935101608615
7,1573,590.9430535849758
7,1574,590.9510040100864
7,1575,590.958952883947
7,1576,590.9669002065572
7,1577,590.9748459779173
7,1578,590.9827901980273
7,1579,590.990732866887
7,1580,590.9986739844966
7,1581,591.006613550856
7,1582,591.0145515659652
7,1583,591.0224880298243
7,1584,591.0304229424332
7,1585,591.0383563037919
7,1586,591.0462881139005
7,1587,591.0542183727588
7,1588,591.062147080367
7,1589,591.070074236725
7,1590,591.0779998418328
7,1591,591.0859238956905
7,1592,591.093846398298
7,1593,591.1017673496552
7,1594,591.1096867497624
7,1595,591.1176045986193
7,1596,591.1255208962261
7,1597,591.1334356425828
7,1598,591.1413488376892
7,1599,591.1492604815454
7,1600,591.1571705741515
7,1601,591.1650791155074
7,1602,591.1729861056132
7,1603,591.1808915444687
7,1604,591.1887954320741
7,1605,591.1966977684293
7,1606,591.2045985535343
7,1607,591.2124977873891
7,1608,591.2203954699938
7,1609,591.2282916013484
7,1610,591.2361861814527
7,1611,591.2440792103068
7,1612,591.2519706879108
7,1613,591.2598606142645
7,1614,591.2677489893682
7,1615,591.2756358132217
7,1616,591.283521085825
7,1617,591.2914048071781
7,1618,591.299286977281
7,1619,591.3071675961337
7,1620,591.3150466637363
7,1621,591.3229241800886
7,1622,591.3308001451909
7,1623,591.3386745590429
7,1624,591.3465474216448
7,1625,591.3544187329965
7,1626,591.362288493098
7,1627,591.3701567019493
7,1628,591.3780233595505
7,1629,591.3858884659015
7,1630,591.3937520210023
7,1631,591.401614024853
7,1632,591.4094744774535
7,1633,591.4173333788037
7,1634,591.4251907289039
7,1635,591.4330465277538
7,1636,591.4409007753536
7,1637,591.4487534717032
7,1638,591.4566046168026
7,1639,591.4644542106519
7,1640,591.4723022532509
7,1641,591.4801487445998
7,1642,591.4879936846985
7,1643,591.495837073547
7,1644,591.5036789111454
7,1645,591.5115191974936
7,1646,591.5193579325916
7,1647,591.5271951164394
7,1648,591.5350307490371
7,1649,591.5428648303846
7,1650,591.5506973604819
7,1651,591.558528339329
7,1652,591.566357766926
7,1653,591.5741856432728
7,1654,591.5820119683693
7,1655,591.5898367422158
7,1656,591.597659964812
7,1657,591.6054816361582
7,1658,591.613301756254
7,1659,591.6211203250998
7,1660,591.6289373426954
7,1661,591.6367528090407
7,1662,591.6445667241359
7,1663,591.652379087981
7,1664,591.6601899005758
7,1665,591.6679991619205
7,1666,591.675806872015
7,1667,591.6836130308593
7,1668,591.6914176384535
7,1669,591.6992206947974
7,1670,591.7070221998913
7,1671,591.7148221537349
7,1672,591.7226205563284
7,1673,591.7304174076717
7,1674,591.7382127077647
7,1675,591.7460064566077
7,1676,591.7537986542004
7,1677,591.7615893005429
7,1678,591.7693783956354
7,1679,591.7771659394776
7,1680,591.7849519320696
7,1681,591.7927363734115
7,1682,591.8005192635032
7,1683,591.8083006023447
7,1684,591.8160803899361
7,1685,591.8238586262772
7,1686,591.8316353113682
7,1687,591.8394104452091
7,1688,591.8471840277997
7,1689,591.8549560591401
7,1690,591.8627265392305
7,1691,591.8704954680705
7,1692,591.8782628456605
7,1693,591.8860286720003
7,1694,591.8937929470899
7,1695,591.9015556709293
7,1696,591.9093168435186
7,1697,591.9170764648576
7,1698,591.9248345349465
7,1699,591.9325910537852
7,1700,591.9403460213738
7,1701,591.9480994377121
7,1702,591.9558513028003
7,1703,591.9636016166384
7,1704,591.9713503792262
7,1705,591.9790975905638
7,1706,591.9868432506513
7,1707,591.9945873594886
7,1708,592.0023299170758
7,1709,592.0100709234127
7,1710,592.0178103784996
7,1711,592.0255482823361
7,1712,592.0332846349226
7,1713,592.0410194362588
7,1714,592.048752686345
7,1715,592.0564843851809
7,1716,592.0642145327666
7,1717,592.0719431291021
7,1718,592.0796701741875
7,1719,592.0873956680227
7,1720,592.0951196106078
7,1721,592.1028420019426
7,1722,592.1105628420273
7,1723,592.1182821308619
7,1724,592.1259998684461
7,1725,592.1337160547803
7,1726,592.1414306898643
7,1727,592.1491437736981
7,1728,592.1568553062817
7,1729,592.1645652876152
7,1730,592.1722737176984
7,1731,592.1799805965315
7,1732,592.1876859241145
7,1733,592.1953897004472
7,1734,592.2030919255299
7,1735,592.2107925993622
7,1736,592.2184917219445
7,1737,592.2261892932765
7,1738,592.2338853133584
7,1739,592.2415797821901
7,1740,592.2492726997716
7,1741,592.2569640661029
7,1742,592.2646538811841
7,1743,592.2723421450152
7,1744,592.280028857596
7,1745,592.2877140189266
7,1746,592.2953976290071
7,1747,592.3030796878373
7,1748,592.3107601954175
7,1749,592.3184391517474
8,0,567.5023243243243
8,1,567.511027027027
8,2,567.5197297297296
8,3,567.5284324324324
8,4,567.537135135135
8,5,567.5458378378378
8,6,567.5545405405405
8,7,567.5632432432432
8,8,567.5719459459459
8,9,567.5806486486485
8,10,567.5893513513513
8,11,567.598054054054
8,12,567.6067567567567
8,13,567.6154594594594
8,14,567.6241621621621
8,15,567.6328648648648
8,16,567.6415675675676
8,17,567.6502702702702
8,18,567.658972972973
8,19,567.6676756756756
8,20,567.6763783783783
8,21,567.6850810810811
8,22,567.6937837837837
8,23,567.7024864864865
8,24,567.7111891891891
8,25,567.7198918918918
8,26,567.7285945945945
8,27,567.7372972972972
8,28,567.746
8,29,567.7547027027026
8,30,567.7634054054054
8,31,567.772108108108
8,32,567.7808108108107
8,33,567.7895135135135
8,34,567.7982162162161
8,35,567.8069189189189
8,36,567.8156216216215
8,37,567.8243243243243
8,38,567.833027027027
8,39,567.8417297297296
8,40,567.8504324324324
8,41,567.859135135135
8,42,567.8678378378378
8,43,567.8765405405405
8,44,567.8852432432432
8,45,567.8939459459459
8,46,567.9026486486486
8,47,567.9113513513513
8,48,567.920054054054
8,49,567.9287567567567
8,50,567.9374594594594
8,51,567.9461621621621
8,52,567.9548648648648
8,53,567.9635675675676
8,54,567.9722702702702
8,55,567.980972972973
8,56,567.9896756756756
8,57,567.9983783783783
8,58,568.0070810810811
8,59,568.0157837837837
8,60,568.0244864864865
8,61,568.0331891891891
8,62,568.0418918918919
8,63,568.0505945945945
8,64,568.0592972972972
8,65,568.068
8,66,568.0767027027026
8,67,568.0854054054054
8,68,568.094108108108
8,69,568.1028108108108
8,70,568.1115135135135
8,71,568.1202162162161
8,72,568.1289189189189
8,73,568.1376216216215
8,74,568.1463243243243
8,75,568.155027027027
8,76,568.1637297297297
8,77,568.1724324324324
8,78,568.181135135135
8,79,568.1898378378378
8,80,568.1985405405405
8,81,568.2072432432432
8,82,568.2159459459459
8,83,568.2246486486486
8,84,568.2333513513513
8,85,568.242054054054
8,86,568.2507567567567
8,87,568.2594594594594
8,88,568.2681621621621
8,89,568.2768648648648
8,90,568.2855675675676
8,91,568.2942702702702
8,92,568.302972972973
8,93,568.3116756756756
8,94,568.3203783783783
8,95,568.3290810810811
8,96,568.3377837837837
8,97,568.3464864864865
8,98,568.3551891891891
8,99,568.3638918918919
8,100,568.3725945945946
8,101,568.3812972972972
8,102,568.39
8,103,568.3987027027026
8,104,568.4074054054054
8,105,568.4161081081081
8,106,568.4248108108108
8,107,568.4335135135135
8,108,568.4422162162161
8,109,568.4509189189189
8,110,568.4596216216215
8,111,568.4683243243243
8,112,568.477027027027
8,113,568.4857297297297
8,114,568.4944324324324
8,115,568.503135135135
8,116,568.5118378378378
8,117,568.5205405405405
8,118,568.5292432432432
8,119,568.5379459459459
8,120,568.5466486486486
8,121,568.5553513513513
8,122,568.564054054054
8,123,568.5727567567567
8,124,568.5814594594594
8,125,568.5901621621621
8,126,568.5988648648648
8,127,568.6075675675676
8,128,568.6162702702702
8,129,568.624972972973
8,130,568.6336756756756
8,131,568.6423783783783
8,132,568.6510810810811
8,133,568.6597837837837
8,134,568.6684864864865
8,135,568.6771891891891
8,136,568.6858918918919
8,137,568.6945945945946
8,138,568.7032972972972
8,139,568.712
8,140,568.7207027027026
8,141,568.7294054054054
8,142,568.7381081081081
8,143,568.7468108108108
8,144,568.7555135135135
8,145,568.7642162162161
8,146,568.7729189189189
8,147,568.7816216216216
8,148,568.7903243243243
8,149,568.799027027027
8,150,568.8077297297297
8,151,568.8164324324324
8,152,568.825135135135
8,153,568.8338378378378
8,154,568.8425405405405
8,155,568.8512432432432
8,156,568.8599459459459
8,157,568.8686486486486
8,158,568.8773513513513
8,159,568.8860540540541
8,160,568.8947567567567
8,161,568.9034594594594
8,162,568.9121621621621
8,163,568.9208648648648
8,164,568.9295675675676
8,165,568.9382702702702
8,166,568.946972972973
8,167,568.9556756756756
8,168,568.9643783783783
8,169,568.9730810810811
8,170,568.9817837837837
8,171,568.9904864864865
8,172,568.9991891891891
8,173,569.0078918918919
8,174,569.0165945945946
8,175,569.0252972972972
8,176,569.034
8,177,569.0427027027026
8,178,569.0514054054054
8,179,569.0601081081081
8,180,569.0688108108108
8,181,569.0775135135135
8,182,569.0862162162161
8,183,569.0949189189189
8,184,569.1036216216216
8,185,569.1123243243243
8,186,569.121027027027
8,187,569.1297297297297
8,188,569.1384324324324
8,189,569.1471351351352
8,190,569.1558378378378
8,191,569.1645405405405
8,192,569.1732432432432
8,193,569.1819459459459
8,194,569.1906486486486
8,195,569.1993513513513
8,196,569.2080540540541
8,197,569.2167567567567
8,198,569.2254594594594
8,199,569.2341621621621
8,200,569.2428648648648
8,201,569.2515675675676
8,202,569.2602702702702
8,203,569.268972972973
8,204,569.2776756756756
8,205,569.2863783783783
8,206,569.2950810810811
8,207,569.3037837837837
8,208,569.3124864864865
8,209,569.3211891891891
8,210,569.3298918918919
8,211,569.3385945945946
8,212,569.3472972972972
8,213,569.356
8,214,569.3647027027026
8,215,569.3734054054054
8,216,569.3821081081081
8,217,569.3908108108108
8,218,569.3995135135135
8,219,569.4082162162161
8,220,569.4169189189189
8,221,569.4256216216216
8,222,569.4343243243243
8,223,569.443027027027
8,224,569.4517297297297
8,225,569.4604324324324
8,226,569.4691351351352
8,227,569.4778378378378
8,228,569.4865405405405
8,229,569.4952432432432
8,230,569.5039459459459
8,231,569.5126486486486
8,232,569.5213513513513
8,233,569.5300540540541
8,234,569.5387567567567
8,235,569.5474594594594
8,236,569.5561621621621
8,237,569.5648648648648
8,238,569.5735675675676
8,239,569.5822702702702
8,240,569.590972972973
8,241,569.5996756756756
8,242,569.6083783783783
8,243,569.6170810810811
8,244,569.6257837837837
8,245,569.6344864864865
8,246,569.6431891891891
8,247,569.6518918918919
8,248,569.6605945945946
8,249,569.6692972972972
8,250,569.678
8,251,569.6867027027026
8,252,569.6954054054054
8,253,569.7041081081081
8,254,569.7128108108108
8,255,569.7215135135135
8,256,569.7302162162161
8,257,569.7389189189189
8,258,569.7476216216216
8,259,569.7563243243243
8,260,569.765027027027
8,261,569.7737297297297
8,262,569.7824324324324
8,263,569.7911351351352
8,264,569.7998378378378
8,265,569.8085405405405
8,266,569.8172432432432
8,267,569.8259459459459
8,268,569.8346486486487
8,269,569.8433513513513
8,270,569.8520540540541
8,271,569.8607567567567
8,272,569.8694594594594
8,273,569.8781621621622
8,274,569.8868648648648
8,275,569.8955675675676
8,276,569.9042702702702
8,277,569.912972972973
8,278,569.9216756756756
8,279,569.9303783783784
8,280,569.9390810810811
8,281,569.9477837837837
8,282,569.9564864864865
8,283,569.9651891891891
8,284,569.9738918918919
8,285,569.9825945945946
8,286,569.9912972972973
8,287,570.0
8,288,570.0087027027026
8,289,570.0174054054054
8,290,570.0261081081081
8,291,570.0348108108108
8,292,570.0435135135135
8,293,570.0522162162162
8,294,570.0609189189189
8,295,570.0696216216216
8,296,570.0783243243243
8,297,570.087027027027
8,298,570.0957297297297
8,299,570.1044324324324
8,300,570.1131351351352
8,301,570.1218378378378
8,302,570.1305405405406
8,303,570.1392432432432
8,304,570.1479459459459
8,305,570.1566486486487
8,306,570.1653513513513
8,307,570.1740540540541
8,308,570.1827567567567
8,309,570.1914594594595
8,310,570.2001621621622
8,311,570.2088648648648
8,312,570.2175675675676
8,313,570.2262702702702
8,314,570.234972972973
8,315,570.2436756756757
8,316,570.2523783783784
8,317,570.2610810810811
8,318,570.2697837837837
8,319,570.2784864864865
8,320,570.2871891891891
8,321,570.2958918918919
8,322,570.3045945945946
8,323,570.3132972972973
8,324,570.322
8,325,570.3307027027026
8,326,570.3394054054054
8,327,570.3481081081081
8,328,570.3568108108108
8,329,570.3655135135135
8,330,570.3742162162162
8,331,570.3829189189189
8,332,570.3916216216217
8,333,570.4003243243243
8,334,570.409027027027
8,335,570.4177297297297
8,336,570.4264324324324
8,337,570.4351351351352
8,338,570.4438378378378
8,339,570.4525405405406
8,340,570.4612432432432
8,341,570.4699459459459
8,342,570.4786486486487
8,343,570.4873513513513
8,344,570.4960540540541
8,345,570.5047567567567
8,346,570.5134594594595
8,347,570.5221621621622
8,348,570.5308648648648
8,349,570.5395675675676
8,350,570.5482702702702
8,351,570.556972972973
8,352,570.5656756756757
8,353,570.5743783783784
8,354,570.5830810810811
8,355,570.5917837837837
8,356,570.6004864864865
8,357,570.6091891891892
8,358,570.6178918918919
8,359,570.6265945945946
8,360,570.6352972972973
8,361,570.644
8,362,570.6527027027026
8,363,570.6614054054054
8,364,570.6701081081081
8,365,570.6788108108108
8,366,570.6875135135135
8,367,570.6962162162162
8,368,570.7049189189189
8,369,570.7136216216217
8,370,570.7223243243243
8,371,570.731027027027
8,372,570.7397297297297
8,373,570.7484324324324
8,374,570.7571351351352
8,375,570.7658378378378
8,376,570.7745405405406
8,377,570.7832432432432
8,378,570.7919459459459
8,379,570.8006486486487
8,380,570.8093513513513
8,381,570.8180540540541
8,382,570.8267567567567
8,383,570.8354594594595
8,384,570.8441621621622
8,385,570.8528648648648
8,386,570.8615675675676
8,387,570.8702702702702
8,388,570.878972972973
8,389,570.8876756756757
8,390,570.8963783783784
8,391,570.9050810810811
8,392,570.9137837837837
8,393,570.9224864864865
8,394,570.9311891891892
8,395,570.9398918918919
8,396,570.9485945945946
8,397,570.9572972972973
8,398,570.966
8,399,570.9747027027028
8,400,570.9834054054054
8,401,570.9921081081081
8,402,571.0008108108108
8,403,571.0095135135135
8,404,571.0182162162162
8,405,571.0269189189189
8,406,571.0356216216217
8,407,571.0443243243243
8,408,571.053027027027
8,409,571.0617297297297
8,410,571.0704324324324
8,411,571.0791351351352
8,412,571.0878378378378
8,413,571.0965405405406
8,414,571.1052432432432
8,415,571.1139459459459
8,416,571.1226486486487
8,417,571.1313513513513
8,418,571.1400540540541
8,419,571.1487567567567
8,420,571.1574594594595
8,421,571.1661621621622
8,422,571.1748648648648
8,423,571.1835675675676
8,424,571.1922702702702
8,425,571.200972972973
8,426,571.2096756756757
8,427,571.2183783783784
8,428,571.2270810810811
8,429,571.2357837837837
8,430,571.2444864864865
8,431,571.2531891891892
8,432,571.2618918918919
8,433,571.2705945945946
8,434,571.2792972972973
8,435,571.288
8,436,571.2967027027028
8,437,571.3054054054054
8,438,571.3141081081081
8,439,571.3228108108108
8,440,571.3315135135135
8,441,571.3402162162163
8,442,571.3489189189189
8,443,571.3576216216217
8,444,571.3663243243243
8,445,571.375027027027
8,446,571.3837297297297
8,447,571.3924324324324
8,448,571.4011351351352
8,449,571.4098378378378
8,450,571.4185405405406
8,451,571.4272432432432
8,452,571.435945945946
8,453,571.4446486486487
8,454,571.4533513513513
8,455,571.4620540540541
8,456,571.4707567567567
8,457,571.4794594594595
8,458,571.4881621621622
8,459,571.4968648648648
8,460,571.5055675675676
8,461,571.5142702702702
8,462,571.522972972973
8,463,571.5316756756757
8,464,571.5403783783784
8,465,571.5490810810811
8,466,571.5577837837837
8,467,571.5664864864865
8,468,571.5751891891892
8,469,571.5838918918919
8,470,571.5925945945946
8,471,571.6012972972973
8,472,571.61
8,473,571.6187027027028
8,474,571.6274054054054
8,475,571.6361081081081
8,476,571.6448108108108
8,477,571.6535135135135
8,478,571.6622162162163
8,479,571.6709189189189
8,480,571.6796216216217
8,481,571.6883243243243
8,482,571.697027027027
8,483,571.7057297297297
8,484,571.7144324324324
8,485,571.7231351351352
8,486,571.7318378378378
8,487,571.7405405405406
8,488,571.7492432432432
8,489,571.757945945946
8,490,571.7666486486487
8,491,571.7753513513513
8,492,571.7840540540541
8,493,571.7927567567567
8,494,571.8014594594595
8,495,571.8101621621622
8,496,571.8188648648648
8,497,571.8275675675676
8,498,571.8362702702702
8,499,571.844972972973
8,500,571.8536756756757
8,501,571.8623783783784
8,502,571.8710810810811
8,503,571.8797837837838
8,504,571.8884864864865
8,505,571.8971891891892
8,506,571.9058918918919
8,507,571.9145945945946
8,508,571.9232972972973
8,509,571.932
8,510,571.9407027027028
8,511,571.9494054054054
8,512,571.9581081081081
8,513,571.9668108108108
8,514,571.9755135135135
8,515,571.9842162162163
8,516,571.9929189189189
8,517,572.0016216216217
8,518,572.0103243243243
8,519,572.019027027027
8,520,572.0277297297298
8,521,572.0364324324324
8,522,572.0451351351352
8,523,572.0538378378378
8,524,572.0625405405406
8,525,572.0712432432433
8,526,572.079945945946
8,527,572.0886486486487
8,528,572.0973513513513
8,529,572.1060540540541
8,530,572.1147567567567
8,531,572.1234594594595
8,532,572.1321621621622
8,533,572.1408648648649
8,534,572.1495675675676
8,535,572.1582702702702
8,536,572.166972972973
8,537,572.1756756756757
8,538,572.1843783783784
8,539,572.1930810810811
8,540,572.2017837837838
8,541,572.2104864864865
8,542,572.2191891891893
8,543,572.2278918918919
8,544,572.2365945945946
8,545,572.2452972972973
8,546,572.254
8,547,572.2627027027028
8,548,572.2714054054054
8,549,572.2801081081082
8,550,572.2888108108108
8,551,572.2975135135135
8,552,572.3062162162163
8,553,572.3149189189189
8,554,572.3236216216217
8,555,572.3323243243243
8,556,572.341027027027
8,557,572.3497297297298
8,558,572.3584324324324
8,559,572.3671351351352
8,560,572.3758378378378
8,561,572.3845405405406
8,562,572.3932432432433
8,563,572.401945945946
8,564,572.4106486486487
8,565,572.4193513513513
8,566,572.4280540540541
8,567,572.4367567567568
8,568,572.4454594594595
8,569,572.4541621621622
8,570,572.4628648648649
8,571,572.4715675675676
8,572,572.4802702702702
8,573,572.488972972973
8,574,572.4976756756757
8,575,572.5063783783784
8,576,572.5150810810811
8,577,572.5237837837838
8,578,572.5324864864865
8,579,572.5411891891893
8,580,572.5498918918919
8,581,572.5585945945946
8,582,572.5672972972973
8,583,572.576
8,584,572.5847027027028
8,585,572.5934054054054
8,586,572.6021081081082
8,587,572.6108108108108
8,588,572.6195135135135
8,589,572.6282162162163
8,590,572.6369189189189
8,591,572.6456216216217
8,592,572.6543243243243
8,593,572.663027027027
8,594,572.6717297297298
8,595,572.6804324324324
8,596,572.6891351351352
8,597,572.6978378378378
8,598,572.7065405405406
8,599,572.7152432432433
8,600,572.723945945946
8,601,572.7326486486487
8,602,572.7413513513513
8,603,572.7500540540541
8,604,572.7587567567568
8,605,572.7674594594595
8,606,572.7761621621622
8,607,572.7848648648649
8,608,572.7935675675676
8,609,572.8022702702704
8,610,572.810972972973
8,611,572.8196756756757
8,612,572.8283783783784
8,613,572.8370810810811
8,614,572.8457837837838
8,615,572.8544864864865
8,616,572.8631891891893
8,617,572.8718918918919
8,618,572.8805945945946
8,619,572.8892972972973
8,620,572.898
8,621,572.9067027027028
8,622,572.9154054054054
8,623,572.9241081081082
8,624,572.9328108108108
8,625,572.9415135135135
8,626,572.9502162162163
8,627,572.9589189189189
8,628,572.9676216216217
8,629,572.9763243243243
8,630,572.9850270270271
8,631,572.9937297297298
8,632,573.0024324324324
8,633,573.0111351351352
8,634,573.0198378378378
8,635,573.0285405405406
8,636,573.0372432432433
8,637,573.045945945946
8,638,573.0546486486487
8,639,573.0633513513513
8,640,573.0720540540541
8,641,573.0807567567568
8,642,573.0894594594595
8,643,573.0981621621622
8,644,573.1068648648649
8,645,573.1155675675676
8,646,573.1242702702704
8,647,573.132972972973
8,648,573.1416756756757
8,649,573.1503783783784
8,650,573.1590810810811
8,651,573.1677837837839
8,652,573.1764864864865
8,653,573.1851891891893
8,654,573.1938918918919
8,655,573.2025945945946
8,656,573.2112972972973
8,657,573.22
8,658,573.2287027027028
8,659,573.2374054054054
8,660,573.2461081081082
8,661,573.2548108108108
8,662,573.2635135135135
8,663,573.2722162162163
8,664,573.2809189189189
8,665,573.2896216216217
8,666,573.2983243243243
8,667,573.3070270270271
8,668,573.3157297297298
8,669,573.3244324324324
8,670,573.3331351351352
8,671,573.3418378378378
8,672,573.3505405405406
8,673,573.3592432432433
8,674,573.367945945946
8,675,573.3766486486487
8,676,573.3853513513513
8,677,573.3940540540541
8,678,573.4027567567568
8,679,573.4114594594595
8,680,573.4201621621622
8,681,573.4288648648649
8,682,573.4375675675676
8,683,573.4462702702704
8,684,573.454972972973
8,685,573.4636756756757
8,686,573.4723783783784
8,687,573.4810810810811
8,688,573.4897837837839
8,689,573.4984864864865
8,690,573.5071891891893
8,691,573.5158918918919
8,692,573.5245945945946
8,693,573.5332972972974
8,694,573.542
8,695,573.5507027027028
8,696,573.5594054054054
8,697,573.5681081081082
8,698,573.5768108108108
8,699,573.5855135135135
8,700,573.5942162162163
8,701,573.6029189189189
8,702,573.6116216216217
8,703,573.6203243243243
8,704,573.6290270270271
8,705,573.6377297297298
8,706,573.6464324324324
8,707,573.6551351351352
8,708,573.6638378378378
8,709,573.6725405405406
8,710,573.6812432432433
8,711,573.689945945946
8,712,573.6986486486487
8,713,573.7073513513513
8,714,573.7160540540541
8,715,573.7247567567568
8,716,573.7334594594595
8,717,573.7421621621622
8,718,573.7508648648649
8,719,573.7595675675676
8,720,573.7682702702704
8,721,573.776972972973
8,722,573.7856756756757
8,723,573.7943783783784
8,724,573.8030810810811
8,725,573.8117837837839
8,726,573.8204864864865
8,727,573.8291891891893
8,728,573.8378918918919
8,729,573.8465945945946
8,730,573.8552972972974
8,731,573.864
8,732,573.8727027027028
8,733,573.8814054054054
8,734,573.8901081081082
8,735,573.8988108108109
8,736,573.9075135135135
8,737,573.9162162162163
8,738,573.9249189189189
8,739,573.9336216216217
8,740,573.9423243243243
8,741,573.9510270270271
8,742,573.9597297297298
8,743,573.9684324324325
8,744,573.9771351351352
8,745,573.9858378378378
8,746,573.9945405405406
8,747,574.0032432432433
8,748,574.011945945946
8,749,574.0206486486487
8,750,574.0293513513514
8,751,574.0380540540541
8,752,574.0467567567568
8,753,574.0554594594595
8,754,574.0641621621622
8,755,574.0728648648649
8,756,574.0815675675676
8,757,574.0902702702704
8,758,574.098972972973
8,759,574.1076756756758
8,760,574.1163783783784
8,761,574.1250810810811
8,762,574.1337837837839
8,763,574.1424864864865
8,764,574.1511891891893
8,765,574.1598918918919
8,766,574.1685945945947
8,767,574.1772972972974
8,768,574.186
8,769,574.1947027027028
8,770,574.2034054054054
8,771,574.2121081081082
8,772,574.2208108108109
8,773,574.2295135135136
8,774,574.2382162162163
8,775,574.2469189189189
8,776,574.2556216216217
8,777,574.2643243243244
8,778,574.2730270270271
8,779,574.2817297297298
8,780,574.2904324324325
8,781,574.2991351351352
8,782,574.3078378378378
8,783,574.3165405405406
8,784,574.3252432432433
8,785,574.333945945946
8,786,574.3426486486487
8,787,574.3513513513514
8,788,574.3600540540541
8,789,574.3687567567569
8,790,574.3774594594595
8,791,574.3861621621622
8,792,574.3948648648649
8,793,574.4035675675676
8,794,574.4122702702704
8,795,574.420972972973
8,796,574.4296756756758
8,797,574.4383783783784
8,798,574.4470810810811
8,799,574.4557837837839
8,800,574.4644864864865
8,801,574.4731891891893
8,802,574.4818918918919
8,803,574.4905945945947
8,804,574.4992972972974
8,805,574.508
8,806,574.5167027027028
8,807,574.5254054054054
8,808,574.5341081081082
8,809,574.5428108108109
8,810,574.5515135135136
8,811,574.5602162162163
8,812,574.5689189189189
8,813,574.5776216216217
8,814,574.5863243243244
8,815,574.5950270270271
8,816,574.6037297297298
8,817,574.6124324324325
8,818,574.6211351351352
8,819,574.629837837838
8,820,574.6385405405406
8,821,574.6472432432433
8,822,574.655945945946
8,823,574.6646486486487
8,824,574.6733513513514
8,825,574.6820540540541
8,826,574.6907567567569
8,827,574.6994594594595
8,828,574.7081621621622
8,829,574.7168648648649
8,830,574.7255675675676
8,831,574.7342702702704
8,832,574.742972972973
8,833,574.7516756756758
8,834,574.7603783783784
8,835,574.7690810810811
8,836,574.7777837837839
8,837,574.7864864864865
8,838,574.7951891891893
8,839,574.8038918918919
8,840,574.8125945945947
8,841,574.8212972972974
8,842,574.83
8,843,574.8387027027028
8,844,574.8474054054054
8,845,574.8561081081082
8,846,574.8648108108109
8,847,574.8735135135136
8,848,574.8822162162163
8,849,574.8909189189189
8,850,574.8996216216217
8,851,574.9083243243244
8,852,574.9170270270271
8,853,574.9257297297298
8,854,574.9344324324325
8,855,574.9431351351352
8,856,574.951837837838
8,857,574.9605405405406
8,858,574.9692432432433
8,859,574.977945945946
8,860,574.9866486486487
8,861,574.9953513513515
8,862,575.0040540540541
8,863,575.0127567567569
8,864,575.0214594594595
8,865,575.0301621621622
8,866,575.0388648648649
8,867,575.0475675675676
8,868,575.0562702702704
8,869,575.064972972973
8,870,575.0736756756758
8,871,575.0823783783784
8,872,575.0910810810811
8,873,575.0997837837839
8,874,575.1084864864865
8,875,575.1171891891893
8,876,575.1258918918919
8,877,575.1345945945947
8,878,575.1432972972974
8,879,575.152
8,880,575.1607027027028
8,881,575.1694054054054
8,882,575.1781081081082
8,883,575.1868108108109
8,884,575.1955135135136
8,885,575.2042162162163
8,886,575.212918918919
8,887,575.2216216216217
8,888,575.2303243243244
8,889,575.2390270270271
8,890,575.2477297297298
8,891,575.2564324324325
8,892,575.2651351351352
8,893,575.273837837838
8,894,575.2825405405406
8,895,575.2912432432433
8,896,575.299945945946
8,897,575.3086486486487
8,898,575.3173513513515
8,899,575.3260540540541
8,900,575.3347567567569
8,901,575.3434594594595
8,902,575.3521621621622
8,903,575.360864864865
8,904,575.3695675675676
8,905,575.3782702702704
8,906,575.386972972973
8,907,575.3956756756758
8,908,575.4043783783784
8,909,575.4130810810811
8,910,575.4217837837839
8,911,575.4304864864865
8,912,575.4391891891893
8,913,575.4478918918919
8,914,575.4565945945947
8,915,575.4652972972974
8,916,575.474
8,917,575.4827027027028
8,918,575.4914054054054
8,919,575.5001081081082
8,920,575.5088108108109
8,921,575.5175135135136
8,922,575.5262162162163
8,923,575.534918918919
8,924,575.5436216216217
8,925,575.5523243243244
8,926,575.5610270270271
8,927,575.5697297297298
8,928,575.5784324324325
8,929,575.5871351351352
8,930,575.595837837838
8,931,575.6045405405406
8,932,575.6132432432433
8,933,575.621945945946
8,934,575.6306486486487
8,935,575.6393513513515
8,936,575.6480540540541
8,937,575.6567567567569
8,938,575.6654594594595
8,939,575.6741621621622
8,940,575.682864864865
8,941,575.6915675675676
8,942,575.7002702702704
8,943,575.708972972973
8,944,575.7176756756758
8,945,575.7263783783785
8,946,575.7350810810811
8,947,575.7437837837839
8,948,575.7524864864865
8,949,575.7611891891893
8,950,575.7698918918919
8,951,575.7785945945947
8,952,575.7872972972974
8,953,575.796
8,954,575.8047027027028
8,955,575.8134054054054
8,956,575.8221081081082
8,957,575.8308108108109
8,958,575.8395135135136
8,959,575.8482162162163
8,960,575.856918918919
8,961,575.8656216216217
8,962,575.8743243243244
8,963,575.8830270270271
8,964,575.8917297297298
8,965,575.9004324324325
8,966,575.9091351351352
8,967,575.917837837838
8,968,575.9265405405406
8,969,575.9352432432433
8,970,575.943945945946
8,971,575.9526486486487
8,972,575.9613513513515
8,973,575.9700540540541
8,974,575.9787567567569
8,975,575.9874594594595
8,976,575.9961621621622
8,977,576.004864864865
8,978,576.0135675675676
8,979,576.0222702702704
8,980,576.030972972973
8,981,576.0396756756758
8,982,576.0483783783785
8,983,576.0570810810812
8,984,576.0657837837839
8,985,576.0744864864865
8,986,576.0831891891893
8,987,576.0918918918919
8,988,576.1005945945947
8,989,576.1092972972974
8,990,576.118
8,991,576.1267027027028
8,992,576.1354054054054
8,993,576.1441081081082
8,994,576.1528108108109
8,995,576.1615135135136
8,996,576.1702162162163
8,997,576.178918918919
8,998,576.1876216216217
8,999,576.1963243243245
8,1000,576.2050270270271
8,1001,576.2137297297298
8,1002,576.2224324324325
8,1003,576.2311351351352
8,1004,576.239837837838
8,1005,576.2485405405406
8,1006,576.2572432432434
8,1007,576.265945945946
8,1008,576.2746486486487
8,1009,576.2833513513515
8,1010,576.2920540540541
8,1011,576.3007567567569
8,1012,576.3094594594595
8,1013,576.3181621621623
8,1014,576.326864864865
8,1015,576.3355675675676
8,1016,576.3442702702704
8,1017,576.352972972973
8,1018,576.3616756756758
8,1019,576.3703783783785
8,1020,576.3790810810812
8,1021,576.3877837837839
8,1022,576.3964864864865
8,1023,576.4051891891893
8,1024,576.413891891892
8,1025,576.4225945945947
8,1026,576.4312972972974
8,1027,576.44
8,1028,576.4487027027028
8,1029,576.4574054054056
8,1030,576.4661081081082
8,1031,576.4748108108109
8,1032,576.4835135135136
8,1033,576.4922162162163
8,1034,576.500918918919
8,1035,576.5096216216217
8,1036,576.5183243243245
8,1037,576.5270270270271
8,1038,576.5357297297298
8,1039,576.5444324324325
8,1040,576.5531351351352
8,1041,576.561837837838
8,1042,576.5705405405406
8,1043,576.5792432432434
8,1044,576.587945945946
8,1045,576.5966486486487
8,1046,576.6053513513515
8,1047,576.6140540540541
8,1048,576.6227567567569
8,1049,576.6314594594595
8,1050,576.6401621621623
8,1051,576.648864864865
8,1052,576.6575675675676
8,1053,576.6662702702704
8,1054,576.674972972973
8,1055,576.6836756756758
8,1056,576.6923783783785
8,1057,576.7010810810812
8,1058,576.7097837837839
8,1059,576.7184864864865
8,1060,576.7271891891893
8,1061,576.735891891892
8,1062,576.7445945945947
8,1063,576.7532972972974
8,1064,576.7620000000001
8,1065,576.7707027027028
8,1066,576.7794054054056
8,1067,576.7881081081082
8,1068,576.7968108108109
8,1069,576.8055135135136
8,1070,576.8142162162163
8,1071,576.822918918919
8,1072,576.8316216216217
8,1073,576.8403243243245
8,1074,576.8490270270271
8,1075,576.8577297297298
8,1076,576.8664324324325
8,1077,576.8751351351352
8,1078,576.883837837838
8,1079,576.8925405405406
8,1080,576.9012432432434
8,1081,576.909945945946
8,1082,576.9186486486487
8,1083,576.9273513513515
8,1084,576.9360540540541
8,1085,576.9447567567569
8,1086,576.9534594594595
8,1087,576.9621621621623
8,1088,576.970864864865
8,1089,576.9795675675676
8,1090,576.9882702702704
8,1091,576.996972972973
8,1092,577.0056756756758
8,1093,577.0143783783785
8,1094,577.0230810810812
8,1095,577.0317837837839
8,1096,577.0404864864865
8,1097,577.0491891891893
8,1098,577.057891891892
8,1099,577.0665945945947
8,1100,577.0752972972974
8,1101,577.0840000000001
8,1102,577.0927027027028
8,1103,577.1014054054056
8,1104,577.1101081081082
8,1105,577.1188108108109
8,1106,577.1275135135136
8,1107,577.1362162162163
8,1108,577.1449189189191
8,1109,577.1536216216217
8,1110,577.1623243243245
8,1111,577.1710270270271
8,1112,577.1797297297298
8,1113,577.1884324324326
8,1114,577.1971351351352
8,1115,577.205837837838
8,1116,577.2145405405406
8,1117,577.2232432432434
8,1118,577.231945945946
8,1119,577.2406486486487
8,1120,577.2493513513515
8,1121,577.2580540540541
8,1122,577.2667567567569
8,1123,577.2754594594595
8,1124,577.2841621621623
8,1125,577.292864864865
8,1126,577.3015675675676
8,1127,577.3102702702704
8,1128,577.318972972973
8,1129,577.3276756756758
8,1130,577.3363783783785
8,1131,577.3450810810812
8,1132,577.3537837837839
8,1133,577.3624864864865
8,1134,577.3711891891893
8,1135,577.379891891892
8,1136,577.3885945945947
8,1137,577.3972972972974
8,1138,577.4060000000001
8,1139,577.4147027027028
8,1140,577.4234054054056
8,1141,577.4321081081082
8,1142,577.440810810811
8,1143,577.4495135135136
8,1144,577.4582162162163
8,1145,577.4669189189191
8,1146,577.4756216216217
8,1147,577.4843243243245
8,1148,577.4930270270271
8,1149,577.5017297297298
8,1150,577.5104324324326
8,1151,577.5191351351352
8,1152,577.527837837838
8,1153,577.5365405405406
8,1154,577.5452432432434
8,1155,577.5539459459461
8,1156,577.5626486486487
8,1157,577.5713513513515
8,1158,577.5800540540541
8,1159,577.5887567567569
8,1160,577.5974594594595
8,1161,577.6061621621623
8,1162,577.614864864865
8,1163,577.6235675675676
8,1164,577.6322702702704
8,1165,577.640972972973
8,1166,577.6496756756758
8,1167,577.6583783783785
8,1168,577.6670810810812
8,1169,577.6757837837839
8,1170,577.6844864864865
8,1171,577.6931891891893
8,1172,577.701891891892
8,1173,577.7105945945947
8,1174,577.7192972972974
8,1175,577.7280000000001
8,1176,577.7367027027028
8,1177,577.7454054054056
8,1178,577.7541081081082
8,1179,577.762810810811
8,1180,577.7715135135136
8,1181,577.7802162162163
8,1182,577.7889189189191
8,1183,577.7976216216217
8,1184,577.8063243243245
8,1185,577.8150270270271
8,1186,577.8237297297298
8,1187,577.8324324324326
8,1188,577.8411351351352
8,1189,577.849837837838
8,1190,577.8585405405406
8,1191,577.8672432432434
8,1192,577.8759459459461
8,1193,577.8846486486487
8,1194,577.8933513513515
8,1195,577.9020540540541
8,1196,577.9107567567569
8,1197,577.9194594594596
8,1198,577.9281621621623
8,1199,577.936864864865
8,1200,577.9455675675677
8,1201,577.9542702702704
8,1202,577.962972972973
8,1203,577.9716756756758
8,1204,577.9803783783785
8,1205,577.9890810810812
8,1206,577.9977837837839
8,1207,578.0064864864866
8,1208,578.0151891891893
8,1209,578.023891891892
8,1210,578.0325945945947
8,1211,578.0412972972974
8,1212,578.0500000000001
8,1213,578.0587027027028
8,1214,578.0674054054056
8,1215,578.0761081081082
8,1216,578.084810810811
8,1217,578.0935135135136
8,1218,578.1022162162163
8,1219,578.1109189189191
8,1220,578.1196216216217
8,1221,578.1283243243245
8,1222,578.1370270270271
8,1223,578.1457297297299
8,1224,578.1544324324326
8,1225,578.1631351351352
8,1226,578.171837837838
8,1227,578.1805405405406
8,1228,578.1892432432434
8,1229,578.1979459459461
8,1230,578.2066486486488
8,1231,578.2153513513515
8,1232,578.2240540540541
8,1233,578.2327567567569
8,1234,578.2414594594596
8,1235,578.2501621621623
8,1236,578.258864864865
8,1237,578.2675675675677
8,1238,578.2762702702704
8,1239,578.2849729729732
8,1240,578.2936756756758
8,1241,578.3023783783785
8,1242,578.3110810810812
8,1243,578.3197837837839
8,1244,578.3284864864866
8,1245,578.3371891891893
8,1246,578.345891891892
8,1247,578.3545945945947
8,1248,578.3632972972974
8,1249,578.3720000000001
8,1250,578.3807027027028
8,1251,578.3894054054056
8,1252,578.3981081081082
8,1253,578.406810810811
8,1254,578.4155135135136
8,1255,578.4242162162163
8,1256,578.4329189189191
8,1257,578.4416216216217
8,1258,578.4503243243245
8,1259,578.4590270270271
8,1260,578.4677297297299
8,1261,578.4764324324326
8,1262,578.4851351351352
8,1263,578.493837837838
8,1264,578.5025405405406
8,1265,578.5112432432434
8,1266,578.5199459459461
8,1267,578.5286486486488
8,1268,578.5373513513515
8,1269,578.5460540540541
8,1270,578.5547567567569
8,1271,578.5634594594596
8,1272,578.5721621621623
8,1273,578.580864864865
8,1274,578.5895675675677
8,1275,578.5982702702704
8,1276,578.6069729729732
8,1277,578.6156756756758
8,1278,578.6243783783785
8,1279,578.6330810810812
8,1280,578.6417837837839
8,1281,578.6504864864867
8,1282,578.6591891891893
8,1283,578.667891891892
8,1284,578.6765945945947
8,1285,578.6852972972974
8,1286,578.6940000000001
8,1287,578.7027027027028
8,1288,578.7114054054056
8,1289,578.7201081081082
8,1290,578.728810810811
8,1291,578.7375135135136
8,1292,578.7462162162163
8,1293,578.7549189189191
8,1294,578.7636216216217
8,1295,578.7723243243245
8,1296,578.7810270270271
8,1297,578.7897297297299
8,1298,578.7984324324326
8,1299,578.8071351351352
8,1300,578.815837837838
8,1301,578.8245405405406
8,1302,578.8332432432434
8,1303,578.8419459459461
8,1304,578.8506486486488
8,1305,578.8593513513515
8,1306,578.8680540540541
8,1307,578.8767567567569
8,1308,578.8854594594596
8,1309,578.8941621621623
8,1310,578.902864864865
8,1311,578.9115675675677
8,1312,578.9202702702704
8,1313,578.9289729729732
8,1314,578.9376756756758
8,1315,578.9463783783785
8,1316,578.9550810810812
8,1317,578.9637837837839
8,1318,578.9724864864867
8,1319,578.9811891891893
8,1320,578.9898918918921
8,1321,578.9985945945947
8,1322,579.0072972972974
8,1323,579.0160000000002
8,1324,579.0247027027028
8,1325,579.0334054054056
8,1326,579.0421081081082
8,1327,579.050810810811
8,1328,579.0595135135136
8,1329,579.0682162162163
8,1330,579.0769189189191
8,1331,579.0856216216217
8,1332,579.0943243243245
8,1333,579.1030270270271
8,1334,579.1117297297299
8,1335,579.1204324324326
8,1336,579.1291351351352
8,1337,579.137837837838
8,1338,579.1465405405406
8,1339,579.1552432432434
8,1340,579.1639459459461
8,1341,579.1726486486488
8,1342,579.1813513513515
8,1343,579.1900540540541
8,1344,579.1987567567569
8,1345,579.2074594594596
8,1346,579.2161621621623
8,1347,579.224864864865
8,1348,579.2335675675677
8,1349,579.2422702702704
8,1350,579.2509729729732
8,1351,579.2596756756758
8,1352,579.2683783783785
8,1353,579.2770810810812
8,1354,579.2857837837839
8,1355,579.2944864864867
8,1356,579.3031891891893
8,1357,579.3118918918921
8,1358,579.3205945945947
8,1359,579.3292972972974
8,1360,579.3380000000002
8,1361,579.3467027027028
8,1362,579.3554054054056
8,1363,579.3641081081082
8,1364,579.372810810811
8,1365,579.3815135135137
8,1366,579.3902162162163
8,1367,579.3989189189191
8,1368,579.4076216216217
8,1369,579.4163243243245
8,1370,579.4250270270271
8,1371,579.4337297297299
8,1372,579.4424324324326
8,1373,579.4511351351352
8,1374,579.459837837838
8,1375,579.4685405405406
8,1376,579.4772432432434
8,1377,579.4859459459461
8,1378,579.4946486486488
8,1379,579.5033513513515
8,1380,579.5120540540541
8,1381,579.5207567567569
8,1382,579.5294594594596
8,1383,579.5381621621623
8,1384,579.546864864865
8,1385,579.5555675675677
8,1386,579.5642702702704
8,1387,579.5729729729732
8,1388,579.5816756756758
8,1389,579.5903783783785
8,1390,579.5990810810812
8,1391,579.6077837837839
8,1392,579.6164864864867
8,1393,579.6251891891893
8,1394,579.6338918918921
8,1395,579.6425945945947
8,1396,579.6512972972974
8,1397,579.6600000000002
8,1398,579.6687027027028
8,1399,579.6774054054056
8,1400,579.6861081081082
8,1401,579.694810810811
8,1402,579.7035135135137
8,1403,579.7122162162163
8,1404,579.7209189189191
8,1405,579.7296216216217
8,1406,579.7383243243245
8,1407,579.7470270270272
8,1408,579.7557297297299
8,1409,579.7644324324326
8,1410,579.7731351351352
8,1411,579.781837837838
8,1412,579.7905405405406
8,1413,579.7992432432434
8,1414,579.8079459459461
8,1415,579.8166486486488
8,1416,579.8253513513515
8,1417,579.8340540540541
8,1418,579.8427567567569
8,1419,579.8514594594596
8,1420,579.8601621621623
8,1421,579.868864864865
8,1422,579.8775675675677
8,1423,579.8862702702704
8,1424,579.8949729729732
8,1425,579.9036756756758
8,1426,579.9123783783785
8,1427,579.9210810810812
8,1428,579.9297837837839
8,1429,579.9384864864867
8,1430,579.9471891891893
8,1431,579.9558918918921
8,1432,579.9645945945947
8,1433,579.9732972972974
8,1434,579.9820000000002
8,1435,579.9907027027028
8,1436,579.9994054054056
8,1437,580.0081081081082
8,1438,580.016810810811
8,1439,580.0255135135137
8,1440,580.0342162162164
8,1441,580.0429189189191
8,1442,580.0516216216217
8,1443,580.0603243243245
8,1444,580.0690270270272
8,1445,580.0777297297299
8,1446,580.0864324324326
8,1447,580.0951351351353
8,1448,580.103837837838
8,1449,580.1125405405407
8,1450,580.1212432432434
8,1451,580.1299459459461
8,1452,580.1386486486488
8,1453,580.1473513513515
8,1454,580.1560540540542
8,1455,580.1647567567569
8,1456,580.1734594594597
8,1457,580.1821621621623
8,1458,580.190864864865
8,1459,580.1995675675677
8,1460,580.2082702702704
8,1461,580.2169729729732
8,1462,580.2256756756758
8,1463,580.2343783783786
8,1464,580.2430810810812
8,1465,580.2517837837839
8,1466,580.2604864864867
8,1467,580.2691891891893
8,1468,580.2778918918921
8,1469,580.2865945945947
8,1470,580.2952972972975
8,1471,580.3040000000002
8,1472,580.3127027027028
8,1473,580.3214054054056
8,1474,580.3301081081082
8,1475,580.338810810811
8,1476,580.3475135135137
8,1477,580.3562162162164
8,1478,580.3649189189191
8,1479,580.3736216216217
8,1480,580.3823243243245
8,1481,580.3910270270272
8,1482,580.3997297297299
8,1483,580.4084324324326
8,1484,580.4171351351353
8,1485,580.425837837838
8,1486,580.4345405405408
8,1487,580.4432432432434
8,1488,580.4519459459461
8,1489,580.4606486486488
8,1490,580.4693513513515
8,1491,580.4780540540543
8,1492,580.4867567567569
8,1493,580.4954594594597
8,1494,580.5041621621623
8,1495,580.512864864865
8,1496,580.5215675675677
8,1497,580.5302702702704
8,1498,580.5389729729732
8,1499,580.5476756756758
8,1500,580.5563783783786
8,1501,580.5650810810812
8,1502,580.5737837837839
8,1503,580.5824864864867
8,1504,580.5911891891893
8,1505,580.5998918918921
8,1506,580.6085945945947
8,1507,580.6172972972975
8,1508,580.6260000000002
8,1509,580.6347027027028
8,1510,580.6434054054056
8,1511,580.6521081081082
8,1512,580.660810810811
8,1513,580.6695135135137
8,1514,580.6782162162164
8,1515,580.6869189189191
8,1516,580.6956216216217
8,1517,580.7043243243245
8,1518,580.7130270270272
8,1519,580.7217297297299
8,1520,580.7304324324326
8,1521,580.7391351351353
8,1522,580.747837837838
8,1523,580.7565405405408
8,1524,580.7652432432434
8,1525,580.7739459459461
8,1526,580.7826486486488
8,1527,580.7913513513515
8,1528,580.8000540540543
8,1529,580.8087567567569
8,1530,580.8174594594597
8,1531,580.8261621621623
8,1532,580.834864864865
8,1533,580.8435675675678
8,1534,580.8522702702704
8,1535,580.8609729729732
8,1536,580.8696756756758
8,1537,580.8783783783786
8,1538,580.8870810810812
8,1539,580.8957837837839
8,1540,580.9044864864867
8,1541,580.9131891891893
8,1542,580.9218918918921
8,1543,580.9305945945947
8,1544,580.9392972972975
8,1545,580.9480000000002
8,1546,580.9567027027028
8,1547,580.9654054054056
8,1548,580.9741081081082
8,1549,580.982810810811
8,1550,580.9915135135137
8,1551,581.0002162162164
8,1552,581.0089189189191
8,1553,581.0176216216217
8,1554,581.0263243243245
8,1555,581.0350270270272
8,1556,581.0437297297299
8,1557,581.0524324324326
8,1558,581.0611351351353
8,1559,581.069837837838
8,1560,581.0785405405408
8,1561,581.0872432432434
8,1562,581.0959459459461
8,1563,581.1046486486488
8,1564,581.1133513513515
8,1565,581.1220540540543
8,1566,581.1307567567569
8,1567,581.1394594594597
8,1568,581.1481621621623
8,1569,581.156864864865
8,1570,581.1655675675678
8,1571,581.1742702702704
8,1572,581.1829729729732
8,1573,581.1916756756758
8,1574,581.2003783783786
8,1575,581.2090810810813
8,1576,581.217783783784
8,1577,581.2264864864867
8,1578,581.2351891891893
8,1579,581.2438918918921
8,1580,581.2525945945947
8,1581,581.2612972972975
8,1582,581.2700000000002
8,1583,581.2787027027028
8,1584,581.2874054054056
8,1585,581.2961081081082
8,1586,581.304810810811
8,1587,581.3135135135137
8,1588,581.3222162162164
8,1589,581.3309189189191
8,1590,581.3396216216217
8,1591,581.3483243243245
8,1592,581.3570270270272
8,1593,581.3657297297299
8,1594,581.3744324324326
8,1595,581.3831351351353
8,1596,581.391837837838
8,1597,581.4005405405408
8,1598,581.4092432432434
8,1599,581.4179459459461
8,1600,581.4266486486488
8,1601,581.4353513513515
8,1602,581.4440540540543
8,1603,581.4527567567569
8,1604,581.4614594594597
8,1605,581.4701621621623
8,1606,581.478864864865
8,1607,581.4875675675678
8,1608,581.4962702702704
8,1609,581.5049729729732
8,1610,581.5136756756758
8,1611,581.5223783783786
8,1612,581.5310810810813
8,1613,581.539783783784
8,1614,581.5484864864867
8,1615,581.5571891891893
8,1616,581.5658918918921
8,1617,581.5745945945948
8,1618,581.5832972972975
8,1619,581.5920000000002
8,1620,581.6007027027028
8,1621,581.6094054054056
8,1622,581.6181081081082
8,1623,581.626810810811
8,1624,581.6355135135137
8,1625,581.6442162162164
8,1626,581.6529189189191
8,1627,581.6616216216217
8,1628,581.6703243243245
8,1629,581.6790270270272
8,1630,581.6877297297299
8,1631,581.6964324324326
8,1632,581.7051351351353
8,1633,581.713837837838
8,1634,581.7225405405408
8,1635,581.7312432432434
8,1636,581.7399459459461
8,1637,581.7486486486488
8,1638,581.7573513513515
8,1639,581.7660540540543
8,1640,581.7747567567569
8,1641,581.7834594594597
8,1642,581.7921621621623
8,1643,581.800864864865
8,1644,581.8095675675678
8,1645,581.8182702702704
8,1646,581.8269729729732
8,1647,581.8356756756758
8,1648,581.8443783783786
8,1649,581.8530810810813
8,1650,581.861783783784
8,1651,581.8704864864867
8,1652,581.8791891891893
8,1653,581.8878918918921
8,1654,581.8965945945948
8,1655,581.9052972972975
8,1656,581.9140000000002
8,1657,581.9227027027028
8,1658,581.9314054054056
8,1659,581.9401081081083
8,1660,581.948810810811
8,1661,581.9575135135137
8,1662,581.9662162162164
8,1663,581.9749189189191
8,1664,581.9836216216218
8,1665,581.9923243243245
8,1666,582.0010270270272
8,1667,582.0097297297299
8,1668,582.0184324324326
8,1669,582.0271351351353
8,1670,582.035837837838
8,1671,582.0445405405408
8,1672,582.0532432432434
8,1673,582.0619459459461
8,1674,582.0706486486488
8,1675,582.0793513513515
8,1676,582.0880540540543
8,1677,582.0967567567569
8,1678,582.1054594594597
8,1679,582.1141621621623
8,1680,582.122864864865
8,1681,582.1315675675678
8,1682,582.1402702702704
8,1683,582.1489729729732
8,1684,582.1576756756758
8,1685,582.1663783783786
8,1686,582.1750810810813
8,1687,582.183783783784
8,1688,582.1924864864867
8,1689,582.2011891891893
8,1690,582.2098918918921
8,1691,582.2185945945948
8,1692,582.2272972972975
8,1693,582.2360000000002
8,1694,582.2447027027029
8,1695,582.2534054054056
8,1696,582.2621081081084
8,1697,582.270810810811
8,1698,582.2795135135137
8,1699,582.2882162162164
8,1700,582.2969189189191
8,1701,582.3056216216219
8,1702,582.3143243243245
8,1703,582.3230270270273
8,1704,582.3317297297299
8,1705,582.3404324324326
8,1706,582.3491351351353
8,1707,582.357837837838
8,1708,582.3665405405408
8,1709,582.3752432432434
8,1710,582.3839459459462
8,1711,582.3926486486488
8,1712,582.4013513513515
8,1713,582.4100540540543
8,1714,582.4187567567569
8,1715,582.4274594594597
8,1716,582.4361621621623
8,1717,582.444864864865
8,1718,582.4535675675678
8,1719,582.4622702702704
8,1720,582.4709729729732
8,1721,582.4796756756758
8,1722,582.4883783783786
8,1723,582.4970810810813
8,1724,582.505783783784
8,1725,582.5144864864867
8,1726,582.5231891891893
8,1727,582.5318918918921
8,1728,582.5405945945948
8,1729,582.5492972972975
8,1730,582.5580000000002
8,1731,582.5667027027029
8,1732,582.5754054054056
8,1733,582.5841081081084
8,1734,582.592810810811
8,1735,582.6015135135137
8,1736,582.6102162162164
8,1737,582.6189189189191
8,1738,582.6276216216219
8,1739,582.6363243243245
8,1740,582.6450270270273
8,1741,582.6537297297299
8,1742,582.6624324324326
8,1743,582.6711351351354
8,1744,582.679837837838
8,1745,582.6885405405408
8,1746,582.6972432432434
8,1747,582.7059459459462
8,1748,582.7146486486488
8,1749,582.7233513513515
9,0,556.4335752874232
9,1,556.4447773663248
9,2,556.4559780498566
9,3,556.4671773380185
9,4,556.4783752308103
9,5,556.4895717282324
9,6,556.5007668302845
9,7,556.5119605369667
9,8,556.5231528482791
9,9,556.5343437642215
9,10,556.5455332847939
9,11,556.5567214099965
9,12,556.5679081398292
9,13,556.579093474292
9,14,556.5902774133849
9,15,556.6014599571079
9,16,556.6126411054609
9,17,556.623820858444
9,18,556.6349992160573
9,19,556.6461761783006
9,20,556.657351745174
9,21,556.6685259166776
9,22,556.6796986928111
9,23,556.6908700735748
9,24,556.7020400589687
9,25,556.7132086489926
9,26,556.7243758436465
9,27,556.7355416429306
9,28,556.7467060468448
9,29,556.757869055389
9,30,556.7690306685635
9,31,556.7801908863679
9,32,556.7913497088024
9,33,556.802507135867
9,34,556.8136631675618
9,35,556.8248178038866
9,36,556.8359710448415
9,37,556.8471228904265
9,38,556.8582733406416
9,39,556.8694223954868
9,40,556.8805700549622
9,41,556.8917163190675
9,42,556.902861187803
9,43,556.9140046611685
9,44,556.9251467391642
9,45,556.93628742179
9,46,556.9474267090458
9,47,556.9585646009317
9,48,556.9697010974478
9,49,556.9808361985939
9,50,556.9919699043702
9,51,557.0031022147765
9,52,557.0142331298129
9,53,557.0253626494793
9,54,557.036490773776
9,55,557.0476175027027
9,56,557.0587428362594
9,57,557.0698667744463
9,58,557.0809893172633
9,59,557.0921104647103
9,60,557.1032302167876
9,61,557.1143485734948
9,62,557.1254655348321
9,63,557.1365811007995
9,64,557.1476952713971
9,65,557.1588080466247
9,66,557.1699194264824
9,67,557.1810294109702
9,68,557.1921380000881
9,69,557.2032451938361
9,70,557.2143509922141
9,71,557.2254553952223
9,72,557.2365584028606
9,73,557.247660015129
9,74,557.2587602320274
9,75,557.269859053556
9,76,557.2809564797146
9,77,557.2920525105034
9,78,557.3031471459223
9,79,557.3142403859712
9,80,557.3253322306501
9,81,557.3364226799592
9,82,557.3475117338985
9,83,557.3585993924678
9,84,557.3696856556671
9,85,557.3807705234966
9,86,557.3918539959562
9,87,557.4029360730459
9,88,557.4140167547656
9,89,557.4250960411155
9,90,557.4361739320955
9,91,557.4472504277055
9,92,557.4583255279456
9,93,557.4693992328158
9,94,557.4804715423162
9,95,557.4915424564466
9,96,557.5026119752071
9,97,557.5136800985977
9,98,557.5247468266184
9,99,557.5358121592692
9,100,557.54687609655
9,101,557.557938638461
9,102,557.5689997850021
9,103,557.5800595361733
9,104,557.5911178919746
9,105,557.6021748524059
9,106,557.6132304174673
9,107,557.6242845871589
9,108,557.6353373614805
9,109,557.6463887404323
9,110,557.657438724014
9,111,557.6684873122259
9,112,557.679534505068
9,113,557.6905803025401
9,114,557.7016247046422
9,115,557.7126677113745
9,116,557.7237093227369
9,117,557.7347495387294
9,118,557.7457883593519
9,119,557.7568257846045
9,120,557.7678618144873
9,121,557.7788964490001
9,122,557.789929688143
9,123,557.8009615319161
9,124,557.8119919803191
9,125,557.8230210333523
9,126,557.8340486910157
9,127,557.8450749533091
9,128,557.8560998202325
9,129,557.8671232917861
9,130,557.8781453679699
9,131,557.8891660487836
9,132,557.9001853342274
9,133,557.9112032243014
9,134,557.9222197190055
9,135,557.9332348183397
9,136,557.9442485223038
9,137,557.9552608308982
9,138,557.9662717441227
9,139,557.9772812619772
9,140,557.9882893844617
9,141,557.9992961115764
9,142,558.0103014433213
9,143,558.0213053796962
9,144,558.0323079207011
9,145,558.0433090663362
9,146,558.0543088166014
9,147,558.0653071714967
9,148,558.076304131022
9,149,558.0872996951774
9,150,558.098293863963
9,151,558.1092866373785
9,152,558.1202780154243
9,153,558.1312679981002
9,154,558.142256585406
9,155,558.153243777342
9,156,558.1642295739082
9,157,558.1752139751044
9,158,558.1861969809306
9,159,558.197178591387
9,160,558.2081588064735
9,161,558.2191376261901
9,162,558.2301150505367
9,163,558.2410910795135
9,164,558.2520657131204
9,165,558.2630389513573
9,166,558.2740107942243
9,167,558.2849812417214
9,168,558.2959502938486
9,169,558.3069179506059
9,170,558.3178842119934
9,171,558.3288490780109
9,172,558.3398125486584
9,173,558.3507746239361
9,174,558.361735303844
9,175,558.3726945883818
9,176,558.3836524775497
9,177,558.3946089713478
9,178,558.4055640697759
9,179,558.4165177728341
9,180,558.4274700805225
9,181,558.438420992841
9,182,558.4493705097894
9,183,558.4603186313681
9,184,558.4712653575768
9,185,558.4822106884156
9,186,558.4931546238845
9,187,558.5040971639835
9,188,558.5150383087125
9,189,558.5259780580717
9,190,558.536916412061
9,191,558.5478533706804
9,192,558.5587889339298
9,193,558.5697231018094
9,194,558.5806558743191
9,195,558.5915872514588
9,196,558.6025172332286
9,197,558.6134458196285
9,198,558.6243730106585
9,199,558.6352988063186
9,200,558.6462232066089
9,201,558.6571462115292
9,202,558.6680678210795
9,203,558.67898803526
9,204,558.6899068540706
9,205,558.7008242775112
9,206,558.711740305582
9,207,558.7226549382829
9,208,558.7335681756138
9,209,558.7444800175748
9,210,558.755390464166
9,211,558.7662995153872
9,212,558.7772071712385
9,213,558.7881134317199
9,214,558.7990182968314
9,215,558.809921766573
9,216,558.8208238409447
9,217,558.8317245199465
9,218,558.8426238035784
9,219,558.8535216918403
9,220,558.8644181847324
9,221,558.8753132822545
9,222,558.8862069844068
9,223,558.8970992911892
9,224,558.9079902026016
9,225,558.9188797186441
9,226,558.9297678393167
9,227,558.9406545646194
9,228,558.9515398945523
9,229,558.9624238291152
9,230,558.9733063683082
9,231,558.9841875121313
9,232,558.9950672605844
9,233,559.0059456136677
9,234,559.0168225713811
9,235,559.0276981337246
9,236,559.0385723006981
9,237,559.0494450723018
9,238,559.0603164485354
9,239,559.0711864293993
9,240,559.0820550148933
9,241,559.0929222050173
9,242,559.1037879997714
9,243,559.1146523991556
9,244,559.1255154031699
9,245,559.1363770118143
9,246,559.1472372250888
9,247,559.1580960429934
9,248,559.168953465528
9,249,559.1798094926928
9,250,559.1906641244876
9,251,559.2015173609126
9,252,559.2123692019677
9,253,559.2232196476527
9,254,559.234068697968
9,255,559.2449163529134
9,256,559.2557626124888
9,257,559.2666074766943
9,258,559.2774509455298
9,259,559.2882930189955
9,260,559.2991336970914
9,261,559.3099729798173
9,262,559.3208108671732
9,263,559.3316473591593
9,264,559.3424824557754
9,265,559.3533161570217
9,266,559.3641484628981
9,267,559.3749793734045
9,268,559.3858088885411
9,269,559.3966370083077
9,270,559.4074637327044
9,271,559.4182890617312
9,272,559.4291129953881
9,273,559.4399355336751
9,274,559.4507566765923
9,275,559.4615764241395
9,276,559.4723947763167
9,277,559.4832117331241
9,278,559.4940272945615
9,279,559.5048414606291
9,280,559.5156542313267
9,281,559.5264656066545
9,282,559.5372755866124
9,283,559.5480841712003
9,284,559.5588913604183
9,285,559.5696971542665
9,286,559.5805015527446
9,287,559.591304555853
9,288,559.6021061635913
9,289,559.6129063759598
9,290,559.6237051929585
9,291,559.6345026145872
9,292,559.6452986408459
9,293,559.6560932717348
9,294,559.6668865072537
9,295,559.6776783474028
9,296,559.6884687921819
9,297,559.6992578415911
9,298,559.7100454956305
9,299,559.7208317543
9,300,559.7316166175995
9,301,559.7424000855291
9,302,559.7531821580887
9,303,559.7639628352786
9,304,559.7747421170984
9,305,559.7855200035484
9,306,559.7962964946286
9,307,559.8070715903386
9,308,559.817845290679
9,309,559.8286175956493
9,310,559.8393885052498
9,311,559.8501580194803
9,312,559.8609261383409
9,313,559.8716928618317
9,314,559.8824581899524
9,315,559.8932221227034
9,316,559.9039846600845
9,317,559.9147458020956
9,318,559.9255055487367
9,319,559.936263900008
9,320,559.9470208559094
9,321,559.9577764164409
9,322,559.9685305816024
9,323,559.9792833513941
9,324,559.9900347258158
9,325,560.0007847048677
9,326,560.0115332885497
9,327,560.0222804768616
9,328,560.0330262698038
9,329,560.0437706673761
9,330,560.0545136695783
9,331,560.0652552764108
9,332,560.0759954878732
9,333,560.0867343039658
9,334,560.0974717246885
9,335,560.1082077500413
9,336,560.1189423800242
9,337,560.1296756146371
9,338,560.1404074538802
9,339,560.1511378977534
9,340,560.1618669462566
9,341,560.17259459939
9,342,560.1833208571534
9,343,560.1940457195469
9,344,560.2047691865705
9,345,560.2154912582242
9,346,560.226211934508
9,347,560.2369312154219
9,348,560.247649100966
9,349,560.25836559114
9,350,560.2690806859442
9,351,560.2797943853785
9,352,560.2905066894429
9,353,560.3012175981373
9,354,560.3119271114618
9,355,560.3226352294165
9,356,560.3333419520012
9,357,560.344047279216
9,358,560.354751211061
9,359,560.365453747536
9,360,560.3761548886412
9,361,560.3868546343763
9,362,560.3975529847417
9,363,560.408249939737
9,364,560.4189454993625
9,365,560.4296396636181
9,366,560.4403324325037
9,367,560.4510238060195
9,368,560.4617137841653
9,369,560.4724023669413
9,370,560.4830895543473
9,371,560.4937753463835
9,372,560.5044597430497
9,373,560.515142744346
9,374,560.5258243502724
9,375,560.5365045608289
9,376,560.5471833760156
9,377,560.5578607958322
9,378,560.5685368202791
9,379,560.579211449356
9,380,560.5898846830629
9,381,560.6005565214
9,382,560.6112269643671
9,383,560.6218960119644
9,384,560.6325636641917
9,385,560.6432299210492
9,386,560.6538947825367
9,387,560.6645582486543
9,388,560.675220319402
9,389,560.6858809947798
9,390,560.6965402747877
9,391,560.7071981594257
9,392,560.7178546486938
9,393,560.728509742592
9,394,560.7391634411204
9,395,560.7498157442786
9,396,560.7604666520672
9,397,560.7711161644856
9,398,560.7817642815344
9,399,560.7924110032131
9,400,560.803056329522
9,401,560.8137002604609
9,402,560.8243427960299
9,403,560.834983936229
9,404,560.8456236810582
9,405,560.8562620305175
9,406,560.8668989846069
9,407,560.8775345433264
9,408,560.888168706676
9,409,560.8988014746557
9,410,560.9094328472654
9,411,560.9200628245053
9,412,560.9306914063752
9,413,560.9413185928753
9,414,560.9519443840054
9,415,560.9625687797657
9,416,560.973191780156
9,417,560.9838133851764
9,418,560.994433594827
9,419,561.0050524091075
9,420,561.0156698280183
9,421,561.026285851559
9,422,561.03690047973
9,423,561.0475137125309
9,424,561.058125549962
9,425,561.0687359920231
9,426,561.0793450387145
9,427,561.0899526900358
9,428,561.1005589459872
9,429,561.1111638065688
9,430,561.1217672717804
9,431,561.1323693416222
9,432,561.142970016094
9,433,561.1535692951959
9,434,561.1641671789279
9,435,561.17476366729
9,436,561.1853587602822
9,437,561.1959524579045
9,438,561.2065447601568
9,439,561.2171356670393
9,440,561.2277251785519
9,441,561.2383132946945
9,442,561.2489000154673
9,443,561.2594853408701
9,444,561.270069270903
9,445,561.2806518055661
9,446,561.2912329448592
9,447,561.3018126887824
9,448,561.3123910373357
9,449,561.3229679905191
9,450,561.3335435483326
9,451,561.3441177107762
9,452,561.3546904778499
9,453,561.3652618495537
9,454,561.3758318258875
9,455,561.3864004068515
9,456,561.3969675924455
9,457,561.4075333826697
9,458,561.4180977775239
9,459,561.4286607770083
9,460,561.4392223811227
9,461,561.4497825898673
9,462,561.4603414032418
9,463,561.4708988212466
9,464,561.4814548438814
9,465,561.4920094711463
9,466,561.5025627030412
9,467,561.5131145395663
9,468,561.5236649807215
9,469,561.5342140265068
9,470,561.5447616769221
9,471,561.5553079319676
9,472,561.5658527916431
9,473,561.5763962559488
9,474,561.5869383248845
9,475,561.5974789984504
9,476,561.6080182766462
9,477,561.6185561594723
9,478,561.6290926469284
9,479,561.6396277390146
9,480,561.6501614357309
9,481,561.6606937370773
9,482,561.6712246430537
9,483,561.6817541536603
9,484,561.692282268897
9,485,561.7028089887638
9,486,561.7133343132606
9,487,561.7238582423876
9,488,561.7343807761446
9,489,561.7449019145317
9,490,561.7554216575489
9,491,561.7659400051963
9,492,561.7764569574737
9,493,561.7869725143812
9,494,561.7974866759188
9,495,561.8079994420865
9,496,561.8185108128843
9,497,561.829020788312
9,498,561.8395293683701
9,499,561.8500365530581
9,500,561.8605423423763
9,501,561.8710467363245
9,502,561.8815497349029
9,503,561.8920513381113
9,504,561.9025515459499
9,505,561.9130503584184
9,506,561.9235477755171
9,507,561.934043797246
9,508,561.9445384236049
9,509,561.9550316545939
9,510,561.965523490213
9,511,561.9760139304622
9,512,561.9865029753414
9,513,561.9969906248508
9,514,562.0074768789902
9,515,562.0179617377598
9,516,562.0284452011595
9,517,562.0389272691892
9,518,562.049407941849
9,519,562.059887219139
9,520,562.070365101059
9,521,562.0808415876091
9,522,562.0913166787893
9,523,562.1017903745997
9,524,562.11226267504
9,525,562.1227335801104
9,526,562.1332030898111
9,527,562.1436712041417
9,528,562.1541379231026
9,529,562.1646032466933
9,530,562.1750671749143
9,531,562.1855297077653
9,532,562.1959908452465
9,533,562.2064505873577
9,534,562.216908934099
9,535,562.2273658854705
9,536,562.237821441472
9,537,562.2482756021036
9,538,562.2587283673653
9,539,562.2691797372571
9,540,562.279629711779
9,541,562.290078290931
9,542,562.300525474713
9,543,562.3109712631252
9,544,562.3214156561675
9,545,562.3318586538397
9,546,562.3423002561423
9,547,562.3527404630747
9,548,562.3631792746373
9,549,562.3736166908301
9,550,562.3840527116529
9,551,562.3944873371058
9,552,562.4049205671888
9,553,562.4153524019019
9,554,562.4257828412451
9,555,562.4362118852184
9,556,562.4466395338218
9,557,562.4570657870553
9,558,562.4674906449188
9,559,562.4779141074124
9,560,562.4883361745362
9,561,562.49875684629
9,562,562.509176122674
9,563,562.519594003688
9,564,562.5300104893321
9,565,562.5404255796063
9,566,562.5508392745106
9,567,562.5612515740451
9,568,562.5716624782095
9,569,562.5820719870042
9,570,562.5924801004288
9,571,562.6028868184836
9,572,562.6132921411685
9,573,562.6236960684834
9,574,562.6340986004285
9,575,562.6444997370036
9,576,562.6548994782088
9,577,562.6652978240442
9,578,562.6756947745096
9,579,562.6860903296051
9,580,562.6964844893307
9,581,562.7068772536865
9,582,562.7172686226722
9,583,562.7276585962882
9,584,562.7380471745341
9,585,562.7484343574101
9,586,562.7588201449164
9,587,562.7692045370526
9,588,562.7795875338189
9,589,562.7899691352154
9,590,562.8003493412419
9,591,562.8107281518986
9,592,562.8211055671853
9,593,562.8314815871022
9,594,562.8418562116491
9,595,562.852229440826
9,596,562.8626012746332
9,597,562.8729717130703
9,598,562.8833407561376
9,599,562.893708403835
9,600,562.9040746561625
9,601,562.9144395131201
9,602,562.9248029747077
9,603,562.9351650409255
9,604,562.9455257117734
9,605,562.9558849872512
9,606,562.9662428673594
9,607,562.9765993520974
9,608,562.9869544414656
9,609,562.997308135464
9,610,563.0076604340924
9,611,563.0180113373509
9,612,563.0283608452395
9,613,563.0387089577582
9,614,563.049055674907
9,615,563.0594009966858
9,616,563.0697449230948
9,617,563.0800874541338
9,618,563.090428589803
9,619,563.1007683301023
9,620,563.1111066750316
9,621,563.121443624591
9,622,563.1317791787806
9,623,563.1421133376001
9,624,563.1524461010499
9,625,563.1627774691297
9,626,563.1731074418395
9,627,563.1834360191796
9,628,563.1937632011496
9,629,563.2040889877499
9,630,563.2144133789801
9,631,563.2247363748405
9,632,563.235057975331
9,633,563.2453781804514
9,634,563.2556969902021
9,635,563.2660144045828
9,636,563.2763304235937
9,637,563.2866450472346
9,638,563.2969582755056
9,639,563.3072701084068
9,640,563.317580545938
9,641,563.3278895880992
9,642,563.3381972348906
9,643,563.3485034863121
9,644,563.3588083423637
9,645,563.3691118030454
9,646,563.3794138683571
9,647,563.3897145382989
9,648,563.400013812871
9,649,563.4103116920729
9,650,563.420608175905
9,651,563.4309032643673
9,652,563.4411969574596
9,653,563.4514892551821
9,654,563.4617801575346
9,655,563.4720696645171
9,656,563.4823577761299
9,657,563.4926444923726
9,658,563.5029298132455
9,659,563.5132137387485
9,660,563.5234962688816
9,661,563.5337774036448
9,662,563.544057143038
9,663,563.5543354870613
9,664,563.5646124357147
9,665,563.5748879889983
9,666,563.5851621469119
9,667,563.5954349094557
9,668,563.6057062766295
9,669,563.6159762484333
9,670,563.6262448248673
9,671,563.6365120059314
9,672,563.6467777916256
9,673,563.6570421819499
9,674,563.6673051769043
9,675,563.6775667764887
9,676,563.6878269807033
9,677,563.6980857895479
9,678,563.7083432030227
9,679,563.7185992211275
9,680,563.7288538438625
9,681,563.7391070712275
9,682,563.7493589032226
9,683,563.7596093398478
9,684,563.7698583811031
9,685,563.7801060269885
9,686,563.790352277504
9,687,563.8005971326496
9,688,563.8108405924253
9,689,563.821082656831
9,690,563.8313233258668
9,691,563.8415625995328
9,692,563.8518004778289
9,693,563.8620369607551
9,694,563.8722720483113
9,695,563.8825057404975
9,696,563.892738037314
9,697,563.9029689387605
9,698,563.9131984448371
9,699,563.9234265555439
9,700,563.9336532708807
9,701,563.9438785908475
9,702,563.9541025154444
9,703,563.9643250446716
9,704,563.9745461785287
9,705,563.984765917016
9,706,563.9949842601334
9,707,564.0052012078808
9,708,564.0154167602583
9,709,564.025630917266
9,710,564.0358436789037
9,711,564.0460550451714
9,712,564.0562650160695
9,713,564.0664735915974
9,714,564.0766807717555
9,715,564.0868865565437
9,716,564.097090945962
9,717,564.1072939400103
9,718,564.1174955386888
9,719,564.1276957419974
9,720,564.137894549936
9,721,564.1480919625049
9,722,564.1582879797037
9,723,564.1684826015326
9,724,564.1786758279916
9,725,564.1888676590808
9,726,564.1990580948
9,727,564.2092471351493
9,728,564.2194347801287
9,729,564.2296210297382
9,730,564.2398058839777
9,731,564.2499893428475
9,732,564.2601714063472
9,733,564.270352074477
9,734,564.280531347237
9,735,564.2907092246271
9,736,564.3008857066473
9,737,564.3110607932975
9,738,564.3212344845779
9,739,564.3314067804882
9,740,564.3415776810288
9,741,564.3517471861994
9,742,564.3619152960001
9,743,564.3720820104309
9,744,564.3822473294917
9,745,564.3924112531828
9,746,564.4025737815039
9,747,564.4127349144551
9,748,564.4228946520363
9,749,564.4330529942476
9,750,564.4432099410891
9,751,564.4533654925607
9,752,564.4635196486623
9,753,564.473672409394
9,754,564.4838237747558
9,755,564.4939737447478
9,756,564.5041223193698
9,757,564.5142694986218
9,758,564.5244152825042
9,759,564.5345596710164
9,760,564.5447026641588
9,761,564.5548442619313
9,762,564.5649844643339
9,763,564.5751232713665
9,764,564.5852606830292
9,765,564.5953966993221
9,766,564.6055313202451
9,767,564.615664545798
9,768,564.6257963759812
9,769,564.6359268107944
9,770,564.6460558502378
9,771,564.6561834943111
9,772,564.6663097430146
9,773,564.6764345963483
9,774,564.686558054312
9,775,564.6966801169058
9,776,564.7068007841297
9,777,564.7169200559836
9,778,564.7270379324676
9,779,564.7371544135818
9,780,564.7472694993261
9,781,564.7573831897004
9,782,564.7674954847048
9,783,564.7776063843394
9,784,564.787715888604
9,785,564.7978239974987
9,786,564.8079307110235
9,787,564.8180360291784
9,788,564.8281399519634
9,789,564.8382424793784
9,790,564.8483436114236
9,791,564.858443348099
9,792,564.8685416894043
9,793,564.8786386353397
9,794,564.8887341859053
9,795,564.898828341101
9,796,564.9089211009267
9,797,564.9190124653825
9,798,564.9291024344684
9,799,564.9391910081845
9,800,564.9492781865306
9,801,564.9593639695067
9,802,564.969448357113
9,803,564.9795313493495
9,804,564.989612946216
9,805,564.9996931477125
9,806,565.0097719538392
9,807,565.019849364596
9,808,565.0299253799828
9,809,565.0399999999997
9,810,565.0500732246468
9,811,565.060145053924
9,812,565.0702154878312
9,813,565.0802845263685
9,814,565.0903521695359
9,815,565.1004184173335
9,816,565.1104832697611
9,817,565.1205467268187
9,818,565.1306087885065
9,819,565.1406694548244
9,820,565.1507287257724
9,821,565.1607866013504
9,822,565.1708430815586
9,823,565.1808981663969
9,824,565.1909518558653
9,825,565.2010041499636
9,826,565.2110550486922
9,827,565.2211045520509
9,828,565.2311526600396
9,829,565.2411993726583
9,830,565.2512446899073
9,831,565.2612886117863
9,832,565.2713311382954
9,833,565.2813722694345
9,834,565.2914120052038
9,835,565.3014503456033
9,836,565.3114872906327
9,837,565.3215228402922
9,838,565.3315569945819
9,839,565.3415897535017
9,840,565.3516211170515
9,841,565.3616510852314
9,842,565.3716796580414
9,843,565.3817068354816
9,844,565.3917326175518
9,845,565.4017570042521
9,846,565.4117799955825
9,847,565.4218015915429
9,848,565.4318217921335
9,849,565.4418405973543
9,850,565.451858007205
9,851,565.4618740216858
9,852,565.4718886407968
9,853,565.4819018645379
9,854,565.4919136929091
9,855,565.5019241259103
9,856,565.5119331635416
9,857,565.5219408058031
9,858,565.5319470526946
9,859,565.5419519042161
9,860,565.5519553603679
9,861,565.5619574211496
9,862,565.5719580865615
9,863,565.5819573566035
9,864,565.5919552312756
9,865,565.6019517105777
9,866,565.61194679451
9,867,565.6219404830724
9,868,565.6319327762649
9,869,565.6419236740874
9,870,565.65191317654
9,871,565.6619012836228
9,872,565.6718879953356
9,873,565.6818733116785
9,874,565.6918572326515
9,875,565.7018397582546
9,876,565.7118208884878
9,877,565.7218006233511
9,878,565.7317789628445
9,879,565.7417559069679
9,880,565.7517314557215
9,881,565.7617056091052
9,882,565.771678367119
9,883,565.7816497297628
9,884,565.7916196970367
9,885,565.8015882689407
9,886,565.8115554454748
9,887,565.8215212266391
9,888,565.8314856124334
9,889,565.8414486028578
9,890,565.8514101979123
9,891,565.8613703975969
9,892,565.8713292019115
9,893,565.8812866108564
9,894,565.8912426244312
9,895,565.9011972426362
9,896,565.9111504654712
9,897,565.9211022929364
9,898,565.9310527250317
9,899,565.941001761757
9,900,565.9509494031124
9,901,565.9608956490979
9,902,565.9708404997135
9,903,565.9807839549593
9,904,565.9907260148351
9,905,566.000666679341
9,906,566.010605948477
9,907,566.0205438222431
9,908,566.0304803006392
9,909,566.0404153836655
9,910,566.0503490713219
9,911,566.0602813636083
9,912,566.0702122605248
9,913,566.0801417620715
9,914,566.0900698682483
9,915,566.0999965790551
9,916,566.109921894492
9,917,566.119845814559
9,918,566.1297683392561
9,919,566.1396894685834
9,920,566.1496092025407
9,921,566.159527541128
9,922,566.1694444843455
9,923,566.179360032193
9,924,566.1892741846707
9,925,566.1991869417785
9,926,566.2090983035164
9,927,566.2190082698843
9,928,566.2289168408823
9,929,566.2388240165104
9,930,566.2487297967687
9,931,566.258634181657
9,932,566.2685371711755
9,933,566.2784387653239
9,934,566.2883389641025
9,935,566.2982377675112
9,936,566.30813517555
9,937,566.3180311882189
9,938,566.3279258055179
9,939,566.3378190274469
9,940,566.3477108540061
9,941,566.3576012851953
9,942,566.3674903210147
9,943,566.3773779614642
9,944,566.3872642065436
9,945,566.3971490562533
9,946,566.407032510593
9,947,566.4169145695628
9,948,566.4267952331627
9,949,566.4366745013926
9,950,566.4465523742527
9,951,566.456428851743
9,952,566.4663039338633
9,953,566.4761776206136
9,954,566.4860499119941
9,955,566.4959208080046
9,956,566.5057903086453
9,957,566.5156584139161
9,958,566.5255251238169
9,959,566.5353904383478
9,960,566.5452543575088
9,961,566.5551168812999
9,962,566.5649780097211
9,963,566.5748377427724
9,964,566.5846960804538
9,965,566.5945530227654
9,966,566.604408569707
9,967,566.6142627212786
9,968,566.6241154774804
9,969,566.6339668383122
9,970,566.6438168037741
9,971,566.6536653738663
9,972,566.6635125485883
9,973,566.6733583279406
9,974,566.683202711923
9,975,566.6930457005353
9,976,566.7028872937778
9,977,566.7127274916504
9,978,566.7225662941531
9,979,566.732403701286
9,980,566.7422397130489
9,981,566.7520743294418
9,982,566.7619075504649
9,983,566.771739376118
9,984,566.7815698064013
9,985,566.7913988413146
9,986,566.8012264808581
9,987,566.8110527250317
9,988,566.8208775738353
9,989,566.830701027269
9,990,566.8405230853328
9,991,566.8503437480267
9,992,566.8601630153507
9,993,566.8699808873048
9,994,566.879797363889
9,995,566.8896124451034
9,996,566.8994261309476
9,997,566.9092384214222
9,998,566.9190493165268
9,999,566.9288588162614
9,1000,566.9386669206261
9,1001,566.9484736296209
9,1002,566.9582789432459
9,1003,566.968082861501
9,1004,566.977885384386
9,1005,566.9876865119013
9,1006,566.9974862440466
9,1007,567.007284580822
9,1008,567.0170815222275
9,1009,567.026877068263
9,1010,567.0366712189287
9,1011,567.0464639742245
9,1012,567.0562553341504
9,1013,567.0660452987064
9,1014,567.0758338678924
9,1015,567.0856210417086
9,1016,567.0954068201548
9,1017,567.1051912032311
9,1018,567.1149741909376
9,1019,567.124755783274
9,1020,567.1345359802407
9,1021,567.1443147818374
9,1022,567.1540921880642
9,1023,567.1638681989211
9,1024,567.173642814408
9,1025,567.1834160345252
9,1026,567.1931878592724
9,1027,567.2029582886496
9,1028,567.212727322657
9,1029,567.2224949612944
9,1030,567.232261204562
9,1031,567.2420260524596
9,1032,567.2517895049873
9,1033,567.2615515621452
9,1034,567.271312223933
9,1035,567.2810714903511
9,1036,567.2908293613992
9,1037,567.3005858370774
9,1038,567.3103409173857
9,1039,567.320094602324
9,1040,567.3298468918925
9,1041,567.3395977860911
9,1042,567.3493472849198
9,1043,567.3590953883785
9,1044,567.3688420964673
9,1045,567.3785874091864
9,1046,567.3883313265353
9,1047,567.3980738485145
9,1048,567.4078149751238
9,1049,567.417554706363
9,1050,567.4272930422325
9,1051,567.4370299827319
9,1052,567.4467655278615
9,1053,567.4564996776212
9,1054,567.466232432011
9,1055,567.4759637910308
9,1056,567.4856937546808
9,1057,567.4954223229608
9,1058,567.505149495871
9,1059,567.5148752734113
9,1060,567.5245996555816
9,1061,567.5343226423821
9,1062,567.5440442338127
9,1063,567.5537644298732
9,1064,567.563483230564
9,1065,567.5732006358847
9,1066,567.5829166458357
9,1067,567.5926312604166
9,1068,567.6023444796277
9,1069,567.6120563034689
9,1070,567.6217667319402
9,1071,567.6314757650415
9,1072,567.641183402773
9,1073,567.6508896451346
9,1074,567.6605944921262
9,1075,567.670297943748
9,1076,567.6799999999997
9,1077,567.6897006608817
9,1078,567.6993999263938
9,1079,567.7090977965358
9,1080,567.7187942713081
9,1081,567.7284893507103
9,1082,567.7381830347427
9,1083,567.7478753234052
9,1084,567.7575662166978
9,1085,567.7672557146204
9,1086,567.7769438171732
9,1087,567.786630524356
9,1088,567.796315836169
9,1089,567.805999752612
9,1090,567.8156822736852
9,1091,567.8253633993885
9,1092,567.8350431297217
9,1093,567.8447214646852
9,1094,567.8543984042786
9,1095,567.8640739485023
9,1096,567.8737480973559
9,1097,567.8834208508398
9,1098,567.8930922089537
9,1099,567.9027621716976
9,1100,567.9124307390717
9,1101,567.9220979110759
9,1102,567.9317636877101
9,1103,567.9414280689745
9,1104,567.9510910548689
9,1105,567.9607526453934
9,1106,567.9704128405481
9,1107,567.9800716403328
9,1108,567.9897290447476
9,1109,567.9993850537925
9,1110,568.0090396674675
9,1111,568.0186928857726
9,1112,568.0283447087078
9,1113,568.037995136273
9,1114,568.0476441684684
9,1115,568.0572918052939
9,1116,568.0669380467494
9,1117,568.0765828928352
9,1118,568.0862263435508
9,1119,568.0958683988968
9,1120,568.1055090588726
9,1121,568.1151483234787
9,1122,568.1247861927147
9,1123,568.134422666581
9,1124,568.1440577450772
9,1125,568.1536914282037
9,1126,568.1633237159601
9,1127,568.1729546083468
9,1128,568.1825841053635
9,1129,568.1922122070102
9,1130,568.2018389132871
9,1131,568.2114642241941
9,1132,568.2210881397311
9,1133,568.2307106598983
9,1134,568.2403317846955
9,1135,568.2499515141228
9,1136,568.2595698481803
9,1137,568.2691867868677
9,1138,568.2788023301854
9,1139,568.2884164781331
9,1140,568.2980292307109
9,1141,568.3076405879187
9,1142,568.3172505497567
9,1143,568.3268591162248
9,1144,568.336466287323
9,1145,568.3460720630512
9,1146,568.3556764434096
9,1147,568.365279428398
9,1148,568.3748810180166
9,1149,568.3844812122652
9,1150,568.394080011144
9,1151,568.4036774146527
9,1152,568.4132734227917
9,1153,568.4228680355607
9,1154,568.4324612529598
9,1155,568.442053074989
9,1156,568.4516435016483
9,1157,568.4612325329376
9,1158,568.4708201688571
9,1159,568.4804064094067
9,1160,568.4899912545864
9,1161,568.4995747043961
9,1162,568.509156758836
9,1163,568.5187374179059
9,1164,568.5283166816059
9,1165,568.537894549936
9,1166,568.5474710228963
9,1167,568.5570461004866
9,1168,568.566619782707
9,1169,568.5761920695575
9,1170,568.5857629610381
9,1171,568.5953324571487
9,1172,568.6049005578896
9,1173,568.6144672632604
9,1174,568.6240325732614
9,1175,568.6335964878924
9,1176,568.6431590071536
9,1177,568.6527201310448
9,1178,568.6622798595662
9,1179,568.6718381927176
9,1180,568.6813951304991
9,1181,568.6909506729107
9,1182,568.7005048199525
9,1183,568.7100575716242
9,1184,568.7196089279262
9,1185,568.7291588888581
9,1186,568.7387074544203
9,1187,568.7482546246124
9,1188,568.7578003994347
9,1189,568.767344778887
9,1190,568.7768877629694
9,1191,568.786429351682
9,1192,568.7959695450246
9,1193,568.8055083429974
9,1194,568.8150457456002
9,1195,568.8245817528332
9,1196,568.8341163646961
9,1197,568.8436495811893
9,1198,568.8531814023124
9,1199,568.8627118280658
9,1200,568.8722408584491
9,1201,568.8817684934626
9,1202,568.8912947331062
9,1203,568.9008195773798
9,1204,568.9103430262836
9,1205,568.9198650798174
9,1206,568.9293857379814
9,1207,568.9389050007754
9,1208,568.9484228681996
9,1209,568.9579393402538
9,1210,568.9674544169382
9,1211,568.9769680982525
9,1212,568.9864803841971
9,1213,568.9959912747717
9,1214,569.0055007699764
9,1215,569.0150088698111
9,1216,569.024515574276
9,1217,569.034020883371
9,1218,569.0435247970961
9,1219,569.0530273154512
9,1220,569.0625284384364
9,1221,569.0720281660518
9,1222,569.0815264982972
9,1223,569.0910234351728
9,1224,569.1005189766784
9,1225,569.110013122814
9,1226,569.1195058735799
9,1227,569.1289972289758
9,1228,569.1384871890018
9,1229,569.1479757536579
9,1230,569.1574629229441
9,1231,569.1669486968603
9,1232,569.1764330754067
9,1233,569.1859160585832
9,1234,569.1953976463898
9,1235,569.2048778388264
9,1236,569.2143566358932
9,1237,569.22383403759
9,1238,569.233310043917
9,1239,569.242784654874
9,1240,569.252257870461
9,1241,569.2617296906783
9,1242,569.2712001155255
9,1243,569.280669145003
9,1244,569.2901367791104
9,1245,569.299603017848
9,1246,569.3090678612157
9,1247,569.3185313092134
9,1248,569.3279933618413
9,1249,569.3374540190993
9,1250,569.3469132809873
9,1251,569.3563711475055
9,1252,569.3658276186537
9,1253,569.375282694432
9,1254,569.3847363748405
9,1255,569.394188659879
9,1256,569.4036395495475
9,1257,569.4130890438463
9,1258,569.422537142775
9,1259,569.4319838463339
9,1260,569.4414291545229
9,1261,569.450873067342
9,1262,569.4603155847911
9,1263,569.4697567068704
9,1264,569.4791964335798
9,1265,569.4886347649192
9,1266,569.4980717008888
9,1267,569.5075072414884
9,1268,569.5169413867181
9,1269,569.5263741365779
9,1270,569.5358054910678
9,1271,569.5452354501879
9,1272,569.5546640139379
9,1273,569.5640911823181
9,1274,569.5735169553284
9,1275,569.5829413329687
9,1276,569.5923643152393
9,1277,569.6017859021398
9,1278,569.6112060936705
9,1279,569.6206248898312
9,1280,569.630042290622
9,1281,569.639458296043
9,1282,569.648872906094
9,1283,569.6582861207751
9,1284,569.6676979400863
9,1285,569.6771083640276
9,1286,569.6865173925991
9,1287,569.6959250258005
9,1288,569.7053312636322
9,1289,569.7147361060938
9,1290,569.7241395531856
9,1291,569.7335416049075
9,1292,569.7429422612594
9,1293,569.7523415222415
9,1294,569.7617393878536
9,1295,569.7711358580958
9,1296,569.7805309329682
9,1297,569.7899246124706
9,1298,569.7993168966032
9,1299,569.8087077853658
9,1300,569.8180972787585
9,1301,569.8274853767813
9,1302,569.8368720794341
9,1303,569.8462573867172
9,1304,569.8556412986302
9,1305,569.8650238151733
9,1306,569.8744049363467
9,1307,569.88378466215
9,1308,569.8931629925835
9,1309,569.902539927647
9,1310,569.9119154673407
9,1311,569.9212896116644
9,1312,569.9306623606182
9,1313,569.9400337142021
9,1314,569.9494036724161
9,1315,569.9587722352602
9,1316,569.9681394027344
9,1317,569.9775051748387
9,1318,569.9868695515731
9,1319,569.9962325329376
9,1320,570.0055941189321
9,1321,570.0149543095569
9,1322,570.0243131048115
9,1323,570.0336705046964
9,1324,570.0430265092114
9,1325,570.0523811183564
9,1326,570.0617343321316
9,1327,570.0710861505368
9,1328,570.080436573572
9,1329,570.0897856012375
9,1330,570.0991332335329
9,1331,570.1084794704585
9,1332,570.1178243120142
9,1333,570.1271677582
9,1334,570.1365098090159
9,1335,570.1458504644619
9,1336,570.1551897245379
9,1337,570.1645275892441
9,1338,570.1738640585803
9,1339,570.1831991325466
9,1340,570.1925328111431
9,1341,570.2018650943696
9,1342,570.2111959822263
9,1343,570.220525474713
9,1344,570.2298535718297
9,1345,570.2391802735767
9,1346,570.2485055799536
9,1347,570.2578294909607
9,1348,570.2671520065979
9,1349,570.2764731268652
9,1350,570.2857928517626
9,1351,570.29511118129
9,1352,570.3044281154475
9,1353,570.3137436542352
9,1354,570.323057797653
9,1355,570.3323705457008
9,1356,570.3416818983787
9,1357,570.3509918556867
9,1358,570.3603004176248
9,1359,570.3696075841931
9,1360,570.3789133553913
9,1361,570.3882177312197
9,1362,570.3975207116782
9,1363,570.4068222967668
9,1364,570.4161224864855
9,1365,570.4254212808343
9,1366,570.434718679813
9,1367,570.444014683422
9,1368,570.4533092916611
9,1369,570.4626025045302
9,1370,570.4718943220295
9,1371,570.4811847441588
9,1372,570.4904737709181
9,1373,570.4997614023077
9,1374,570.5090476383273
9,1375,570.518332478977
9,1376,570.5276159242568
9,1377,570.5368979741667
9,1378,570.5461786287066
9,1379,570.5554578878767
9,1380,570.5647357516768
9,1381,570.5740122201071
9,1382,570.5832872931675
9,1383,570.5925609708579
9,1384,570.6018332531785
9,1385,570.6111041401291
9,1386,570.6203736317098
9,1387,570.6296417279206
9,1388,570.6389084287615
9,1389,570.6481737342325
9,1390,570.6574376443336
9,1391,570.6667001590648
9,1392,570.675961278426
9,1393,570.6852210024174
9,1394,570.6944793310389
9,1395,570.7037362642905
9,1396,570.7129918021722
9,1397,570.7222459446839
9,1398,570.7314986918257
9,1399,570.7407500435976
9,1400,570.7499999999997
9,1401,570.7592485610318
9,1402,570.7684957266939
9,1403,570.7777414969863
9,1404,570.7869858719087
9,1405,570.7962288514611
9,1406,570.8054704356438
9,1407,570.8147106244564
9,1408,570.8239494178991
9,1409,570.8331868159721
9,1410,570.842422818675
9,1411,570.851657426008
9,1412,570.8608906379712
9,1413,570.8701224545645
9,1414,570.8793528757877
9,1415,570.8885819016411
9,1416,570.8978095321247
9,1417,570.9070357672383
9,1418,570.9162606069821
9,1419,570.9254840513559
9,1420,570.9347061003597
9,1421,570.9439267539937
9,1422,570.9531460122578
9,1423,570.9623638751519
9,1424,570.9715803426761
9,1425,570.9807954148306
9,1426,570.990009091615
9,1427,570.9992213730295
9,1428,571.0084322590742
9,1429,571.0176417497489
9,1430,571.0268498450537
9,1431,571.0360565449886
9,1432,571.0452618495536
9,1433,571.0544657587487
9,1434,571.063668272574
9,1435,571.0728693910293
9,1436,571.0820691141146
9,1437,571.09126744183
9,1438,571.1004643741757
9,1439,571.1096599111513
9,1440,571.118854052757
9,1441,571.1280467989928
9,1442,571.1372381498588
9,1443,571.1464281053549
9,1444,571.1556166654809
9,1445,571.1648038302372
9,1446,571.1739895996235
9,1447,571.1831739736399
9,1448,571.1923569522864
9,1449,571.201538535563
9,1450,571.2107187234697
9,1451,571.2198975160064
9,1452,571.2290749131733
9,1453,571.2382509149703
9,1454,571.2474255213973
9,1455,571.2565987324544
9,1456,571.2657705481417
9,1457,571.2749409684591
9,1458,571.2841099934066
9,1459,571.2932776229841
9,1460,571.3024438571916
9,1461,571.3116086960293
9,1462,571.3207721394972
9,1463,571.3299341875951
9,1464,571.339094840323
9,1465,571.3482540976811
9,1466,571.3574119596693
9,1467,571.3665684262876
9,1468,571.3757234975359
9,1469,571.3848771734143
9,1470,571.3940294539229
9,1471,571.4031803390616
9,1472,571.4123298288303
9,1473,571.4214779232291
9,1474,571.430624622258
9,1475,571.4397699259171
9,1476,571.4489138342062
9,1477,571.4580563471254
9,1478,571.4671974646747
9,1479,571.476337186854
9,1480,571.4854755136636
9,1481,571.4946124451031
9,1482,571.5037479811728
9,1483,571.5128821218725
9,1484,571.5220148672024
9,1485,571.5311462171624
9,1486,571.5402761717523
9,1487,571.5494047309725
9,1488,571.5585318948227
9,1489,571.5676576633031
9,1490,571.5767820364134
9,1491,571.5859050141539
9,1492,571.5950265965246
9,1493,571.6041467835253
9,1494,571.613265575156
9,1495,571.6223829714169
9,1496,571.6314989723079
9,1497,571.640613577829
9,1498,571.6497267879801
9,1499,571.6588386027613
9,1500,571.6679490221727
9,1501,571.6770580462141
9,1502,571.6861656748856
9,1503,571.6952719081872
9,1504,571.704376746119
9,1505,571.7134801886808
9,1506,571.7225822358727
9,1507,571.7316828876947
9,1508,571.7407821441468
9,1509,571.749880005229
9,1510,571.7589764709412
9,1511,571.7680715412836
9,1512,571.7771652162561
9,1513,571.7862574958586
9,1514,571.7953483800912
9,1515,571.804437868954
9,1516,571.8135259624469
9,1517,571.8226126605698
9,1518,571.8316979633228
9,1519,571.8407818707059
9,1520,571.8498643827191
9,1521,571.8589454993624
9,1522,571.8680252206358
9,1523,571.8771035465393
9,1524,571.8861804770729
9,1525,571.8952560122366
9,1526,571.9043301520303
9,1527,571.9134028964542
9,1528,571.9224742455082
9,1529,571.9315441991922
9,1530,571.9406127575063
9,1531,571.9496799204505
9,1532,571.9587456880249
9,1533,571.9678100602293
9,1534,571.9768730370638
9,1535,571.9859346185284
9,1536,571.9949948046232
9,1537,572.004053595348
9,1538,572.0131109907028
9,1539,572.0221669906878
9,1540,572.0312215953029
9,1541,572.040274804548
9,1542,572.0493266184233
9,1543,572.0583770369286
9,1544,572.067426060064
9,1545,572.0764736878295
9,1546,572.0855199202252
9,1547,572.094564757251
9,1548,572.1036081989067
9,1549,572.1126502451926
9,1550,572.1216908961087
9,1551,572.1307301516548
9,1552,572.1397680118309
9,1553,572.1488044766372
9,1554,572.1578395460737
9,1555,572.1668732201401
9,1556,572.1759054988366
9,1557,572.1849363821633
9,1558,572.19396587012
9,1559,572.2029939627068
9,1560,572.2120206599238
9,1561,572.2210459617709
9,1562,572.2300698682479
9,1563,572.2390923793552
9,1564,572.2481134950925
9,1565,572.2571332154599
9,1566,572.2661515404574
9,1567,572.275168470085
9,1568,572.2841840043427
9,1569,572.2931981432304
9,1570,572.3022108867483
9,1571,572.3112222348963
9,1572,572.3202321876743
9,1573,572.3292407450824
9,1574,572.3382479071207
9,1575,572.347253673789
9,1576,572.3562580450874
9,1577,572.365261021016
9,1578,572.3742626015746
9,1579,572.3832627867632
9,1580,572.3922615765821
9,1581,572.401258971031
9,1582,572.4102549701099
9,1583,572.419249573819
9,1584,572.4282427821582
9,1585,572.4372345951275
9,1586,572.4462250127268
9,1587,572.4552140349563
9,1588,572.4642016618159
9,1589,572.4731878933054
9,1590,572.4821727294252
9,1591,572.491156170175
9,1592,572.5001382155549
9,1593,572.5091188655649
9,1594,572.5180981202051
9,1595,572.5270759794753
9,1596,572.5360524433755
9,1597,572.5450275119059
9,1598,572.5540011850663
9,1599,572.5629734628569
9,1600,572.5719443452776
9,1601,572.5809138323284
9,1602,572.5898819240092
9,1603,572.5988486203202
9,1604,572.6078139212611
9,1605,572.6167778268323
9,1606,572.6257403370336
9,1607,572.6347014518649
9,1608,572.6436611713262
9,1609,572.6526194954178
9,1610,572.6615764241394
9,1611,572.670531957491
9,1612,572.6794860954728
9,1613,572.6884388380847
9,1614,572.6973901853266
9,1615,572.7063401371987
9,1616,572.7152886937009
9,1617,572.7242358548331
9,1618,572.7331816205955
9,1619,572.7421259909879
9,1620,572.7510689660104
9,1621,572.760010545663
9,1622,572.7689507299458
9,1623,572.7778895188586
9,1624,572.7868269124015
9,1625,572.7957629105745
9,1626,572.8046975133775
9,1627,572.8136307208107
9,1628,572.822562532874
9,1629,572.8314929495673
9,1630,572.8404219708908
9,1631,572.8493495968444
9,1632,572.858275827428
9,1633,572.8672006626417
9,1634,572.8761241024856
9,1635,572.8850461469594
9,1636,572.8939667960635
9,1637,572.9028860497976
9,1638,572.9118039081618
9,1639,572.9207203711561
9,1640,572.9296354387805
9,1641,572.938549111035
9,1642,572.9474613879196
9,1643,572.9563722694343
9,1644,572.965281755579
9,1645,572.9741898463539
9,1646,572.9830965417588
9,1647,572.9920018417938
9,1648,573.000905746459
9,1649,573.0098082557543
9,1650,573.0187093696795
9,1651,573.027609088235
9,1652,573.0365074114204
9,1653,573.045404339236
9,1654,573.0542998716818
9,1655,573.0631940087575
9,1656,573.0720867504634
9,1657,573.0809780967994
9,1658,573.0898680477654
9,1659,573.0987566033616
9,1660,573.1076437635878
9,1661,573.1165295284442
9,1662,573.1254138979307
9,1663,573.1342968720472
9,1664,573.1431784507938
9,1665,573.1520586341705
9,1666,573.1609374221773
9,1667,573.1698148148142
9,1668,573.1786908120813
9,1669,573.1875654139783
9,1670,573.1964386205055
9,1671,573.2053104316628
9,1672,573.2141808474502
9,1673,573.2230498678676
9,1674,573.2319174929152
9,1675,573.2407837225928
9,1676,573.2496485569006
9,1677,573.2585119958384
9,1678,573.2673740394064
9,1679,573.2762346876044
9,1680,573.2850939404325
9,1681,573.2939517978907
9,1682,573.302808259979
9,1683,573.3116633266974
9,1684,573.320516998046
9,1685,573.3293692740244
9,1686,573.3382201546332
9,1687,573.347069639872
9,1688,573.3559177297408
9,1689,573.3647644242398
9,1690,573.3736097233688
9,1691,573.3824536271279
9,1692,573.3912961355172
9,1693,573.4001372485365
9,1694,573.408976966186
9,1695,573.4178152884655
9,1696,573.426652215375
9,1697,573.4354877469148
9,1698,573.4443218830845
9,1699,573.4531546238844
9,1700,573.4619859693144
9,1701,573.4708159193744
9,1702,573.4796444740647
9,1703,573.488471633385
9,1704,573.4972973973353
9,1705,573.5061217659157
9,1706,573.5149447391262
9,1707,573.5237663169669
9,1708,573.5325864994376
9,1709,573.5414052865384
9,1710,573.5502226782694
9,1711,573.5590386746303
9,1712,573.5678532756215
9,1713,573.5766664812427
9,1714,573.5854782914939
9,1715,573.5942887063753
9,1716,573.6030977258868
9,1717,573.6119053500283
9,1718,573.6207115788
9,1719,573.6295164122017
9,1720,573.6383198502336
9,1721,573.6471218928955
9,1722,573.6559225401876
9,1723,573.6647217921097
9,1724,573.6735196486619
9,1725,573.6823161098442
9,1726,573.6911111756566
9,1727,573.6999048460991
9,1728,573.7086971211717
9,1729,573.7174880008744
9,1730,573.7262774852071
9,1731,573.73506557417
9,1732,573.743852267763
9,1733,573.752637565986
9,1734,573.7614214688392
9,1735,573.7702039763225
9,1736,573.7789850884358
9,1737,573.7877648051792
9,1738,573.7965431265527
9,1739,573.8053200525563
9,1740,573.81409558319
9,1741,573.8228697184538
9,1742,573.8316424583477
9,1743,573.8404138028717
9,1744,573.8491837520259
9,1745,573.8579523058099
9,1746,573.8667194642243
9,1747,573.8754852272687
9,1748,573.8842495949431
9,1749,573.8930125672476
10,0,548.8793750000006
10,1,548.8878125000006
10,2,548.8962500000006
10,3,548.9046875000006
10,4,548.9131250000005
10,5,548.9215625000005
10,6,548.9300000000005
10,7,548.9384375000005
10,8,548.9468750000005
10,9,548.9553125000006
10,10,548.9637500000006
10,11,548.9721875000006
10,12,548.9806250000005
10,13,548.9890625000005
10,14,548.9975000000005
10,15,549.0059375000005
10,16,549.0143750000005
10,17,549.0228125000006
10,18,549.0312500000006
10,19,549.0396875000006
10,20,549.0481250000005
10,21,549.0565625000005
10,22,549.0650000000005
10,23,549.0734375000005
10,24,549.0818750000005
10,25,549.0903125000006
10,26,549.0987500000006
10,27,549.1071875000006
10,28,549.1156250000005
10,29,549.1240625000005
10,30,549.1325000000005
10,31,549.1409375000005
10,32,549.1493750000005
10,33,549.1578125000005
10,34,549.1662500000006
10,35,549.1746875000006
10,36,549.1831250000005
10,37,549.1915625000005
10,38,549.2000000000005
10,39,549.2084375000005
10,40,549.2168750000005
10,41,549.2253125000005
10,42,549.2337500000006
10,43,549.2421875000006
10,44,549.2506250000005
10,45,549.2590625000005
10,46,549.2675000000005
10,47,549.2759375000005
10,48,549.2843750000005
10,49,549.2928125000005
10,50,549.3012500000006
10,51,549.3096875000006
10,52,549.3181250000005
10,53,549.3265625000005
10,54,549.3350000000005
10,55,549.3434375000005
10,56,549.3518750000005
10,57,549.3603125000005
10,58,549.3687500000005
10,59,549.3771875000006
10,60,549.3856250000005
10,61,549.3940625000005
10,62,549.4025000000005
10,63,549.4109375000005
10,64,549.4193750000005
10,65,549.4278125000005
10,66,549.4362500000005
10,67,549.4446875000006
10,68,549.4531250000005
10,69,549.4615625000005
10,70,549.4700000000005
10,71,549.4784375000005
10,72,549.4868750000005
10,73,549.4953125000005
10,74,549.5037500000005
10,75,549.5121875000004
10,76,549.5206250000005
10,77,549.5290625000005
10,78,549.5375000000005
10,79,549.5459375000005
10,80,549.5543750000005
10,81,549.5628125000005
10,82,549.5712500000005
10,83,549.5796875000004
10,84,549.5881250000004
10,85,549.5965625000005
10,86,549.6050000000005
10,87,549.6134375000005
10,88,549.6218750000005
10,89,549.6303125000005
10,90,549.6387500000005
10,91,549.6471875000004
10,92,549.6556250000004
10,93,549.6640625000005
10,94,549.6725000000005
10,95,549.6809375000005
10,96,549.6893750000005
10,97,549.6978125000005
10,98,549.7062500000005
10,99,549.7146875000004
10,100,549.7231250000004
10,101,549.7315625000005
10,102,549.7400000000005
10,103,549.7484375000005
10,104,549.7568750000005
10,105,549.7653125000005
10,106,549.7737500000005
10,107,549.7821875000004
10,108,549.7906250000004
10,109,549.7990625000004
10,110,549.8075000000005
10,111,549.8159375000005
10,112,549.8243750000005
10,113,549.8328125000005
10,114,549.8412500000005
10,115,549.8496875000004
10,116,549.8581250000004
10,117,549.8665625000004
10,118,549.8750000000005
10,119,549.8834375000005
10,120,549.8918750000005
10,121,549.9003125000005
10,122,549.9087500000005
10,123,549.9171875000004
10,124,549.9256250000004
10,125,549.9340625000004
10,126,549.9425000000005
10,127,549.9509375000005
10,128,549.9593750000005
10,129,549.9678125000005
10,130,549.9762500000005
10,131,549.9846875000004
10,132,549.9931250000004
10,133,550.0015625000004
10,134,550.0100000000004
10,135,550.0184375000005
10,136,550.0268750000005
10,137,550.0353125000005
10,138,550.0437500000005
10,139,550.0521875000004
10,140,550.0606250000004
10,141,550.0690625000004
10,142,550.0775000000004
10,143,550.0859375000005
10,144,550.0943750000005
10,145,550.1028125000005
10,146,550.1112500000005
10,147,550.1196875000004
10,148,550.1281250000004
10,149,550.1365625000004
10,150,550.1450000000004
10,151,550.1534375000005
10,152,550.1618750000005
10,153,550.1703125000005
10,154,550.1787500000004
10,155,550.1871875000004
10,156,550.1956250000004
10,157,550.2040625000004
10,158,550.2125000000004
10,159,550.2209375000004
10,160,550.2293750000005
10,161,550.2378125000005
10,162,550.2462500000004
10,163,550.2546875000004
10,164,550.2631250000004
10,165,550.2715625000004
10,166,550.2800000000004
10,167,550.2884375000004
10,168,550.2968750000005
10,169,550.3053125000005
10,170,550.3137500000004
10,171,550.3221875000004
10,172,550.3306250000004
10,173,550.3390625000004
10,174,550.3475000000004
10,175,550.3559375000004
10,176,550.3643750000005
10,177,550.3728125000005
10,178,550.3812500000004
10,179,550.3896875000004
10,180,550.3981250000004
10,181,550.4065625000004
10,182,550.4150000000004
10,183,550.4234375000004
10,184,550.4318750000004
10,185,550.4403125000005
10,186,550.4487500000004
10,187,550.4571875000004
10,188,550.4656250000004
10,189,550.4740625000004
10,190,550.4825000000004
10,191,550.4909375000004
10,192,550.4993750000004
10,193,550.5078125000005
10,194,550.5162500000004
10,195,550.5246875000004
10,196,550.5331250000004
10,197,550.5415625000004
10,198,550.5500000000004
10,199,550.5584375000004
10,200,550.5668750000004
10,201,550.5753125000005
10,202,550.5837500000004
10,203,550.5921875000004
10,204,550.6006250000004
10,205,550.6090625000004
10,206,550.6175000000004
10,207,550.6259375000004
10,208,550.6343750000004
10,209,550.6428125000004
10,210,550.6512500000003
10,211,550.6596875000004
10,212,550.6681250000004
10,213,550.6765625000004
10,214,550.6850000000004
10,215,550.6934375000004
10,216,550.7018750000004
10,217,550.7103125000004
10,218,550.7187500000003
10,219,550.7271875000004
10,220,550.7356250000004
10,221,550.7440625000004
10,222,550.7525000000004
10,223,550.7609375000004
10,224,550.7693750000004
10,225,550.7778125000003
10,226,550.7862500000003
10,227,550.7946875000004
10,228,550.8031250000004
10,229,550.8115625000004
10,230,550.8200000000004
10,231,550.8284375000004
10,232,550.8368750000004
10,233,550.8453125000003
10,234,550.8537500000003
10,235,550.8621875000003
10,236,550.8706250000004
10,237,550.8790625000004
10,238,550.8875000000004
10,239,550.8959375000004
10,240,550.9043750000004
10,241,550.9128125000003
10,242,550.9212500000003
10,243,550.9296875000003
10,244,550.9381250000004
10,245,550.9465625000004
10,246,550.9550000000004
10,247,550.9634375000004
10,248,550.9718750000004
10,249,550.9803125000003
10,250,550.9887500000003
10,251,550.9971875000003
10,252,551.0056250000004
10,253,551.0140625000004
10,254,551.0225000000004
10,255,551.0309375000004
10,256,551.0393750000004
10,257,551.0478125000003
10,258,551.0562500000003
10,259,551.0646875000003
10,260,551.0731250000003
10,261,551.0815625000004
10,262,551.0900000000004
10,263,551.0984375000004
10,264,551.1068750000004
10,265,551.1153125000003
10,266,551.1237500000003
10,267,551.1321875000003
10,268,551.1406250000003
10,269,551.1490625000004
10,270,551.1575000000004
10,271,551.1659375000004
10,272,551.1743750000004
10,273,551.1828125000003
10,274,551.1912500000003
10,275,551.1996875000003
10,276,551.2081250000003
10,277,551.2165625000004
10,278,551.2250000000004
10,279,551.2334375000004
10,280,551.2418750000004
10,281,551.2503125000003
10,282,551.2587500000003
10,283,551.2671875000003
10,284,551.2756250000003
10,285,551.2840625000003
10,286,551.2925000000004
10,287,551.3009375000004
10,288,551.3093750000004
10,289,551.3178125000003
10,290,551.3262500000003
10,291,551.3346875000003
10,292,551.3431250000003
10,293,551.3515625000003
10,294,551.3600000000004
10,295,551.3684375000004
10,296,551.3768750000004
10,297,551.3853125000003
10,298,551.3937500000003
10,299,551.4021875000003
10,300,551.4106250000003
10,301,551.4190625000003
10,302,551.4275000000004
10,303,551.4359375000004
10,304,551.4443750000003
10,305,551.4528125000003
10,306,551.4612500000003
10,307,551.4696875000003
10,308,551.4781250000003
10,309,551.4865625000003
10,310,551.4950000000003
10,311,551.5034375000004
10,312,551.5118750000003
10,313,551.5203125000003
10,314,551.5287500000003
10,315,551.5371875000003
10,316,551.5456250000003
10,317,551.5540625000003
10,318,551.5625000000003
10,319,551.5709375000004
10,320,551.5793750000003
10,321,551.5878125000003
10,322,551.5962500000003
10,323,551.6046875000003
10,324,551.6131250000003
10,325,551.6215625000003
10,326,551.6300000000003
10,327,551.6384375000004
10,328,551.6468750000003
10,329,551.6553125000003
10,330,551.6637500000003
10,331,551.6721875000003
10,332,551.6806250000003
10,333,551.6890625000003
10,334,551.6975000000003
10,335,551.7059375000003
10,336,551.7143750000002
10,337,551.7228125000003
10,338,551.7312500000003
10,339,551.7396875000003
10,340,551.7481250000003
10,341,551.7565625000003
10,342,551.7650000000003
10,343,551.7734375000003
10,344,551.7818750000002
10,345,551.7903125000003
10,346,551.7987500000003
10,347,551.8071875000003
10,348,551.8156250000003
10,349,551.8240625000003
10,350,551.8325000000003
10,351,551.8409375000003
10,352,551.8493750000002
10,353,551.8578125000003
10,354,551.8662500000003
10,355,551.8746875000003
10,356,551.8831250000003
10,357,551.8915625000003
10,358,551.9000000000003
10,359,551.9084375000003
10,360,551.9168750000002
10,361,551.9253125000002
10,362,551.9337500000003
10,363,551.9421875000003
10,364,551.9506250000003
10,365,551.9590625000003
10,366,551.9675000000003
10,367,551.9759375000003
10,368,551.9843750000002
10,369,551.9928125000002
10,370,552.0012500000003
10,371,552.0096875000003
10,372,552.0181250000003
10,373,552.0265625000003
10,374,552.0350000000003
10,375,552.0434375000002
10,376,552.0518750000002
10,377,552.0603125000002
10,378,552.0687500000003
10,379,552.0771875000003
10,380,552.0856250000003
10,381,552.0940625000003
10,382,552.1025000000003
10,383,552.1109375000002
10,384,552.1193750000002
10,385,552.1278125000002
10,386,552.1362500000002
10,387,552.1446875000003
10,388,552.1531250000003
10,389,552.1615625000003
10,390,552.1700000000003
10,391,552.1784375000002
10,392,552.1868750000002
10,393,552.1953125000002
10,394,552.2037500000002
10,395,552.2121875000003
10,396,552.2206250000003
10,397,552.2290625000003
10,398,552.2375000000003
10,399,552.2459375000002
10,400,552.2543750000002
10,401,552.2628125000002
10,402,552.2712500000002
10,403,552.2796875000003
10,404,552.2881250000003
10,405,552.2965625000003
10,406,552.3050000000003
10,407,552.3134375000002
10,408,552.3218750000002
10,409,552.3303125000002
10,410,552.3387500000002
10,411,552.3471875000002
10,412,552.3556250000003
10,413,552.3640625000003
10,414,552.3725000000003
10,415,552.3809375000002
10,416,552.3893750000002
10,417,552.3978125000002
10,418,552.4062500000002
10,419,552.4146875000002
10,420,552.4231250000003
10,421,552.4315625000003
10,422,552.4400000000003
10,423,552.4484375000002
10,424,552.4568750000002
10,425,552.4653125000002
10,426,552.4737500000002
10,427,552.4821875000002
10,428,552.4906250000003
10,429,552.4990625000003
10,430,552.5075000000003
10,431,552.5159375000002
10,432,552.5243750000002
10,433,552.5328125000002
10,434,552.5412500000002
10,435,552.5496875000002
10,436,552.5581250000002
10,437,552.5665625000003
10,438,552.5750000000003
10,439,552.5834375000002
10,440,552.5918750000002
10,441,552.6003125000002
10,442,552.6087500000002
10,443,552.6171875000002
10,444,552.6256250000002
10,445,552.6340625000003
10,446,552.6425000000002
10,447,552.6509375000002
10,448,552.6593750000002
10,449,552.6678125000002
10,450,552.6762500000002
10,451,552.6846875000002
10,452,552.6931250000002
10,453,552.7015625000003
10,454,552.7100000000002
10,455,552.7184375000002
10,456,552.7268750000002
10,457,552.7353125000002
10,458,552.7437500000002
10,459,552.7521875000002
10,460,552.7606250000002
10,461,552.7690625000002
10,462,552.7775000000001
10,463,552.7859375000002
10,464,552.7943750000002
10,465,552.8028125000002
10,466,552.8112500000002
10,467,552.8196875000002
10,468,552.8281250000002
10,469,552.8365625000002
10,470,552.8450000000001
10,471,552.8534375000002
10,472,552.8618750000002
10,473,552.8703125000002
10,474,552.8787500000002
10,475,552.8871875000002
10,476,552.8956250000002
10,477,552.9040625000002
10,478,552.9125000000001
10,479,552.9209375000002
10,480,552.9293750000002
10,481,552.9378125000002
10,482,552.9462500000002
10,483,552.9546875000002
10,484,552.9631250000002
10,485,552.9715625000002
10,486,552.9800000000001
10,487,552.9884375000001
10,488,552.9968750000002
10,489,553.0053125000002
10,490,553.0137500000002
10,491,553.0221875000002
10,492,553.0306250000002
10,493,553.0390625000002
10,494,553.0475000000001
10,495,553.0559375000001
10,496,553.0643750000002
10,497,553.0728125000002
10,498,553.0812500000002
10,499,553.0896875000002
10,500,553.0981250000002
10,501,553.1065625000002
10,502,553.1150000000001
10,503,553.1234375000001
10,504,553.1318750000002
10,505,553.1403125000002
10,506,553.1487500000002
10,507,553.1571875000002
10,508,553.1656250000002
10,509,553.1740625000002
10,510,553.1825000000001
10,511,553.1909375000001
10,512,553.1993750000001
10,513,553.2078125000002
10,514,553.2162500000002
10,515,553.2246875000002
10,516,553.2331250000002
10,517,553.2415625000002
10,518,553.2500000000001
10,519,553.2584375000001
10,520,553.2668750000001
10,521,553.2753125000002
10,522,553.2837500000002
10,523,553.2921875000002
10,524,553.3006250000002
10,525,553.3090625000001
10,526,553.3175000000001
10,527,553.3259375000001
10,528,553.3343750000001
10,529,553.3428125000002
10,530,553.3512500000002
10,531,553.3596875000002
10,532,553.3681250000002
10,533,553.3765625000001
10,534,553.3850000000001
10,535,553.3934375000001
10,536,553.4018750000001
10,537,553.4103125000001
10,538,553.4187500000002
10,539,553.4271875000002
10,540,553.4356250000002
10,541,553.4440625000001
10,542,553.4525000000001
10,543,553.4609375000001
10,544,553.4693750000001
10,545,553.4778125000001
10,546,553.4862500000002
10,547,553.4946875000002
10,548,553.5031250000002
10,549,553.5115625000001
10,550,553.5200000000001
10,551,553.5284375000001
10,552,553.5368750000001
10,553,553.5453125000001
10,554,553.5537500000002
10,555,553.5621875000002
10,556,553.5706250000002
10,557,553.5790625000001
10,558,553.5875000000001
10,559,553.5959375000001
10,560,553.6043750000001
10,561,553.6128125000001
10,562,553.6212500000001
10,563,553.6296875000002
10,564,553.6381250000002
10,565,553.6465625000001
10,566,553.6550000000001
10,567,553.6634375000001
10,568,553.6718750000001
10,569,553.6803125000001
10,570,553.6887500000001
10,571,553.6971875000002
10,572,553.7056250000002
10,573,553.7140625000001
10,574,553.7225000000001
10,575,553.7309375000001
10,576,553.7393750000001
10,577,553.7478125000001
10,578,553.7562500000001
10,579,553.7646875000002
10,580,553.7731250000002
10,581,553.7815625000001
10,582,553.7900000000001
10,583,553.7984375000001
10,584,553.8068750000001
10,585,553.8153125000001
10,586,553.8237500000001
10,587,553.8321875000001
10,588,553.8406250000002
10,589,553.8490625000001
10,590,553.8575000000001
10,591,553.8659375000001
10,592,553.8743750000001
10,593,553.8828125000001
10,594,553.8912500000001
10,595,553.8996875000001
10,596,553.9081250000002
10,597,553.9165625
10,598,553.9250000000001
10,599,553.9334375000001
10,600,553.9418750000001
10,601,553.9503125000001
10,602,553.9587500000001
10,603,553.9671875000001
10,604,553.975625
10,605,553.9840625
10,606,553.9925000000001
10,607,554.0009375000001
10,608,554.0093750000001
10,609,554.0178125000001
10,610,554.0262500000001
10,611,554.0346875000001
10,612,554.043125
10,613,554.0515625
10,614,554.0600000000001
10,615,554.0684375000001
10,616,554.0768750000001
10,617,554.0853125000001
10,618,554.0937500000001
10,619,554.1021875000001
10,620,554.110625
10,621,554.1190625
10,622,554.1275
10,623,554.1359375000001
10,624,554.1443750000001
10,625,554.1528125000001
10,626,554.1612500000001
10,627,554.1696875000001
10,628,554.178125
10,629,554.1865625
10,630,554.195
10,631,554.2034375000001
10,632,554.2118750000001
10,633,554.2203125000001
10,634,554.2287500000001
10,635,554.2371875000001
10,636,554.245625
10,637,554.2540625
10,638,554.2625
10,639,554.2709375000001
10,640,554.2793750000001
10,641,554.2878125000001
10,642,554.2962500000001
10,643,554.3046875000001
10,644,554.313125
10,645,554.3215625
10,646,554.33
10,647,554.3384375
10,648,554.3468750000001
10,649,554.3553125000001
10,650,554.3637500000001
10,651,554.3721875000001
10,652,554.380625
10,653,554.3890625
10,654,554.3975
10,655,554.4059375
10,656,554.4143750000001
10,657,554.4228125000001
10,658,554.4312500000001
10,659,554.4396875000001
10,660,554.448125
10,661,554.4565625
10,662,554.465
10,663,554.4734375
10,664,554.4818750000001
10,665,554.4903125000001
10,666,554.4987500000001
10,667,554.5071875000001
10,668,554.515625
10,669,554.5240625
10,670,554.5325
10,671,554.5409375
10,672,554.549375
10,673,554.5578125000001
10,674,554.5662500000001
10,675,554.5746875
10,676,554.583125
10,677,554.5915625
10,678,554.6
10,679,554.6084375
10,680,554.616875
10,681,554.6253125000001
10,682,554.6337500000001
10,683,554.6421875
10,684,554.650625
10,685,554.6590625
10,686,554.6675
10,687,554.6759375
10,688,554.684375
10,689,554.6928125000001
10,690,554.7012500000001
10,691,554.7096875
10,692,554.718125
10,693,554.7265625
10,694,554.735
10,695,554.7434375
10,696,554.751875
10,697,554.7603125
10,698,554.7687500000001
10,699,554.7771875
10,700,554.785625
10,701,554.7940625
10,702,554.8025
10,703,554.8109375
10,704,554.819375
10,705,554.8278125
10,706,554.8362500000001
10,707,554.8446875
10,708,554.853125
10,709,554.8615625
10,710,554.87
10,711,554.8784375
10,712,554.886875
10,713,554.8953125
10,714,554.9037500000001
10,715,554.9121875
10,716,554.920625
10,717,554.9290625
10,718,554.9375
10,719,554.9459375
10,720,554.954375
10,721,554.9628125
10,722,554.97125
10,723,554.9796875
10,724,554.988125
10,725,554.9965625
10,726,555.005
10,727,555.0134375
10,728,555.021875
10,729,555.0303125
10,730,555.03875
10,731,555.0471875
10,732,555.055625
10,733,555.0640625
10,734,555.0725
10,735,555.0809375
10,736,555.089375
10,737,555.0978125
10,738,555.10625
10,739,555.1146875
10,740,555.123125
10,741,555.1315625
10,742,555.14
10,743,555.1484375
10,744,555.156875
10,745,555.1653125
10,746,555.1737499999999
10,747,555.1821874999999
10,748,555.190625
10,749,555.1990625
10,750,555.2075
10,751,555.2159375
10,752,555.224375
10,753,555.2328125
10,754,555.2412499999999
10,755,555.2496874999999
10,756,555.258125
10,757,555.2665625
10,758,555.275
10,759,555.2834375
10,760,555.291875
10,761,555.3003125
10,762,555.3087499999999
10,763,555.3171874999999
10,764,555.325625
10,765,555.3340625
10,766,555.3425
10,767,555.3509375
10,768,555.359375
10,769,555.3678125
10,770,555.3762499999999
10,771,555.3846874999999
10,772,555.3931249999999
10,773,555.4015625
10,774,555.41
10,775,555.4184375
10,776,555.426875
10,777,555.4353125
10,778,555.4437499999999
10,779,555.4521874999999
10,780,555.4606249999999
10,781,555.4690625
10,782,555.4775
10,783,555.4859375
10,784,555.494375
10,785,555.5028125
10,786,555.5112499999999
10,787,555.5196874999999
10,788,555.5281249999999
10,789,555.5365625
10,790,555.545
10,791,555.5534375
10,792,555.561875
10,793,555.5703125
10,794,555.5787499999999
10,795,555.5871874999999
10,796,555.5956249999999
10,797,555.6040624999999
10,798,555.6125
10,799,555.6209375
10,800,555.629375
10,801,555.6378125
10,802,555.6462499999999
10,803,555.6546874999999
10,804,555.6631249999999
10,805,555.6715624999999
10,806,555.68
10,807,555.6884375
10,808,555.696875
10,809,555.7053125
10,810,555.7137499999999
10,811,555.7221874999999
10,812,555.7306249999999
10,813,555.7390624999999
10,814,555.7475
10,815,555.7559375
10,816,555.764375
10,817,555.7728124999999
10,818,555.7812499999999
10,819,555.7896874999999
10,820,555.7981249999999
10,821,555.8065624999999
10,822,555.8149999999999
10,823,555.8234375
10,824,555.831875
10,825,555.8403124999999
10,826,555.8487499999999
10,827,555.8571874999999
10,828,555.8656249999999
10,829,555.8740624999999
10,830,555.8824999999999
10,831,555.8909375
10,832,555.899375
10,833,555.9078124999999
10,834,555.9162499999999
10,835,555.9246874999999
10,836,555.9331249999999
10,837,555.9415624999999
10,838,555.9499999999999
10,839,555.9584375
10,840,555.966875
10,841,555.9753124999999
10,842,555.9837499999999
10,843,555.9921874999999
10,844,556.0006249999999
10,845,556.0090624999999
10,846,556.0174999999999
10,847,556.0259374999999
10,848,556.034375
10,849,556.0428124999999
10,850,556.0512499999999
10,851,556.0596874999999
10,852,556.0681249999999
10,853,556.0765624999999
10,854,556.0849999999999
10,855,556.0934374999999
10,856,556.101875
10,857,556.1103124999998
10,858,556.1187499999999
10,859,556.1271874999999
10,860,556.1356249999999
10,861,556.1440624999999
10,862,556.1524999999999
10,863,556.1609374999999
10,864,556.169375
10,865,556.1778124999998
10,866,556.1862499999999
10,867,556.1946874999999
10,868,556.2031249999999
10,869,556.2115624999999
10,870,556.2199999999999
10,871,556.2284374999999
10,872,556.2368749999999
10,873,556.2453124999998
10,874,556.2537499999999
10,875,556.2621874999999
10,876,556.2706249999999
10,877,556.2790624999999
10,878,556.2874999999999
10,879,556.2959374999999
10,880,556.3043749999999
10,881,556.3128124999998
10,882,556.3212499999998
10,883,556.3296874999999
10,884,556.3381249999999
10,885,556.3465624999999
10,886,556.3549999999999
10,887,556.3634374999999
10,888,556.3718749999999
10,889,556.3803124999998
10,890,556.3887499999998
10,891,556.3971874999999
10,892,556.4056249999999
10,893,556.4140624999999
10,894,556.4224999999999
10,895,556.4309374999999
10,896,556.4393749999999
10,897,556.4478124999998
10,898,556.4562499999998
10,899,556.4646874999999
10,900,556.4731249999999
10,901,556.4815624999999
10,902,556.4899999999999
10,903,556.4984374999999
10,904,556.5068749999998
10,905,556.5153124999998
10,906,556.5237499999998
10,907,556.5321874999998
10,908,556.5406249999999
10,909,556.5490624999999
10,910,556.5574999999999
10,911,556.5659374999999
10,912,556.5743749999998
10,913,556.5828124999998
10,914,556.5912499999998
10,915,556.5996874999998
10,916,556.6081249999999
10,917,556.6165624999999
10,918,556.6249999999999
10,919,556.6334374999999
10,920,556.6418749999998
10,921,556.6503124999998
10,922,556.6587499999998
10,923,556.6671874999998
10,924,556.6756249999999
10,925,556.6840624999999
10,926,556.6924999999999
10,927,556.7009374999999
10,928,556.7093749999998
10,929,556.7178124999998
10,930,556.7262499999998
10,931,556.7346874999998
10,932,556.7431249999998
10,933,556.7515624999999
10,934,556.7599999999999
10,935,556.7684374999999
10,936,556.7768749999998
10,937,556.7853124999998
10,938,556.7937499999998
10,939,556.8021874999998
10,940,556.8106249999998
10,941,556.8190624999999
10,942,556.8274999999999
10,943,556.8359374999999
10,944,556.8443749999998
10,945,556.8528124999998
10,946,556.8612499999998
10,947,556.8696874999998
10,948,556.8781249999998
10,949,556.8865624999999
10,950,556.8949999999999
10,951,556.9034374999999
10,952,556.9118749999998
10,953,556.9203124999998
10,954,556.9287499999998
10,955,556.9371874999998
10,956,556.9456249999998
10,957,556.9540624999998
10,958,556.9624999999999
10,959,556.9709374999999
10,960,556.9793749999998
10,961,556.9878124999998
10,962,556.9962499999998
10,963,557.0046874999998
10,964,557.0131249999998
10,965,557.0215624999998
10,966,557.0299999999999
10,967,557.0384374999999
10,968,557.0468749999998
10,969,557.0553124999998
10,970,557.0637499999998
10,971,557.0721874999998
10,972,557.0806249999998
10,973,557.0890624999998
10,974,557.0974999999999
10,975,557.1059374999998
10,976,557.1143749999998
10,977,557.1228124999998
10,978,557.1312499999998
10,979,557.1396874999998
10,980,557.1481249999998
10,981,557.1565624999998
10,982,557.1649999999998
10,983,557.1734374999997
10,984,557.1818749999998
10,985,557.1903124999998
10,986,557.1987499999998
10,987,557.2071874999998
10,988,557.2156249999998
10,989,557.2240624999998
10,990,557.2324999999998
10,991,557.2409374999997
10,992,557.2493749999998
10,993,557.2578124999998
10,994,557.2662499999998
10,995,557.2746874999998
10,996,557.2831249999998
10,997,557.2915624999998
10,998,557.2999999999998
10,999,557.3084374999997
10,1000,557.3168749999998
10,1001,557.3253124999998
10,1002,557.3337499999998
10,1003,557.3421874999998
10,1004,557.3506249999998
10,1005,557.3590624999998
10,1006,557.3674999999998
10,1007,557.3759374999997
10,1008,557.3843749999997
10,1009,557.3928124999998
10,1010,557.4012499999998
10,1011,557.4096874999998
10,1012,557.4181249999998
10,1013,557.4265624999998
10,1014,557.4349999999998
10,1015,557.4434374999997
10,1016,557.4518749999997
10,1017,557.4603124999998
10,1018,557.4687499999998
10,1019,557.4771874999998
10,1020,557.4856249999998
10,1021,557.4940624999998
10,1022,557.5024999999998
10,1023,557.5109374999997
10,1024,557.5193749999997
10,1025,557.5278124999998
10,1026,557.5362499999998
10,1027,557.5446874999998
10,1028,557.5531249999998
10,1029,557.5615624999998
10,1030,557.5699999999998
10,1031,557.5784374999997
10,1032,557.5868749999997
10,1033,557.5953124999997
10,1034,557.6037499999998
10,1035,557.6121874999998
10,1036,557.6206249999998
10,1037,557.6290624999998
10,1038,557.6374999999998
10,1039,557.6459374999997
10,1040,557.6543749999997
10,1041,557.6628124999997
10,1042,557.6712499999998
10,1043,557.6796874999998
10,1044,557.6881249999998
10,1045,557.6965624999998
10,1046,557.7049999999997
10,1047,557.7134374999997
10,1048,557.7218749999997
10,1049,557.7303124999997
10,1050,557.7387499999998
10,1051,557.7471874999998
10,1052,557.7556249999998
10,1053,557.7640624999998
10,1054,557.7724999999997
10,1055,557.7809374999997
10,1056,557.7893749999997
10,1057,557.7978124999997
10,1058,557.8062499999997
10,1059,557.8146874999998
10,1060,557.8231249999998
10,1061,557.8315624999998
10,1062,557.8399999999997
10,1063,557.8484374999997
10,1064,557.8568749999997
10,1065,557.8653124999997
10,1066,557.8737499999997
10,1067,557.8821874999998
10,1068,557.8906249999998
10,1069,557.8990624999998
10,1070,557.9074999999997
10,1071,557.9159374999997
10,1072,557.9243749999997
10,1073,557.9328124999997
10,1074,557.9412499999997
10,1075,557.9496874999998
10,1076,557.9581249999998
10,1077,557.9665624999998
10,1078,557.9749999999997
10,1079,557.9834374999997
10,1080,557.9918749999997
10,1081,558.0003124999997
10,1082,558.0087499999997
10,1083,558.0171874999997
10,1084,558.0256249999998
10,1085,558.0340624999998
10,1086,558.0424999999997
10,1087,558.0509374999997
10,1088,558.0593749999997
10,1089,558.0678124999997
10,1090,558.0762499999997
10,1091,558.0846874999997
10,1092,558.0931249999998
10,1093,558.1015624999998
10,1094,558.1099999999997
10,1095,558.1184374999997
10,1096,558.1268749999997
10,1097,558.1353124999997
10,1098,558.1437499999997
10,1099,558.1521874999997
10,1100,558.1606249999998
10,1101,558.1690624999998
10,1102,558.1774999999997
10,1103,558.1859374999997
10,1104,558.1943749999997
10,1105,558.2028124999997
10,1106,558.2112499999997
10,1107,558.2196874999997
10,1108,558.2281249999997
10,1109,558.2365624999998
10,1110,558.2449999999997
10,1111,558.2534374999997
10,1112,558.2618749999997
10,1113,558.2703124999997
10,1114,558.2787499999997
10,1115,558.2871874999997
10,1116,558.2956249999997
10,1117,558.3040624999996
10,1118,558.3124999999997
10,1119,558.3209374999997
10,1120,558.3293749999997
10,1121,558.3378124999997
10,1122,558.3462499999997
10,1123,558.3546874999997
10,1124,558.3631249999997
10,1125,558.3715624999996
10,1126,558.3799999999997
10,1127,558.3884374999997
10,1128,558.3968749999997
10,1129,558.4053124999997
10,1130,558.4137499999997
10,1131,558.4221874999997
10,1132,558.4306249999997
10,1133,558.4390624999996
10,1134,558.4474999999996
10,1135,558.4559374999997
10,1136,558.4643749999997
10,1137,558.4728124999997
10,1138,558.4812499999997
10,1139,558.4896874999997
10,1140,558.4981249999997
10,1141,558.5065624999996
10,1142,558.5149999999996
10,1143,558.5234374999997
10,1144,558.5318749999997
10,1145,558.5403124999997
10,1146,558.5487499999997
10,1147,558.5571874999997
10,1148,558.5656249999997
10,1149,558.5740624999996
10,1150,558.5824999999996
10,1151,558.5909374999997
10,1152,558.5993749999997
10,1153,558.6078124999997
10,1154,558.6162499999997
10,1155,558.6246874999997
10,1156,558.6331249999997
10,1157,558.6415624999996
10,1158,558.6499999999996
10,1159,558.6584374999996
10,1160,558.6668749999997
10,1161,558.6753124999997
10,1162,558.6837499999997
10,1163,558.6921874999997
10,1164,558.7006249999997
10,1165,558.7090624999996
10,1166,558.7174999999996
10,1167,558.7259374999996
10,1168,558.7343749999997
10,1169,558.7428124999997
10,1170,558.7512499999997
10,1171,558.7596874999997
10,1172,558.7681249999997
10,1173,558.7765624999996
10,1174,558.7849999999996
10,1175,558.7934374999996
10,1176,558.8018749999997
10,1177,558.8103124999997
10,1178,558.8187499999997
10,1179,558.8271874999997
10,1180,558.8356249999997
10,1181,558.8440624999996
10,1182,558.8524999999996
10,1183,558.8609374999996
10,1184,558.8693749999996
10,1185,558.8778124999997
10,1186,558.8862499999997
10,1187,558.8946874999997
10,1188,558.9031249999996
10,1189,558.9115624999996
10,1190,558.9199999999996
10,1191,558.9284374999996
10,1192,558.9368749999996
10,1193,558.9453124999997
10,1194,558.9537499999997
10,1195,558.9621874999997
10,1196,558.9706249999997
10,1197,558.9790624999996
10,1198,558.9874999999996
10,1199,558.9959374999996
10,1200,559.0043749999996
10,1201,559.0128124999997
10,1202,559.0212499999997
10,1203,559.0296874999997
10,1204,559.0381249999996
10,1205,559.0465624999996
10,1206,559.0549999999996
10,1207,559.0634374999996
10,1208,559.0718749999996
10,1209,559.0803124999996
10,1210,559.0887499999997
10,1211,559.0971874999997
10,1212,559.1056249999996
10,1213,559.1140624999996
10,1214,559.1224999999996
10,1215,559.1309374999996
10,1216,559.1393749999996
10,1217,559.1478124999996
10,1218,559.1562499999997
10,1219,559.1646874999997
10,1220,559.1731249999996
10,1221,559.1815624999996
10,1222,559.1899999999996
10,1223,559.1984374999996
10,1224,559.2068749999996
10,1225,559.2153124999996
10,1226,559.2237499999997
10,1227,559.2321874999997
10,1228,559.2406249999996
10,1229,559.2490624999996
10,1230,559.2574999999996
10,1231,559.2659374999996
10,1232,559.2743749999996
10,1233,559.2828124999996
10,1234,559.2912499999996
10,1235,559.2996874999997
10,1236,559.3081249999996
10,1237,559.3165624999996
10,1238,559.3249999999996
10,1239,559.3334374999996
10,1240,559.3418749999996
10,1241,559.3503124999996
10,1242,559.3587499999996
10,1243,559.3671874999997
10,1244,559.3756249999996
10,1245,559.3840624999996
10,1246,559.3924999999996
10,1247,559.4009374999996
10,1248,559.4093749999996
10,1249,559.4178124999996
10,1250,559.4262499999996
10,1251,559.4346874999997
10,1252,559.4431249999996
10,1253,559.4515624999996
10,1254,559.4599999999996
10,1255,559.4684374999996
10,1256,559.4768749999996
10,1257,559.4853124999996
10,1258,559.4937499999996
10,1259,559.5021874999996
10,1260,559.5106249999995
10,1261,559.5190624999996
10,1262,559.5274999999996
10,1263,559.5359374999996
10,1264,559.5443749999996
10,1265,559.5528124999996
10,1266,559.5612499999996
10,1267,559.5696874999996
10,1268,559.5781249999995
10,1269,559.5865624999996
10,1270,559.5949999999996
10,1271,559.6034374999996
10,1272,559.6118749999996
10,1273,559.6203124999996
10,1274,559.6287499999996
10,1275,559.6371874999995
10,1276,559.6456249999995
10,1277,559.6540624999996
10,1278,559.6624999999996
10,1279,559.6709374999996
10,1280,559.6793749999996
10,1281,559.6878124999996
10,1282,559.6962499999996
10,1283,559.7046874999995
10,1284,559.7131249999995
10,1285,559.7215624999995
10,1286,559.7299999999996
10,1287,559.7384374999996
10,1288,559.7468749999996
10,1289,559.7553124999996
10,1290,559.7637499999996
10,1291,559.7721874999995
10,1292,559.7806249999995
10,1293,559.7890624999995
10,1294,559.7974999999996
10,1295,559.8059374999996
10,1296,559.8143749999996
10,1297,559.8228124999996
10,1298,559.8312499999996
10,1299,559.8396874999995
10,1300,559.8481249999995
10,1301,559.8565624999995
10,1302,559.8649999999996
10,1303,559.8734374999996
10,1304,559.8818749999996
10,1305,559.8903124999996
10,1306,559.8987499999996
10,1307,559.9071874999995
10,1308,559.9156249999995
10,1309,559.9240624999995
10,1310,559.9324999999995
10,1311,559.9409374999996
10,1312,559.9493749999996
10,1313,559.9578124999996
10,1314,559.9662499999996
10,1315,559.9746874999995
10,1316,559.9831249999995
10,1317,559.9915624999995
10,1318,559.9999999999995
10,1319,560.0084374999996
10,1320,560.0168749999996
10,1321,560.0253124999996
10,1322,560.0337499999996
10,1323,560.0421874999995
10,1324,560.0506249999995
10,1325,560.0590624999995
10,1326,560.0674999999995
10,1327,560.0759374999996
10,1328,560.0843749999996
10,1329,560.0928124999996
10,1330,560.1012499999996
10,1331,560.1096874999995
10,1332,560.1181249999995
10,1333,560.1265624999995
10,1334,560.1349999999995
10,1335,560.1434374999995
10,1336,560.1518749999996
10,1337,560.1603124999996
10,1338,560.1687499999996
10,1339,560.1771874999995
10,1340,560.1856249999995
10,1341,560.1940624999995
10,1342,560.2024999999995
10,1343,560.2109374999995
10,1344,560.2193749999996
10,1345,560.2278124999996
10,1346,560.2362499999995
10,1347,560.2446874999995
10,1348,560.2531249999995
10,1349,560.2615624999995
10,1350,560.2699999999995
10,1351,560.2784374999995
10,1352,560.2868749999996
10,1353,560.2953124999996
10,1354,560.3037499999995
10,1355,560.3121874999995
10,1356,560.3206249999995
10,1357,560.3290624999995
10,1358,560.3374999999995
10,1359,560.3459374999995
10,1360,560.3543749999995
10,1361,560.3628124999996
10,1362,560.3712499999995
10,1363,560.3796874999995
10,1364,560.3881249999995
10,1365,560.3965624999995
10,1366,560.4049999999995
10,1367,560.4134374999995
10,1368,560.4218749999995
10,1369,560.4303124999996
10,1370,560.4387499999995
10,1371,560.4471874999995
10,1372,560.4556249999995
10,1373,560.4640624999995
10,1374,560.4724999999995
10,1375,560.4809374999995
10,1376,560.4893749999995
10,1377,560.4978124999996
10,1378,560.5062499999995
10,1379,560.5146874999995
10,1380,560.5231249999995
10,1381,560.5315624999995
10,1382,560.5399999999995
10,1383,560.5484374999995
10,1384,560.5568749999995
10,1385,560.5653124999995
10,1386,560.5737499999994
10,1387,560.5821874999995
10,1388,560.5906249999995
10,1389,560.5990624999995
10,1390,560.6074999999995
10,1391,560.6159374999995
10,1392,560.6243749999995
10,1393,560.6328124999995
10,1394,560.6412499999994
10,1395,560.6496874999995
10,1396,560.6581249999995
10,1397,560.6665624999995
10,1398,560.6749999999995
10,1399,560.6834374999995
10,1400,560.6918749999995
10,1401,560.7003124999995
10,1402,560.7087499999994
10,1403,560.7171874999995
10,1404,560.7256249999995
10,1405,560.7340624999995
10,1406,560.7424999999995
10,1407,560.7509374999995
10,1408,560.7593749999995
10,1409,560.7678124999995
10,1410,560.7762499999994
10,1411,560.7846874999994
10,1412,560.7931249999995
10,1413,560.8015624999995
10,1414,560.8099999999995
10,1415,560.8184374999995
10,1416,560.8268749999995
10,1417,560.8353124999994
10,1418,560.8437499999994
10,1419,560.8521874999994
10,1420,560.8606249999995
10,1421,560.8690624999995
10,1422,560.8774999999995
10,1423,560.8859374999995
10,1424,560.8943749999995
10,1425,560.9028124999994
10,1426,560.9112499999994
10,1427,560.9196874999994
10,1428,560.9281249999995
10,1429,560.9365624999995
10,1430,560.9449999999995
10,1431,560.9534374999995
10,1432,560.9618749999995
10,1433,560.9703124999994
10,1434,560.9787499999994
10,1435,560.9871874999994
10,1436,560.9956249999994
10,1437,561.0040624999995
10,1438,561.0124999999995
10,1439,561.0209374999995
10,1440,561.0293749999995
10,1441,561.0378124999994
10,1442,561.0462499999994
10,1443,561.0546874999994
10,1444,561.0631249999994
10,1445,561.0715624999995
10,1446,561.0799999999995
10,1447,561.0884374999995
10,1448,561.0968749999995
10,1449,561.1053124999994
10,1450,561.1137499999994
10,1451,561.1221874999994
10,1452,561.1306249999994
10,1453,561.1390624999995
10,1454,561.1474999999995
10,1455,561.1559374999995
10,1456,561.1643749999995
10,1457,561.1728124999994
10,1458,561.1812499999994
10,1459,561.1896874999994
10,1460,561.1981249999994
10,1461,561.2065624999994
10,1462,561.2149999999995
10,1463,561.2234374999995
10,1464,561.2318749999995
10,1465,561.2403124999994
10,1466,561.2487499999994
10,1467,561.2571874999994
10,1468,561.2656249999994
10,1469,561.2740624999994
10,1470,561.2824999999995
10,1471,561.2909374999995
10,1472,561.2993749999995
10,1473,561.3078124999994
10,1474,561.3162499999994
10,1475,561.3246874999994
10,1476,561.3331249999994
10,1477,561.3415624999994
10,1478,561.3499999999995
10,1479,561.3584374999995
10,1480,561.3668749999995
10,1481,561.3753124999994
10,1482,561.3837499999994
10,1483,561.3921874999994
10,1484,561.4006249999994
10,1485,561.4090624999994
10,1486,561.4174999999994
10,1487,561.4259374999995
10,1488,561.4343749999994
10,1489,561.4428124999994
10,1490,561.4512499999994
10,1491,561.4596874999994
10,1492,561.4681249999994
10,1493,561.4765624999994
10,1494,561.4849999999994
10,1495,561.4934374999995
10,1496,561.5018749999994
10,1497,561.5103124999994
10,1498,561.5187499999994
10,1499,561.5271874999994
10,1500,561.5356249999994
10,1501,561.5440624999994
10,1502,561.5524999999994
10,1503,561.5609374999995
10,1504,561.5693749999994
10,1505,561.5778124999994
10,1506,561.5862499999994
10,1507,561.5946874999994
10,1508,561.6031249999994
10,1509,561.6115624999994
10,1510,561.6199999999994
10,1511,561.6284374999994
10,1512,561.6368749999993
10,1513,561.6453124999994
10,1514,561.6537499999994
10,1515,561.6621874999994
10,1516,561.6706249999994
10,1517,561.6790624999994
10,1518,561.6874999999994
10,1519,561.6959374999994
10,1520,561.7043749999993
10,1521,561.7128124999994
10,1522,561.7212499999994
10,1523,561.7296874999994
10,1524,561.7381249999994
10,1525,561.7465624999994
10,1526,561.7549999999994
10,1527,561.7634374999994
10,1528,561.7718749999993
10,1529,561.7803124999994
10,1530,561.7887499999994
10,1531,561.7971874999994
10,1532,561.8056249999994
10,1533,561.8140624999994
10,1534,561.8224999999994
10,1535,561.8309374999994
10,1536,561.8393749999993
10,1537,561.8478124999993
10,1538,561.8562499999994
10,1539,561.8646874999994
10,1540,561.8731249999994
10,1541,561.8815624999994
10,1542,561.8899999999994
10,1543,561.8984374999994
10,1544,561.9068749999993
10,1545,561.9153124999993
10,1546,561.9237499999994
10,1547,561.9321874999994
10,1548,561.9406249999994
10,1549,561.9490624999994
10,1550,561.9574999999994
10,1551,561.9659374999994
10,1552,561.9743749999993
10,1553,561.9828124999993
10,1554,561.9912499999994
10,1555,561.9996874999994
10,1556,562.0081249999994
10,1557,562.0165624999994
10,1558,562.0249999999994
10,1559,562.0334374999994
10,1560,562.0418749999993
10,1561,562.0503124999993
10,1562,562.0587499999993
10,1563,562.0671874999994
10,1564,562.0756249999994
10,1565,562.0840624999994
10,1566,562.0924999999994
10,1567,562.1009374999994
10,1568,562.1093749999993
10,1569,562.1178124999993
10,1570,562.1262499999993
10,1571,562.1346874999994
10,1572,562.1431249999994
10,1573,562.1515624999994
10,1574,562.1599999999994
10,1575,562.1684374999993
10,1576,562.1768749999993
10,1577,562.1853124999993
10,1578,562.1937499999993
10,1579,562.2021874999994
10,1580,562.2106249999994
10,1581,562.2190624999994
10,1582,562.2274999999994
10,1583,562.2359374999993
10,1584,562.2443749999993
10,1585,562.2528124999993
10,1586,562.2612499999993
10,1587,562.2696874999993
10,1588,562.2781249999994
10,1589,562.2865624999994
10,1590,562.2949999999994
10,1591,562.3034374999993
10,1592,562.3118749999993
10,1593,562.3203124999993
10,1594,562.3287499999993
10,1595,562.3371874999993
10,1596,562.3456249999994
10,1597,562.3540624999994
10,1598,562.3624999999994
10,1599,562.3709374999993
10,1600,562.3793749999993
10,1601,562.3878124999993
10,1602,562.3962499999993
10,1603,562.4046874999993
10,1604,562.4131249999994
10,1605,562.4215624999994
10,1606,562.4299999999994
10,1607,562.4384374999993
10,1608,562.4468749999993
10,1609,562.4553124999993
10,1610,562.4637499999993
10,1611,562.4721874999993
10,1612,562.4806249999993
10,1613,562.4890624999994
10,1614,562.4974999999994
10,1615,562.5059374999993
10,1616,562.5143749999993
10,1617,562.5228124999993
10,1618,562.5312499999993
10,1619,562.5396874999993
10,1620,562.5481249999993
10,1621,562.5565624999994
10,1622,562.5649999999994
10,1623,562.5734374999993
10,1624,562.5818749999993
10,1625,562.5903124999993
10,1626,562.5987499999993
10,1627,562.6071874999993
10,1628,562.6156249999993
10,1629,562.6240624999994
10,1630,562.6324999999994
10,1631,562.6409374999993
10,1632,562.6493749999993
10,1633,562.6578124999993
10,1634,562.6662499999993
10,1635,562.6746874999993
10,1636,562.6831249999993
10,1637,562.6915624999993
10,1638,562.6999999999994
10,1639,562.7084374999993
10,1640,562.7168749999993
10,1641,562.7253124999993
10,1642,562.7337499999993
10,1643,562.7421874999993
10,1644,562.7506249999993
10,1645,562.7590624999993
10,1646,562.7674999999992
10,1647,562.7759374999993
10,1648,562.7843749999993
10,1649,562.7928124999993
10,1650,562.8012499999993
10,1651,562.8096874999993
10,1652,562.8181249999993
10,1653,562.8265624999993
10,1654,562.8349999999992
10,1655,562.8434374999993
10,1656,562.8518749999993
10,1657,562.8603124999993
10,1658,562.8687499999993
10,1659,562.8771874999993
10,1660,562.8856249999993
10,1661,562.8940624999993
10,1662,562.9024999999992
10,1663,562.9109374999992
10,1664,562.9193749999993
10,1665,562.9278124999993
10,1666,562.9362499999993
10,1667,562.9446874999993
10,1668,562.9531249999993
10,1669,562.9615624999993
10,1670,562.9699999999992
10,1671,562.9784374999992
10,1672,562.9868749999993
10,1673,562.9953124999993
10,1674,563.0037499999993
10,1675,563.0121874999993
10,1676,563.0206249999993
10,1677,563.0290624999993
10,1678,563.0374999999992
10,1679,563.0459374999992
10,1680,563.0543749999993
10,1681,563.0628124999993
10,1682,563.0712499999993
10,1683,563.0796874999993
10,1684,563.0881249999993
10,1685,563.0965624999993
10,1686,563.1049999999992
10,1687,563.1134374999992
10,1688,563.1218749999992
10,1689,563.1303124999993
10,1690,563.1387499999993
10,1691,563.1471874999993
10,1692,563.1556249999993
10,1693,563.1640624999993
10,1694,563.1724999999992
10,1695,563.1809374999992
10,1696,563.1893749999992
10,1697,563.1978124999993
10,1698,563.2062499999993
10,1699,563.2146874999993
10,1700,563.2231249999993
10,1701,563.2315624999993
10,1702,563.2399999999992
10,1703,563.2484374999992
10,1704,563.2568749999992
10,1705,563.2653124999993
10,1706,563.2737499999993
10,1707,563.2821874999993
10,1708,563.2906249999993
10,1709,563.2990624999993
10,1710,563.3074999999992
10,1711,563.3159374999992
10,1712,563.3243749999992
10,1713,563.3328124999992
10,1714,563.3412499999993
10,1715,563.3496874999993
10,1716,563.3581249999993
10,1717,563.3665624999992
10,1718,563.3749999999992
10,1719,563.3834374999992
10,1720,563.3918749999992
10,1721,563.4003124999992
10,1722,563.4087499999993
10,1723,563.4171874999993
10,1724,563.4256249999993
10,1725,563.4340624999992
10,1726,563.4424999999992
10,1727,563.4509374999992
10,1728,563.4593749999992
10,1729,563.4678124999992
10,1730,563.4762499999993
10,1731,563.4846874999993
10,1732,563.4931249999993
10,1733,563.5015624999992
10,1734,563.5099999999992
10,1735,563.5184374999992
10,1736,563.5268749999992
10,1737,563.5353124999992
10,1738,563.5437499999992
10,1739,563.5521874999993
10,1740,563.5606249999993
10,1741,563.5690624999992
10,1742,563.5774999999992
10,1743,563.5859374999992
10,1744,563.5943749999992
10,1745,563.6028124999992
10,1746,563.6112499999992
10,1747,563.6196874999993
10,1748,563.6281249999993
10,1749,563.6365624999992
11,0,540.9806451612906
11,1,540.9880645161293
11,2,540.995483870968
11,3,541.0029032258067
11,4,541.0103225806454
11,5,541.0177419354841
11,6,541.0251612903228
11,7,541.0325806451615
11,8,541.0400000000002
11,9,541.047419354839
11,10,541.0548387096777
11,11,541.0622580645164
11,12,541.0696774193551
11,13,541.0770967741938
11,14,541.0845161290325
11,15,541.0919354838712
11,16,541.0993548387099
11,17,541.1067741935486
11,18,541.1141935483873
11,19,541.121612903226
11,20,541.1290322580647
11,21,541.1364516129034
11,22,541.1438709677421
11,23,541.1512903225808
11,24,541.1587096774196
11,25,541.1661290322583
11,26,541.173548387097
11,27,541.1809677419358
11,28,541.1883870967745
11,29,541.1958064516132
11,30,541.2032258064519
11,31,541.2106451612906
11,32,541.2180645161293
11,33,541.225483870968
11,34,541.2329032258067
11,35,541.2403225806454
11,36,541.2477419354841
11,37,541.2551612903228
11,38,541.2625806451615
11,39,541.2700000000002
11,40,541.2774193548389
11,41,541.2848387096776
11,42,541.2922580645163
11,43,541.299677419355
11,44,541.3070967741938
11,45,541.3145161290325
11,46,541.3219354838712
11,47,541.32935483871
11,48,541.3367741935486
11,49,541.3441935483874
11,50,541.351612903226
11,51,541.3590322580648
11,52,541.3664516129035
11,53,541.3738709677422
11,54,541.3812903225809
11,55,541.3887096774196
11,56,541.3961290322583
11,57,541.403548387097
11,58,541.4109677419357
11,59,541.4183870967744
11,60,541.4258064516131
11,61,541.4332258064518
11,62,541.4406451612906
11,63,541.4480645161293
11,64,541.455483870968
11,65,541.4629032258067
11,66,541.4703225806454
11,67,541.4777419354841
11,68,541.4851612903228
11,69,541.4925806451615
11,70,541.5000000000002
11,71,541.5074193548389
11,72,541.5148387096776
11,73,541.5222580645163
11,74,541.529677419355
11,75,541.5370967741937
11,76,541.5445161290324
11,77,541.5519354838711
11,78,541.5593548387099
11,79,541.5667741935487
11,80,541.5741935483874
11,81,541.5816129032261
11,82,541.5890322580648
11,83,541.5964516129035
11,84,541.6038709677422
11,85,541.6112903225809
11,86,541.6187096774196
11,87,541.6261290322583
11,88,541.633548387097
11,89,541.6409677419357
11,90,541.6483870967744
11,91,541.6558064516131
11,92,541.6632258064518
11,93,541.6706451612905
11,94,541.6780645161292
11,95,541.6854838709679
11,96,541.6929032258067
11,97,541.7003225806454
11,98,541.7077419354841
11,99,541.7151612903228
11,100,541.7225806451615
11,101,541.7300000000002
11,102,541.737419354839
11,103,541.7448387096777
11,104,541.7522580645164
11,105,541.7596774193551
11,106,541.7670967741938
11,107,541.7745161290325
11,108,541.7819354838712
11,109,541.7893548387099
11,110,541.7967741935486
11,111,541.8041935483873
11,112,541.811612903226
11,113,541.8190322580647
11,114,541.8264516129035
11,115,541.8338709677422
11,116,541.8412903225809
11,117,541.8487096774196
11,118,541.8561290322583
11,119,541.863548387097
11,120,541.8709677419357
11,121,541.8783870967744
11,122,541.8858064516131
11,123,541.8932258064518
11,124,541.9006451612905
11,125,541.9080645161292
11,126,541.9154838709679
11,127,541.9229032258066
11,128,541.9303225806453
11,129,541.937741935484
11,130,541.9451612903227
11,131,541.9525806451616
11,132,541.9600000000003
11,133,541.967419354839
11,134,541.9748387096777
11,135,541.9822580645164
11,136,541.9896774193551
11,137,541.9970967741938
11,138,542.0045161290325
11,139,542.0119354838712
11,140,542.0193548387099
11,141,542.0267741935486
11,142,542.0341935483873
11,143,542.041612903226
11,144,542.0490322580647
11,145,542.0564516129034
11,146,542.0638709677421
11,147,542.0712903225808
11,148,542.0787096774195
11,149,542.0861290322583
11,150,542.093548387097
11,151,542.1009677419357
11,152,542.1083870967744
11,153,542.1158064516131
11,154,542.1232258064518
11,155,542.1306451612905
11,156,542.1380645161292
11,157,542.145483870968
11,158,542.1529032258067
11,159,542.1603225806454
11,160,542.1677419354841
11,161,542.1751612903228
11,162,542.1825806451615
11,163,542.1900000000002
11,164,542.1974193548389
11,165,542.2048387096776
11,166,542.2122580645164
11,167,542.2196774193551
11,168,542.2270967741938
11,169,542.2345161290325
11,170,542.2419354838712
11,171,542.2493548387099
11,172,542.2567741935486
11,173,542.2641935483873
11,174,542.271612903226
11,175,542.2790322580647
11,176,542.2864516129034
11,177,542.2938709677421
11,178,542.3012903225808
11,179,542.3087096774195
11,180,542.3161290322582
11,181,542.3235483870969
11,182,542.3309677419356
11,183,542.3383870967743
11,184,542.3458064516132
11,185,542.3532258064519
11,186,542.3606451612906
11,187,542.3680645161293
11,188,542.375483870968
11,189,542.3829032258067
11,190,542.3903225806454
11,191,542.3977419354841
11,192,542.4051612903228
11,193,542.4125806451615
11,194,542.4200000000002
11,195,542.4274193548389
11,196,542.4348387096776
11,197,542.4422580645163
11,198,542.449677419355
11,199,542.4570967741937
11,200,542.4645161290324
11,201,542.4719354838712
11,202,542.4793548387099
11,203,542.4867741935486
11,204,542.4941935483873
11,205,542.501612903226
11,206,542.5090322580647
11,207,542.5164516129034
11,208,542.5238709677421
11,209,542.5312903225808
11,210,542.5387096774195
11,211,542.5461290322582
11,212,542.553548387097
11,213,542.5609677419357
11,214,542.5683870967744
11,215,542.5758064516131
11,216,542.5832258064518
11,217,542.5906451612905
11,218,542.5980645161293
11,219,542.605483870968
11,220,542.6129032258067
11,221,542.6203225806454
11,222,542.6277419354841
11,223,542.6351612903228
11,224,542.6425806451615
11,225,542.6500000000002
11,226,542.6574193548389
11,227,542.6648387096776
11,228,542.6722580645163
11,229,542.679677419355
11,230,542.6870967741937
11,231,542.6945161290324
11,232,542.7019354838711
11,233,542.7093548387098
11,234,542.7167741935485
11,235,542.7241935483872
11,236,542.731612903226
11,237,542.7390322580648
11,238,542.7464516129035
11,239,542.7538709677422
11,240,542.7612903225809
11,241,542.7687096774196
11,242,542.7761290322583
11,243,542.783548387097
11,244,542.7909677419357
11,245,542.7983870967744
11,246,542.8058064516131
11,247,542.8132258064518
11,248,542.8206451612905
11,249,542.8280645161292
11,250,542.8354838709679
11,251,542.8429032258066
11,252,542.8503225806453
11,253,542.8577419354841
11,254,542.8651612903228
11,255,542.8725806451615
11,256,542.8800000000002
11,257,542.8874193548389
11,258,542.8948387096776
11,259,542.9022580645163
11,260,542.909677419355
11,261,542.9170967741937
11,262,542.9245161290324
11,263,542.9319354838711
11,264,542.9393548387098
11,265,542.9467741935485
11,266,542.9541935483873
11,267,542.961612903226
11,268,542.9690322580647
11,269,542.9764516129034
11,270,542.9838709677421
11,271,542.9912903225809
11,272,542.9987096774196
11,273,543.0061290322583
11,274,543.013548387097
11,275,543.0209677419357
11,276,543.0283870967744
11,277,543.0358064516131
11,278,543.0432258064518
11,279,543.0506451612905
11,280,543.0580645161292
11,281,543.0654838709679
11,282,543.0729032258066
11,283,543.0803225806453
11,284,543.087741935484
11,285,543.0951612903227
11,286,543.1025806451614
11,287,543.1100000000001
11,288,543.117419354839
11,289,543.1248387096776
11,290,543.1322580645163
11,291,543.139677419355
11,292,543.1470967741938
11,293,543.1545161290325
11,294,543.1619354838712
11,295,543.1693548387099
11,296,543.1767741935486
11,297,543.1841935483873
11,298,543.191612903226
11,299,543.1990322580647
11,300,543.2064516129034
11,301,543.2138709677421
11,302,543.2212903225808
11,303,543.2287096774195
11,304,543.2361290322582
11,305,543.2435483870969
11,306,543.2509677419357
11,307,543.2583870967744
11,308,543.2658064516131
11,309,543.2732258064518
11,310,543.2806451612905
11,311,543.2880645161292
11,312,543.2954838709679
11,313,543.3029032258066
11,314,543.3103225806453
11,315,543.317741935484
11,316,543.3251612903227
11,317,543.3325806451614
11,318,543.3400000000001
11,319,543.3474193548388
11,320,543.3548387096776
11,321,543.3622580645163
11,322,543.369677419355
11,323,543.3770967741938
11,324,543.3845161290325
11,325,543.3919354838712
11,326,543.3993548387099
11,327,543.4067741935486
11,328,543.4141935483873
11,329,543.421612903226
11,330,543.4290322580647
11,331,543.4364516129034
11,332,543.4438709677421
11,333,543.4512903225808
11,334,543.4587096774195
11,335,543.4661290322582
11,336,543.4735483870969
11,337,543.4809677419356
11,338,543.4883870967743
11,339,543.495806451613
11,340,543.5032258064518
11,341,543.5106451612905
11,342,543.5180645161292
11,343,543.525483870968
11,344,543.5329032258066
11,345,543.5403225806454
11,346,543.547741935484
11,347,543.5551612903228
11,348,543.5625806451615
11,349,543.5700000000002
11,350,543.5774193548389
11,351,543.5848387096776
11,352,543.5922580645163
11,353,543.599677419355
11,354,543.6070967741937
11,355,543.6145161290324
11,356,543.6219354838711
11,357,543.6293548387098
11,358,543.6367741935486
11,359,543.6441935483873
11,360,543.651612903226
11,361,543.6590322580647
11,362,543.6664516129034
11,363,543.6738709677421
11,364,543.6812903225808
11,365,543.6887096774195
11,366,543.6961290322582
11,367,543.7035483870969
11,368,543.7109677419356
11,369,543.7183870967743
11,370,543.725806451613
11,371,543.7332258064517
11,372,543.7406451612904
11,373,543.7480645161291
11,374,543.7554838709679
11,375,543.7629032258067
11,376,543.7703225806454
11,377,543.7777419354841
11,378,543.7851612903228
11,379,543.7925806451615
11,380,543.8000000000002
11,381,543.8074193548389
11,382,543.8148387096776
11,383,543.8222580645163
11,384,543.829677419355
11,385,543.8370967741937
11,386,543.8445161290324
11,387,543.8519354838711
11,388,543.8593548387098
11,389,543.8667741935485
11,390,543.8741935483872
11,391,543.8816129032259
11,392,543.8890322580646
11,393,543.8964516129034
11,394,543.9038709677421
11,395,543.9112903225808
11,396,543.9187096774195
11,397,543.9261290322582
11,398,543.933548387097
11,399,543.9409677419357
11,400,543.9483870967744
11,401,543.9558064516131
11,402,543.9632258064518
11,403,543.9706451612905
11,404,543.9780645161292
11,405,543.9854838709679
11,406,543.9929032258066
11,407,544.0003225806453
11,408,544.007741935484
11,409,544.0151612903227
11,410,544.0225806451615
11,411,544.0300000000002
11,412,544.0374193548389
11,413,544.0448387096776
11,414,544.0522580645163
11,415,544.059677419355
11,416,544.0670967741937
11,417,544.0745161290324
11,418,544.0819354838711
11,419,544.0893548387098
11,420,544.0967741935485
11,421,544.1041935483872
11,422,544.1116129032259
11,423,544.1190322580646
11,424,544.1264516129033
11,425,544.133870967742
11,426,544.1412903225807
11,427,544.1487096774194
11,428,544.1561290322583
11,429,544.163548387097
11,430,544.1709677419357
11,431,544.1783870967744
11,432,544.1858064516131
11,433,544.1932258064518
11,434,544.2006451612905
11,435,544.2080645161292
11,436,544.2154838709679
11,437,544.2229032258066
11,438,544.2303225806453
11,439,544.237741935484
11,440,544.2451612903227
11,441,544.2525806451614
11,442,544.2600000000001
11,443,544.2674193548388
11,444,544.2748387096775
11,445,544.2822580645163
11,446,544.289677419355
11,447,544.2970967741937
11,448,544.3045161290324
11,449,544.3119354838711
11,450,544.3193548387098
11,451,544.3267741935485
11,452,544.3341935483872
11,453,544.341612903226
11,454,544.3490322580647
11,455,544.3564516129034
11,456,544.3638709677421
11,457,544.3712903225808
11,458,544.3787096774195
11,459,544.3861290322582
11,460,544.3935483870969
11,461,544.4009677419356
11,462,544.4083870967744
11,463,544.4158064516131
11,464,544.4232258064518
11,465,544.4306451612905
11,466,544.4380645161292
11,467,544.4454838709679
11,468,544.4529032258066
11,469,544.4603225806453
11,470,544.467741935484
11,471,544.4751612903227
11,472,544.4825806451614
11,473,544.4900000000001
11,474,544.4974193548388
11,475,544.5048387096775
11,476,544.5122580645162
11,477,544.5196774193549
11,478,544.5270967741936
11,479,544.5345161290323
11,480,544.5419354838712
11,481,544.5493548387099
11,482,544.5567741935486
11,483,544.5641935483873
11,484,544.571612903226
11,485,544.5790322580647
11,486,544.5864516129034
11,487,544.5938709677421
11,488,544.6012903225808
11,489,544.6087096774195
11,490,544.6161290322582
11,491,544.6235483870969
11,492,544.6309677419356
11,493,544.6383870967743
11,494,544.645806451613
11,495,544.6532258064517
11,496,544.6606451612904
11,497,544.6680645161292
11,498,544.6754838709679
11,499,544.6829032258066
11,500,544.6903225806453
11,501,544.697741935484
11,502,544.7051612903227
11,503,544.7125806451614
11,504,544.7200000000001
11,505,544.7274193548388
11,506,544.7348387096775
11,507,544.7422580645162
11,508,544.749677419355
11,509,544.7570967741937
11,510,544.7645161290324
11,511,544.7719354838711
11,512,544.7793548387098
11,513,544.7867741935485
11,514,544.7941935483872
11,515,544.801612903226
11,516,544.8090322580647
11,517,544.8164516129034
11,518,544.8238709677421
11,519,544.8312903225808
11,520,544.8387096774195
11,521,544.8461290322582
11,522,544.8535483870969
11,523,544.8609677419356
11,524,544.8683870967743
11,525,544.875806451613
11,526,544.8832258064517
11,527,544.8906451612904
11,528,544.8980645161291
11,529,544.9054838709678
11,530,544.9129032258065
11,531,544.9203225806452
11,532,544.927741935484
11,533,544.9351612903228
11,534,544.9425806451615
11,535,544.9500000000002
11,536,544.9574193548389
11,537,544.9648387096776
11,538,544.9722580645163
11,539,544.979677419355
11,540,544.9870967741937
11,541,544.9945161290324
11,542,545.0019354838711
11,543,545.0093548387098
11,544,545.0167741935485
11,545,545.0241935483872
11,546,545.0316129032259
11,547,545.0390322580646
11,548,545.0464516129033
11,549,545.053870967742
11,550,545.0612903225808
11,551,545.0687096774195
11,552,545.0761290322582
11,553,545.0835483870969
11,554,545.0909677419356
11,555,545.0983870967743
11,556,545.105806451613
11,557,545.1132258064517
11,558,545.1206451612904
11,559,545.1280645161291
11,560,545.1354838709678
11,561,545.1429032258065
11,562,545.1503225806453
11,563,545.157741935484
11,564,545.1651612903227
11,565,545.1725806451614
11,566,545.1800000000001
11,567,545.1874193548389
11,568,545.1948387096776
11,569,545.2022580645163
11,570,545.209677419355
11,571,545.2170967741937
11,572,545.2245161290324
11,573,545.2319354838711
11,574,545.2393548387098
11,575,545.2467741935485
11,576,545.2541935483872
11,577,545.2616129032259
11,578,545.2690322580646
11,579,545.2764516129033
11,580,545.283870967742
11,581,545.2912903225807
11,582,545.2987096774194
11,583,545.3061290322581
11,584,545.313548387097
11,585,545.3209677419356
11,586,545.3283870967743
11,587,545.335806451613
11,588,545.3432258064518
11,589,545.3506451612905
11,590,545.3580645161292
11,591,545.3654838709679
11,592,545.3729032258066
11,593,545.3803225806453
11,594,545.387741935484
11,595,545.3951612903227
11,596,545.4025806451614
11,597,545.4100000000001
11,598,545.4174193548388
11,599,545.4248387096775
11,600,545.4322580645162
11,601,545.4396774193549
11,602,545.4470967741937
11,603,545.4545161290324
11,604,545.4619354838711
11,605,545.4693548387098
11,606,545.4767741935485
11,607,545.4841935483872
11,608,545.4916129032259
11,609,545.4990322580646
11,610,545.5064516129033
11,611,545.513870967742
11,612,545.5212903225807
11,613,545.5287096774194
11,614,545.5361290322581
11,615,545.5435483870968
11,616,545.5509677419356
11,617,545.5583870967743
11,618,545.565806451613
11,619,545.5732258064518
11,620,545.5806451612905
11,621,545.5880645161292
11,622,545.5954838709679
11,623,545.6029032258066
11,624,545.6103225806453
11,625,545.617741935484
11,626,545.6251612903227
11,627,545.6325806451614
11,628,545.6400000000001
11,629,545.6474193548388
11,630,545.6548387096775
11,631,545.6622580645162
11,632,545.6696774193549
11,633,545.6770967741936
11,634,545.6845161290323
11,635,545.691935483871
11,636,545.6993548387097
11,637,545.7067741935485
11,638,545.7141935483872
11,639,545.721612903226
11,640,545.7290322580646
11,641,545.7364516129034
11,642,545.743870967742
11,643,545.7512903225808
11,644,545.7587096774195
11,645,545.7661290322582
11,646,545.7735483870969
11,647,545.7809677419356
11,648,545.7883870967743
11,649,545.795806451613
11,650,545.8032258064517
11,651,545.8106451612904
11,652,545.8180645161291
11,653,545.8254838709678
11,654,545.8329032258066
11,655,545.8403225806453
11,656,545.847741935484
11,657,545.8551612903227
11,658,545.8625806451614
11,659,545.8700000000001
11,660,545.8774193548388
11,661,545.8848387096775
11,662,545.8922580645162
11,663,545.8996774193549
11,664,545.9070967741936
11,665,545.9145161290323
11,666,545.921935483871
11,667,545.9293548387097
11,668,545.9367741935484
11,669,545.9441935483871
11,670,545.9516129032259
11,671,545.9590322580646
11,672,545.9664516129034
11,673,545.9738709677421
11,674,545.9812903225808
11,675,545.9887096774195
11,676,545.9961290322582
11,677,546.0035483870969
11,678,546.0109677419356
11,679,546.0183870967743
11,680,546.025806451613
11,681,546.0332258064517
11,682,546.0406451612904
11,683,546.0480645161291
11,684,546.0554838709678
11,685,546.0629032258065
11,686,546.0703225806452
11,687,546.0777419354839
11,688,546.0851612903226
11,689,546.0925806451614
11,690,546.1000000000001
11,691,546.1074193548388
11,692,546.1148387096775
11,693,546.1222580645162
11,694,546.129677419355
11,695,546.1370967741937
11,696,546.1445161290324
11,697,546.1519354838711
11,698,546.1593548387098
11,699,546.1667741935485
11,700,546.1741935483872
11,701,546.1816129032259
11,702,546.1890322580646
11,703,546.1964516129033
11,704,546.203870967742
11,705,546.2112903225807
11,706,546.2187096774194
11,707,546.2261290322582
11,708,546.2335483870969
11,709,546.2409677419356
11,710,546.2483870967743
11,711,546.255806451613
11,712,546.2632258064517
11,713,546.2706451612904
11,714,546.2780645161291
11,715,546.2854838709678
11,716,546.2929032258065
11,717,546.3003225806452
11,718,546.3077419354839
11,719,546.3151612903226
11,720,546.3225806451613
11,721,546.33
11,722,546.3374193548387
11,723,546.3448387096774
11,724,546.3522580645163
11,725,546.359677419355
11,726,546.3670967741937
11,727,546.3745161290324
11,728,546.3819354838711
11,729,546.3893548387098
11,730,546.3967741935485
11,731,546.4041935483872
11,732,546.4116129032259
11,733,546.4190322580646
11,734,546.4264516129033
11,735,546.433870967742
11,736,546.4412903225807
11,737,546.4487096774194
11,738,546.4561290322581
11,739,546.4635483870968
11,740,546.4709677419355
11,741,546.4783870967743
11,742,546.485806451613
11,743,546.4932258064517
11,744,546.5006451612904
11,745,546.5080645161291
11,746,546.5154838709678
11,747,546.5229032258065
11,748,546.5303225806452
11,749,546.537741935484
11,750,546.5451612903227
11,751,546.5525806451614
11,752,546.5600000000001
11,753,546.5674193548388
11,754,546.5748387096775
11,755,546.5822580645162
11,756,546.5896774193549
11,757,546.5970967741936
11,758,546.6045161290323
11,759,546.6119354838711
11,760,546.6193548387098
11,761,546.6267741935485
11,762,546.6341935483872
11,763,546.6416129032259
11,764,546.6490322580646
11,765,546.6564516129033
11,766,546.663870967742
11,767,546.6712903225807
11,768,546.6787096774194
11,769,546.6861290322581
11,770,546.6935483870968
11,771,546.7009677419355
11,772,546.7083870967742
11,773,546.7158064516129
11,774,546.7232258064516
11,775,546.7306451612903
11,776,546.7380645161292
11,777,546.7454838709679
11,778,546.7529032258066
11,779,546.7603225806453
11,780,546.767741935484
11,781,546.7751612903227
11,782,546.7825806451614
11,783,546.7900000000001
11,784,546.7974193548388
11,785,546.8048387096775
11,786,546.8122580645162
11,787,546.8196774193549
11,788,546.8270967741936
11,789,546.8345161290323
11,790,546.841935483871
11,791,546.8493548387097
11,792,546.8567741935484
11,793,546.8641935483871
11,794,546.8716129032259
11,795,546.8790322580646
11,796,546.8864516129033
11,797,546.893870967742
11,798,546.9012903225807
11,799,546.9087096774194
11,800,546.9161290322581
11,801,546.9235483870968
11,802,546.9309677419355
11,803,546.9383870967742
11,804,546.945806451613
11,805,546.9532258064517
11,806,546.9606451612904
11,807,546.9680645161291
11,808,546.9754838709678
11,809,546.9829032258065
11,810,546.9903225806452
11,811,546.997741935484
11,812,547.0051612903227
11,813,547.0125806451614
11,814,547.0200000000001
11,815,547.0274193548388
11,816,547.0348387096775
11,817,547.0422580645162
11,818,547.0496774193549
11,819,547.0570967741936
11,820,547.0645161290323
11,821,547.071935483871
11,822,547.0793548387097
11,823,547.0867741935484
11,824,547.0941935483871
11,825,547.1016129032258
11,826,547.1090322580645
11,827,547.1164516129032
11,828,547.123870967742
11,829,547.1312903225808
11,830,547.1387096774195
11,831,547.1461290322582
11,832,547.1535483870969
11,833,547.1609677419356
11,834,547.1683870967743
11,835,547.175806451613
11,836,547.1832258064517
11,837,547.1906451612904
11,838,547.1980645161291
11,839,547.2054838709678
11,840,547.2129032258065
11,841,547.2203225806452
11,842,547.2277419354839
11,843,547.2351612903226
11,844,547.2425806451613
11,845,547.25
11,846,547.2574193548388
11,847,547.2648387096775
11,848,547.2722580645162
11,849,547.2796774193549
11,850,547.2870967741936
11,851,547.2945161290323
11,852,547.301935483871
11,853,547.3093548387097
11,854,547.3167741935484
11,855,547.3241935483871
11,856,547.3316129032258
11,857,547.3390322580645
11,858,547.3464516129033
11,859,547.353870967742
11,860,547.3612903225807
11,861,547.3687096774194
11,862,547.3761290322581
11,863,547.3835483870969
11,864,547.3909677419356
11,865,547.3983870967743
11,866,547.405806451613
11,867,547.4132258064517
11,868,547.4206451612904
11,869,547.4280645161291
11,870,547.4354838709678
11,871,547.4429032258065
11,872,547.4503225806452
11,873,547.4577419354839
11,874,547.4651612903226
11,875,547.4725806451613
11,876,547.48
11,877,547.4874193548387
11,878,547.4948387096774
11,879,547.5022580645161
11,880,547.5096774193548
11,881,547.5170967741936
11,882,547.5245161290323
11,883,547.531935483871
11,884,547.5393548387098
11,885,547.5467741935485
11,886,547.5541935483872
11,887,547.5616129032259
11,888,547.5690322580646
11,889,547.5764516129033
11,890,547.583870967742
11,891,547.5912903225807
11,892,547.5987096774194
11,893,547.6061290322581
11,894,547.6135483870968
11,895,547.6209677419355
11,896,547.6283870967742
11,897,547.6358064516129
11,898,547.6432258064517
11,899,547.6506451612904
11,900,547.6580645161291
11,901,547.6654838709678
11,902,547.6729032258065
11,903,547.6803225806452
11,904,547.6877419354839
11,905,547.6951612903226
11,906,547.7025806451613
11,907,547.71
11,908,547.7174193548387
11,909,547.7248387096774
11,910,547.7322580645161
11,911,547.7396774193548
11,912,547.7470967741936
11,913,547.7545161290323
11,914,547.761935483871
11,915,547.7693548387097
11,916,547.7767741935485
11,917,547.7841935483872
11,918,547.7916129032259
11,919,547.7990322580646
11,920,547.8064516129033
11,921,547.813870967742
11,922,547.8212903225807
11,923,547.8287096774194
11,924,547.8361290322581
11,925,547.8435483870968
11,926,547.8509677419355
11,927,547.8583870967742
11,928,547.8658064516129
11,929,547.8732258064516
11,930,547.8806451612903
11,931,547.888064516129
11,932,547.8954838709677
11,933,547.9029032258065
11,934,547.9103225806452
11,935,547.917741935484
11,936,547.9251612903226
11,937,547.9325806451614
11,938,547.94
11,939,547.9474193548388
11,940,547.9548387096775
11,941,547.9622580645162
11,942,547.9696774193549
11,943,547.9770967741936
11,944,547.9845161290323
11,945,547.991935483871
11,946,547.9993548387097
11,947,548.0067741935484
11,948,548.0141935483871
11,949,548.0216129032258
11,950,548.0290322580645
11,951,548.0364516129033
11,952,548.043870967742
11,953,548.0512903225807
11,954,548.0587096774194
11,955,548.0661290322581
11,956,548.0735483870968
11,957,548.0809677419355
11,958,548.0883870967742
11,959,548.0958064516129
11,960,548.1032258064516
11,961,548.1106451612903
11,962,548.118064516129
11,963,548.1254838709677
11,964,548.1329032258064
11,965,548.1403225806451
11,966,548.1477419354839
11,967,548.1551612903226
11,968,548.1625806451614
11,969,548.1700000000001
11,970,548.1774193548388
11,971,548.1848387096775
11,972,548.1922580645162
11,973,548.1996774193549
11,974,548.2070967741936
11,975,548.2145161290323
11,976,548.221935483871
11,977,548.2293548387097
11,978,548.2367741935484
11,979,548.2441935483871
11,980,548.2516129032258
11,981,548.2590322580645
11,982,548.2664516129032
11,983,548.2738709677419
11,984,548.2812903225806
11,985,548.2887096774194
11,986,548.2961290322581
11,987,548.3035483870968
11,988,548.3109677419355
11,989,548.3183870967742
11,990,548.325806451613
11,991,548.3332258064517
11,992,548.3406451612904
11,993,548.348064516129
11,994,548.3554838709678
11,995,548.3629032258065
11,996,548.3703225806452
11,997,548.3777419354839
11,998,548.3851612903226
11,999,548.3925806451613
11,1000,548.4
11,1001,548.4074193548387
11,1002,548.4148387096774
11,1003,548.4222580645162
11,1004,548.4296774193549
11,1005,548.4370967741936
11,1006,548.4445161290323
11,1007,548.451935483871
11,1008,548.4593548387097
11,1009,548.4667741935484
11,1010,548.4741935483871
11,1011,548.4816129032258
11,1012,548.4890322580645
11,1013,548.4964516129032
11,1014,548.5038709677419
11,1015,548.5112903225806
11,1016,548.5187096774193
11,1017,548.526129032258
11,1018,548.5335483870967
11,1019,548.5409677419354
11,1020,548.5483870967743
11,1021,548.555806451613
11,1022,548.5632258064517
11,1023,548.5706451612904
11,1024,548.5780645161291
11,1025,548.5854838709678
11,1026,548.5929032258065
11,1027,548.6003225806452
11,1028,548.6077419354839
11,1029,548.6151612903226
11,1030,548.6225806451613
11,1031,548.63
11,1032,548.6374193548387
11,1033,548.6448387096774
11,1034,548.6522580645161
11,1035,548.6596774193548
11,1036,548.6670967741935
11,1037,548.6745161290322
11,1038,548.681935483871
11,1039,548.6893548387097
11,1040,548.6967741935484
11,1041,548.7041935483871
11,1042,548.7116129032258
11,1043,548.7190322580645
11,1044,548.7264516129032
11,1045,548.733870967742
11,1046,548.7412903225807
11,1047,548.7487096774194
11,1048,548.7561290322581
11,1049,548.7635483870968
11,1050,548.7709677419355
11,1051,548.7783870967742
11,1052,548.7858064516129
11,1053,548.7932258064516
11,1054,548.8006451612903
11,1055,548.8080645161291
11,1056,548.8154838709678
11,1057,548.8229032258065
11,1058,548.8303225806452
11,1059,548.8377419354839
11,1060,548.8451612903226
11,1061,548.8525806451613
11,1062,548.86
11,1063,548.8674193548387
11,1064,548.8748387096774
11,1065,548.8822580645161
11,1066,548.8896774193548
11,1067,548.8970967741935
11,1068,548.9045161290322
11,1069,548.9119354838709
11,1070,548.9193548387096
11,1071,548.9267741935483
11,1072,548.934193548387
11,1073,548.9416129032259
11,1074,548.9490322580646
11,1075,548.9564516129033
11,1076,548.963870967742
11,1077,548.9712903225807
11,1078,548.9787096774194
11,1079,548.9861290322581
11,1080,548.9935483870968
11,1081,549.0009677419355
11,1082,549.0083870967742
11,1083,549.0158064516129
11,1084,549.0232258064516
11,1085,549.0306451612903
11,1086,549.038064516129
11,1087,549.0454838709677
11,1088,549.0529032258064
11,1089,549.0603225806451
11,1090,549.0677419354839
11,1091,549.0751612903226
11,1092,549.0825806451613
11,1093,549.09
11,1094,549.0974193548387
11,1095,549.1048387096774
11,1096,549.1122580645161
11,1097,549.1196774193548
11,1098,549.1270967741935
11,1099,549.1345161290322
11,1100,549.141935483871
11,1101,549.1493548387097
11,1102,549.1567741935484
11,1103,549.1641935483871
11,1104,549.1716129032258
11,1105,549.1790322580645
11,1106,549.1864516129032
11,1107,549.193870967742
11,1108,549.2012903225807
11,1109,549.2087096774194
11,1110,549.2161290322581
11,1111,549.2235483870968
11,1112,549.2309677419355
11,1113,549.2383870967742
11,1114,549.2458064516129
11,1115,549.2532258064516
11,1116,549.2606451612903
11,1117,549.268064516129
11,1118,549.2754838709677
11,1119,549.2829032258064
11,1120,549.2903225806451
11,1121,549.2977419354838
11,1122,549.3051612903225
11,1123,549.3125806451612
11,1124,549.3199999999999
11,1125,549.3274193548388
11,1126,549.3348387096775
11,1127,549.3422580645162
11,1128,549.3496774193549
11,1129,549.3570967741936
11,1130,549.3645161290323
11,1131,549.371935483871
11,1132,549.3793548387097
11,1133,549.3867741935484
11,1134,549.3941935483871
11,1135,549.4016129032258
11,1136,549.4090322580645
11,1137,549.4164516129032
11,1138,549.4238709677419
11,1139,549.4312903225806
11,1140,549.4387096774193
11,1141,549.446129032258
11,1142,549.4535483870968
11,1143,549.4609677419355
11,1144,549.4683870967742
11,1145,549.4758064516129
11,1146,549.4832258064516
11,1147,549.4906451612903
11,1148,549.498064516129
11,1149,549.5054838709677
11,1150,549.5129032258064
11,1151,549.5203225806451
11,1152,549.5277419354838
11,1153,549.5351612903225
11,1154,549.5425806451613
11,1155,549.55
11,1156,549.5574193548387
11,1157,549.5648387096774
11,1158,549.5722580645161
11,1159,549.5796774193548
11,1160,549.5870967741936
11,1161,549.5945161290323
11,1162,549.601935483871
11,1163,549.6093548387097
11,1164,549.6167741935484
11,1165,549.6241935483871
11,1166,549.6316129032258
11,1167,549.6390322580645
11,1168,549.6464516129032
11,1169,549.6538709677419
11,1170,549.6612903225806
11,1171,549.6687096774193
11,1172,549.676129032258
11,1173,549.6835483870967
11,1174,549.6909677419354
11,1175,549.6983870967741
11,1176,549.7058064516128
11,1177,549.7132258064516
11,1178,549.7206451612903
11,1179,549.728064516129
11,1180,549.7354838709678
11,1181,549.7429032258065
11,1182,549.7503225806452
11,1183,549.7577419354839
11,1184,549.7651612903226
11,1185,549.7725806451613
11,1186,549.78
11,1187,549.7874193548387
11,1188,549.7948387096774
11,1189,549.8022580645161
11,1190,549.8096774193548
11,1191,549.8170967741935
11,1192,549.8245161290322
11,1193,549.8319354838709
11,1194,549.8393548387096
11,1195,549.8467741935484
11,1196,549.8541935483871
11,1197,549.8616129032258
11,1198,549.8690322580645
11,1199,549.8764516129032
11,1200,549.8838709677419
11,1201,549.8912903225806
11,1202,549.8987096774193
11,1203,549.906129032258
11,1204,549.9135483870967
11,1205,549.9209677419354
11,1206,549.9283870967741
11,1207,549.9358064516128
11,1208,549.9432258064516
11,1209,549.9506451612903
11,1210,549.958064516129
11,1211,549.9654838709677
11,1212,549.9729032258065
11,1213,549.9803225806452
11,1214,549.9877419354839
11,1215,549.9951612903226
11,1216,550.0025806451613
11,1217,550.01
11,1218,550.0174193548387
11,1219,550.0248387096774
11,1220,550.0322580645161
11,1221,550.0396774193548
11,1222,550.0470967741935
11,1223,550.0545161290322
11,1224,550.0619354838709
11,1225,550.0693548387096
11,1226,550.0767741935483
11,1227,550.084193548387
11,1228,550.0916129032257
11,1229,550.0990322580644
11,1230,550.1064516129032
11,1231,550.113870967742
11,1232,550.1212903225806
11,1233,550.1287096774194
11,1234,550.136129032258
11,1235,550.1435483870968
11,1236,550.1509677419355
11,1237,550.1583870967742
11,1238,550.1658064516129
11,1239,550.1732258064516
11,1240,550.1806451612903
11,1241,550.188064516129
11,1242,550.1954838709677
11,1243,550.2029032258064
11,1244,550.2103225806451
11,1245,550.2177419354838
11,1246,550.2251612903225
11,1247,550.2325806451613
11,1248,550.24
11,1249,550.2474193548387
11,1250,550.2548387096774
11,1251,550.2622580645161
11,1252,550.2696774193548
11,1253,550.2770967741935
11,1254,550.2845161290322
11,1255,550.2919354838709
11,1256,550.2993548387096
11,1257,550.3067741935483
11,1258,550.314193548387
11,1259,550.3216129032257
11,1260,550.3290322580644
11,1261,550.3364516129031
11,1262,550.3438709677419
11,1263,550.3512903225806
11,1264,550.3587096774194
11,1265,550.3661290322581
11,1266,550.3735483870968
11,1267,550.3809677419355
11,1268,550.3883870967742
11,1269,550.3958064516129
11,1270,550.4032258064516
11,1271,550.4106451612903
11,1272,550.418064516129
11,1273,550.4254838709677
11,1274,550.4329032258064
11,1275,550.4403225806451
11,1276,550.4477419354838
11,1277,550.4551612903225
11,1278,550.4625806451612
11,1279,550.4699999999999
11,1280,550.4774193548386
11,1281,550.4848387096773
11,1282,550.4922580645161
11,1283,550.4996774193548
11,1284,550.5070967741935
11,1285,550.5145161290322
11,1286,550.521935483871
11,1287,550.5293548387097
11,1288,550.5367741935484
11,1289,550.544193548387
11,1290,550.5516129032258
11,1291,550.5590322580645
11,1292,550.5664516129032
11,1293,550.5738709677419
11,1294,550.5812903225806
11,1295,550.5887096774193
11,1296,550.596129032258
11,1297,550.6035483870967
11,1298,550.6109677419354
11,1299,550.6183870967742
11,1300,550.6258064516129
11,1301,550.6332258064516
11,1302,550.6406451612903
11,1303,550.648064516129
11,1304,550.6554838709677
11,1305,550.6629032258064
11,1306,550.6703225806451
11,1307,550.6777419354838
11,1308,550.6851612903225
11,1309,550.6925806451612
11,1310,550.6999999999999
11,1311,550.7074193548386
11,1312,550.7148387096773
11,1313,550.722258064516
11,1314,550.7296774193547
11,1315,550.7370967741934
11,1316,550.7445161290323
11,1317,550.751935483871
11,1318,550.7593548387097
11,1319,550.7667741935484
11,1320,550.7741935483871
11,1321,550.7816129032258
11,1322,550.7890322580645
11,1323,550.7964516129032
11,1324,550.8038709677419
11,1325,550.8112903225806
11,1326,550.8187096774193
11,1327,550.826129032258
11,1328,550.8335483870967
11,1329,550.8409677419354
11,1330,550.8483870967741
11,1331,550.8558064516128
11,1332,550.8632258064515
11,1333,550.8706451612902
11,1334,550.878064516129
11,1335,550.8854838709677
11,1336,550.8929032258064
11,1337,550.9003225806451
11,1338,550.9077419354838
11,1339,550.9151612903225
11,1340,550.9225806451612
11,1341,550.93
11,1342,550.9374193548387
11,1343,550.9448387096774
11,1344,550.9522580645161
11,1345,550.9596774193548
11,1346,550.9670967741935
11,1347,550.9745161290322
11,1348,550.9819354838709
11,1349,550.9893548387096
11,1350,550.9967741935483
11,1351,551.0041935483871
11,1352,551.0116129032258
11,1353,551.0190322580645
11,1354,551.0264516129032
11,1355,551.0338709677419
11,1356,551.0412903225806
11,1357,551.0487096774193
11,1358,551.056129032258
11,1359,551.0635483870967
11,1360,551.0709677419354
11,1361,551.0783870967741
11,1362,551.0858064516128
11,1363,551.0932258064515
11,1364,551.1006451612902
11,1365,551.1080645161289
11,1366,551.1154838709676
11,1367,551.1229032258063
11,1368,551.130322580645
11,1369,551.1377419354839
11,1370,551.1451612903226
11,1371,551.1525806451613
11,1372,551.16
11,1373,551.1674193548387
11,1374,551.1748387096774
11,1375,551.1822580645161
11,1376,551.1896774193548
11,1377,551.1970967741935
11,1378,551.2045161290322
11,1379,551.2119354838709
11,1380,551.2193548387096
11,1381,551.2267741935483
11,1382,551.234193548387
11,1383,551.2416129032257
11,1384,551.2490322580644
11,1385,551.2564516129031
11,1386,551.2638709677419
11,1387,551.2712903225806
11,1388,551.2787096774193
11,1389,551.286129032258
11,1390,551.2935483870967
11,1391,551.3009677419354
11,1392,551.3083870967741
11,1393,551.3158064516128
11,1394,551.3232258064515
11,1395,551.3306451612902
11,1396,551.338064516129
11,1397,551.3454838709677
11,1398,551.3529032258064
11,1399,551.3603225806451
11,1400,551.3677419354838
11,1401,551.3751612903225
11,1402,551.3825806451612
11,1403,551.3899999999999
11,1404,551.3974193548387
11,1405,551.4048387096774
11,1406,551.4122580645161
11,1407,551.4196774193548
11,1408,551.4270967741935
11,1409,551.4345161290322
11,1410,551.4419354838709
11,1411,551.4493548387096
11,1412,551.4567741935483
11,1413,551.464193548387
11,1414,551.4716129032257
11,1415,551.4790322580644
11,1416,551.4864516129031
11,1417,551.4938709677418
11,1418,551.5012903225805
11,1419,551.5087096774192
11,1420,551.5161290322579
11,1421,551.5235483870968
11,1422,551.5309677419355
11,1423,551.5383870967742
11,1424,551.5458064516129
11,1425,551.5532258064516
11,1426,551.5606451612903
11,1427,551.568064516129
11,1428,551.5754838709677
11,1429,551.5829032258064
11,1430,551.5903225806451
11,1431,551.5977419354838
11,1432,551.6051612903225
11,1433,551.6125806451612
11,1434,551.6199999999999
11,1435,551.6274193548386
11,1436,551.6348387096773
11,1437,551.642258064516
11,1438,551.6496774193547
11,1439,551.6570967741935
11,1440,551.6645161290322
11,1441,551.6719354838709
11,1442,551.6793548387096
11,1443,551.6867741935483
11,1444,551.694193548387
11,1445,551.7016129032257
11,1446,551.7090322580644
11,1447,551.7164516129031
11,1448,551.7238709677418
11,1449,551.7312903225805
11,1450,551.7387096774193
11,1451,551.746129032258
11,1452,551.7535483870967
11,1453,551.7609677419354
11,1454,551.7683870967741
11,1455,551.7758064516128
11,1456,551.7832258064516
11,1457,551.7906451612903
11,1458,551.798064516129
11,1459,551.8054838709677
11,1460,551.8129032258064
11,1461,551.8203225806451
11,1462,551.8277419354838
11,1463,551.8351612903225
11,1464,551.8425806451612
11,1465,551.8499999999999
11,1466,551.8574193548386
11,1467,551.8648387096773
11,1468,551.872258064516
11,1469,551.8796774193547
11,1470,551.8870967741934
11,1471,551.8945161290321
11,1472,551.9019354838708
11,1473,551.9093548387095
11,1474,551.9167741935483
11,1475,551.924193548387
11,1476,551.9316129032258
11,1477,551.9390322580645
11,1478,551.9464516129032
11,1479,551.9538709677419
11,1480,551.9612903225806
11,1481,551.9687096774193
11,1482,551.976129032258
11,1483,551.9835483870967
11,1484,551.9909677419354
11,1485,551.9983870967741
11,1486,552.0058064516128
11,1487,552.0132258064515
11,1488,552.0206451612902
11,1489,552.0280645161289
11,1490,552.0354838709676
11,1491,552.0429032258064
11,1492,552.0503225806451
11,1493,552.0577419354838
11,1494,552.0651612903225
11,1495,552.0725806451612
11,1496,552.0799999999999
11,1497,552.0874193548386
11,1498,552.0948387096773
11,1499,552.102258064516
11,1500,552.1096774193547
11,1501,552.1170967741934
11,1502,552.1245161290321
11,1503,552.1319354838708
11,1504,552.1393548387096
11,1505,552.1467741935483
11,1506,552.154193548387
11,1507,552.1616129032257
11,1508,552.1690322580644
11,1509,552.1764516129032
11,1510,552.1838709677419
11,1511,552.1912903225806
11,1512,552.1987096774193
11,1513,552.206129032258
11,1514,552.2135483870967
11,1515,552.2209677419354
11,1516,552.2283870967741
11,1517,552.2358064516128
11,1518,552.2432258064515
11,1519,552.2506451612902
11,1520,552.2580645161289
11,1521,552.2654838709676
11,1522,552.2729032258063
11,1523,552.280322580645
11,1524,552.2877419354837
11,1525,552.2951612903224
11,1526,552.3025806451612
11,1527,552.31
11,1528,552.3174193548386
11,1529,552.3248387096774
11,1530,552.332258064516
11,1531,552.3396774193548
11,1532,552.3470967741935
11,1533,552.3545161290322
11,1534,552.3619354838709
11,1535,552.3693548387096
11,1536,552.3767741935483
11,1537,552.384193548387
11,1538,552.3916129032257
11,1539,552.3990322580644
11,1540,552.4064516129031
11,1541,552.4138709677418
11,1542,552.4212903225805
11,1543,552.4287096774193
11,1544,552.436129032258
11,1545,552.4435483870967
11,1546,552.4509677419354
11,1547,552.4583870967741
11,1548,552.4658064516128
11,1549,552.4732258064515
11,1550,552.4806451612902
11,1551,552.4880645161289
11,1552,552.4954838709676
11,1553,552.5029032258063
11,1554,552.510322580645
11,1555,552.5177419354837
11,1556,552.5251612903224
11,1557,552.5325806451611
11,1558,552.5399999999998
11,1559,552.5474193548386
11,1560,552.5548387096773
11,1561,552.5622580645161
11,1562,552.5696774193548
11,1563,552.5770967741935
11,1564,552.5845161290322
11,1565,552.5919354838709
11,1566,552.5993548387096
11,1567,552.6067741935483
11,1568,552.614193548387
11,1569,552.6216129032257
11,1570,552.6290322580644
11,1571,552.6364516129031
11,1572,552.6438709677418
11,1573,552.6512903225805
11,1574,552.6587096774192
11,1575,552.6661290322579
11,1576,552.6735483870966
11,1577,552.6809677419353
11,1578,552.6883870967741
11,1579,552.6958064516128
11,1580,552.7032258064515
11,1581,552.7106451612902
11,1582,552.718064516129
11,1583,552.7254838709677
11,1584,552.7329032258064
11,1585,552.740322580645
11,1586,552.7477419354838
11,1587,552.7551612903225
11,1588,552.7625806451612
11,1589,552.7699999999999
11,1590,552.7774193548386
11,1591,552.7848387096773
11,1592,552.792258064516
11,1593,552.7996774193547
11,1594,552.8070967741934
11,1595,552.8145161290322
11,1596,552.8219354838709
11,1597,552.8293548387096
11,1598,552.8367741935483
11,1599,552.844193548387
11,1600,552.8516129032257
11,1601,552.8590322580644
11,1602,552.8664516129031
11,1603,552.8738709677418
11,1604,552.8812903225805
11,1605,552.8887096774192
11,1606,552.8961290322579
11,1607,552.9035483870966
11,1608,552.9109677419353
11,1609,552.918387096774
11,1610,552.9258064516127
11,1611,552.9332258064514
11,1612,552.9406451612901
11,1613,552.948064516129
11,1614,552.9554838709677
11,1615,552.9629032258064
11,1616,552.9703225806451
11,1617,552.9777419354838
11,1618,552.9851612903225
11,1619,552.9925806451612
11,1620,552.9999999999999
11,1621,553.0074193548386
11,1622,553.0148387096773
11,1623,553.022258064516
11,1624,553.0296774193547
11,1625,553.0370967741934
11,1626,553.0445161290321
11,1627,553.0519354838708
11,1628,553.0593548387095
11,1629,553.0667741935482
11,1630,553.074193548387
11,1631,553.0816129032257
11,1632,553.0890322580644
11,1633,553.0964516129031
11,1634,553.1038709677418
11,1635,553.1112903225805
11,1636,553.1187096774192
11,1637,553.126129032258
11,1638,553.1335483870967
11,1639,553.1409677419354
11,1640,553.1483870967741
11,1641,553.1558064516128
11,1642,553.1632258064515
11,1643,553.1706451612902
11,1644,553.1780645161289
11,1645,553.1854838709676
11,1646,553.1929032258063
11,1647,553.200322580645
11,1648,553.2077419354838
11,1649,553.2151612903225
11,1650,553.2225806451612
11,1651,553.2299999999999
11,1652,553.2374193548386
11,1653,553.2448387096773
11,1654,553.252258064516
11,1655,553.2596774193547
11,1656,553.2670967741934
11,1657,553.2745161290321
11,1658,553.2819354838708
11,1659,553.2893548387095
11,1660,553.2967741935482
11,1661,553.3041935483869
11,1662,553.3116129032256
11,1663,553.3190322580643
11,1664,553.326451612903
11,1665,553.3338709677419
11,1666,553.3412903225806
11,1667,553.3487096774193
11,1668,553.356129032258
11,1669,553.3635483870967
11,1670,553.3709677419354
11,1671,553.3783870967741
11,1672,553.3858064516128
11,1673,553.3932258064515
11,1674,553.4006451612902
11,1675,553.4080645161289
11,1676,553.4154838709676
11,1677,553.4229032258063
11,1678,553.430322580645
11,1679,553.4377419354837
11,1680,553.4451612903224
11,1681,553.4525806451611
11,1682,553.4599999999998
11,1683,553.4674193548386
11,1684,553.4748387096773
11,1685,553.482258064516
11,1686,553.4896774193547
11,1687,553.4970967741934
11,1688,553.5045161290321
11,1689,553.5119354838708
11,1690,553.5193548387095
11,1691,553.5267741935482
11,1692,553.534193548387
11,1693,553.5416129032257
11,1694,553.5490322580644
11,1695,553.5564516129031
11,1696,553.5638709677418
11,1697,553.5712903225805
11,1698,553.5787096774192
11,1699,553.5861290322579
11,1700,553.5935483870967
11,1701,553.6009677419354
11,1702,553.6083870967741
11,1703,553.6158064516128
11,1704,553.6232258064515
11,1705,553.6306451612902
11,1706,553.6380645161289
11,1707,553.6454838709676
11,1708,553.6529032258063
11,1709,553.660322580645
11,1710,553.6677419354837
11,1711,553.6751612903224
11,1712,553.6825806451611
11,1713,553.6899999999998
11,1714,553.6974193548385
11,1715,553.7048387096772
11,1716,553.7122580645159
11,1717,553.7196774193546
11,1718,553.7270967741935
11,1719,553.7345161290322
11,1720,553.7419354838709
11,1721,553.7493548387096
11,1722,553.7567741935483
11,1723,553.764193548387
11,1724,553.7716129032257
11,1725,553.7790322580644
11,1726,553.7864516129031
11,1727,553.7938709677418
11,1728,553.8012903225805
11,1729,553.8087096774192
11,1730,553.8161290322579
11,1731,553.8235483870966
11,1732,553.8309677419353
11,1733,553.838387096774
11,1734,553.8458064516127
11,1735,553.8532258064515
11,1736,553.8606451612902
11,1737,553.8680645161289
11,1738,553.8754838709676
11,1739,553.8829032258063
11,1740,553.890322580645
11,1741,553.8977419354837
11,1742,553.9051612903224
11,1743,553.9125806451611
11,1744,553.9199999999998
11,1745,553.9274193548385
11,1746,553.9348387096773
11,1747,553.942258064516
11,1748,553.9496774193547
11,1749,553.9570967741934
12,0,530.8699573526116
12,1,530.8796384067764
12,2,530.8893176754959
12,3,530.8989951587703
12,4,530.9086708565993
12,5,530.918344768983
12,6,530.9280168959216
12,7,530.9376872374148
12,8,530.9473557934627
12,9,530.9570225640655
12,10,530.9666875492229
12,11,530.976350748935
12,12,530.986012163202
12,13,530.9956717920236
12,14,531.0053296354
12,15,531.0149856933311
12,16,531.024639965817
12,17,531.0342924528576
12,18,531.0439431544529
12,19,531.0535920706029
12,20,531.0632392013077
12,21,531.0728845465673
12,22,531.0825281063816
12,23,531.0921698807505
12,24,531.1018098696743
12,25,531.1114480731527
12,26,531.1210844911859
12,27,531.1307191237738
12,28,531.1403519709165
12,29,531.1499830326139
12,30,531.159612308866
12,31,531.1692397996729
12,32,531.1788655050345
12,33,531.1884894249508
12,34,531.1981115594219
12,35,531.2077319084477
12,36,531.2173504720283
12,37,531.2269672501636
12,38,531.2365822428536
12,39,531.2461954500984
12,40,531.2558068718979
12,41,531.2654165082521
12,42,531.2750243591611
12,43,531.2846304246248
12,44,531.2942347046431
12,45,531.3038371992163
12,46,531.3134379083442
12,47,531.3230368320268
12,48,531.3326339702642
12,49,531.3422293230564
12,50,531.3518228904031
12,51,531.3614146723047
12,52,531.371004668761
12,53,531.380592879772
12,54,531.3901793053378
12,55,531.3997639454583
12,56,531.4093468001336
12,57,531.4189278693635
12,58,531.4285071531483
12,59,531.4380846514878
12,60,531.4476603643819
12,61,531.4572342918308
12,62,531.4668064338344
12,63,531.4763767903929
12,64,531.485945361506
12,65,531.4955121471738
12,66,531.5050771473965
12,67,531.5146403621737
12,68,531.5242017915058
12,69,531.5337614353926
12,70,531.5433192938342
12,71,531.5528753668304
12,72,531.5624296543814
12,73,531.5719821564871
12,74,531.5815328731477
12,75,531.5910818043628
12,76,531.6006289501328
12,77,531.6101743104575
12,78,531.6197178853369
12,79,531.629259674771
12,80,531.6387996787599
12,81,531.6483378973036
12,82,531.6578743304019
12,83,531.6674089780549
12,84,531.6769418402628
12,85,531.6864729170253
12,86,531.6960022083426
12,87,531.7055297142147
12,88,531.7150554346414
12,89,531.7245793696229
12,90,531.7341015191591
12,91,531.7436218832501
12,92,531.7531404618958
12,93,531.7626572550962
12,94,531.7721722628514
12,95,531.7816854851613
12,96,531.791196922026
12,97,531.8007065734454
12,98,531.8102144394194
12,99,531.8197205199483
12,100,531.8292248150318
12,101,531.8387273246701
12,102,531.8482280488632
12,103,531.857726987611
12,104,531.8672241409135
12,105,531.8767195087707
12,106,531.8862130911828
12,107,531.8957048881495
12,108,531.905194899671
12,109,531.9146831257472
12,110,531.924169566378
12,111,531.9336542215638
12,112,531.9431370913042
12,113,531.9526181755992
12,114,531.9620974744491
12,115,531.9715749878537
12,116,531.981050715813
12,117,531.9905246583271
12,118,531.9999968153959
12,119,532.0094671870195
12,120,532.0189357731978
12,121,532.0284025739307
12,122,532.0378675892185
12,123,532.047330819061
12,124,532.0567922634582
12,125,532.0662519224102
12,126,532.0757097959169
12,127,532.0851658839782
12,128,532.0946201865944
12,129,532.1040727037653
12,130,532.113523435491
12,131,532.1229723817713
12,132,532.1324195426064
12,133,532.1418649179961
12,134,532.1513085079407
12,135,532.1607503124401
12,136,532.170190331494
12,137,532.1796285651028
12,138,532.1890650132664
12,139,532.1984996759846
12,140,532.2079325532576
12,141,532.2173636450852
12,142,532.2267929514677
12,143,532.2362204724049
12,144,532.2456462078968
12,145,532.2550701579435
12,146,532.2644923225448
12,147,532.273912701701
12,148,532.2833312954118
12,149,532.2927481036774
12,150,532.3021631264977
12,151,532.3115763638727
12,152,532.3209878158026
12,153,532.330397482287
12,154,532.3398053633264
12,155,532.3492114589203
12,156,532.358615769069
12,157,532.3680182937725
12,158,532.3774190330307
12,159,532.3868179868437
12,160,532.3962151552113
12,161,532.4056105381337
12,162,532.4150041356108
12,163,532.4243959476428
12,164,532.4337859742293
12,165,532.4431742153707
12,166,532.4525606710667
12,167,532.4619453413176
12,168,532.4713282261231
12,169,532.4807093254834
12,170,532.4900886393984
12,171,532.4994661678681
12,172,532.5088419108927
12,173,532.5182158684719
12,174,532.5275880406059
12,175,532.5369584272945
12,176,532.5463270285379
12,177,532.5556938443361
12,178,532.565058874689
12,179,532.5744221195966
12,180,532.5837835790591
12,181,532.5931432530762
12,182,532.602501141648
12,183,532.6118572447746
12,184,532.6212115624559
12,185,532.6305640946919
12,186,532.6399148414827
12,187,532.6492638028282
12,188,532.6586109787285
12,189,532.6679563691833
12,190,532.6772999741931
12,191,532.6866417937575
12,192,532.6959818278767
12,193,532.7053200765506
12,194,532.7146565397793
12,195,532.7239912175627
12,196,532.7333241099008
12,197,532.7426552167937
12,198,532.7519845382412
12,199,532.7613120742436
12,200,532.7706378248007
12,201,532.7799617899125
12,202,532.789283969579
12,203,532.7986043638002
12,204,532.8079229725763
12,205,532.817239795907
12,206,532.8265548337924
12,207,532.8358680862327
12,208,532.8451795532276
12,209,532.8544892347772
12,210,532.8637971308817
12,211,532.8731032415409
12,212,532.8824075667548
12,213,532.8917101065233
12,214,532.9010108608467
12,215,532.9103098297248
12,216,532.9196070131576
12,217,532.9289024111451
12,218,532.9381960236875
12,219,532.9474878507845
12,220,532.9567778924362
12,221,532.9660661486428
12,222,532.975352619404
12,223,532.98463730472
12,224,532.9939202045906
12,225,533.0032013190161
12,226,533.0124806479962
12,227,533.0217581915311
12,228,533.0310339496208
12,229,533.0403079222651
12,230,533.0495801094643
12,231,533.0588505112181
12,232,533.0681191275266
12,233,533.07738595839
12,234,533.086651003808
12,235,533.0959142637809
12,236,533.1051757383084
12,237,533.1144354273906
12,238,533.1236933310275
12,239,533.1329494492193
12,240,533.1422037819658
12,241,533.1514563292669
12,242,533.1607070911228
12,243,533.1699560675336
12,244,533.1792032584989
12,245,533.1884486640191
12,246,533.1976922840939
12,247,533.2069341187236
12,248,533.2161741679079
12,249,533.225412431647
12,250,533.2346489099408
12,251,533.2438836027893
12,252,533.2531165101925
12,253,533.2623476321505
12,254,533.2715769686633
12,255,533.2808045197309
12,256,533.290030285353
12,257,533.29925426553
12,258,533.3084764602617
12,259,533.3176968695481
12,260,533.3269154933893
12,261,533.3361323317852
12,262,533.3453473847358
12,263,533.354560652241
12,264,533.3637721343011
12,265,533.372981830916
12,266,533.3821897420855
12,267,533.3913958678098
12,268,533.4006002080889
12,269,533.4098027629227
12,270,533.4190035323112
12,271,533.4282025162544
12,272,533.4373997147524
12,273,533.446595127805
12,274,533.4557887554125
12,275,533.4649805975747
12,276,533.4741706542916
12,277,533.4833589255633
12,278,533.4925454113896
12,279,533.5017301117708
12,280,533.5109130267066
12,281,533.5200941561972
12,282,533.5292735002425
12,283,533.5384510588426
12,284,533.5476268319974
12,285,533.556800819707
12,286,533.5659730219711
12,287,533.5751434387902
12,288,533.5843120701638
12,289,533.5934789160923
12,290,533.6026439765756
12,291,533.6118072516135
12,292,533.6209687412062
12,293,533.6301284453535
12,294,533.6392863640557
12,295,533.6484424973125
12,296,533.6575968451242
12,297,533.6667494074906
12,298,533.6759001844116
12,299,533.6850491758875
12,300,533.694196381918
12,301,533.7033418025032
12,302,533.7124854376433
12,303,533.721627287338
12,304,533.7307673515875
12,305,533.7399056303917
12,306,533.7490421237507
12,307,533.7581768316644
12,308,533.7673097541328
12,309,533.776440891156
12,310,533.7855702427339
12,311,533.7946978088664
12,312,533.8038235895539
12,313,533.812947584796
12,314,533.8220697945928
12,315,533.8311902189444
12,316,533.8403088578507
12,317,533.8494257113117
12,318,533.8585407793274
12,319,533.867654061898
12,320,533.8767655590233
12,321,533.8858752707032
12,322,533.8949831969379
12,323,533.9040893377273
12,324,533.9131936930715
12,325,533.9222962629705
12,326,533.9313970474242
12,327,533.9404960464325
12,328,533.9495932599957
12,329,533.9586886881135
12,330,533.9677823307861
12,331,533.9768741880134
12,332,533.9859642597955
12,333,533.9950525461323
12,334,534.0041390470238
12,335,534.0132237624701
12,336,534.0223066924711
12,337,534.0313878370268
12,338,534.0404671961373
12,339,534.0495447698025
12,340,534.0586205580224
12,341,534.0676945607971
12,342,534.0767667781265
12,343,534.0858372100107
12,344,534.0949058564496
12,345,534.1039727174432
12,346,534.1130377929916
12,347,534.1221010830947
12,348,534.1311625877524
12,349,534.140222306965
12,350,534.1492802407323
12,351,534.1583363890543
12,352,534.1673907519311
12,353,534.1764433293625
12,354,534.1854941213488
12,355,534.1945431278898
12,356,534.2035903489855
12,357,534.212635784636
12,358,534.2216794348411
12,359,534.230721299601
12,360,534.2397613789157
12,361,534.248799672785
12,362,534.2578361812091
12,363,534.266870904188
12,364,534.2759038417215
12,365,534.2849349938099
12,366,534.2939643604528
12,367,534.3029919416507
12,368,534.3120177374032
12,369,534.3210417477104
12,370,534.3300639725725
12,371,534.3390844119891
12,372,534.3481030659606
12,373,534.3571199344868
12,374,534.3661350175677
12,375,534.3751483152034
12,376,534.3841598273938
12,377,534.3931695541389
12,378,534.4021774954388
12,379,534.4111836512934
12,380,534.4201880217028
12,381,534.4291906066668
12,382,534.4381914061856
12,383,534.4471904202592
12,384,534.4561876488874
12,385,534.4651830920704
12,386,534.4741767498082
12,387,534.4831686221006
12,388,534.4921587089478
12,389,534.5011470103498
12,390,534.5101335263065
12,391,534.5191182568179
12,392,534.528101201884
12,393,534.537082361505
12,394,534.5460617356806
12,395,534.5550393244109
12,396,534.564015127696
12,397,534.5729891455359
12,398,534.5819613779304
12,399,534.5909318248797
12,400,534.5999004863837
12,401,534.6088673624425
12,402,534.617832453056
12,403,534.6267957582243
12,404,534.6357572779473
12,405,534.644717012225
12,406,534.6536749610574
12,407,534.6626311244446
12,408,534.6715855023865
12,409,534.6805380948831
12,410,534.6894889019345
12,411,534.6984379235406
12,412,534.7073851597015
12,413,534.716330610417
12,414,534.7252742756874
12,415,534.7342161555124
12,416,534.7431562498922
12,417,534.7520945588267
12,418,534.761031082316
12,419,534.76996582036
12,420,534.7788987729588
12,421,534.7878299401121
12,422,534.7967593218204
12,423,534.8056869180833
12,424,534.814612728901
12,425,534.8235367542734
12,426,534.8324589942006
12,427,534.8413794486825
12,428,534.850298117719
12,429,534.8592150013104
12,430,534.8681300994565
12,431,534.8770434121573
12,432,534.8859549394128
12,433,534.8948646812231
12,434,534.9037726375881
12,435,534.9126788085078
12,436,534.9215831939823
12,437,534.9304857940116
12,438,534.9393866085956
12,439,534.9482856377342
12,440,534.9571828814277
12,441,534.9660783396758
12,442,534.9749720124787
12,443,534.9838638998364
12,444,534.9927540017487
12,445,535.0016423182158
12,446,535.0105288492376
12,447,535.0194135948142
12,448,535.0282965549455
12,449,535.0371777296316
12,450,535.0460571188723
12,451,535.0549347226678
12,452,535.063810541018
12,453,535.0726845739231
12,454,535.0815568213827
12,455,535.0904272833973
12,456,535.0992959599664
12,457,535.1081628510904
12,458,535.117027956769
12,459,535.1258912770023
12,460,535.1347528117905
12,461,535.1436125611334
12,462,535.1524705250309
12,463,535.1613267034833
12,464,535.1701810964903
12,465,535.1790337040521
12,466,535.1878845261687
12,467,535.19673356284
12,468,535.2055808140659
12,469,535.2144262798466
12,470,535.2232699601822
12,471,535.2321118550724
12,472,535.2409519645173
12,473,535.249790288517
12,474,535.2586268270713
12,475,535.2674615801806
12,476,535.2762945478444
12,477,535.285125730063
12,478,535.2939551268364
12,479,535.3027827381645
12,480,535.3116085640473
12,481,535.3204326044848
12,482,535.3292548594771
12,483,535.3380753290242
12,484,535.346894013126
12,485,535.3557109117825
12,486,535.3645260249937
12,487,535.3733393527596
12,488,535.3821508950803
12,489,535.3909606519558
12,490,535.399768623386
12,491,535.4085748093709
12,492,535.4173792099105
12,493,535.4261818250048
12,494,535.4349826546539
12,495,535.4437816988578
12,496,535.4525789576163
12,497,535.4613744309297
12,498,535.4701681187977
12,499,535.4789600212205
12,500,535.4877501381981
12,501,535.4965384697302
12,502,535.5053250158172
12,503,535.514109776459
12,504,535.5228927516555
12,505,535.5316739414067
12,506,535.5404533457125
12,507,535.5492309645732
12,508,535.5580067979886
12,509,535.5667808459588
12,510,535.5755531084836
12,511,535.5843235855632
12,512,535.5930922771976
12,513,535.6018591833866
12,514,535.6106243041304
12,515,535.619387639429
12,516,535.6281491892822
12,517,535.6369089536903
12,518,535.6456669326531
12,519,535.6544231261705
12,520,535.6631775342427
12,521,535.6719301568696
12,522,535.6806809940514
12,523,535.6894300457877
12,524,535.6981773120789
12,525,535.7069227929248
12,526,535.7156664883254
12,527,535.7244083982807
12,528,535.7331485227909
12,529,535.7418868618557
12,530,535.7506234154753
12,531,535.7593581836495
12,532,535.7680911663786
12,533,535.7768223636624
12,534,535.7855517755008
12,535,535.7942794018941
12,536,535.8030052428421
12,537,535.8117292983447
12,538,535.8204515684022
12,539,535.8291720530144
12,540,535.8378907521814
12,541,535.846607665903
12,542,535.8553227941793
12,543,535.8640361370104
12,544,535.8727476943964
12,545,535.8814574663369
12,546,535.8901654528322
12,547,535.8988716538822
12,548,535.907576069487
12,549,535.9162786996466
12,550,535.9249795443609
12,551,535.9336786036298
12,552,535.9423758774536
12,553,535.951071365832
12,554,535.9597650687653
12,555,535.9684569862532
12,556,535.9771471182959
12,557,535.9858354648933
12,558,535.9945220260454
12,559,536.0032068017523
12,560,536.0118897920139
12,561,536.0205709968302
12,562,536.0292504162013
12,563,536.0379280501271
12,564,536.0466038986077
12,565,536.0552779616429
12,566,536.063950239233
12,567,536.0726207313777
12,568,536.0812894380772
12,569,536.0899563593314
12,570,536.0986214951404
12,571,536.1072848455041
12,572,536.1159464104225
12,573,536.1246061898956
12,574,536.1332641839235
12,575,536.1419203925062
12,576,536.1505748156436
12,577,536.1592274533357
12,578,536.1678783055825
12,579,536.176527372384
12,580,536.1851746537403
12,581,536.1938201496514
12,582,536.2024638601172
12,583,536.2111057851376
12,584,536.2197459247129
12,585,536.2283842788429
12,586,536.2370208475277
12,587,536.245655630767
12,588,536.2542886285613
12,589,536.2629198409102
12,590,536.2715492678138
12,591,536.2801769092722
12,592,536.2888027652854
12,593,536.2974268358532
12,594,536.3060491209758
12,595,536.3146696206531
12,596,536.3232883348852
12,597,536.331905263672
12,598,536.3405204070135
12,599,536.3491337649098
12,600,536.3577453373608
12,601,536.3663551243666
12,602,536.374963125927
12,603,536.3835693420422
12,604,536.3921737727121
12,605,536.4007764179369
12,606,536.4093772777162
12,607,536.4179763520503
12,608,536.4265736409393
12,609,536.4351691443829
12,610,536.4437628623813
12,611,536.4523547949343
12,612,536.4609449420421
12,613,536.4695333037047
12,614,536.478119879922
12,615,536.486704670694
12,616,536.4952876760208
12,617,536.5038688959023
12,618,536.5124483303385
12,619,536.5210259793295
12,620,536.5296018428752
12,621,536.5381759209756
12,622,536.5467482136307
12,623,536.5553187208407
12,624,536.5638874426053
12,625,536.5724543789247
12,626,536.5810195297988
12,627,536.5895828952276
12,628,536.5981444752113
12,629,536.6067042697496
12,630,536.6152622788426
12,631,536.6238185024904
12,632,536.6323729406929
12,633,536.6409255934501
12,634,536.6494764607621
12,635,536.6580255426288
12,636,536.6665728390503
12,637,536.6751183500265
12,638,536.6836620755574
12,639,536.6922040156431
12,640,536.7007441702835
12,641,536.7092825394786
12,642,536.7178191232285
12,643,536.7263539215331
12,644,536.7348869343924
12,645,536.7434181618065
12,646,536.7519476037753
12,647,536.7604752602988
12,648,536.7690011313771
12,649,536.7775252170102
12,650,536.7860475171979
12,651,536.7945680319403
12,652,536.8030867612375
12,653,536.8116037050895
12,654,536.8201188634962
12,655,536.8286322364577
12,656,536.8371438239737
12,657,536.8456536260446
12,658,536.8541616426703
12,659,536.8626678738507
12,660,536.8711723195858
12,661,536.8796749798755
12,662,536.8881758547201
12,663,536.8966749441195
12,664,536.9051722480734
12,665,536.9136677665822
12,666,536.9221614996458
12,667,536.9306534472639
12,668,536.939143609437
12,669,536.9476319861647
12,670,536.9561185774471
12,671,536.9646033832843
12,672,536.9730864036762
12,673,536.9815676386228
12,674,536.9900470881242
12,675,536.9985247521803
12,676,537.0070006307911
12,677,537.0154747239568
12,678,537.023947031677
12,679,537.0324175539522
12,680,537.0408862907819
12,681,537.0493532421665
12,682,537.0578184081057
12,683,537.0662817885997
12,684,537.0747433836484
12,685,537.083203193252
12,686,537.0916612174101
12,687,537.100117456123
12,688,537.1085719093907
12,689,537.1170245772131
12,690,537.1254754595902
12,691,537.1339245565222
12,692,537.1423718680087
12,693,537.1508173940501
12,694,537.1592611346462
12,695,537.167703089797
12,696,537.1761432595025
12,697,537.1845816437628
12,698,537.1930182425779
12,699,537.2014530559476
12,700,537.2098860838721
12,701,537.2183173263513
12,702,537.2267467833852
12,703,537.235174454974
12,704,537.2436003411174
12,705,537.2520244418155
12,706,537.2604467570684
12,707,537.268867286876
12,708,537.2772860312384
12,709,537.2857029901555
12,710,537.2941181636273
12,711,537.3025315516539
12,712,537.3109431542352
12,713,537.3193529713712
12,714,537.327761003062
12,715,537.3361672493076
12,716,537.3445717101079
12,717,537.3529743854627
12,718,537.3613752753726
12,719,537.3697743798369
12,720,537.3781716988561
12,721,537.38656723243
12,722,537.3949609805587
12,723,537.4033529432421
12,724,537.4117431204802
12,725,537.4201315122731
12,726,537.4285181186207
12,727,537.4369029395231
12,728,537.44528597498
12,729,537.4536672249918
12,730,537.4620466895584
12,731,537.4704243686797
12,732,537.4788002623557
12,733,537.4871743705864
12,734,537.4955466933719
12,735,537.5039172307121
12,736,537.5122859826071
12,737,537.5206529490567
12,738,537.5290181300611
12,739,537.5373815256203
12,740,537.5457431357341
12,741,537.5541029604028
12,742,537.5624609996261
12,743,537.5708172534042
12,744,537.579171721737
12,745,537.5875244046246
12,746,537.5958753020669
12,747,537.6042244140639
12,748,537.6125717406156
12,749,537.6209172817222
12,750,537.6292610373833
12,751,537.6376030075993
12,752,537.64594319237
12,753,537.6542815916955
12,754,537.6626182055757
12,755,537.6709530340106
12,756,537.6792860770003
12,757,537.6876173345446
12,758,537.6959468066436
12,759,537.7042744932975
12,760,537.7126003945061
12,761,537.7209245102695
12,762,537.7292468405875
12,763,537.7375673854602
12,764,537.7458861448878
12,765,537.75420311887
12,766,537.762518307407
12,767,537.7708317104988
12,768,537.7791433281452
12,769,537.7874531603463
12,770,537.7957612071023
12,771,537.804067468413
12,772,537.8123719442783
12,773,537.8206746346985
12,774,537.8289755396734
12,775,537.837274659203
12,776,537.8455719932873
12,777,537.8538675419263
12,778,537.8621613051201
12,779,537.8704532828688
12,780,537.878743475172
12,781,537.88703188203
12,782,537.8953185034428
12,783,537.9036033394102
12,784,537.9118863899324
12,785,537.9201676550094
12,786,537.928447134641
12,787,537.9367248288276
12,788,537.9450007375686
12,789,537.9532748608646
12,790,537.9615471987152
12,791,537.9698177511206
12,792,537.9780865180807
12,793,537.9863534995955
12,794,537.994618695665
12,795,538.0028821062893
12,796,538.0111437314683
12,797,538.0194035712021
12,798,538.0276616254906
12,799,538.0359178943338
12,800,538.0441723777318
12,801,538.0524250756845
12,802,538.060675988192
12,803,538.0689251152542
12,804,538.077172456871
12,805,538.0854180130427
12,806,538.0936617837691
12,807,538.1019037690502
12,808,538.1101439688861
12,809,538.1183823832766
12,810,538.126619012222
12,811,538.134853855722
12,812,538.1430869137769
12,813,538.1513181863863
12,814,538.1595476735506
12,815,538.1677753752696
12,816,538.1760012915433
12,817,538.1842254223718
12,818,538.192447767755
12,819,538.2006683276929
12,820,538.2088871021856
12,821,538.217104091233
12,822,538.2253192948351
12,823,538.233532712992
12,824,538.2417443457036
12,825,538.24995419297
12,826,538.258162254791
12,827,538.2663685311669
12,828,538.2745730220975
12,829,538.2827757275827
12,830,538.2909766476228
12,831,538.2991757822175
12,832,538.307373131367
12,833,538.3155686950712
12,834,538.3237624733301
12,835,538.3319544661438
12,836,538.3401446735122
12,837,538.3483330954355
12,838,538.3565197319133
12,839,538.3647045829459
12,840,538.3728876485333
12,841,538.3810689286754
12,842,538.3892484233722
12,843,538.3974261326238
12,844,538.4056020564301
12,845,538.4137761947911
12,846,538.421948547707
12,847,538.4301191151775
12,848,538.4382878972027
12,849,538.4464548937826
12,850,538.4546201049174
12,851,538.4627835306069
12,852,538.470945170851
12,853,538.4791050256499
12,854,538.4872630950036
12,855,538.495419378912
12,856,538.5035738773751
12,857,538.511726590393
12,858,538.5198775179656
12,859,538.5280266600929
12,860,538.5361740167749
12,861,538.5443195880117
12,862,538.5524633738033
12,863,538.5606053741495
12,864,538.5687455890505
12,865,538.5768840185063
12,866,538.5850206625167
12,867,538.5931555210819
12,868,538.601288594202
12,869,538.6094198818766
12,870,538.617549384106
12,871,538.6256771008901
12,872,538.633803032229
12,873,538.6419271781226
12,874,538.650049538571
12,875,538.6581701135741
12,876,538.6662889031319
12,877,538.6744059072445
12,878,538.6825211259118
12,879,538.6906345591337
12,880,538.6987462069105
12,881,538.706856069242
12,882,538.7149641461283
12,883,538.7230704375693
12,884,538.731174943565
12,885,538.7392776641153
12,886,538.7473785992205
12,887,538.7554777488805
12,888,538.763575113095
12,889,538.7716706918644
12,890,538.7797644851886
12,891,538.7878564930675
12,892,538.795946715501
12,893,538.8040351524893
12,894,538.8121218040324
12,895,538.8202066701301
12,896,538.8282897507827
12,897,538.83637104599
12,898,538.8444505557519
12,899,538.8525282800687
12,900,538.8606042189401
12,901,538.8686783723663
12,902,538.8767507403472
12,903,538.8848213228829
12,904,538.8928901199732
12,905,538.9009571316184
12,906,538.9090223578182
12,907,538.9170857985729
12,908,538.9251474538822
12,909,538.9332073237463
12,910,538.9412654081651
12,911,538.9493217071387
12,912,538.9573762206669
12,913,538.96542894875
12,914,538.9734798913877
12,915,538.9815290485801
12,916,538.9895764203274
12,917,538.9976220066293
12,918,539.005665807486
12,919,539.0137078228973
12,920,539.0217480528636
12,921,539.0297864973844
12,922,539.03782315646
12,923,539.0458580300905
12,924,539.0538911182755
12,925,539.0619224210153
12,926,539.0699519383099
12,927,539.0779796701592
12,928,539.0860056165633
12,929,539.094029777522
12,930,539.1020521530355
12,931,539.1100727431037
12,932,539.1180915477267
12,933,539.1261085669045
12,934,539.1341238006369
12,935,539.1421372489241
12,936,539.150148911766
12,937,539.1581587891626
12,938,539.166166881114
12,939,539.1741731876201
12,940,539.1821777086809
12,941,539.1901804442965
12,942,539.1981813944668
12,943,539.2061805591919
12,944,539.2141779384717
12,945,539.2221735323062
12,946,539.2301673406955
12,947,539.2381593636395
12,948,539.2461496011382
12,949,539.2541380531917
12,950,539.2621247197999
12,951,539.2701096009628
12,952,539.2780926966805
12,953,539.2860740069528
12,954,539.29405353178
12,955,539.3020312711619
12,956,539.3100072250985
12,957,539.3179813935899
12,958,539.325953776636
12,959,539.3339243742367
12,960,539.3418931863923
12,961,539.3498602131026
12,962,539.3578254543676
12,963,539.3657889101873
12,964,539.3737505805618
12,965,539.3817104654911
12,966,539.3896685649751
12,967,539.3976248790137
12,968,539.4055794076071
12,969,539.4135321507553
12,970,539.4214831084582
12,971,539.4294322807158
12,972,539.4373796675283
12,973,539.4453252688953
12,974,539.4532690848172
12,975,539.4612111152937
12,976,539.469151360325
12,977,539.477089819911
12,978,539.4850264940518
12,979,539.4929613827474
12,980,539.5008944859976
12,981,539.5088258038026
12,982,539.5167553361623
12,983,539.5246830830768
12,984,539.5326090445459
12,985,539.5405332205698
12,986,539.5484556111485
12,987,539.5563762162819
12,988,539.56429503597
12,989,539.5722120702129
12,990,539.5801273190104
12,991,539.5880407823628
12,992,539.5959524602698
12,993,539.6038623527317
12,994,539.6117704597482
12,995,539.6196767813194
12,996,539.6275813174454
12,997,539.6354840681262
12,998,539.6433850333617
12,999,539.6512842131518
12,1000,539.6591816074969
12,1001,539.6670772163965
12,1002,539.6749710398509
12,1003,539.68286307786
12,1004,539.690753330424
12,1005,539.6986417975426
12,1006,539.7065284792159
12,1007,539.714413375444
12,1008,539.7222964862268
12,1009,539.7301778115643
12,1010,539.7380573514566
12,1011,539.7459351059036
12,1012,539.7538110749055
12,1013,539.761685258462
12,1014,539.7695576565732
12,1015,539.7774282692392
12,1016,539.7852970964599
12,1017,539.7931641382353
12,1018,539.8010293945655
12,1019,539.8088928654504
12,1020,539.81675455089
12,1021,539.8246144508844
12,1022,539.8324725654335
12,1023,539.8403288945373
12,1024,539.8481834381959
12,1025,539.8560361964093
12,1026,539.8638871691772
12,1027,539.8717363565
12,1028,539.8795837583775
12,1029,539.8874293748098
12,1030,539.8952732057968
12,1031,539.9031152513385
12,1032,539.910955511435
12,1033,539.9187939860861
12,1034,539.9266306752921
12,1035,539.9344655790528
12,1036,539.9422986973682
12,1037,539.9501300302383
12,1038,539.9579595776631
12,1039,539.9657873396428
12,1040,539.9736133161771
12,1041,539.9814375072662
12,1042,539.98925991291
12,1043,539.9970805331085
12,1044,540.0048993678618
12,1045,540.0127164171698
12,1046,540.0205316810326
12,1047,540.02834515945
12,1048,540.0361568524222
12,1049,540.0439667599492
12,1050,540.0517748820308
12,1051,540.0595812186673
12,1052,540.0673857698584
12,1053,540.0751885356043
12,1054,540.082989515905
12,1055,540.0907887107603
12,1056,540.0985861201705
12,1057,540.1063817441352
12,1058,540.1141755826549
12,1059,540.1219676357291
12,1060,540.1297579033582
12,1061,540.1375463855419
12,1062,540.1453330822804
12,1063,540.1531179935737
12,1064,540.1609011194216
12,1065,540.1686824598244
12,1066,540.1764620147818
12,1067,540.1842397842939
12,1068,540.1920157683609
12,1069,540.1997899669825
12,1070,540.207562380159
12,1071,540.21533300789
12,1072,540.2231018501759
12,1073,540.2308689070164
12,1074,540.2386341784118
12,1075,540.2463976643618
12,1076,540.2541593648666
12,1077,540.2619192799261
12,1078,540.2696774095405
12,1079,540.2774337537094
12,1080,540.2851883124331
12,1081,540.2929410857116
12,1082,540.3006920735448
12,1083,540.3084412759328
12,1084,540.3161886928754
12,1085,540.3239343243728
12,1086,540.331678170425
12,1087,540.3394202310318
12,1088,540.3471605061934
12,1089,540.3548989959098
12,1090,540.3626357001808
12,1091,540.3703706190066
12,1092,540.3781037523872
12,1093,540.3858351003225
12,1094,540.3935646628125
12,1095,540.4012924398572
12,1096,540.4090184314567
12,1097,540.416742637611
12,1098,540.4244650583199
12,1099,540.4321856935836
12,1100,540.439904543402
12,1101,540.4476216077752
12,1102,540.4553368867031
12,1103,540.4630503801858
12,1104,540.4707620882231
12,1105,540.4784720108153
12,1106,540.486180147962
12,1107,540.4938864996636
12,1108,540.5015910659199
12,1109,540.509293846731
12,1110,540.5169948420968
12,1111,540.5246940520173
12,1112,540.5323914764925
12,1113,540.5400871155225
12,1114,540.5477809691072
12,1115,540.5554730372467
12,1116,540.5631633199408
12,1117,540.5708518171898
12,1118,540.5785385289934
12,1119,540.5862234553518
12,1120,540.5939065962649
12,1121,540.6015879517328
12,1122,540.6092675217553
12,1123,540.6169453063327
12,1124,540.6246213054648
12,1125,540.6322955191516
12,1126,540.6399679473931
12,1127,540.6476385901893
12,1128,540.6553074475404
12,1129,540.6629745194462
12,1130,540.6706398059066
12,1131,540.6783033069217
12,1132,540.6859650224917
12,1133,540.6936249526165
12,1134,540.7012830972958
12,1135,540.70893945653
12,1136,540.7165940303189
12,1137,540.7242468186624
12,1138,540.7318978215608
12,1139,540.7395470390139
12,1140,540.7471944710218
12,1141,540.7548401175843
12,1142,540.7624839787015
12,1143,540.7701260543736
12,1144,540.7777663446004
12,1145,540.7854048493818
12,1146,540.7930415687181
12,1147,540.800676502609
12,1148,540.8083096510547
12,1149,540.8159410140552
12,1150,540.8235705916104
12,1151,540.8311983837202
12,1152,540.838824390385
12,1153,540.8464486116043
12,1154,540.8540710473784
12,1155,540.8616916977072
12,1156,540.8693105625908
12,1157,540.8769276420292
12,1158,540.8845429360222
12,1159,540.89215644457
12,1160,540.8997681676725
12,1161,540.9073781053297
12,1162,540.9149862575417
12,1163,540.9225926243084
12,1164,540.93019720563
12,1165,540.937800001506
12,1166,540.9454010119371
12,1167,540.9530002369227
12,1168,540.9605976764631
12,1169,540.9681933305582
12,1170,540.9757871992081
12,1171,540.9833792824127
12,1172,540.990969580172
12,1173,540.9985580924861
12,1174,541.0061448193549
12,1175,541.0137297607785
12,1176,541.0213129167568
12,1177,541.0288942872897
12,1178,541.0364738723774
12,1179,541.0440516720199
12,1180,541.0516276862172
12,1181,541.0592019149691
12,1182,541.0667743582758
12,1183,541.0743450161373
12,1184,541.0819138885533
12,1185,541.0894809755242
12,1186,541.0970462770499
12,1187,541.1046097931303
12,1188,541.1121715237654
12,1189,541.1197314689551
12,1190,541.1272896286997
12,1191,541.134846002999
12,1192,541.1424005918531
12,1193,541.1499533952618
12,1194,541.1575044132253
12,1195,541.1650536457436
12,1196,541.1726010928165
12,1197,541.1801467544443
12,1198,541.1876906306267
12,1199,541.1952327213639
12,1200,541.2027730266558
12,1201,541.2103115465025
12,1202,541.2178482809038
12,1203,541.22538322986
12,1204,541.2329163933708
12,1205,541.2404477714364
12,1206,541.2479773640567
12,1207,541.2555051712318
12,1208,541.2630311929615
12,1209,541.2705554292461
12,1210,541.2780778800853
12,1211,541.2855985454793
12,1212,541.293117425428
12,1213,541.3006345199316
12,1214,541.3081498289897
12,1215,541.3156633526027
12,1216,541.3231750907703
12,1217,541.3306850434927
12,1218,541.3381932107699
12,1219,541.3456995926017
12,1220,541.3532041889883
12,1221,541.3607069999297
12,1222,541.3682080254258
12,1223,541.3757072654766
12,1224,541.3832047200822
12,1225,541.3907003892424
12,1226,541.3981942729574
12,1227,541.4056863712271
12,1228,541.4131766840517
12,1229,541.4206652114309
12,1230,541.4281519533648
12,1231,541.4356369098535
12,1232,541.443120080897
12,1233,541.4506014664952
12,1234,541.458081066648
12,1235,541.4655588813557
12,1236,541.473034910618
12,1237,541.4805091544351
12,1238,541.487981612807
12,1239,541.4954522857336
12,1240,541.5029211732149
12,1241,541.5103882752509
12,1242,541.5178535918417
12,1243,541.5253171229872
12,1244,541.5327788686874
12,1245,541.5402388289424
12,1246,541.5476970037521
12,1247,541.5551533931166
12,1248,541.5626079970358
12,1249,541.5700608155097
12,1250,541.5775118485384
12,1251,541.5849610961218
12,1252,541.5924085582599
12,1253,541.5998542349527
12,1254,541.6072981262004
12,1255,541.6147402320026
12,1256,541.6221805523597
12,1257,541.6296190872715
12,1258,541.637055836738
12,1259,541.6444908007593
12,1260,541.6519239793353
12,1261,541.659355372466
12,1262,541.6667849801515
12,1263,541.6742128023917
12,1264,541.6816388391867
12,1265,541.6890630905364
12,1266,541.6964855564407
12,1267,541.7039062368999
12,1268,541.7113251319138
12,1269,541.7187422414823
12,1270,541.7261575656057
12,1271,541.7335711042839
12,1272,541.7409828575167
12,1273,541.7483928253042
12,1274,541.7558010076465
12,1275,541.7632074045436
12,1276,541.7706120159953
12,1277,541.7780148420018
12,1278,541.785415882563
12,1279,541.792815137679
12,1280,541.8002126073496
12,1281,541.8076082915751
12,1282,541.8150021903552
12,1283,541.8223943036902
12,1284,541.8297846315799
12,1285,541.8371731740242
12,1286,541.8445599310234
12,1287,541.8519449025772
12,1288,541.8593280886857
12,1289,541.8667094893491
12,1290,541.8740891045671
12,1291,541.8814669343399
12,1292,541.8888429786674
12,1293,541.8962172375496
12,1294,541.9035897109867
12,1295,541.9109603989783
12,1296,541.9183293015249
12,1297,541.925696418626
12,1298,541.9330617502819
12,1299,541.9404252964927
12,1300,541.947787057258
12,1301,541.9551470325781
12,1302,541.962505222453
12,1303,541.9698616268826
12,1304,541.977216245867
12,1305,541.984569079406
12,1306,541.9919201274998
12,1307,541.9992693901484
12,1308,542.0066168673517
12,1309,542.0139625591097
12,1310,542.0213064654224
12,1311,542.0286485862899
12,1312,542.0359889217121
12,1313,542.043327471689
12,1314,542.0506642362208
12,1315,542.0579992153072
12,1316,542.0653324089483
12,1317,542.0726638171442
12,1318,542.0799934398948
12,1319,542.0873212772002
12,1320,542.0946473290603
12,1321,542.1019715954751
12,1322,542.1092940764447
12,1323,542.116614771969
12,1324,542.123933682048
12,1325,542.1312508066818
12,1326,542.1385661458703
12,1327,542.1458796996135
12,1328,542.1531914679115
12,1329,542.1605014507642
12,1330,542.1678096481717
12,1331,542.1751160601339
12,1332,542.1824206866507
12,1333,542.1897235277223
12,1334,542.1970245833487
12,1335,542.2043238535299
12,1336,542.2116213382657
12,1337,542.2189170375564
12,1338,542.2262109514016
12,1339,542.2335030798017
12,1340,542.2407934227565
12,1341,542.248081980266
12,1342,542.2553687523302
12,1343,542.2626537389492
12,1344,542.269936940123
12,1345,542.2772183558515
12,1346,542.2844979861346
12,1347,542.2917758309726
12,1348,542.2990518903653
12,1349,542.3063261643126
12,1350,542.3135986528148
12,1351,542.3208693558717
12,1352,542.3281382734833
12,1353,542.3354054056497
12,1354,542.3426707523707
12,1355,542.3499343136465
12,1356,542.357196089477
12,1357,542.3644560798624
12,1358,542.3717142848024
12,1359,542.3789707042971
12,1360,542.3862253383467
12,1361,542.3934781869508
12,1362,542.4007292501097
12,1363,542.4079785278235
12,1364,542.415226020092
12,1365,542.4224717269151
12,1366,542.429715648293
12,1367,542.4369577842256
12,1368,542.444198134713
12,1369,542.451436699755
12,1370,542.4586734793519
12,1371,542.4659084735035
12,1372,542.4731416822098
12,1373,542.4803731054708
12,1374,542.4876027432866
12,1375,542.4948305956572
12,1376,542.5020566625824
12,1377,542.5092809440623
12,1378,542.516503440097
12,1379,542.5237241506866
12,1380,542.5309430758307
12,1381,542.5381602155296
12,1382,542.5453755697832
12,1383,542.5525891385917
12,1384,542.5598009219548
12,1385,542.5670109198727
12,1386,542.5742191323452
12,1387,542.5814255593726
12,1388,542.5886302009546
12,1389,542.5958330570915
12,1390,542.603034127783
12,1391,542.6102334130293
12,1392,542.6174309128303
12,1393,542.624626627186
12,1394,542.6318205560965
12,1395,542.6390126995617
12,1396,542.6462030575816
12,1397,542.6533916301563
12,1398,542.6605784172857
12,1399,542.6677634189698
12,1400,542.6749466352087
12,1401,542.6821280660023
12,1402,542.6893077113507
12,1403,542.6964855712538
12,1404,542.7036616457116
12,1405,542.7108359347242
12,1406,542.7180084382915
12,1407,542.7251791564134
12,1408,542.7323480890902
12,1409,542.7395152363217
12,1410,542.746680598108
12,1411,542.7538441744489
12,1412,542.7610059653447
12,1413,542.768165970795
12,1414,542.7753241908002
12,1415,542.7824806253601
12,1416,542.7896352744748
12,1417,542.7967881381442
12,1418,542.8039392163682
12,1419,542.8110885091471
12,1420,542.8182360164807
12,1421,542.8253817383691
12,1422,542.832525674812
12,1423,542.8396678258098
12,1424,542.8468081913624
12,1425,542.8539467714696
12,1426,542.8610835661316
12,1427,542.8682185753484
12,1428,542.8753517991198
12,1429,542.882483237446
12,1430,542.8896128903269
12,1431,542.8967407577626
12,1432,542.9038668397529
12,1433,542.9109911362981
12,1434,542.918113647398
12,1435,542.9252343730526
12,1436,542.9323533132618
12,1437,542.939470468026
12,1438,542.9465858373447
12,1439,542.9536994212183
12,1440,542.9608112196466
12,1441,542.9679212326296
12,1442,542.9750294601673
12,1443,542.9821359022599
12,1444,542.989240558907
12,1445,542.996343430109
12,1446,543.0034445158657
12,1447,543.0105438161771
12,1448,543.0176413310433
12,1449,543.0247370604642
12,1450,543.0318310044398
12,1451,543.0389231629701
12,1452,543.0460135360552
12,1453,543.053102123695
12,1454,543.0601889258896
12,1455,543.067273942639
12,1456,543.074357173943
12,1457,543.0814386198017
12,1458,543.0885182802152
12,1459,543.0955961551834
12,1460,543.1026722447065
12,1461,543.1097465487842
12,1462,543.1168190674166
12,1463,543.1238898006038
12,1464,543.1309587483456
12,1465,543.1380259106423
12,1466,543.1450912874938
12,1467,543.1521548788999
12,1468,543.1592166848607
12,1469,543.1662767053763
12,1470,543.1733349404466
12,1471,543.1803913900717
12,1472,543.1874460542514
12,1473,543.194498932986
12,1474,543.2015500262752
12,1475,543.2085993341192
12,1476,543.215646856518
12,1477,543.2226925934714
12,1478,543.2297365449796
12,1479,543.2367787110426
12,1480,543.2438190916603
12,1481,543.2508576868327
12,1482,543.2578944965597
12,1483,543.2649295208416
12,1484,543.2719627596782
12,1485,543.2789942130696
12,1486,543.2860238810157
12,1487,543.2930517635165
12,1488,543.3000778605721
12,1489,543.3071021721823
12,1490,543.3141246983473
12,1491,543.3211454390671
12,1492,543.3281643943416
12,1493,543.3351815641709
12,1494,543.3421969485547
12,1495,543.3492105474935
12,1496,543.3562223609869
12,1497,543.363232389035
12,1498,543.3702406316379
12,1499,543.3772470887956
12,1500,543.3842517605079
12,1501,543.391254646775
12,1502,543.3982557475969
12,1503,543.4052550629734
12,1504,543.4122525929048
12,1505,543.4192483373907
12,1506,543.4262422964316
12,1507,543.4332344700271
12,1508,543.4402248581773
12,1509,543.4472134608823
12,1510,543.454200278142
12,1511,543.4611853099565
12,1512,543.4681685563256
12,1513,543.4751500172496
12,1514,543.4821296927282
12,1515,543.4891075827617
12,1516,543.4960836873497
12,1517,543.5030580064927
12,1518,543.5100305401902
12,1519,543.5170012884425
12,1520,543.5239702512496
12,1521,543.5309374286114
12,1522,543.537902820528
12,1523,543.5448664269992
12,1524,543.5518282480252
12,1525,543.558788283606
12,1526,543.5657465337414
12,1527,543.5727029984316
12,1528,543.5796576776766
12,1529,543.5866105714763
12,1530,543.5935616798306
12,1531,543.6005110027398
12,1532,543.6074585402037
12,1533,543.6144042922223
12,1534,543.6213482587957
12,1535,543.6282904399237
12,1536,543.6352308356065
12,1537,543.6421694458442
12,1538,543.6491062706364
12,1539,543.6560413099834
12,1540,543.6629745638852
12,1541,543.6699060323417
12,1542,543.6768357153529
12,1543,543.6837636129189
12,1544,543.6906897250396
12,1545,543.697614051715
12,1546,543.7045365929451
12,1547,543.71145734873
12,1548,543.7183763190698
12,1549,543.7252935039642
12,1550,543.7322089034133
12,1551,543.7391225174171
12,1552,543.7460343459757
12,1553,543.752944389089
12,1554,543.759852646757
12,1555,543.7667591189798
12,1556,543.7736638057573
12,1557,543.7805667070895
12,1558,543.7874678229765
12,1559,543.7943671534183
12,1560,543.8012646984147
12,1561,543.808160457966
12,1562,543.8150544320719
12,1563,543.8219466207325
12,1564,543.8288370239479
12,1565,543.835725641718
12,1566,543.8426124740429
12,1567,543.8494975209226
12,1568,543.8563807823568
12,1569,543.8632622583459
12,1570,543.8701419488897
12,1571,543.8770198539883
12,1572,543.8838959736415
12,1573,543.8907703078496
12,1574,543.8976428566123
12,1575,543.9045136199298
12,1576,543.911382597802
12,1577,543.918249790229
12,1578,543.9251151972106
12,1579,543.9319788187471
12,1580,543.9388406548383
12,1581,543.9457007054841
12,1582,543.9525589706848
12,1583,543.9594154504401
12,1584,543.9662701447502
12,1585,543.973123053615
12,1586,543.9799741770346
12,1587,543.9868235150088
12,1588,543.9936710675379
12,1589,544.0005168346216
12,1590,544.0073608162602
12,1591,544.0142030124534
12,1592,544.0210434232014
12,1593,544.0278820485041
12,1594,544.0347188883616
12,1595,544.0415539427737
12,1596,544.0483872117406
12,1597,544.0552186952623
12,1598,544.0620483933386
12,1599,544.0688763059698
12,1600,544.0757024331556
12,1601,544.0825267748962
12,1602,544.0893493311916
12,1603,544.0961701020416
12,1604,544.1029890874464
12,1605,544.109806287406
12,1606,544.1166217019202
12,1607,544.1234353309892
12,1608,544.1302471746129
12,1609,544.1370572327913
12,1610,544.1438655055246
12,1611,544.1506719928125
12,1612,544.1574766946552
12,1613,544.1642796110526
12,1614,544.1710807420047
12,1615,544.1778800875117
12,1616,544.1846776475732
12,1617,544.1914734221896
12,1618,544.1982674113606
12,1619,544.2050596150865
12,1620,544.211850033367
12,1621,544.2186386662023
12,1622,544.2254255135923
12,1623,544.232210575537
12,1624,544.2389938520365
12,1625,544.2457753430907
12,1626,544.2525550486997
12,1627,544.2593329688634
12,1628,544.2661091035818
12,1629,544.272883452855
12,1630,544.2796560166829
12,1631,544.2864267950655
12,1632,544.2931957880029
12,1633,544.299962995495
12,1634,544.3067284175419
12,1635,544.3134920541435
12,1636,544.3202539052998
12,1637,544.3270139710107
12,1638,544.3337722512765
12,1639,544.3405287460971
12,1640,544.3472834554723
12,1641,544.3540363794023
12,1642,544.360787517887
12,1643,544.3675368709264
12,1644,544.3742844385206
12,1645,544.3810302206696
12,1646,544.3877742173732
12,1647,544.3945164286316
12,1648,544.4012568544447
12,1649,544.4079954948126
12,1650,544.4147323497351
12,1651,544.4214674192125
12,1652,544.4282007032446
12,1653,544.4349322018313
12,1654,544.4416619149729
12,1655,544.4483898426691
12,1656,544.4551159849202
12,1657,544.4618403417259
12,1658,544.4685629130864
12,1659,544.4752836990016
12,1660,544.4820026994715
12,1661,544.4887199144962
12,1662,544.4954353440756
12,1663,544.5021489882098
12,1664,544.5088608468986
12,1665,544.5155709201423
12,1666,544.5222792079406
12,1667,544.5289857102937
12,1668,544.5356904272015
12,1669,544.5423933586641
12,1670,544.5490945046814
12,1671,544.5557938652535
12,1672,544.5624914403802
12,1673,544.5691872300616
12,1674,544.5758812342979
12,1675,544.5825734530889
12,1676,544.5892638864345
12,1677,544.595952534335
12,1678,544.6026393967902
12,1679,544.6093244738
12,1680,544.6160077653647
12,1681,544.6226892714841
12,1682,544.6293689921582
12,1683,544.636046927387
12,1684,544.6427230771707
12,1685,544.6493974415089
12,1686,544.656070020402
12,1687,544.6627408138497
12,1688,544.6694098218522
12,1689,544.6760770444096
12,1690,544.6827424815215
12,1691,544.6894061331883
12,1692,544.6960679994097
12,1693,544.7027280801859
12,1694,544.7093863755168
12,1695,544.7160428854025
12,1696,544.7226976098428
12,1697,544.729350548838
12,1698,544.7360017023879
12,1699,544.7426510704925
12,1700,544.7492986531519
12,1701,544.7559444503659
12,1702,544.7625884621347
12,1703,544.7692306884583
12,1704,544.7758711293366
12,1705,544.7825097847696
12,1706,544.7891466547572
12,1707,544.7957817392997
12,1708,544.8024150383969
12,1709,544.8090465520489
12,1710,544.8156762802556
12,1711,544.822304223017
12,1712,544.8289303803332
12,1713,544.8355547522041
12,1714,544.8421773386297
12,1715,544.84879813961
12,1716,544.8554171551451
12,1717,544.862034385235
12,1718,544.8686498298796
12,1719,544.8752634890789
12,1720,544.881875362833
12,1721,544.8884854511416
12,1722,544.8950937540052
12,1723,544.9017002714234
12,1724,544.9083050033963
12,1725,544.9149079499241
12,1726,544.9215091110066
12,1727,544.9281084866437
12,1728,544.9347060768356
12,1729,544.9413018815823
12,1730,544.9478959008836
12,1731,544.9544881347398
12,1732,544.9610785831507
12,1733,544.9676672461162
12,1734,544.9742541236366
12,1735,544.9808392157116
12,1736,544.9874225223414
12,1737,544.9940040435259
12,1738,545.0005837792652
12,1739,545.0071617295591
12,1740,545.0137378944079
12,1741,545.0203122738113
12,1742,545.0268848677696
12,1743,545.0334556762825
12,1744,545.0400246993502
12,1745,545.0465919369726
12,1746,545.0531573891496
12,1747,545.0597210558816
12,1748,545.0662829371682
12,1749,545.0728430330096
13,0,520.6906118985275
13,1,520.7026614993736
13,2,520.7147077986552
13,3,520.7267507963725
13,4,520.7387904925254
13,5,520.7508268871139
13,6,520.7628599801382
13,7,520.7748897715979
13,8,520.7869162614933
13,9,520.7989394498244
13,10,520.810959336591
13,11,520.8229759217933
13,12,520.8349892054312
13,13,520.8469991875047
13,14,520.8590058680139
13,15,520.8710092469587
13,16,520.8830093243391
13,17,520.8950061001551
13,18,520.9069995744069
13,19,520.9189897470941
13,20,520.9309766182171
13,21,520.9429601877756
13,22,520.9549404557698
13,23,520.9669174221996
13,24,520.978891087065
13,25,520.9908614503661
13,26,521.0028285121027
13,27,521.014792272275
13,28,521.026752730883
13,29,521.0387098879265
13,30,521.0506637434057
13,31,521.0626142973205
13,32,521.074561549671
13,33,521.086505500457
13,34,521.0984461496787
13,35,521.110383497336
13,36,521.122317543429
13,37,521.1342482879575
13,38,521.1461757309216
13,39,521.1580998723215
13,40,521.1700207121569
13,41,521.181938250428
13,42,521.1938524871347
13,43,521.205763422277
13,44,521.2176710558549
13,45,521.2295753878685
13,46,521.2414764183177
13,47,521.2533741472025
13,48,521.265268574523
13,49,521.2771597002791
13,50,521.2890475244708
13,51,521.3009320470981
13,52,521.312813268161
13,53,521.3246911876596
13,54,521.3365658055939
13,55,521.3484371219637
13,56,521.3603051367691
13,57,521.3721698500102
13,58,521.3840312616869
13,59,521.3958893717993
13,60,521.4077441803472
13,61,521.4195956873308
13,62,521.4314438927499
13,63,521.4432887966049
13,64,521.4551303988953
13,65,521.4669686996214
13,66,521.478803698783
13,67,521.4906353963804
13,68,521.5024637924134
13,69,521.514288886882
13,70,521.5261106797863
13,71,521.537929171126
13,72,521.5497443609015
13,73,521.5615562491126
13,74,521.5733648357593
13,75,521.5851701208417
13,76,521.5969721043597
13,77,521.6087707863132
13,78,521.6205661667025
13,79,521.6323582455274
13,80,521.6441470227878
13,81,521.6559324984839
13,82,521.6677146726156
13,83,521.679493545183
13,84,521.6912691161859
13,85,521.7030413856246
13,86,521.7148103534988
13,87,521.7265760198087
13,88,521.7383383845541
13,89,521.7500974477352
13,90,521.761853209352
13,91,521.7736056694043
13,92,521.7853548278924
13,93,521.797100684816
13,94,521.8088432401752
13,95,521.82058249397
13,96,521.8323184462006
13,97,521.8440510968667
13,98,521.8557804459684
13,99,521.8675064935059
13,100,521.8792292394788
13,101,521.8909486838875
13,102,521.9026648267317
13,103,521.9143776680115
13,104,521.926087207727
13,105,521.9377934458782
13,106,521.949496382465
13,107,521.9611960174873
13,108,521.9728923509454
13,109,521.984585382839
13,110,521.9962751131682
13,111,522.0079615419331
13,112,522.0196446691336
13,113,522.0313244947697
13,114,522.0430010188416
13,115,522.0546742413488
13,116,522.0663441622919
13,117,522.0780107816705
13,118,522.0896740994848
13,119,522.1013341157347
13,120,522.1129908304202
13,121,522.1246442435413
13,122,522.1362943550981
13,123,522.1479411650905
13,124,522.1595846735186
13,125,522.1712248803822
13,126,522.1828617856814
13,127,522.1944953894164
13,128,522.2061256915869
13,129,522.217752692193
13,130,522.2293763912348
13,131,522.2409967887122
13,132,522.2526138846252
13,133,522.2642276789738
13,134,522.2758381717581
13,135,522.287445362978
13,136,522.2990492526336
13,137,522.3106498407247
13,138,522.3222471272516
13,139,522.3338411122139
13,140,522.345431795612
13,141,522.3570191774456
13,142,522.3686032577149
13,143,522.3801840364198
13,144,522.3917615135604
13,145,522.4033356891365
13,146,522.4149065631483
13,147,522.4264741355958
13,148,522.4380384064788
13,149,522.4495993757974
13,150,522.4611570435518
13,151,522.4727114097417
13,152,522.4842624743673
13,153,522.4958102374284
13,154,522.5073546989252
13,155,522.5188958588576
13,156,522.5304337172256
13,157,522.5419682740293
13,158,522.5534995292686
13,159,522.5650274829436
13,160,522.5765521350542
13,161,522.5880734856003
13,162,522.599591534582
13,163,522.6111062819995
13,164,522.6226177278526
13,165,522.6341258721412
13,166,522.6456307148655
13,167,522.6571322560255
13,168,522.6686304956211
13,169,522.6801254336523
13,170,522.691617070119
13,171,522.7031054050215
13,172,522.7145904383596
13,173,522.7260721701333
13,174,522.7375506003426
13,175,522.7490257289875
13,176,522.7604975560681
13,177,522.7719660815843
13,178,522.783431305536
13,179,522.7948932279236
13,180,522.8063518487467
13,181,522.8178071680053
13,182,522.8292591856996
13,183,522.8407079018295
13,184,522.8521533163952
13,185,522.8635954293964
13,186,522.8750342408332
13,187,522.8864697507056
13,188,522.8979019590138
13,189,522.9093308657574
13,190,522.9207564709368
13,191,522.9321787745517
13,192,522.9435977766022
13,193,522.9550134770885
13,194,522.9664258760104
13,195,522.9778349733679
13,196,522.9892407691609
13,197,523.0006432633896
13,198,523.0120424560539
13,199,523.023438347154
13,200,523.0348309366894
13,201,523.0462202246607
13,202,523.0576062110675
13,203,523.06898889591
13,204,523.0803682791882
13,205,523.0917443609019
13,206,523.1031171410511
13,207,523.1144866196362
13,208,523.1258527966568
13,209,523.137215672113
13,210,523.1485752460048
13,211,523.1599315183323
13,212,523.1712844890955
13,213,523.1826341582941
13,214,523.1939805259285
13,215,523.2053235919984
13,216,523.2166633565041
13,217,523.2279998194454
13,218,523.2393329808222
13,219,523.2506628406346
13,220,523.2619893988827
13,221,523.2733126555665
13,222,523.2846326106859
13,223,523.2959492642409
13,224,523.3072626162315
13,225,523.3185726666577
13,226,523.3298794155196
13,227,523.341182862817
13,228,523.3524830085502
13,229,523.363779852719
13,230,523.3750733953233
13,231,523.3863636363633
13,232,523.397650575839
13,233,523.4089342137502
13,234,523.4202145500971
13,235,523.4314915848795
13,236,523.4427653180976
13,237,523.4540357497514
13,238,523.4653028798408
13,239,523.4765667083658
13,240,523.4878272353264
13,241,523.4990844607227
13,242,523.5103383845545
13,243,523.5215890068221
13,244,523.5328363275252
13,245,523.5440803466639
13,246,523.5553210642383
13,247,523.5665584802483
13,248,523.577792594694
13,249,523.5890234075753
13,250,523.6002509188921
13,251,523.6114751286447
13,252,523.6226960368327
13,253,523.6339136434565
13,254,523.6451279485159
13,255,523.656338952011
13,256,523.6675466539416
13,257,523.6787510543079
13,258,523.6899521531097
13,259,523.7011499503473
13,260,523.7123444460204
13,261,523.7235356401292
13,262,523.7347235326736
13,263,523.7459081236536
13,264,523.7570894130693
13,265,523.7682674009205
13,266,523.7794420872075
13,267,523.79061347193
13,268,523.8017815550882
13,269,523.8129463366819
13,270,523.8241078167113
13,271,523.8352659951763
13,272,523.846420872077
13,273,523.8575724474133
13,274,523.8687207211852
13,275,523.8798656933927
13,276,523.8910073640359
13,277,523.9021457331147
13,278,523.9132808006291
13,279,523.9244125665791
13,280,523.9355410309648
13,281,523.9466661937861
13,282,523.957788055043
13,283,523.9689066147356
13,284,523.9800218728637
13,285,523.9911338294276
13,286,524.0022424844269
13,287,524.0133478378619
13,288,524.0244498897326
13,289,524.035548640039
13,290,524.0466440887809
13,291,524.0577362359585
13,292,524.0688250815716
13,293,524.0799106256204
13,294,524.0909928681049
13,295,524.1020718090249
13,296,524.1131474483806
13,297,524.1242197861719
13,298,524.1352888223988
13,299,524.1463545570614
13,300,524.1574169901596
13,301,524.1684761216934
13,302,524.1795319516629
13,303,524.1905844800679
13,304,524.2016337069085
13,305,524.2126796321849
13,306,524.2237222558969
13,307,524.2347615780444
13,308,524.2457975986276
13,309,524.2568303176464
13,310,524.2678597351008
13,311,524.278885850991
13,312,524.2899086653166
13,313,524.3009281780779
13,314,524.3119443892749
13,315,524.3229572989075
13,316,524.3339669069757
13,317,524.3449732134795
13,318,524.355976218419
13,319,524.366975921794
13,320,524.3779723236047
13,321,524.388965423851
13,322,524.399955222533
13,323,524.4109417196506
13,324,524.4219249152038
13,325,524.4329048091927
13,326,524.4438814016171
13,327,524.4548546924772
13,328,524.4658246817729
13,329,524.4767913695042
13,330,524.4877547556712
13,331,524.4987148402738
13,332,524.509671623312
13,333,524.5206251047858
13,334,524.5315752846952
13,335,524.5425221630404
13,336,524.5534657398211
13,337,524.5644060150374
13,338,524.5753429886894
13,339,524.586276660777
13,340,524.5972070313003
13,341,524.6081341002591
13,342,524.6190578676535
13,343,524.6299783334837
13,344,524.6408954977494
13,345,524.6518093604508
13,346,524.6627199215877
13,347,524.6736271811603
13,348,524.6845311391686
13,349,524.6954317956124
13,350,524.7063291504919
13,351,524.717223203807
13,352,524.7281139555578
13,353,524.739001405744
13,354,524.7498855543661
13,355,524.7607664014237
13,356,524.7716439469169
13,357,524.7825181908457
13,358,524.7933891332103
13,359,524.8042567740104
13,360,524.8151211132462
13,361,524.8259821509175
13,362,524.8368398870244
13,363,524.8476943215671
13,364,524.8585454545454
13,365,524.8693932859592
13,366,524.8802378158088
13,367,524.8910790440939
13,368,524.9019169708146
13,369,524.9127515959709
13,370,524.9235829195629
13,371,524.9344109415906
13,372,524.9452356620538
13,373,524.9560570809527
13,374,524.9668751982872
13,375,524.9776900140573
13,376,524.9885015282631
13,377,524.9993097409046
13,378,525.0101146519816
13,379,525.0209162614941
13,380,525.0317145694424
13,381,525.0425095758263
13,382,525.0533012806458
13,383,525.064089683901
13,384,525.0748747855916
13,385,525.0856565857181
13,386,525.0964350842801
13,387,525.1072102812777
13,388,525.117982176711
13,389,525.1287507705799
13,390,525.1395160628845
13,391,525.1502780536246
13,392,525.1610367428003
13,393,525.1717921304117
13,394,525.1825442164587
13,395,525.1932930009414
13,396,525.2040384838597
13,397,525.2147806652135
13,398,525.2255195450031
13,399,525.2362551232283
13,400,525.246987399889
13,401,525.2577163749854
13,402,525.2684420485175
13,403,525.2791644204851
13,404,525.2898834908884
13,405,525.3005992597273
13,406,525.3113117270019
13,407,525.322020892712
13,408,525.3327267568578
13,409,525.3434293194392
13,410,525.3541285804563
13,411,525.3648245399089
13,412,525.3755171977972
13,413,525.3862065541211
13,414,525.3968926088806
13,415,525.4075753620758
13,416,525.4182548137067
13,417,525.428930963773
13,418,525.4396038122751
13,419,525.4502733592128
13,420,525.4609396045861
13,421,525.471602548395
13,422,525.4822621906395
13,423,525.4929185313197
13,424,525.5035715704355
13,425,525.514221307987
13,426,525.524867743974
13,427,525.5355108783966
13,428,525.546150711255
13,429,525.5567872425489
13,430,525.5674204722785
13,431,525.5780504004437
13,432,525.5886770270445
13,433,525.599300352081
13,434,525.609920375553
13,435,525.6205370974607
13,436,525.6311505178039
13,437,525.641760636583
13,438,525.6523674537974
13,439,525.6629709694477
13,440,525.6735711835335
13,441,525.6841680960549
13,442,525.6947617070119
13,443,525.7053520164046
13,444,525.715939024233
13,445,525.726522730497
13,446,525.7371031351965
13,447,525.7476802383317
13,448,525.7582540399026
13,449,525.768824539909
13,450,525.779391738351
13,451,525.7899556352288
13,452,525.800516230542
13,453,525.811073524291
13,454,525.8216275164756
13,455,525.8321782070958
13,456,525.8427255961517
13,457,525.8532696836431
13,458,525.8638104695702
13,459,525.8743479539329
13,460,525.8848821367312
13,461,525.8954130179652
13,462,525.9059405976348
13,463,525.91646487574
13,464,525.9269858522808
13,465,525.9375035272573
13,466,525.9480179006694
13,467,525.9585289725171
13,468,525.9690367428004
13,469,525.9795412115194
13,470,525.990042378674
13,471,526.0005402442642
13,472,526.0110348082901
13,473,526.0215260707515
13,474,526.0320140316486
13,475,526.0424986909813
13,476,526.0529800487498
13,477,526.0634581049537
13,478,526.0739328595934
13,479,526.0844043126685
13,480,526.0948724641794
13,481,526.1053373141259
13,482,526.115798862508
13,483,526.1262571093257
13,484,526.1367120545791
13,485,526.1471636982681
13,486,526.1576120403927
13,487,526.1680570809528
13,488,526.1784988199488
13,489,526.1889372573802
13,490,526.1993723932474
13,491,526.2098042275501
13,492,526.2202327602885
13,493,526.2306579914624
13,494,526.241079921072
13,495,526.2514985491173
13,496,526.2619138755982
13,497,526.2723259005147
13,498,526.2827346238668
13,499,526.2931400456546
13,500,526.303542165878
13,501,526.3139409845369
13,502,526.3243365016316
13,503,526.3347287171617
13,504,526.3451176311277
13,505,526.3555032435291
13,506,526.3658855543663
13,507,526.3762645636391
13,508,526.3866402713475
13,509,526.3970126774915
13,510,526.4073817820711
13,511,526.4177475850863
13,512,526.4281100865372
13,513,526.4384692864237
13,514,526.4488251847458
13,515,526.4591777815036
13,516,526.469527076697
13,517,526.479873070326
13,518,526.4902157623907
13,519,526.5005551528909
13,520,526.5108912418268
13,521,526.5212240291984
13,522,526.5315535150055
13,523,526.5418796992483
13,524,526.5522025819266
13,525,526.5625221630406
13,526,526.5728384425903
13,527,526.5831514205756
13,528,526.5934610969965
13,529,526.603767471853
13,530,526.6140705451452
13,531,526.624370316873
13,532,526.6346667870364
13,533,526.6449599556354
13,534,526.65524982267
13,535,526.6655363881403
13,536,526.6758196520462
13,537,526.6860996143878
13,538,526.6963762751649
13,539,526.7066496343776
13,540,526.7169196920261
13,541,526.7271864481102
13,542,526.7374499026298
13,543,526.7477100555851
13,544,526.757966906976
13,545,526.7682204568025
13,546,526.7784707050647
13,547,526.7887176517625
13,548,526.7989612968959
13,549,526.809201640465
13,550,526.8194386824696
13,551,526.8296724229099
13,552,526.8399028617858
13,553,526.8501299990974
13,554,526.8603538348445
13,555,526.8705743690274
13,556,526.8807916016458
13,557,526.8910055326999
13,558,526.9012161621895
13,559,526.9114234901148
13,560,526.9216275164757
13,561,526.9318282412723
13,562,526.9420256645045
13,563,526.9522197861722
13,564,526.9624106062757
13,565,526.9725981248148
13,566,526.9827823417895
13,567,526.9929632571998
13,568,527.0031408710457
13,569,527.0133151833272
13,570,527.0234861940445
13,571,527.0336539031973
13,572,527.0438183107857
13,573,527.0539794168097
13,574,527.0641372212694
13,575,527.0742917241648
13,576,527.0844429254958
13,577,527.0945908252623
13,578,527.1047354234645
13,579,527.1148767201023
13,580,527.1250147151758
13,581,527.1351494086848
13,582,527.1452808006295
13,583,527.1554088910099
13,584,527.1655336798258
13,585,527.1756551670774
13,586,527.1857733527646
13,587,527.1958882368874
13,588,527.2059998194459
13,589,527.21610810044
13,590,527.2262130798697
13,591,527.236314757735
13,592,527.246413134036
13,593,527.2565082087725
13,594,527.2665999819448
13,595,527.2766884535527
13,596,527.2867736235961
13,597,527.2968554920751
13,598,527.3069340589899
13,599,527.3170093243402
13,600,527.3270812881262
13,601,527.3371499503478
13,602,527.347215311005
13,603,527.3572773700978
13,604,527.3673361276263
13,605,527.3773915835905
13,606,527.3874437379901
13,607,527.3974925908254
13,608,527.4075381420964
13,609,527.4175803918031
13,610,527.4276193399453
13,611,527.4376549865232
13,612,527.4476873315366
13,613,527.4577163749857
13,614,527.4677421168705
13,615,527.4777645571908
13,616,527.4877836959467
13,617,527.4977995331384
13,618,527.5078120687656
13,619,527.5178213028285
13,620,527.527827235327
13,621,527.5378298662611
13,622,527.5478291956308
13,623,527.5578252234362
13,624,527.5678179496772
13,625,527.5778073743538
13,626,527.587793497466
13,627,527.5977763190139
13,628,527.6077558389974
13,629,527.6177320574164
13,630,527.6277049742713
13,631,527.6376745895616
13,632,527.6476409032877
13,633,527.6576039154493
13,634,527.6675636260464
13,635,527.6775200350794
13,636,527.6874731425479
13,637,527.697422948452
13,638,527.7073694527918
13,639,527.7173126555671
13,640,527.7272525567781
13,641,527.7371891564247
13,642,527.747122454507
13,643,527.757052451025
13,644,527.7669791459784
13,645,527.7769025393675
13,646,527.7868226311923
13,647,527.7967394214527
13,648,527.8066529101487
13,649,527.8165630972803
13,650,527.8264699828476
13,651,527.8363735668505
13,652,527.846273849289
13,653,527.8561708301631
13,654,527.866064509473
13,655,527.8759548872183
13,656,527.8858419633993
13,657,527.8957257380159
13,658,527.9056062110683
13,659,527.9154833825561
13,660,527.9253572524797
13,661,527.9352278208388
13,662,527.9450950876336
13,663,527.954959052864
13,664,527.96481971653
13,665,527.9746770786317
13,666,527.9845311391689
13,667,527.9943818981418
13,668,528.0042293555504
13,669,528.0140735113945
13,670,528.0239143656743
13,671,528.0337519183897
13,672,528.0435861695407
13,673,528.0534171191274
13,674,528.0632447671497
13,675,528.0730691136076
13,676,528.0828901585012
13,677,528.0927079018303
13,678,528.1025223435951
13,679,528.1123334837955
13,680,528.1221413224316
13,681,528.1319458595033
13,682,528.1417470950105
13,683,528.1515450289535
13,684,528.161339661332
13,685,528.1711309921461
13,686,528.180919021396
13,687,528.1907037490814
13,688,528.2004851752024
13,689,528.2102632997592
13,690,528.2200381227514
13,691,528.2298096441793
13,692,528.2395778640429
13,693,528.2493427823421
13,694,528.2591043990769
13,695,528.2688627142473
13,696,528.2786177278533
13,697,528.2883694398951
13,698,528.2981178503724
13,699,528.3078629592853
13,700,528.3176047666338
13,701,528.327343272418
13,702,528.3370784766379
13,703,528.3468103792933
13,704,528.3565389803844
13,705,528.3662642799111
13,706,528.3759862778734
13,707,528.3857049742713
13,708,528.3954203691048
13,709,528.405132462374
13,710,528.4148412540789
13,711,528.4245467442194
13,712,528.4342489327954
13,713,528.4439478198071
13,714,528.4536434052544
13,715,528.4633356891374
13,716,528.473024671456
13,717,528.4827103522101
13,718,528.4923927314
13,719,528.5020718090254
13,720,528.5117475850865
13,721,528.5214200595832
13,722,528.5310892325156
13,723,528.5407551038835
13,724,528.5504176736871
13,725,528.5600769419264
13,726,528.5697329086012
13,727,528.5793855737116
13,728,528.5890349372577
13,729,528.5986809992394
13,730,528.6083237596567
13,731,528.6179632185097
13,732,528.6275993757982
13,733,528.6372322315225
13,734,528.6468617856824
13,735,528.6564880382779
13,736,528.6661109893089
13,737,528.6757306387756
13,738,528.6853469866779
13,739,528.694960033016
13,740,528.7045697777895
13,741,528.7141762209988
13,742,528.7237793626437
13,743,528.7333792027241
13,744,528.7429757412402
13,745,528.7525689781919
13,746,528.7621589135792
13,747,528.7717455474022
13,748,528.7813288796609
13,749,528.7909089103551
13,750,528.8004856394849
13,751,528.8100590670505
13,752,528.8196291930516
13,753,528.8291960174882
13,754,528.8387595403607
13,755,528.8483197616687
13,756,528.8578766814122
13,757,528.8674302995914
13,758,528.8769806162063
13,759,528.8865276312569
13,760,528.896071344743
13,761,528.9056117566647
13,762,528.915148867022
13,763,528.9246826758151
13,764,528.9342131830437
13,765,528.943740388708
13,766,528.9532642928078
13,767,528.9627848953434
13,768,528.9723021963144
13,769,528.9818161957212
13,770,528.9913268935636
13,771,529.0008342898416
13,772,529.0103383845552
13,773,529.0198391777044
13,774,529.0293366692894
13,775,529.0388308593099
13,776,529.048321747766
13,777,529.0578093346577
13,778,529.0672936199851
13,779,529.0767746037482
13,780,529.0862522859468
13,781,529.095726666581
13,782,529.1051977456509
13,783,529.1146655231564
13,784,529.1241299990976
13,785,529.1335911734743
13,786,529.1430490462867
13,787,529.1525036175348
13,788,529.1619548872184
13,789,529.1714028553376
13,790,529.1808475218926
13,791,529.1902888868831
13,792,529.1997269503092
13,793,529.209161712171
13,794,529.2185931724683
13,795,529.2280213312014
13,796,529.2374461883701
13,797,529.2468677439743
13,798,529.2562859980143
13,799,529.2657009504898
13,800,529.2751126014009
13,801,529.2845209507477
13,802,529.2939259985301
13,803,529.3033277447481
13,804,529.3127261894018
13,805,529.3221213324911
13,806,529.331513174016
13,807,529.3409017139766
13,808,529.3502869523727
13,809,529.3596688892045
13,810,529.3690475244719
13,811,529.378422858175
13,812,529.3877948903136
13,813,529.3971636208879
13,814,529.4065290498978
13,815,529.4158911773434
13,816,529.4252500032245
13,817,529.4346055275413
13,818,529.4439577502937
13,819,529.4533066714818
13,820,529.4626522911054
13,821,529.4719946091648
13,822,529.4813336256597
13,823,529.4906693405902
13,824,529.5000017539564
13,825,529.5093308657582
13,826,529.5186566759957
13,827,529.5279791846687
13,828,529.5372983917774
13,829,529.5466142973216
13,830,529.5559269013016
13,831,529.5652362037172
13,832,529.5745422045684
13,833,529.5838449038552
13,834,529.5931443015776
13,835,529.6024403977357
13,836,529.6117331923293
13,837,529.6210226853586
13,838,529.6303088768236
13,839,529.6395917667242
13,840,529.6488713550604
13,841,529.6581476418322
13,842,529.6674206270396
13,843,529.6766903106827
13,844,529.6859566927614
13,845,529.6952197732758
13,846,529.7044795522256
13,847,529.7137360296113
13,848,529.7229892054324
13,849,529.7322390796893
13,850,529.7414856523817
13,851,529.7507289235098
13,852,529.7599688930735
13,853,529.7692055610728
13,854,529.7784389275078
13,855,529.7876689923784
13,856,529.7968957556845
13,857,529.8061192174264
13,858,529.8153393776039
13,859,529.824556236217
13,860,529.8337697932657
13,861,529.84298004875
13,862,529.85218700267
13,863,529.8613906550255
13,864,529.8705910058168
13,865,529.8797880550436
13,866,529.8889818027061
13,867,529.8981722488041
13,868,529.9073593933379
13,869,529.9165432363072
13,870,529.9257237777122
13,871,529.9349010175528
13,872,529.944074955829
13,873,529.9532455925408
13,874,529.9624129276883
13,875,529.9715769612715
13,876,529.9807376932902
13,877,529.9898951237445
13,878,529.9990492526344
13,879,530.0082000799601
13,880,530.0173476057213
13,881,530.0264918299182
13,882,530.0356327525507
13,883,530.0447703736188
13,884,530.0539046931225
13,885,530.0630357110618
13,886,530.0721634274369
13,887,530.0812878422474
13,888,530.0904089554937
13,889,530.0995267671756
13,890,530.108641277293
13,891,530.1177524858462
13,892,530.1268603928349
13,893,530.1359649982593
13,894,530.1450663021193
13,895,530.1541643044148
13,896,530.1632590051462
13,897,530.172350404313
13,898,530.1814385019155
13,899,530.1905232979536
13,900,530.1996047924274
13,901,530.2086829853367
13,902,530.2177578766817
13,903,530.2268294664624
13,904,530.2358977546786
13,905,530.2449627413305
13,906,530.254024426418
13,907,530.2630828099411
13,908,530.2721378918999
13,909,530.2811896722943
13,910,530.2902381511243
13,911,530.29928332839
13,912,530.3083252040911
13,913,530.3173637782281
13,914,530.3263990508005
13,915,530.3354310218087
13,916,530.3444596912525
13,917,530.3534850591319
13,918,530.3625071254469
13,919,530.3715258901975
13,920,530.3805413533838
13,921,530.3895535150057
13,922,530.3985623750632
13,923,530.4075679335564
13,924,530.4165701904851
13,925,530.4255691458495
13,926,530.4345647996496
13,927,530.4435571518852
13,928,530.4525462025565
13,929,530.4615319516633
13,930,530.4705143992059
13,931,530.479493545184
13,932,530.4884693895979
13,933,530.4974419324473
13,934,530.5064111737323
13,935,530.5153771134529
13,936,530.5243397516092
13,937,530.5332990882011
13,938,530.5422551232286
13,939,530.5512078566918
13,940,530.5601572885906
13,941,530.569103418925
13,942,530.578046247695
13,943,530.5869857749008
13,944,530.595922000542
13,945,530.604854924619
13,946,530.6137845471314
13,947,530.6227108680796
13,948,530.6316338874634
13,949,530.6405536052829
13,950,530.6494700215379
13,951,530.6583831362285
13,952,530.6672929493549
13,953,530.6761994609168
13,954,530.6851026709144
13,955,530.6940025793475
13,956,530.7028991862163
13,957,530.7117924915208
13,958,530.7206824952608
13,959,530.7295691974365
13,960,530.7384525980477
13,961,530.7473326970947
13,962,530.7562094945772
13,963,530.7650829904954
13,964,530.7739531848492
13,965,530.7828200776387
13,966,530.7916836688637
13,967,530.8005439585245
13,968,530.8094009466207
13,969,530.8182546331527
13,970,530.8271050181203
13,971,530.8359521015234
13,972,530.8447958833623
13,973,530.8536363636367
13,974,530.8624735423467
13,975,530.8713074194925
13,976,530.8801379950738
13,977,530.8889652690907
13,978,530.8977892415433
13,979,530.9066099124315
13,980,530.9154272817553
13,981,530.9242413495148
13,982,530.9330521157099
13,983,530.9418595803405
13,984,530.9506637434068
13,985,530.9594646049088
13,986,530.9682621648464
13,987,530.9770564232197
13,988,530.9858473800284
13,989,530.994635035273
13,990,531.003419388953
13,991,531.0122004410687
13,992,531.02097819162
13,993,531.029752640607
13,994,531.0385237880296
13,995,531.0472916338878
13,996,531.0560561781816
13,997,531.0648174209111
13,998,531.0735753620762
13,999,531.082330001677
13,1000,531.0910813397132
13,1001,531.0998293761852
13,1002,531.1085741110928
13,1003,531.117315544436
13,1004,531.1260536762148
13,1005,531.1347885064293
13,1006,531.1435200350794
13,1007,531.1522482621651
13,1008,531.1609731876865
13,1009,531.1696948116435
13,1010,531.1784131340361
13,1011,531.1871281548644
13,1012,531.1958398741282
13,1013,531.2045482918277
13,1014,531.2132534079627
13,1015,531.2219552225336
13,1016,531.2306537355398
13,1017,531.2393489469819
13,1018,531.2480408568595
13,1019,531.2567294651727
13,1020,531.2654147719215
13,1021,531.274096777106
13,1022,531.2827754807262
13,1023,531.2914508827819
13,1024,531.3001229832732
13,1025,531.3087917822003
13,1026,531.3174572795629
13,1027,531.3261194753611
13,1028,531.3347783695949
13,1029,531.3434339622645
13,1030,531.3520862533696
13,1031,531.3607352429103
13,1032,531.3693809308867
13,1033,531.3780233172987
13,1034,531.3866624021464
13,1035,531.3952981854296
13,1036,531.4039306671484
13,1037,531.412559847303
13,1038,531.4211857258931
13,1039,531.4298083029188
13,1040,531.4384275783802
13,1041,531.4470435522773
13,1042,531.4556562246098
13,1043,531.4642655953782
13,1044,531.472871664582
13,1045,531.4814744322215
13,1046,531.4900738982966
13,1047,531.4986700628074
13,1048,531.5072629257538
13,1049,531.5158524871358
13,1050,531.5244387469535
13,1051,531.5330217052067
13,1052,531.5416013618956
13,1053,531.5501777170201
13,1054,531.5587507705802
13,1055,531.567320522576
13,1056,531.5758869730074
13,1057,531.5844501218744
13,1058,531.593009969177
13,1059,531.6015665149154
13,1060,531.6101197590892
13,1061,531.6186697016988
13,1062,531.627216342744
13,1063,531.6357596822247
13,1064,531.6442997201411
13,1065,531.6528364564931
13,1066,531.6613698912809
13,1067,531.669900024504
13,1068,531.678426856163
13,1069,531.6869503862575
13,1070,531.6954706147877
13,1071,531.7039875417535
13,1072,531.7125011671549
13,1073,531.7210114909919
13,1074,531.7295185132646
13,1075,531.7380222339729
13,1076,531.7465226531168
13,1077,531.7550197706963
13,1078,531.7635135867115
13,1079,531.7720041011623
13,1080,531.7804913140487
13,1081,531.7889752253708
13,1082,531.7974558351284
13,1083,531.8059331433217
13,1084,531.8144071499506
13,1085,531.8228778550151
13,1086,531.8313452585154
13,1087,531.8398093604511
13,1088,531.8482701608226
13,1089,531.8567276596297
13,1090,531.8651818568723
13,1091,531.8736327525506
13,1092,531.8820803466646
13,1093,531.890524639214
13,1094,531.8989656301993
13,1095,531.9074033196201
13,1096,531.9158377074765
13,1097,531.9242687937685
13,1098,531.9326965784962
13,1099,531.9411210616596
13,1100,531.9495422432585
13,1101,531.9579601232931
13,1102,531.9663747017632
13,1103,531.974785978669
13,1104,531.9831939540105
13,1105,531.9915986277875
13,1106,532.0000000000002
13,1107,532.0083980706486
13,1108,532.0167928397325
13,1109,532.0251843072521
13,1110,532.0335724732073
13,1111,532.0419573375981
13,1112,532.0503389004245
13,1113,532.0587171616867
13,1114,532.0670921213843
13,1115,532.0754637795177
13,1116,532.0838321360866
13,1117,532.0921971910911
13,1118,532.1005589445314
13,1119,532.1089173964073
13,1120,532.1172725467187
13,1121,532.1256243954658
13,1122,532.1339729426485
13,1123,532.1423181882668
13,1124,532.1506601323208
13,1125,532.1589987748104
13,1126,532.1673341157356
13,1127,532.1756661550965
13,1128,532.1839948928929
13,1129,532.192320329125
13,1130,532.2006424637926
13,1131,532.208961296896
13,1132,532.2172768284349
13,1133,532.2255890584096
13,1134,532.2338979868198
13,1135,532.2422036136657
13,1136,532.2505059389471
13,1137,532.2588049626642
13,1138,532.2671006848169
13,1139,532.2753931054052
13,1140,532.2836822244292
13,1141,532.2919680418888
13,1142,532.300250557784
13,1143,532.3085297721149
13,1144,532.3168056848814
13,1145,532.3250782960835
13,1146,532.3333476057212
13,1147,532.3416136137946
13,1148,532.3498763203036
13,1149,532.3581357252482
13,1150,532.3663918286284
13,1151,532.3746446304443
13,1152,532.3828941306957
13,1153,532.3911403293829
13,1154,532.3993832265056
13,1155,532.407622822064
13,1156,532.415859116058
13,1157,532.4240921084876
13,1158,532.4323217993528
13,1159,532.4405481886537
13,1160,532.4487712763902
13,1161,532.4569910625623
13,1162,532.46520754717
13,1163,532.4734207302134
13,1164,532.4816306116924
13,1165,532.4898371916071
13,1166,532.4980404699572
13,1167,532.5062404467432
13,1168,532.5144371219646
13,1169,532.5226304956218
13,1170,532.5308205677145
13,1171,532.5390073382429
13,1172,532.5471908072069
13,1173,532.5553709746065
13,1174,532.5635478404417
13,1175,532.5717214047127
13,1176,532.5798916674191
13,1177,532.5880586285613
13,1178,532.5962222881391
13,1179,532.6043826461524
13,1180,532.6125397026015
13,1181,532.6206934574861
13,1182,532.6288439108064
13,1183,532.6369910625623
13,1184,532.6451349127537
13,1185,532.6532754613809
13,1186,532.6614127084437
13,1187,532.6695466539421
13,1188,532.6776772978761
13,1189,532.6858046402458
13,1190,532.693928681051
13,1191,532.7020494202919
13,1192,532.7101668579685
13,1193,532.7182809940806
13,1194,532.7263918286284
13,1195,532.7344993616118
13,1196,532.7426035930308
13,1197,532.7507045228855
13,1198,532.7588021511757
13,1199,532.7668964779016
13,1200,532.7749875030631
13,1201,532.7830752266603
13,1202,532.7911596486931
13,1203,532.7992407691615
13,1204,532.8073185880655
13,1205,532.8153931054052
13,1206,532.8234643211805
13,1207,532.8315322353914
13,1208,532.8395968480379
13,1209,532.8476581591201
13,1210,532.8557161686379
13,1211,532.8637708765913
13,1212,532.8718222829804
13,1213,532.879870387805
13,1214,532.8879151910653
13,1215,532.8959566927613
13,1216,532.9039948928928
13,1217,532.91202979146
13,1218,532.9200613884627
13,1219,532.9280896839011
13,1220,532.9361146777752
13,1221,532.944136370085
13,1222,532.9521547608302
13,1223,532.9601698500111
13,1224,532.9681816376277
13,1225,532.9761901236799
13,1226,532.9841953081676
13,1227,532.9921971910911
13,1228,533.0001957724502
13,1229,533.0081910522448
13,1230,533.0161830304752
13,1231,533.024171707141
13,1232,533.0321570822426
13,1233,533.0401391557798
13,1234,533.0481179277526
13,1235,533.0560933981611
13,1236,533.0640655670052
13,1237,533.0720344342849
13,1238,533.0800000000002
13,1239,533.0879622641511
13,1240,533.0959212267377
13,1241,533.1038768877598
13,1242,533.1118292472177
13,1243,533.1197783051111
13,1244,533.1277240614402
13,1245,533.1356665162049
13,1246,533.1436056694052
13,1247,533.1515415210412
13,1248,533.1594740711128
13,1249,533.1674033196199
13,1250,533.1753292665628
13,1251,533.1832519119412
13,1252,533.1911712557553
13,1253,533.199087298005
13,1254,533.2070000386904
13,1255,533.2149094778113
13,1256,533.2228156153678
13,1257,533.2307184513601
13,1258,533.2386179857879
13,1259,533.2465142186513
13,1260,533.2544071499505
13,1261,533.2622967796851
13,1262,533.2701831078555
13,1263,533.2780661344615
13,1264,533.285945859503
13,1265,533.2938222829803
13,1266,533.3016954048932
13,1267,533.3095652252416
13,1268,533.3174317440257
13,1269,533.3252949612454
13,1270,533.3331548769007
13,1271,533.3410114909917
13,1272,533.3488648035184
13,1273,533.3567148144806
13,1274,533.3645615238784
13,1275,533.3724049317119
13,1276,533.380245037981
13,1277,533.3880818426857
13,1278,533.3959153458261
13,1279,533.4037455474021
13,1280,533.4115724474136
13,1281,533.4193960458609
13,1282,533.4272163427438
13,1283,533.4350333380622
13,1284,533.4428470318163
13,1285,533.4506574240061
13,1286,533.4584645146315
13,1287,533.4662683036925
13,1288,533.474068791189
13,1289,533.4818659771213
13,1290,533.4896598614891
13,1291,533.4974504442927
13,1292,533.5052377255317
13,1293,533.5130217052065
13,1294,533.5208023833169
13,1295,533.5285797598629
13,1296,533.5363538348445
13,1297,533.5441246082618
13,1298,533.5518920801146
13,1299,533.5596562504031
13,1300,533.5674171191272
13,1301,533.575174686287
13,1302,533.5829289518823
13,1303,533.5906799159134
13,1304,533.59842757838
13,1305,533.6061719392823
13,1306,533.6139129986201
13,1307,533.6216507563936
13,1308,533.6293852126028
13,1309,533.6371163672475
13,1310,533.6448442203279
13,1311,533.6525687718439
13,1312,533.6602900217955
13,1313,533.6680079701828
13,1314,533.6757226170057
13,1315,533.6834339622642
13,1316,533.6911420059583
13,1317,533.6988467480882
13,1318,533.7065481886535
13,1319,533.7142463276546
13,1320,533.7219411650912
13,1321,533.7296327009634
13,1322,533.7373209352713
13,1323,533.7450058680148
13,1324,533.7526874991939
13,1325,533.7603658288087
13,1326,533.7680408568592
13,1327,533.7757125833452
13,1328,533.7833810082668
13,1329,533.7910461316242
13,1330,533.7987079534171
13,1331,533.8063664736455
13,1332,533.8140216923097
13,1333,533.8216736094095
13,1334,533.8293222249449
13,1335,533.8369675389159
13,1336,533.8446095513226
13,1337,533.8522482621648
13,1338,533.8598836714427
13,1339,533.8675157791563
13,1340,533.8751445853055
13,1341,533.8827700898903
13,1342,533.8903922929106
13,1343,533.8980111943667
13,1344,533.9056267942584
13,1345,533.9132390925856
13,1346,533.9208480893486
13,1347,533.9284537845472
13,1348,533.9360561781813
13,1349,533.9436552702512
13,1350,533.9512510607565
13,1351,533.9588435496976
13,1352,533.9664327370742
13,1353,533.9740186228865
13,1354,533.9816012071344
13,1355,533.9891804898181
13,1356,533.9967564709372
13,1357,534.004329150492
13,1358,534.0118985284824
13,1359,534.0194646049085
13,1360,534.0270273797702
13,1361,534.0345868530675
13,1362,534.0421430248005
13,1363,534.049695894969
13,1364,534.0572454635732
13,1365,534.0647917306129
13,1366,534.0723346960884
13,1367,534.0798743599995
13,1368,534.0874107223461
13,1369,534.0949437831284
13,1370,534.1024735423464
13,1371,534.11
13,1372,534.1175231560892
13,1373,534.125043010614
13,1374,534.1325595635744
13,1375,534.1400728149705
13,1376,534.1475827648022
13,1377,534.1550894130695
13,1378,534.1625927597725
13,1379,534.1700928049111
13,1380,534.1775895484852
13,1381,534.1850829904951
13,1382,534.1925731309406
13,1383,534.2000599698216
13,1384,534.2075435071383
13,1385,534.2150237428906
13,1386,534.2225006770785
13,1387,534.2299743097021
13,1388,534.2374446407614
13,1389,534.2449116702562
13,1390,534.2523753981867
13,1391,534.2598358245527
13,1392,534.2672929493544
13,1393,534.2747467725918
13,1394,534.2821972942647
13,1395,534.2896445143733
13,1396,534.2970884329176
13,1397,534.3045290498974
13,1398,534.3119663653129
13,1399,534.319400379164
13,1400,534.3268310914507
13,1401,534.334258502173
13,1402,534.341682611331
13,1403,534.3491034189246
13,1404,534.3565209249538
13,1405,534.3639351294187
13,1406,534.3713460323191
13,1407,534.3787536336553
13,1408,534.386157933427
13,1409,534.3935589316343
13,1410,534.4009566282773
13,1411,534.4083510233559
13,1412,534.4157421168701
13,1413,534.42312990882
13,1414,534.4305143992054
13,1415,534.4378955880265
13,1416,534.4452734752833
13,1417,534.4526480609757
13,1418,534.4600193451037
13,1419,534.4673873276672
13,1420,534.4747520086665
13,1421,534.4821133881013
13,1422,534.4894714659719
13,1423,534.496826242278
13,1424,534.5041777170197
13,1425,534.511525890197
13,1426,534.51887076181
13,1427,534.5262123318587
13,1428,534.5335506003429
13,1429,534.5408855672628
13,1430,534.5482172326183
13,1431,534.5555455964094
13,1432,534.5628706586361
13,1433,534.5701924192986
13,1434,534.5775108783965
13,1435,534.5848260359302
13,1436,534.5921378918994
13,1437,534.5994464463043
13,1438,534.6067516991448
13,1439,534.6140536504209
13,1440,534.6213523001327
13,1441,534.6286476482801
13,1442,534.635939694863
13,1443,534.6432284398817
13,1444,534.650513883336
13,1445,534.6577960252258
13,1446,534.6650748655513
13,1447,534.6723504043125
13,1448,534.6796226415092
13,1449,534.6868915771416
13,1450,534.6941572112097
13,1451,534.7014195437133
13,1452,534.7086785746526
13,1453,534.7159343040275
13,1454,534.723186731838
13,1455,534.7304358580841
13,1456,534.7376816827659
13,1457,534.7449242058833
13,1458,534.7521634274364
13,1459,534.759399347425
13,1460,534.7666319658492
13,1461,534.7738612827092
13,1462,534.7810872980046
13,1463,534.7883100117358
13,1464,534.7955294239026
13,1465,534.802745534505
13,1466,534.809958343543
13,1467,534.8171678510167
13,1468,534.824374056926
13,1469,534.8315769612709
13,1470,534.8387765640514
13,1471,534.8459728652676
13,1472,534.8531658649193
13,1473,534.8603555630068
13,1474,534.8675419595298
13,1475,534.8747250544885
13,1476,534.8819048478828
13,1477,534.8890813397127
13,1478,534.8962545299783
13,1479,534.9034244186794
13,1480,534.9105910058162
13,1481,534.9177542913886
13,1482,534.9249142753966
13,1483,534.9320709578403
13,1484,534.9392243387197
13,1485,534.9463744180346
13,1486,534.9535211957851
13,1487,534.9606646719712
13,1488,534.9678048465931
13,1489,534.9749417196505
13,1490,534.9820752911436
13,1491,534.9892055610723
13,1492,534.9963325294366
13,1493,535.0034561962365
13,1494,535.010576561472
13,1495,535.0176936251432
13,1496,535.02480738725
13,1497,535.0319178477924
13,1498,535.0390250067705
13,1499,535.0461288641842
13,1500,535.0532294200335
13,1501,535.0603266743185
13,1502,535.067420627039
13,1503,535.0745112781952
13,1504,535.081598627787
13,1505,535.0886826758145
13,1506,535.0957634222775
13,1507,535.1028408671763
13,1508,535.1099150105106
13,1509,535.1169858522805
13,1510,535.1240533924861
13,1511,535.1311176311273
13,1512,535.1381785682041
13,1513,535.1452362037165
13,1514,535.1522905376646
13,1515,535.1593415700484
13,1516,535.1663893008676
13,1517,535.1734337301226
13,1518,535.1804748578132
13,1519,535.1875126839394
13,1520,535.1945472085013
13,1521,535.2015784314987
13,1522,535.2086063529317
13,1523,535.2156309728005
13,1524,535.2226522911049
13,1525,535.2296703078448
13,1526,535.2366850230204
13,1527,535.2436964366316
13,1528,535.2507045486784
13,1529,535.2577093591609
13,1530,535.264710868079
13,1531,535.2717090754327
13,1532,535.2787039812221
13,1533,535.285695585447
13,1534,535.2926838881076
13,1535,535.2996688892039
13,1536,535.3066505887357
13,1537,535.3136289867032
13,1538,535.3206040831062
13,1539,535.3275758779449
13,1540,535.3345443712193
13,1541,535.3415095629293
13,1542,535.3484714530749
13,1543,535.3554300416561
13,1544,535.362385328673
13,1545,535.3693373141255
13,1546,535.3762859980136
13,1547,535.3832313803373
13,1548,535.3901734610967
13,1549,535.3971122402917
13,1550,535.4040477179223
13,1551,535.4109798939885
13,1552,535.4179087684903
13,1553,535.4248343414279
13,1554,535.4317566128009
13,1555,535.4386755826097
13,1556,535.445591250854
13,1557,535.452503617534
13,1558,535.4594126826496
13,1559,535.466318446201
13,1560,535.4732209081877
13,1561,535.4801200686103
13,1562,535.4870159274684
13,1563,535.4939084847621
13,1564,535.5007977404915
13,1565,535.5076836946565
13,1566,535.5145663472571
13,1567,535.5214456982934
13,1568,535.5283217477653
13,1569,535.5351944956727
13,1570,535.5420639420158
13,1571,535.5489300867946
13,1572,535.555792930009
13,1573,535.562652471659
13,1574,535.5695087117447
13,1575,535.5763616502659
13,1576,535.5832112872228
13,1577,535.5900576226153
13,1578,535.5969006564434
13,1579,535.6037403887073
13,1580,535.6105768194066
13,1581,535.6174099485416
13,1582,535.6242397761123
13,1583,535.6310663021185
13,1584,535.6378895265603
13,1585,535.6447094494379
13,1586,535.6515260707511
13,1587,535.6583393904998
13,1588,535.6651494086842
13,1589,535.6719561253043
13,1590,535.6787595403599
13,1591,535.6855596538512
13,1592,535.6923564657781
13,1593,535.6991499761406
13,1594,535.7059401849388
13,1595,535.7127270921725
13,1596,535.7195106978419
13,1597,535.726291001947
13,1598,535.7330680044876
13,1599,535.7398417054638
13,1600,535.7466121048758
13,1601,535.7533792027233
13,1602,535.7601429990065
13,1603,535.7669034937253
13,1604,535.7736606868797
13,1605,535.7804145784697
13,1606,535.7871651684953
13,1607,535.7939124569566
13,1608,535.8006564438535
13,1609,535.8073971291861
13,1610,535.8141345129543
13,1611,535.8208685951581
13,1612,535.8275993757975
13,1613,535.8343268548725
13,1614,535.8410510323832
13,1615,535.8477719083295
13,1616,535.8544894827114
13,1617,535.861203755529
13,1618,535.8679147267821
13,1619,535.874622396471
13,1620,535.8813267645953
13,1621,535.8880278311555
13,1622,535.8947255961511
13,1623,535.9014200595824
13,1624,535.9081112214493
13,1625,535.9147990817519
13,1626,535.92148364049
13,1627,535.9281648976639
13,1628,535.9348428532733
13,1629,535.9415175073184
13,1630,535.9481888597991
13,1631,535.9548569107153
13,1632,535.9615216600673
13,1633,535.9681831078549
13,1634,535.974841254078
13,1635,535.9814960987369
13,1636,535.9881476418313
13,1637,535.9947958833613
13,1638,536.001440823327
13,1639,536.0080824617283
13,1640,536.0147207985653
13,1641,536.0213558338379
13,1642,536.0279875675461
13,1643,536.0346159996899
13,1644,536.0412411302693
13,1645,536.0478629592844
13,1646,536.0544814867351
13,1647,536.0610967126214
13,1648,536.0677086369434
13,1649,536.0743172597009
13,1650,536.0809225808941
13,1651,536.087524600523
13,1652,536.0941233185874
13,1653,536.1007187350875
13,1654,536.1073108500233
13,1655,536.1138996633946
13,1656,536.1204851752016
13,1657,536.1270673854441
13,1658,536.1336462941224
13,1659,536.1402219012361
13,1660,536.1467942067857
13,1661,536.1533632107707
13,1662,536.1599289131915
13,1663,536.1664913140478
13,1664,536.1730504133398
13,1665,536.1796062110674
13,1666,536.1861587072306
13,1667,536.1927079018294
13,1668,536.1992537948639
13,1669,536.205796386334
13,1670,536.2123356762397
13,1671,536.218871664581
13,1672,536.2254043513581
13,1673,536.2319337365707
13,1674,536.2384598202188
13,1675,536.2449826023027
13,1676,536.2515020828222
13,1677,536.2580182617772
13,1678,536.2645311391681
13,1679,536.2710407149943
13,1680,536.2775469892564
13,1681,536.284049961954
13,1682,536.2905496330872
13,1683,536.2970460026561
13,1684,536.3035390706606
13,1685,536.3100288371006
13,1686,536.3165153019764
13,1687,536.3229984652878
13,1688,536.3294783270347
13,1689,536.3359548872173
13,1690,536.3424281458356
13,1691,536.3488981028895
13,1692,536.355364758379
13,1693,536.3618281123041
13,1694,536.3682881646648
13,1695,536.3747449154612
13,1696,536.3811983646932
13,1697,536.3876485123608
13,1698,536.394095358464
13,1699,536.4005389030029
13,1700,536.4069791459774
13,1701,536.4134160873875
13,1702,536.4198497272333
13,1703,536.4262800655147
13,1704,536.4327071022317
13,1705,536.4391308373844
13,1706,536.4455512709726
13,1707,536.4519684029965
13,1708,536.458382233456
13,1709,536.4647927623511
13,1710,536.4711999896818
13,1711,536.4776039154483
13,1712,536.4840045396503
13,1713,536.4904018622879
13,1714,536.4967958833612
13,1715,536.5031866028701
13,1716,536.5095740208146
13,1717,536.5159581371947
13,1718,536.5223389520105
13,1719,536.5287164652618
13,1720,536.5350906769489
13,1721,536.5414615870716
13,1722,536.5478291956298
13,1723,536.5541935026237
13,1724,536.5605545080532
13,1725,536.5669122119184
13,1726,536.5732666142192
13,1727,536.5796177149556
13,1728,536.5859655141276
13,1729,536.5923100117352
13,1730,536.5986512077785
13,1731,536.6049891022574
13,1732,536.6113236951719
13,1733,536.6176549865221
13,1734,536.6239829763078
13,1735,536.6303076645293
13,1736,536.6366290511863
13,1737,536.642947136279
13,1738,536.6492619198073
13,1739,536.6555734017712
13,1740,536.6618815821707
13,1741,536.6681864610059
13,1742,536.6744880382766
13,1743,536.680786313983
13,1744,536.6870812881251
13,1745,536.6933729607028
13,1746,536.6996613317161
13,1747,536.7059464011651
13,1748,536.7122281690496
13,1749,536.7185066353697
