order,wavelength,sensitivity
0,655.9010395812264,71.26364800658392
0,655.9122035154113,68.81989333296411
0,655.923366319373,68.77929277283704
0,655.9345279931116,69.13344951310492
0,655.945688536627,67.55090536644673
0,655.9568479499194,66.61566586299558
0,655.9680062329885,66.78236046643782
0,655.9791633858345,65.64412841329444
0,655.9903194084573,65.23806044708772
0,656.0014743008569,63.76444307603652
0,656.0126280630334,63.81088598019108
0,656.0237806949868,62.77491168707432
0,656.034932196717,62.26103548105712
0,656.046082568224,61.67463148692486
0,656.0572318095079,60.93744264742914
0,656.0683799205688,60.46495156389416
0,656.0795269014063,59.397650769702786
0,656.0906727520207,59.342715761745964
0,656.1018174724121,58.7276777072613
0,656.1129610625802,57.217787634915766
0,656.1241035225253,57.971982796118574
0,656.1352448522471,56.5681934785027
0,656.1463850517457,56.57091725810028
0,656.1575241210213,55.69371681852983
0,656.1686620600736,55.713353867229394
0,656.1797988689029,54.83725569639747
0,656.190934547509,55.27676524365734
0,656.2020690958919,55.08348696821869
0,656.2132025140517,54.567807982100184
0,656.2243348019883,54.08900322109548
0,656.2354659597017,53.727903614194254
0,656.2465959871921,53.41196055326336
0,656.2577248844593,53.01551927071284
0,656.2688526515033,52.856664097817365
0,656.2799792883242,52.467546449189555
0,656.2911047949218,51.73488305682297
0,656.3022291712964,51.61704555716975
0,656.3133524174478,51.63230094999084
0,656.324474533376,50.62424905078462
0,656.3355955190812,50.32995686879946
0,656.3467153745631,50.11973317784001
0,656.357834099822,49.66099678951776
0,656.3689516948575,49.907953155166744
0,656.38006815967,48.85337688553527
0,656.3911834942594,48.61883825374969
0,656.4022976986256,48.31889874912408
0,656.4134107727687,47.95009944291589
0,656.4245227166886,47.923452726550636
0,656.4356335303852,47.551949848895624
0,656.4467432138588,47.15899873237586
0,656.4578517671092,46.27362871279638
0,656.4689591901365,46.61060391969423
0,656.4800654829406,46.330832455716376
0,656.4911706455216,45.6630068383808
0,656.5022746778794,45.516046091487304
0,656.5133775800141,45.103641641461756
0,656.5244793519256,44.839105304359315
0,656.535579993614,45.09259592958959
0,656.5466795050792,44.32559294082393
0,656.5577778863212,43.987881830083055
0,656.5688751373401,43.803408305554264
0,656.5799712581359,43.289747519025205
0,656.5910662487084,43.133810210563475
0,656.6021601090579,42.68364735843705
0,656.6132528391843,42.72476571720976
0,656.6243444390874,42.18279378480585
0,656.6354349087674,42.244170624351504
0,656.6465242482242,42.5847427125108
0,656.6576124574578,41.708262024293155
0,656.6686995364684,41.47494525383691
0,656.6797854852558,41.44855850655481
0,656.69087030382,41.043138524733756
0,656.7019539921611,40.61536509913576
0,656.7130365502791,40.21409747814448
0,656.7241179781738,40.141130558893764
0,656.7351982758454,39.869827040753535
0,656.7462774432938,39.8541634160949
0,656.7573554805192,39.57868321759152
0,656.7684323875213,39.6918822711798
0,656.7795081643004,38.78661548478205
0,656.7905828108562,38.64381277887529
0,656.8016563271889,39.121311299067855
0,656.8127287132985,38.52941075732721
0,656.8237999691848,38.394665470971916
0,656.8348700948482,38.17408857676585
0,656.8459390902882,37.67590212736261
0,656.8570069555052,37.74552133724244
0,656.8680736904989,37.35541450199028
0,656.8791392952696,37.00890239858789
0,656.890203769817,36.96255450991913
0,656.9012671141414,36.93909430905298
0,656.9123293282427,37.06371784718972
0,656.9233904121206,36.37818637852437
0,656.9344503657755,36.04538981964288
0,656.9455091892073,35.91676485971381
0,656.9565668824158,36.25352495209493
0,656.9676234454013,35.55764556952573
0,656.9786788781636,35.67639401897796
0,656.9897331807026,35.34749686456486
0,657.0007863530186,34.836230048304174
0,657.0118383951115,34.84466071911515
0,657.0228893069811,34.65805984583574
0,657.0339390886276,34.626722306703044
0,657.0449877400509,34.440935939527584
0,657.0560352612512,34.184599515645736
0,657.0670816522282,33.935391449539864
0,657.0781269129822,33.88361594130237
0,657.0891710435128,33.51107369552866
0,657.1002140438204,33.57814740508216
0,657.1112559139049,33.31633013826567
0,657.1222966537662,33.2607668267972
0,657.1333362634043,33.21211565473798
0,657.1443747428193,33.010444865202494
0,657.1554120920111,32.71271671610249
0,657.1664483109798,32.55715691487064
0,657.1774833997254,32.72631983561274
0,657.1885173582477,32.297583155013385
0,657.199550186547,31.95316937721427
0,657.210581884623,31.741288872627045
0,657.2216124524759,31.828765137093484
0,657.2326418901057,31.728289981020477
0,657.2436701975123,31.497101749622367
0,657.2546973746958,31.097391919725013
0,657.2657234216562,31.329271163725338
0,657.2767483383933,31.147068045584465
0,657.2877721249073,31.09454556561597
0,657.2987947811981,30.525197513887722
0,657.3098163072658,30.74191081551893
0,657.3208367031104,30.49474063446499
0,657.3318559687318,30.420060333533044
0,657.34287410413,30.185637259348518
0,657.3538911093051,30.466430658203933
0,657.3649069842571,29.71957141592328
0,657.3759217289859,29.532134634080958
0,657.3869353434915,29.610680122239252
0,657.397947827774,29.424901359876625
0,657.4089591818333,29.648731649336458
0,657.4199694056695,29.19822623512622
0,657.4309784992826,29.234663073568612
0,657.4419864626724,28.907900036750036
0,657.4529932958392,28.87528996251518
0,657.4639989987827,28.63015432221819
0,657.4750035715031,28.70133509298896
0,657.4860070140004,28.409900169655167
0,657.4970093262745,28.583075944640747
0,657.5080105083255,28.552775559008992
0,657.5190105601533,28.303600646488533
0,657.5300094817579,28.125537228006227
0,657.5410072731395,27.794074469344746
0,657.5520039342978,27.739525404123526
0,657.562999465233,27.67733353388015
0,657.573993865945,27.695094327703156
0,657.5849871364339,27.278435764492894
0,657.5959792766997,27.495347864767034
0,657.6069702867422,27.171933138785086
0,657.6179601665617,27.167520414438528
0,657.628948916158,27.103887176900876
0,657.6399365355311,26.95576188986843
0,657.6509230246811,26.923985792341256
0,657.661908383608,26.657051952314227
0,657.6728926123117,26.633939409173223
0,657.6838757107921,26.40641681667782
0,657.6948576790495,26.67624365136837
0,657.7058385170837,26.29692175468551
0,657.7168182248948,26.315203651377807
0,657.7277968024828,26.14644065562276
0,657.7387742498476,25.89212358170382
0,657.7497505669892,25.64019269089308
0,657.7607257539075,25.800954411178807
0,657.7716998106029,25.702701739270566
0,657.782672737075,25.86188209863855
0,657.793644533324,25.63496182375814
0,657.8046151993499,25.669011581765545
0,657.8155847351526,25.390624715812955
0,657.8265531407321,25.35568596160773
0,657.8375204160885,25.237334722102464
0,657.8484865612218,25.211166396403737
0,657.8594515761318,25.103247198678595
0,657.8704154608188,25.13145593174485
0,657.8813782152826,24.655312024065385
0,657.8923398395233,24.833094168088664
0,657.9033003335408,24.777457231502567
0,657.9142596973351,24.672653369815052
0,657.9252179309062,24.88830102952614
0,657.9361750342542,24.35731274335193
0,657.9471310073791,24.353649779585474
0,657.9580858502809,24.427504199221904
0,657.9690395629594,24.27574080857185
0,657.9799921454148,24.263242287401475
0,657.9909435976471,24.06317384854724
0,658.0018939196563,24.061645952309178
0,658.0128431114422,23.785656357209287
0,658.023791173005,23.983775850897977
0,658.0347381043447,23.785946131471157
0,658.0456839054611,24.11812644002895
0,658.0566285763545,23.712028674697734
0,658.0675721170247,23.687541978174814
0,658.0785145274717,23.514208591316088
0,658.0894558076956,23.391117341453356
0,658.1003959576964,23.416514059494087
0,658.1113349774739,23.418770361920433
0,658.1222728670284,23.10271978743462
0,658.1332096263596,23.175703984002553
0,658.1441452554678,23.18204755531444
0,658.1550797543528,23.048990419041907
0,658.1660131230146,23.01095528481864
0,658.1769453614532,23.1485039560554
0,658.1878764696688,22.895609131580287
0,658.1988064476611,22.780769253467454
0,658.2097352954304,22.73204442689442
0,658.2206630129765,22.669051031152648
0,658.2315896002993,22.739640693817766
0,658.2425150573991,22.684344065869873
0,658.2534393842758,22.490257827023655
0,658.2643625809292,22.403208749124907
0,658.2752846473595,22.49900090821617
0,658.2862055835667,22.34971233545877
0,658.2971253895506,22.384126429790797
0,658.3080440653115,22.487347618636864
0,658.3189616108492,22.090393504495108
0,658.3298780261638,22.20715651450249
0,658.3407933112552,22.003037482746908
0,658.3517074661233,21.853551324756005
0,658.3626204907684,21.984806651873274
0,658.3735323851904,21.954407699143744
0,658.3844431493892,21.750982079930342
0,658.3953527833648,21.79709872129868
0,658.4062612871173,21.868769141145684
0,658.4171686606467,21.599140024684885
0,658.4280749039528,21.698535251699987
0,658.4389800170359,21.674041355463196
0,658.4498839998957,21.538068045167623
0,658.4607868525325,21.459169595470286
0,658.471688574946,21.56470268415508
0,658.4825891671364,21.463936163137987
0,658.4934886291037,21.410769324923972
0,658.5043869608478,21.271293189837213
0,658.5152841623687,21.224555304733254
0,658.5261802336665,21.243905070602413
0,658.5370751747412,21.052336221734294
0,658.5479689855927,21.177518243034676
0,658.558861666221,21.06488525874193
0,658.5697532166262,20.81638295583074
0,658.5806436368083,20.977938807721873
0,658.5915329267672,20.723385001628497
0,658.6024210865029,20.90023065302616
0,658.6133081160154,20.847207053230935
0,658.6241940153049,20.888030254055266
0,658.6350787843712,20.69888207417436
0,658.6459624232143,20.662973959998705
0,658.6568449318343,20.596640193354627
0,658.6677263102312,20.487716074453964
0,658.6786065584048,20.604328580252922
0,658.6894856763553,20.404581504586915
0,658.7003636640827,20.437950228633426
0,658.7112405215869,20.429060609416094
0,658.7221162488679,20.276357343979498
0,658.7329908459259,20.153665266073883
0,658.7438643127606,20.182966060909518
0,658.7547366493723,19.999998073572613
0,658.7656078557607,20.194276874995005
0,658.776477931926,20.03224789156274
0,658.7873468778681,19.96025436869939
0,658.7982146935872,19.852827504025843
0,658.809081379083,19.979741104034883
0,658.8199469343557,19.834962642983648
0,658.8308113594052,19.817193984436333
0,658.8416746542316,19.70324858561568
0,658.8525368188348,19.695008481219855
0,658.8633978532149,19.66884044945693
0,658.8742577573719,19.541466083523282
0,658.8851165313056,19.434419589401845
0,658.8959741750162,19.573857570395063
0,658.9068306885038,19.378026134171883
0,658.917686071768,19.449118786947874
0,658.9285403248092,19.345602906164867
0,658.9393934476273,19.292512675678715
0,658.9502454402221,19.31341041160734
0,658.9610963025938,19.27710030261009
0,658.9719460347424,19.203052581719827
0,658.9827946366678,19.117780216281645
0,658.9936421083701,19.056894777211827
0,659.0044884498492,18.97177194502678
0,659.015333661105,18.975299735081908
0,659.0261777421379,19.122404755705254
0,659.0370206929475,18.88495307001479
0,659.047862513534,18.986579776892395
0,659.0587032038974,18.79411902806746
0,659.0695427640376,18.658398469741403
0,659.0803811939546,18.68909839516119
0,659.0912184936485,18.755204695716518
0,659.1020546631192,18.748440004906335
0,659.1128897023668,18.48783008999358
0,659.1237236113913,18.5957987781584
0,659.1345563901925,18.444139336069362
0,659.1453880387706,18.453244987710846
0,659.1562185571256,18.50477917049286
0,659.1670479452574,18.51821015759634
0,659.1778762031661,18.286778969614613
0,659.1887033308516,18.20981549630462
0,659.199529328314,18.29272595655083
0,659.2103541955532,18.135064221725138
0,659.2211779325693,18.199938091799645
0,659.2320005393622,18.18946553206427
0,659.2428220159319,18.138073425865844
0,659.2536423622786,18.097732605064945
0,659.264461578402,17.90723253204382
0,659.2752796643023,17.951848580810715
0,659.2860966199794,17.875252803998507
0,659.2969124454335,17.832632161834777
0,659.3077271406643,17.862203577381422
0,659.3185407056719,17.859959925500192
0,659.3293531404565,17.73434628034615
0,659.3401644450179,17.65682210360285
0,659.3509746193561,17.746895351500786
0,659.3617836634712,17.638443661577934
0,659.3725915773631,17.596463743326964
0,659.3833983610319,17.448473435404246
0,659.3942040144775,17.5263254156008
0,659.4050085377,17.542511942496592
0,659.4158119306993,17.360470366638317
0,659.4266141934755,17.443062996519885
0,659.4374153260285,17.218332539337634
0,659.4482153283584,17.32988605063997
0,659.459014200465,17.245822440377413
0,659.4698119423487,17.3368996293049
0,659.480608554009,17.17020117888547
0,659.4914040354463,17.09308964260661
0,659.5021983866603,17.036826640869943
0,659.5129916076513,17.08557655442246
0,659.5237836984192,17.07721808655573
0,659.5345746589637,17.001593588887452
0,659.5453644892852,16.93459201460732
0,659.5561531893836,16.87628938685882
0,659.5669407592588,16.94606777731946
0,659.5777271989108,16.811109898966603
0,659.5885125083397,16.774359010169153
0,659.5992966875455,16.86393972292609
0,659.6100797365281,16.753976066461853
0,659.6208616552874,16.674377756536984
0,659.6316424438237,16.553149829022285
0,659.6424221021368,16.646996420215743
0,659.6532006302268,16.596731847821776
0,659.6639780280937,16.620059799063466
0,659.6747542957373,16.433770876228046
0,659.6855294331579,16.525125892539254
0,659.6963034403552,16.37114547364992
0,659.7070763173293,16.454806821436662
0,659.7178480640804,16.283186626776207
0,659.7286186806083,16.3763680653945
0,659.739388166913,16.22121286720156
0,659.7501565229946,16.321912111667675
0,659.7609237488531,16.191819408634778
0,659.7716898444884,16.14071740345335
0,659.7824548099006,16.144325010714425
0,659.7932186450896,16.13655824734864
0,659.8039813500554,16.16627123832038
0,659.8147429247981,16.124112799848774
0,659.8255033693176,16.01847862136721
0,659.836262683614,15.957271648363985
0,659.8470208676872,15.89822493255905
0,659.8577779215373,15.967094385679914
0,659.8685338451643,15.802020340046791
0,659.879288638568,15.818150487206811
0,659.8900423017486,15.90846410721122
0,659.9007948347061,15.834755063768629
0,659.9115462374405,15.815571078861495
0,659.9222965099516,15.704449130636334
0,659.9330456522396,15.774094805757784
0,659.9437936643044,15.715704177575386
0,659.9545405461462,15.663215734750313
0,659.9652862977647,15.504534023672166
0,659.9760309191602,15.515463989023809
0,659.9867744103324,15.542934157695688
0,659.9975167712814,15.666448898801024
0,660.0082580020074,15.534265314839077
0,660.0189981025102,15.487116705287303
0,660.0297370727899,15.531058986906643
0,660.0404749128463,15.465706016229193
0,660.0512116226797,15.428143881001086
0,660.0619472022898,15.44868726749478
0,660.0726816516769,15.397231396918055
0,660.0834149708407,15.305806845648643
0,660.0941471597815,15.339800903583512
0,660.104878218499,15.323312914890879
0,660.1156081469935,15.287638561057562
0,660.1263369452647,15.221751596651368
0,660.1370646133129,15.267161358902674
0,660.1477911511379,15.178828655609442
0,660.1585165587396,15.165838966277205
0,660.1692408361183,15.151044948775432
0,660.1799639832739,15.142263491142995
0,660.1906860002061,15.075753928879712
0,660.2014068869154,15.05305558674555
0,660.2121266434015,14.975115070855718
0,660.2228452696644,14.976530429592872
0,660.233562765704,14.970808654911206
0,660.2442791315207,14.95960479115595
0,660.2549943671141,14.884188379608899
0,660.2657084724844,14.862844623771084
0,660.2764214476316,14.835606629961717
0,660.2871332925556,14.838540375033903
0,660.2978440072563,14.874143081232251
0,660.308553591734,14.64277197137682
0,660.3192620459886,14.645156977376981
0,660.32996937002,14.655124878414535
0,660.3406755638282,14.795739636979008
0,660.3513806274133,14.690465730426968
0,660.3620845607752,14.58715888815757
0,660.372787363914,14.605052557544383
0,660.3834890368296,14.5479247978815
0,660.394189579522,14.575246249856754
0,660.4048889919914,14.597921455842444
0,660.4155872742375,14.499802270282643
0,660.4262844262605,14.561262980216874
0,660.4369804480604,14.41482372936142
0,660.447675339637,14.45393143911004
0,660.4583691009907,14.382774645236017
0,660.4690617321211,14.487438457891159
0,660.4797532330283,14.49672434776852
0,660.4904436037124,14.401296461323499
0,660.5011328441733,14.233152399882247
0,660.5118209544111,14.30758208676072
0,660.5225079344258,14.292497148338246
0,660.5331937842172,14.246005179775144
0,660.5438785037855,14.275116300859906
0,660.5545620931307,14.175817439257305
0,660.5652445522528,14.167202744171977
0,660.5759258811516,14.141216170258332
0,660.5866060798273,14.238551598954587
0,660.59728514828,14.100082203822327
0,660.6079630865094,14.102114947242528
0,660.6186398945157,13.997179121445745
0,660.6293155722988,14.06228176404293
0,660.6399901198587,14.029296453135663
0,660.6506635371956,14.063308139226717
0,660.6613358243092,14.092935096931972
0,660.6720069811997,14.126173991769795
0,660.682677007867,13.939744668989512
0,660.6933459043113,13.99931710323499
0,660.7040136705323,13.959257125785753
0,660.7146803065302,13.945778162002272
0,660.7253458123049,13.982114924362065
0,660.7360101878566,13.874148631240631
0,660.7466734331849,13.914973136196549
0,660.7573355482903,13.91418630736733
0,660.7679965331724,13.992048622375785
0,660.7786563878313,13.885840342719748
0,660.7893151122672,13.779065125984744
0,660.7999727064799,13.814291834254432
0,660.8106291704694,13.749172522037757
0,660.8212845042358,13.777666129987974
0,660.831938707779,13.720369490668038
0,660.8425917810991,13.715841911671447
0,660.853243724196,13.754889635766954
0,660.8638945370698,13.69534280801126
0,660.8745442197204,13.67482896194558
0,660.8851927721479,13.741185556474525
0,660.8958401943522,13.634224501882061
0,660.9064864863333,13.724500233445772
0,660.9171316480913,13.569950841193227
0,660.9277756796262,13.562545220868632
0,660.9384185809379,13.602423609815819
0,660.9490603520264,13.548808937183228
0,660.9597009928918,13.491279725656723
0,660.9703405035341,13.561518185734858
0,660.9809788839532,13.500177310744798
0,660.9916161341491,13.507556446037695
0,661.0022522541219,13.459584858566863
0,661.0128872438715,13.472222436914327
0,661.023521103398,13.419811960239967
0,661.0341538327013,13.42218149606058
0,661.0447854317815,13.438476190642167
0,661.0554159006385,13.376322672738894
0,661.0660452392724,13.47596736036413
0,661.0766734476831,13.325703042342475
0,661.0873005258707,13.28541413532452
0,661.0979264738351,13.346483783696714
0,661.1085512915764,13.29303870436009
0,661.1191749790945,13.412363682576668
0,661.1297975363894,13.281261271708615
0,661.1404189634612,13.332174647519166
0,661.1510392603099,13.29084292836314
0,661.1616584269354,13.260089816185861
0,661.1722764633378,13.235429326768877
0,661.1828933695169,13.243972151767888
0,661.1935091454731,13.260002097465689
0,661.2041237912059,13.174279956624401
0,661.2147373067156,13.210057935909512
0,661.2253496920023,13.215849859171472
0,661.2359609470657,13.219094042483931
0,661.2465710719059,13.065809612834165
0,661.2571800665231,13.122884863159028
0,661.267787930917,13.082366530415703
0,661.278394665088,13.07414369905993
0,661.2890002690356,13.097057368350736
0,661.29960474276,13.028407816154976
0,661.3102080862615,13.014660706087696
0,661.3208102995396,13.067919237152402
0,661.3314113825948,12.939039266659284
0,661.3420113354267,12.947792554862659
0,661.3526101580354,12.959701407315304
0,661.3632078504211,12.936481610412896
0,661.3738044125835,12.919381969961636
0,661.3843998445228,12.91565527778285
0,661.3949941462389,12.933447050277637
0,661.4055873177319,12.905512677444861
0,661.4161793590018,12.912102884104375
0,661.4267702700485,12.875366307168283
0,661.437360050872,12.90048771583606
0,661.4479487014725,12.85778384854053
0,661.4585362218497,12.788012411852307
0,661.4691226120037,12.813939971825036
0,661.4797078719347,12.82513312451489
0,661.4902920016425,12.754946651543905
0,661.5008750011272,12.715567757635814
0,661.5114568703885,12.776370749514104
0,661.5220376094269,12.804171689262525
0,661.5326172182421,12.705427487500886
0,661.5431956968341,12.773474012320536
0,661.553773045203,12.738307613016667
0,661.5643492633487,12.716915855973353
0,661.5749243512713,12.647770689554202
0,661.5854983089707,12.681079843996658
0,661.596071136447,12.641152135322544
0,661.6066428337001,12.67885895317137
0,661.6172134007301,12.612605834751916
0,661.6277828375369,12.682298620071393
0,661.6383511441205,12.646373034582929
0,661.648918320481,12.559368225364688
0,661.6594843666184,12.5555067559154
0,661.6700492825325,12.539868129057965
0,661.6806130682236,12.594095782818902
0,661.6911757236915,12.52341365345992
0,661.7017372489362,12.471352349827324
0,661.7122976439578,12.489420356570253
0,661.7228569087562,12.492626880235372
0,661.7334150433314,12.470389379431857
0,661.7439720476837,12.49835073929892
0,661.7545279218126,12.41055701031565
0,661.7650826657184,12.50645883812607
0,661.775636279401,12.385494272119683
0,661.7861887628605,12.433674514741929
0,661.796740116097,12.389324017178353
0,661.8072903391102,12.35215557816821
0,661.8178394319002,12.321609123694229
0,661.8283873944672,12.332056417050184
0,661.8389342268109,12.53018160954397
0,661.8494799289315,12.31490811569399
0,661.860024500829,12.3686875131527
0,661.8705679425033,12.400816051397545
0,661.8811102539545,12.379253780469897
0,661.8916514351824,12.367358463237258
0,661.9021914861872,12.365122226924273
0,661.912730406969,12.320647234241648
0,661.9232681975275,12.34155579513039
0,661.9338048578629,12.26379733929029
0,661.9443403879751,12.240293259081314
0,661.9548747878642,12.349457848263322
0,661.9654080575301,12.279437072117782
0,661.9759401969729,12.231742829061771
0,661.9864712061926,12.239376843089218
0,661.997001085189,12.196990744136162
0,662.0075298339624,12.148255742132775
0,662.0180574525125,12.214828650356468
0,662.0285839408396,12.106222947646804
0,662.0391092989435,12.12906469990394
0,662.0496335268241,12.205608153349882
0,662.0601566244817,12.16365001730496
0,662.0706785919161,12.120352459944396
0,662.0811994291273,12.143898563058679
0,662.0917191361154,12.161019501081714
0,662.1022377128804,12.07699486755781
0,662.1127551594222,12.161811526234322
0,662.1232714757409,12.09026888128453
0,662.1337866618363,12.067808190213041
0,662.1443007177087,12.112253701089498
0,662.1548136433579,12.062460070058206
0,662.165325438784,12.035102364885645
0,662.1758361039869,12.045525594542505
0,662.1863456389666,12.075469315358497
0,662.1968540437232,12.035288088288121
0,662.2073613182565,11.977448476840502
0,662.2178674625668,12.002580961770864
0,662.2283724766539,11.954509307999558
0,662.2388763605179,11.943751029727823
0,662.2493791141587,12.002539311206725
0,662.2598807375764,12.06448633609465
0,662.2703812307709,11.930268888605742
0,662.2808805937423,12.008703815794115
0,662.2913788264906,12.025897281305681
0,662.3018759290156,11.966800866244915
0,662.3123719013175,11.9597792989787
0,662.3228667433963,12.031578433729344
0,662.3333604552519,11.931953502012634
0,662.3438530368843,11.918764670302792
0,662.3543444882936,11.934257721069182
0,662.3648348094798,11.90336569022891
0,662.3753240004428,11.937238941560457
0,662.3858120611826,11.941392474339422
0,662.3962989916993,11.88130495165949
0,662.4067847919928,11.832049688712125
0,662.4172694620632,11.853006803167679
0,662.4277530019104,11.913033850019938
0,662.4382354115345,11.856128678195086
0,662.4487166909355,11.800913343513269
0,662.4591968401132,11.852756565065079
0,662.4696758590678,11.902049963474624
0,662.4801537477994,11.850630808721665
0,662.4906305063076,11.798863614676314
0,662.5011061345928,11.868130062367689
0,662.5115806326548,11.808529566209467
0,662.5220540004937,11.829707847034895
0,662.5325262381094,11.77299506456249
0,662.5429973455019,11.801048010399205
0,662.5534673226714,11.734060212480944
0,662.5639361696176,11.652904358832693
0,662.5744038863407,11.728673825828778
0,662.5848704728406,11.743278605215044
0,662.5953359291175,11.728208194303047
0,662.6058002551711,11.701816000505252
0,662.6162634510016,11.7245669003479
0,662.626725516609,11.712105716742885
0,662.6371864519931,11.739427382459185
0,662.6476462571542,11.660493207750788
0,662.6581049320921,11.630942300411792
0,662.6685624768068,11.643502246511265
0,662.6790188912984,11.689273771592859
0,662.6894741755668,11.670984526976943
0,662.699928329612,11.663629414105738
0,662.7103813534342,11.61905938802903
0,662.7208332470332,11.671049700424861
0,662.731284010409,11.63314090680897
0,662.7417336435617,11.62869961541592
0,662.7521821464911,11.573842977782443
0,662.7626295191975,11.614748749544265
0,662.7730757616807,11.59427351461233
0,662.7835208739408,11.679843069787335
0,662.7939648559777,11.606674412887896
0,662.8044077077915,11.679252523784383
0,662.8148494293821,11.6104410765087
0,662.8252900207494,11.629447882292224
0,662.8357294818937,11.684018310099702
0,662.8461678128149,11.58876942279335
0,662.8566050135129,11.58029204459195
0,662.8670410839877,11.557620018792827
0,662.8774760242394,11.638001096289882
0,662.8879098342679,11.583244362684061
0,662.8983425140734,11.536571819812625
0,662.9087740636556,11.576394254292397
0,662.9192044830147,11.51802476256175
0,662.9296337721506,11.524496655377003
0,662.9400619310634,11.467151073337957
0,662.950488959753,11.536661705800448
0,662.9609148582194,11.61225656957983
0,662.9713396264627,11.588020687620887
0,662.981763264483,11.540056083507402
0,662.99218577228,11.55350777669934
0,663.0026071498538,11.55343216405055
0,663.0130273972045,11.517526011847067
0,663.023446514332,11.490892310618582
0,663.0338645012365,11.459732700098648
0,663.0442813579177,11.468049820273704
0,663.0546970843758,11.449844366282257
0,663.0651116806108,11.434175831053997
0,663.0755251466226,11.505564552319534
0,663.0859374824112,11.461612581214062
0,663.0963486879767,11.408448337356162
0,663.106758763319,11.418997620882587
0,663.1171677084383,11.494528943551138
0,663.1275755233343,11.364488595951618
0,663.1379822080071,11.446452458577674
0,663.1483877624569,11.413237443596831
0,663.1587921866834,11.442584029601253
0,663.1691954806869,11.37748783518393
0,663.1795976444671,11.442315681395456
0,663.1899986780243,11.352784911135464
0,663.2003985813582,11.38955900451872
0,663.210797354469,11.42075766271938
0,663.2211949973567,11.403531356025495
0,663.2315915100212,11.394513083589265
0,663.2419868924626,11.441302851968384
0,663.2523811446807,11.407303871884848
0,663.2627742666758,11.352424416835792
0,663.2731662584478,11.361235598035943
0,663.2835571199964,11.423758294142635
0,663.2939468513221,11.317362473132839
0,663.3043354524245,11.391025604547789
0,663.3147229233037,11.376426638517255
0,663.3251092639599,11.379381538849685
0,663.3354944743929,11.403569953643622
0,663.3458785546028,11.338173016694688
0,663.3562615045895,11.363409188031726
0,663.3666433243529,11.290419075649796
0,663.3770240138933,11.285483678263672
0,663.3874035732106,11.355417281522884
0,663.3977820023047,11.391943170928535
0,663.4081593011756,11.40972325387139
0,663.4185354698234,11.399508391754678
0,663.428910508248,11.408264045177955
0,663.4392844164495,11.380524920716422
0,663.4496571944278,11.375467771540901
0,663.460028842183,11.40192921283835
0,663.4703993597149,11.316685712005269
0,663.4807687470237,11.371171561184376
0,663.4911370041095,11.369631440098292
0,663.5015041309721,11.320361149099858
0,663.5118701276115,11.351686944781639
0,663.5222349940277,11.337358374218221
0,663.5325987302208,11.350041563164403
0,663.5429613361907,11.329070404106261
0,663.5533228119375,11.319085061555636
0,663.5636831574611,11.314044400378561
0,663.5740423727616,11.273560278186036
0,663.5844004578389,11.263234144787852
0,663.5947574126932,11.26328692208204
0,663.6051132373242,11.31699987951395
0,663.615467931732,11.365107413874725
0,663.6258214959167,11.386270011593398
0,663.6361739298784,11.318246321241775
0,663.6465252336168,11.304450202060302
0,663.656875407132,11.32356616000824
0,663.6672244504241,11.264135211601923
0,663.6775723634931,11.28536474735263
0,663.6879191463389,11.250884845057563
0,663.6982647989615,11.296610049380327
0,663.7086093213611,11.229346029927287
0,663.7189527135374,11.26511690973186
0,663.7292949754907,11.302927860953131
0,663.7396361072207,11.340585723607486
0,663.7499761087277,11.27906126661859
0,663.7603149800113,11.305056890967444
0,663.7706527210719,11.2812115241953
0,663.7809893319094,11.25746771403271
0,663.7913248125236,11.305613352347201
0,663.8016591629148,11.305099944837952
0,663.8119923830828,11.222198961519547
0,663.8223244730276,11.263793866845129
0,663.8326554327493,11.24435182975709
0,663.8429852622478,11.277598443981422
0,663.8533139615232,11.26326809494205
0,663.8636415305755,11.286170432828875
0,663.8739679694045,11.240652401017957
0,663.8842932780104,11.227769104442338
0,663.8946174563932,11.241433044845882
0,663.9049405045528,11.221873213430069
0,663.9152624224893,11.193604321016773
0,663.9255832102026,11.231753657692638
0,663.9359028676927,11.230572217868358
0,663.9462213949597,11.205150515571344
0,663.9565387920036,11.23270365280795
0,663.9668550588243,11.30671450774813
0,663.9771701954219,11.32088928766506
0,663.9874842017962,11.213755998507093
0,663.9977970779474,11.192322081403578
0,664.0081088238755,11.245823013815295
0,664.0184194395805,11.217518990608234
0,664.0287289250623,11.260055790081344
0,664.0390372803209,11.145654551369212
0,664.0493445053564,11.243315839599623
0,664.0596506001688,11.22069949476617
0,664.069955564758,11.23199287117402
0,664.080259399124,11.181571356061914
0,664.0905621032668,11.207573778145662
0,664.1008636771866,11.204379408196935
0,664.1111641208831,11.264256180102427
0,664.1214634343565,11.177050589195161
0,664.1317616176068,11.234126020947356
0,664.1420586706339,11.222534804123534
0,664.1523545934378,11.269976891593796
0,664.1626493860186,11.330387081676868
0,664.1729430483763,11.392794777481484
0,664.1832355805108,11.310131854711827
0,664.1935269824222,11.315665341967987
0,664.2038172541104,11.310390761667469
0,664.2141063955754,11.281090778980536
0,664.2243944068173,11.318959157580872
0,664.2346812878361,11.31723177064025
0,664.2449670386317,11.264782222390568
0,664.2552516592041,11.347390818012235
0,664.2655351495533,11.336981953590637
0,664.2758175096795,11.34704024602282
0,664.2860987395825,11.348994760016922
0,664.2963788392623,11.325274410059015
0,664.306657808719,11.286425099886378
0,664.3169356479525,11.361200928533632
0,664.3272123569628,11.32553950192163
0,664.3374879357501,11.370288225853383
0,664.3477623843141,11.352648385308823
0,664.3580357026551,11.261765203132574
0,664.3683078907728,11.343737980826772
0,664.3785789486675,11.26925764792624
0,664.3888488763389,11.366004670536759
0,664.3991176737873,11.325509713646477
0,664.4093853410124,11.257336986707484
0,664.4196518780144,11.365372018288427
0,664.4299172847932,11.311974574734311
0,664.4401815613489,11.346946124186351
0,664.4504447076815,11.396388671869804
0,664.4607067237908,11.345945248022591
0,664.4709676096771,11.30841825667983
0,664.4812273653401,11.360894198088772
0,664.4914859907801,11.288776522447463
0,664.5017434859969,11.320653007571657
0,664.5119998509905,11.336823217399154
0,664.522255085761,11.39585064107415
0,664.5325091903084,11.348744691919498
0,664.5427621646326,11.464799457639685
0,664.5530140087335,11.354922883666404
0,664.5632647226114,11.316296204547843
0,664.5735143062661,11.44807395292238
0,664.5837627596977,11.357253467111088
0,664.5940100829062,11.363434028505678
0,664.6042562758914,11.41874367166443
0,664.6145013386534,11.319836057198073
0,664.6247452711924,11.34713331893538
0,664.6349880735082,11.40944599865128
0,664.6452297456009,11.417896509797238
0,664.6554702874704,11.436024225093663
0,664.6657096991167,11.35185741010941
0,664.67594798054,11.355148581790813
0,664.68618513174,11.337366838528942
0,664.6964211527169,11.393431150087824
0,664.7066560434706,11.429005200437143
0,664.7168898040012,11.43386076089603
0,664.7271224343086,11.410994249784276
0,664.7373539343929,11.375012559137794
0,664.747584304254,11.371475519000423
0,664.757813543892,11.360788422079175
0,664.7680416533069,11.416007851504686
0,664.7782686324986,11.484988230851881
0,664.7884944814671,11.415234660074635
0,664.7987192002124,11.41622159344245
0,664.8089427887346,11.46452685566205
0,664.8191652470337,11.414505219335993
0,664.8293865751097,11.52050122957673
0,664.8396067729624,11.361837187794514
0,664.849825840592,11.432453441217264
0,664.8600437779984,11.459326565791107
0,664.8702605851818,11.448350294522424
0,664.8804762621419,11.446249631680725
0,664.8906908088788,11.413170910850377
0,664.9009042253928,11.492430597152612
0,664.9111165116834,11.467393157923373
0,664.9213276677509,11.442012795056662
0,664.9315376935954,11.46739497480445
0,664.9417465892166,11.483175598198054
0,664.9519543546147,11.44906262074196
0,664.9621609897896,11.495714425472016
0,664.9723664947414,11.509445973948447
0,664.98257086947,11.498873727932896
0,664.9927741139755,11.490853773389281
0,665.0029762282578,11.449727602016209
0,665.013177212317,11.494467104418867
0,665.023377066153,11.55364196182164
0,665.0335757897659,11.605034985597559
0,665.0437733831556,11.469096780439461
0,665.0539698463222,11.473855434453046
0,665.0641651792656,11.552501184204846
0,665.0743593819858,11.57478205281298
0,665.084552454483,11.479984644331894
0,665.0947443967568,11.536655804458912
0,665.1049352088077,11.613231456035134
0,665.1151248906353,11.591897167475928
0,665.1253134422399,11.6048771798433
0,665.1355008636211,11.573628340277685
0,665.1456871547794,11.57682653548646
0,665.1558723157144,11.576949863738538
0,665.1660563464263,11.632019223997029
0,665.176239246915,11.555665282577964
0,665.1864210171806,11.619943970073555
0,665.196601657223,11.683221991112543
0,665.2067811670423,11.658214070920273
0,665.2169595466385,11.657610547291851
0,665.2271367960115,11.648215699360035
0,665.2373129151613,11.648636808180896
0,665.247487904088,11.704679763186164
0,665.2576617627914,11.702778703433365
0,665.2678344912717,11.748833430752503
0,665.278006089529,11.717545907767988
0,665.288176557563,11.76314904030917
0,665.2983458953739,11.698749596493565
0,665.3085141029617,11.733249199205638
0,665.3186811803263,11.669735943966751
0,665.3288471274677,11.727352973874147
0,665.3390119443861,11.734090243816746
0,665.3491756310813,11.744647571530516
0,665.3593381875532,11.80917698260582
0,665.3694996138021,11.832918578143305
0,665.3796599098278,11.766852307687964
0,665.3898190756303,11.791035098924398
0,665.3999771112096,11.770880489850517
0,665.410134016566,11.767607353228668
0,665.420289791699,11.840565687778565
0,665.4304444366089,11.777907183445276
0,665.4405979512957,11.808085664155607
0,665.4507503357594,11.847890359307355
0,665.4609015899998,11.803686101682715
0,665.4710517140171,11.751911985022975
0,665.4812007078112,11.899088564520174
0,665.4913485713823,11.837622762899288
0,665.5014953047302,11.895460733843647
0,665.5116409078548,11.747798316793912
0,665.5217853807565,11.767891929115114
0,665.5319287234348,11.79958596335808
0,665.5420709358901,11.82890026123847
0,665.5522120181222,12.034036445877001
0,665.5623519701312,11.93913217599727
0,665.572490791917,12.030637082212635
0,665.5826284834795,12.064621390646257
0,665.5927650448191,11.98315923502488
0,665.6029004759355,12.102777198508896
0,665.6130347768286,12.091866846665297
0,665.6231679474987,11.986267206681942
0,665.6332999879455,12.078804038329476
0,665.6434308981693,12.047214175589168
0,665.6535606781698,12.02940517351028
0,665.6636893279473,12.108823744834712
0,665.6738168475016,12.070533653882375
0,665.6839432368326,12.020771308746667
0,665.6940684959407,12.040837616876736
0,665.7041926248255,12.095409079429615
0,665.7143156234871,11.94490196948391
0,665.7244374919256,12.019112371671326
0,665.734558230141,12.057625878386084
0,665.7446778381333,12.034968120492376
0,665.7547963159022,11.99412565672678
0,665.7649136634482,12.11543451043926
0,665.775029880771,12.172626848001357
0,665.7851449678706,12.105955617169368
0,665.795258924747,12.09375789541587
0,665.8053717514002,12.080852346079215
0,665.8154834478304,12.02706928630338
0,665.8255940140374,12.038001049692147
0,665.8357034500212,12.14733976836084
0,665.8458117557819,12.139543082721536
0,665.8559189313195,12.004792978671668
0,665.8660249766339,12.091089844246815
0,665.8761298917251,12.087583580983694
0,665.8862336765932,12.049446745452785
0,665.8963363312381,12.089101061531288
0,665.9064378556599,12.123939716622804
0,665.9165382498585,12.102188127666569
0,665.926637513834,12.070724485938273
0,665.9367356475863,12.048801128647554
0,665.9468326511154,12.125742812122029
0,665.9569285244214,12.180119334081763
0,665.9670232675043,12.155060572427416
0,665.9771168803641,12.096961258637098
0,665.9872093630006,12.113442874574234
0,665.997300715414,12.125354642809384
0,666.0073909376042,12.169026927284254
0,666.0174800295713,12.137636073349073
0,666.0275679913153,12.18311687441976
0,666.0376548228361,12.138190988570654
0,666.0477405241337,12.11022692747638
0,666.0578250952082,12.145728455277814
0,666.0679085360596,12.22047025482912
0,666.0779908466877,12.212674398186492
0,666.0880720270927,12.181713791472092
0,666.0981520772747,12.156563075746094
0,666.1082309972334,12.235983644281351
0,666.1183087869689,12.218188005269475
0,666.1283854464814,12.156537636058111
0,666.1384609757706,12.25518485502235
0,666.1485353748368,12.150097694954738
0,666.1586086436797,12.234866190419034
0,666.1686807822996,12.278365501924682
0,666.1787517906962,12.287420662076194
0,666.1888216688698,12.211410286630782
0,666.1988904168201,12.2596389961083
0,666.2089580345473,12.29647919878793
0,666.2190245220513,12.303992990939847
0,666.2290898793323,12.299267075268968
0,666.23915410639,12.282235934224168
0,666.2492172032246,12.31335839054158
0,666.2592791698361,12.306915607896485
0,666.2693400062243,12.314107929597089
0,666.2793997123895,12.385653409413827
0,666.2894582883314,12.319089843645013
0,666.2995157340503,12.376748527498828
0,666.309572049546,12.344724569413932
0,666.3196272348185,12.353680965834648
0,666.3296812898678,12.384773936500448
0,666.3397342146941,12.371391442722159
0,666.3497860092972,12.380529223698705
0,666.3598366736771,12.363945592941791
0,666.3698862078338,12.380801895570784
0,666.3799346117675,12.4432479311506
0,666.3899818854779,12.468985622960204
0,666.4000280289653,12.423462459528658
0,666.4100730422294,12.432480609559466
0,666.4201169252705,12.489329429345844
0,666.4301596780883,12.452255185987
0,666.440201300683,12.560685545726061
0,666.4502417930546,12.484874421978432
0,666.4602811552029,12.524084210543368
0,666.4703193871281,12.485780334208261
0,666.4803564888302,12.502227730955065
0,666.4903924603092,12.503709961420872
0,666.500427301565,12.530427360817141
0,666.5104610125977,12.546694247789102
0,666.5204935934072,12.559443321119591
0,666.5305250439935,12.649444101107674
0,666.5405553643567,12.643540903129233
0,666.5505845544967,12.572041441866666
0,666.5606126144136,12.612436806324215
0,666.5706395441073,12.628612896989365
0,666.5806653435778,12.558571520354704
0,666.5906900128253,12.67174175089501
0,666.6007135518496,12.764928068946174
0,666.6107359606507,12.663163450442644
0,666.6207572392286,12.616482519562584
0,666.6307773875834,12.636566166247766
0,666.6407964057152,12.724608868575014
0,666.6508142936236,12.500724783371483
0,666.660831051309,12.475435897978803
0,666.6708466787712,12.57543585358838
0,666.6808611760102,12.537081182017955
0,666.6908745430261,12.483227611563061
0,666.7008867798189,12.509304704207832
0,666.7108978863885,12.56765607819133
0,666.7209078627349,12.609151591669102
0,666.7309167088582,12.616633017974204
0,666.7409244247583,12.608273535066058
0,666.7509310104354,12.64022049906944
0,666.7609364658891,12.611129229727155
0,666.7709407911199,12.581578115807847
0,666.7809439861273,12.58897670754062
0,666.7909460509118,12.6309549609567
0,666.8009469854729,12.730086924162741
0,666.810946789811,12.680866828077775
0,666.8209454639259,12.769386640529051
0,666.8309430078177,12.715965084986077
0,666.8409394214864,12.837753492199955
0,666.8509347049318,12.721142098431988
0,666.8609288581541,12.806622174808135
0,666.8709218811532,12.800775655608232
0,666.8809137739293,12.824160012545516
0,666.8909045364821,12.830498107676611
0,666.9008941688119,12.746750915229953
0,666.9108826709183,12.851044426217328
0,666.9208700428018,12.87009717583671
0,666.930856284462,12.89607279438386
0,666.9408413958992,12.864918540923615
0,666.950825377113,12.941937351304501
0,666.9608082281038,12.87996088991553
0,666.9707899488715,12.867669469347419
0,666.980770539416,12.972146910022584
0,666.9907499997373,12.953268134344041
0,667.0007283298355,12.96235745280093
0,667.0107055297104,12.968142766004863
0,667.0206815993623,12.929420736238578
0,667.030656538791,12.962249318329434
0,667.0406303479966,12.92116077286328
0,667.050603026979,13.047552142656812
0,667.0605745757383,13.041692221124666
0,667.0705449942744,13.112638104194783
0,667.0805142825874,13.058683500785362
0,667.0904824406772,13.089000996837116
0,667.1004494685438,13.218146692724794
0,667.1104153661873,13.084383954591464
0,667.1203801336077,13.139616770865393
0,667.1303437708049,13.16710569984614
0,667.140306277779,13.12773329929964
0,667.1502676545299,13.156470716433848
0,667.1602279010576,13.191045508117337
0,667.1701870173622,13.277986542523285
0,667.1801450034436,13.297583067973338
0,667.1901018593019,13.218674744125359
0,667.2000575849371,13.28088019803078
0,667.210012180349,13.231239776350101
0,667.2199656455379,13.343324885037362
0,667.2299179805035,13.306883397520995
0,667.2398691852461,13.338736708477263
0,667.2498192597654,13.309076994986894
0,667.2597682040616,13.44262206793988
0,667.2697160181348,13.327248852462535
0,667.2796627019846,13.406073742093584
0,667.2896082556114,13.417591237182855
0,667.299552679015,13.492644718796507
0,667.3094959721955,13.427590969745742
0,667.3194381351528,13.409278429976563
0,667.3293791678869,13.502108998620733
0,667.3393190703979,13.5241314729865
0,667.3492578426858,13.515541463838087
0,667.3591954847504,13.498297972216623
0,667.369131996592,13.688340945864326
0,667.3790673782104,13.486596708072069
0,667.3890016296057,13.593359076547076
0,667.3989347507778,13.640409522497855
0,667.4088667417267,13.551855335885005
0,667.4187976024525,13.653992238695283
0,667.4287273329551,13.626982488148341
0,667.4386559332346,13.711420033833484
0,667.448583403291,13.717217648528202
0,667.4585097431241,13.72231346328469
0,667.4684349527341,13.701896357299127
0,667.478359032121,13.77912217765478
0,667.4882819812847,13.707133915130207
0,667.4982038002253,13.715102010979564
0,667.5081244889427,13.783142638050185
0,667.518044047437,13.793813083565036
0,667.527962475708,13.954287293444434
0,667.537879773756,13.913602559855969
0,667.5477959415808,13.921261124441452
0,667.5577109791825,13.88818127555863
0,667.567624886561,13.897562147868907
0,667.5775376637163,13.934569621448585
0,667.5874493106485,13.97555596060984
0,667.5973598273575,13.9685095267484
0,667.6072692138434,14.008773250160166
0,667.6171774701062,13.939547529300327
0,667.6270845961458,14.082121373754418
0,667.6369905919622,14.071870734410172
0,667.6468954575555,14.030013814436458
0,667.6567991929256,14.098393374444901
0,667.6667017980726,14.11029142531483
0,667.6766032729964,14.209036719822889
0,667.6865036176971,14.181801896604503
0,667.6964028321746,14.154860289246706
0,667.706300916429,14.128458570805984
0,667.7161978704602,14.138843571750074
0,667.7260936942682,14.205627785793158
0,667.7359883878532,14.248964707703884
0,667.745881951215,14.222590261917274
0,667.7557743843536,14.338934435357455
0,667.765665687269,14.313440953801098
0,667.7755558599613,14.296652589327548
0,667.7854449024304,14.355006760512397
0,667.7953328146765,14.40074053858487
0,667.8052195966993,14.364837749973258
0,667.815105248499,14.491047696479937
0,667.8249897700755,14.327789860678314
0,667.834873161429,14.450015059402242
0,667.8447554225592,14.587815938120025
0,667.8546365534662,14.548396782460221
0,667.8645165541502,14.475676243935723
0,667.874395424611,14.515325219834391
0,667.8842731648487,14.53147922851283
0,667.8941497748631,14.557984906576674
0,667.9040252546544,14.597682386458118
0,667.9138996042226,14.62462769793864
0,667.9237728235676,14.696650769619515
0,667.9336449126895,14.57202354824313
0,667.9435158715881,14.693237353782608
0,667.9533857002638,14.727097192091597
0,667.9632543987161,14.722370465622161
0,667.9731219669454,14.756022516744324
0,667.9829884049515,14.775500419468024
0,667.9928537127345,14.924345386765193
0,668.0027178902943,14.883094630720862
0,668.0125809376309,14.57532615937323
0,668.0224428547444,14.58350221362583
0,668.0323036416347,14.618987808686398
0,668.042163298302,14.705634980639095
0,668.052021824746,14.565643101443253
0,668.0618792209668,14.681868973927315
0,668.0717354869646,14.62691724813933
0,668.0815906227392,14.73293286747882
0,668.0914446282907,14.731656525979965
0,668.1012975036189,14.845175172465924
0,668.111149248724,14.793504203361666
0,668.120999863606,14.81690882403004
0,668.1308493482649,14.849877463055838
0,668.1406977027005,14.89530596405648
0,668.150544926913,14.872153968803385
0,668.1603910209024,14.794778822520922
0,668.1702359846686,14.926268691920871
0,668.1800798182117,14.99934967074037
0,668.1899225215316,15.120795637737723
0,668.1997640946283,15.036656360102619
0,668.209604537502,15.098999255163351
0,668.2194438501524,15.006458634560557
0,668.2292820325797,15.105620292784211
0,668.2391190847839,15.034340503385808
0,668.2489550067648,15.106690588488458
0,668.2587897985227,15.313101725030503
0,668.2686234600574,15.297020444348389
0,668.2784559913689,15.232683185338749
0,668.2882873924573,15.184192545565812
0,668.2981176633225,15.311110821754031
0,668.3079468039646,15.322816389398877
0,668.3177748143835,15.26851450231133
0,668.3276016945794,15.256739691547592
0,668.337427444552,15.378370174040192
0,668.3472520643014,15.449061074620657
0,668.3570755538277,15.580287899439286
0,668.3668979131309,15.39947706449147
0,668.376719142211,15.558415702770693
0,668.3865392410678,15.572611327562646
0,668.3963582097015,15.551753396007856
0,668.406176048112,15.478246935089269
0,668.4159927562995,15.719845932930921
0,668.4258083342637,15.562438742040037
0,668.4356227820048,15.693888453876397
0,668.4454360995228,15.679524194062882
0,668.4552482868176,15.733436332961306
0,668.4650593438892,15.698377186373442
0,668.4748692707377,15.834550307196512
0,668.484678067363,15.710190089461996
0,668.4944857337653,15.767407708856691
0,668.5042922699442,15.901068451819267
0,668.5140976759002,15.843314901999435
0,668.5239019516329,15.917757722411375
0,668.5337050971425,15.945275139150825
0,668.5435071124289,15.895155312402817
0,668.5533079974922,15.925123389242325
0,668.5631077523323,16.048842732321532
0,668.5729063769493,16.149168601424034
0,668.582703871343,16.073320176206355
0,668.5925002355137,16.09587668202497
0,668.6022954694613,16.22283178069154
0,668.6120895731856,16.232652698503927
0,668.6218825466868,16.133762283350162
0,668.6316743899649,16.17995218157348
0,668.6414651030198,16.212383415928382
0,668.6512546858515,16.222026678074396
0,668.6610431384602,16.296897506991012
0,668.6708304608457,16.449178828015373
0,668.6806166530079,16.498199450755454
0,668.690401714947,16.338958404858143
0,668.700185646663,16.42591288389729
0,668.7099684481559,16.39691871111571
0,668.7197501194256,16.45540718657801
0,668.729530660472,16.53413780577272
0,668.7393100712954,16.167649801748517
0,668.7490883518957,16.18637689889748
0,668.7588655022728,16.181613391248987
0,668.7686415224267,16.25567997667705
0,668.7784164123575,16.43201529702137
0,668.7881901720651,16.26731653854706
0,668.7979628015496,16.351989074099663
0,668.8077343008109,16.436954310369483
0,668.8175046698491,16.44196945588221
0,668.8272739086641,16.57643768784514
0,668.837042017256,16.570919568688854
0,668.8468089956247,16.505861336479217
0,668.8565748437702,16.596112071277076
0,668.8663395616926,16.721165375281842
0,668.8761031493918,16.630764966417818
0,668.8858656068679,16.75633614606203
0,668.8956269341209,16.761188882826815
0,668.9053871311507,16.742871998322403
0,668.9151461979574,16.79265779222515
0,668.9249041345408,16.821557963077485
0,668.9346609409012,16.757938982338093
0,668.9444166170383,16.93691035928016
0,668.9541711629524,16.910007538049882
0,668.9639245786433,16.86970766051757
0,668.973676864111,17.007627599598237
0,668.9834280193555,17.080585468101454
0,668.993178044377,17.01797447390416
0,669.0029269391753,17.002690449856512
0,669.0126747037503,16.97091490107192
0,669.0224213381024,17.251863954049792
0,669.0321668422312,17.222009413001775
0,669.0419112161369,17.323398832371208
0,669.0516544598194,17.18722997536647
0,669.0613965732787,17.34947364360562
0,669.0711375565149,17.379922317454895
0,669.080877409528,17.411042881075225
0,669.0906161323179,17.46769740718063
0,669.1003537248846,17.45149272958177
0,669.1100901872283,17.453415121565936
0,669.1198255193486,17.490126591799864
0,669.129559721246,17.553715433639265
0,669.1392927929201,17.543767744067047
0,669.1490247343711,17.789118905897677
0,669.158755545599,17.64006163921058
0,669.1684852266036,17.673663784929072
0,669.1782137773852,17.798635906020966
0,669.1879411979435,17.72079453500654
0,669.1976674882787,17.867671048371818
0,669.2073926483909,17.719074105228415
0,669.2171166782797,17.81894481825339
0,669.2268395779455,17.879652340704375
0,669.2365613473881,17.93816760101776
0,669.2462819866076,18.098341711364874
0,669.2560014956039,17.85853142573404
0,669.265719874377,18.09703828425578
0,669.2754371229271,18.101025125723968
0,669.285153241254,18.198428657442097
0,669.2948682293577,18.06979617569537
0,669.3045820872383,17.84353713205482
0,669.3142948148956,17.92537274795088
0,669.3240064123298,18.03970168400055
0,669.3337168795409,18.012008231546048
0,669.3434262165289,18.108441705290183
0,669.3531344232937,17.999724432880207
0,669.3628414998353,18.14916266454511
0,669.3725474461538,18.09073488914392
0,669.3822522622492,18.21996822400575
0,669.3919559481213,18.076205172452823
0,669.4016585037704,18.321663828152335
0,669.4113599291962,18.24418988623134
0,669.421060224399,18.30070522274204
0,669.4307593893785,18.40529230050366
0,669.4404574241349,18.41214763529339
0,669.4501543286682,18.45369089785757
0,669.4598501029783,18.378466169643335
0,669.4695447470654,18.674098733350668
0,669.4792382609292,18.456131327601046
0,669.4889306445698,18.61472652163159
0,669.4986218979873,18.6360897452845
0,669.5083120211816,18.691997279781173
0,669.5180010141528,18.706566623251984
0,669.5276888769009,18.77527576402909
0,669.5373756094258,18.816475045624703
0,669.5470612117275,18.94709084947133
0,669.5567456838062,18.917871720393705
0,669.5664290256616,18.968305878273334
0,669.5761112372938,18.97736216170759
0,669.585792318703,19.0838992172369
0,669.595472269889,18.964354813002565
0,669.6051510908518,19.22810979278828
0,669.6148287815915,19.162778870731167
0,669.624505342108,19.277175371784068
0,669.6341807724014,19.115814482804673
0,669.6438550724716,19.408015277118018
0,669.6535282423187,19.337505678432077
0,669.6632002819426,19.332718036223834
0,669.6728711913433,19.496419609323297
0,669.682540970521,19.371916711996537
0,669.6922096194754,19.56896497722384
0,669.7018771382068,19.74056810286673
0,669.711543526715,19.66173668917585
0,669.7212087849999,19.825065010848473
0,669.7308729130618,19.718687738107914
0,669.7405359109005,19.74928557265549
0,669.750197778516,19.943077981295907
0,669.7598585159085,19.808444679963046
0,669.7695181230777,19.47774207894676
0,669.7791766000238,19.51315997791139
0,669.7888339467468,19.567849268615472
0,669.7984901632465,19.758911408768153
0,669.8081452495231,19.642701488296293
0,669.8177992055766,19.90505261100133
0,669.827452031407,19.77775821774746
0,669.8371037270141,19.817559364566737
0,669.8467542923981,20.107329666843967
0,669.856403727559,20.04303045502866
0,669.8660520324968,20.05210692149096
0,669.8756992072114,20.16402710883369
0,669.8853452517028,20.10326098890879
0,669.894990165971,20.25685374721109
0,669.9046339500161,20.236932528262177
0,669.9142766038381,20.396061886667553
0,669.9239181274369,20.301052538332375
0,669.9335585208125,20.300875003507695
0,669.943197783965,20.507288996314866
0,669.9528359168944,20.630940622486406
0,669.9624729196006,20.656172847298702
0,669.9721087920836,20.84204869592141
0,669.9817435343435,20.797001821506274
0,669.9913771463803,20.82290571412536
0,670.0010096281939,20.960478233932427
0,670.0106409797843,20.832209805008013
0,670.0202712011516,21.054255928290537
0,670.0299002922958,20.976662413719147
0,670.0395282532168,21.071339796620656
0,670.0491550839146,21.220313777762943
0,670.0587807843892,21.160117145861815
0,670.0684053546407,21.408130814583586
0,670.0780287946691,21.311110872144727
0,670.0876511044744,21.40668360889233
0,670.0972722840564,21.456249581047505
0,670.1068923334153,21.566406552259544
0,670.116511252551,21.418111528229705
0,670.1261290414637,21.63812138618654
0,670.1357457001532,21.745592531654015
0,670.1453612286194,21.699041584976282
0,670.1549756268627,21.752015124983156
0,670.1645888948826,21.83319025817019
0,670.1742010326794,21.64435814922217
0,670.1838120402532,21.555160080244153
0,670.1934219176037,21.52092937721677
0,670.2030306647312,21.759773193948426
0,670.2126382816353,21.568320464031867
0,670.2222447683165,22.01921003571578
0,670.2318501247744,21.76787121398673
0,670.2414543510092,21.862349970889102
0,670.2510574470208,21.92625430787874
0,670.2606594128093,21.915410918438997
0,670.2702602483746,21.882254673665066
0,670.2798599537168,22.17870287492838
0,670.2894585288358,22.36214488000288
0,670.2990559737317,22.264952553593993
0,670.3086522884045,22.374496494202415
0,670.318247472854,22.466455584411218
0,670.3278415270804,22.353458397626248
0,670.3374344510837,22.51442480679798
0,670.3470262448637,22.659054856783943
0,670.3566169084207,22.758662126823932
0,670.3662064417546,22.72834555021852
0,670.3757948448651,22.874431319235555
0,670.3853821177527,22.746543774415237
0,670.394968260417,23.054223196234165
0,670.4045532728583,23.14417922234938
0,670.4141371550762,23.161506588638932
0,670.4237199070711,23.15304071255805
0,670.4333015288429,23.346503539306088
0,670.4428820203915,23.204444356944148
0,670.452461381717,23.373638937636983
0,670.4620396128192,23.373996079452372
0,670.4716167136984,23.438112017556236
0,670.4811926843544,23.41853922324123
0,670.4907675247871,23.712729093929955
0,670.5003412349968,23.766255276892554
0,670.5099138149833,23.871899296719793
0,670.5194852647467,23.929872067734003
0,670.5290555842869,24.0185178227424
0,670.5386247736039,23.99813156765798
0,670.5481928326979,24.005642944316616
0,670.5577597615687,23.537367463371403
0,670.5673255602163,23.692414249856277
0,670.5768902286408,23.58148115501841
0,670.586453766842,23.76983933626057
0,670.5960161748202,23.846170422989868
0,670.6055774525752,23.91216359497961
0,670.615137600107,24.121175542043776
0,670.6246966174157,24.03233481735723
0,670.6342545045013,24.212855946029332
0,670.6438112613637,24.109989866021024
0,670.6533668880029,24.197220988124343
0,670.662921384419,24.421038126074933
0,670.672474750612,24.586422921189214
0,670.6820269865817,24.484456179099528
0,670.6915780923283,24.466423074189315
0,670.7011280678518,24.63278906655977
0,670.7106769131522,24.805814289292922
0,670.7202246282293,24.630129256395893
0,670.7297712130833,25.030713484268627
0,670.7393166677142,24.92407624834777
0,670.7488609921219,25.150746473340142
0,670.7584041863065,25.103725642498752
0,670.7679462502679,25.166792044790522
0,670.7774871840062,25.47595461582502
0,670.7870269875212,25.282369024962712
0,670.7965656608131,25.621221523840486
0,670.806103203882,25.494785457178963
0,670.8156396167276,25.7188188030247
0,670.8251748993501,26.01588941032693
0,670.8347090517495,25.714226305860258
0,670.8442420739257,25.88819386818279
0,670.8537739658788,25.970493517351212
0,670.8633047276086,26.047843415364163
0,670.8728343591154,26.3514894333435
0,670.882362860399,26.276506991174923
0,670.8918902314593,26.242244942653148
0,670.9014164722967,25.841876525707534
0,670.9109415829108,25.940967034742993
0,670.9204655633017,25.829164586937942
0,670.9299884134696,26.06517501005641
0,670.9395101334143,26.226607510988238
0,670.9490307231357,26.400411659135198
0,670.9585501826341,26.09770722908677
0,670.9680685119093,26.48134359641313
0,670.9775857109614,26.786252823364716
0,670.9871017797904,26.73003181265848
0,670.9966167183961,26.559420765722678
0,671.0061305267786,26.693843900628703
0,671.0156432049381,27.021528679867597
0,671.0251547528744,26.77345118000719
0,671.0346651705876,27.259716692853853
0,671.0441744580776,27.383637371499912
0,671.0536826153444,27.389127886246126
0,671.0631896423881,27.433749758575626
0,671.0726955392087,27.270205597587758
0,671.082200305806,27.40328310709406
0,671.0917039421803,27.472250131795665
0,671.1012064483314,27.723281056107798
0,671.1107078242593,27.653100501456017
0,671.1202080699641,27.92024374854302
0,671.1297071854457,27.883471146553692
0,671.1392051707041,28.125888466715352
0,671.1487020257395,28.100308607036997
0,671.1581977505516,28.60174277605707
0,671.1676923451406,28.207163512547744
0,671.1771858095066,28.47883837179651
0,671.1866781436493,28.45662041169184
0,671.1961693475688,28.633461867649572
0,671.2056594212652,28.976496491831725
0,671.2151483647384,29.206296035799912
0,671.2246361779886,28.356389972756602
0,671.2341228610155,28.734394778910094
0,671.2436084138193,28.77909462759714
0,671.2530928364,28.636505910276515
0,671.2625761287575,28.626981846826922
0,671.2720582908918,28.934233575814666
0,671.2815393228029,29.2150525922437
0,671.291019224491,28.878312246784752
0,671.3004979959559,29.51954947006114
0,671.3099756371977,29.415575997780564
0,671.3194521482162,29.30887759369424
0,671.3289275290117,29.475152257697133
0,671.3384017795839,29.595223102218924
0,671.347874899933,29.932524268547716
0,671.357346890059,29.817916438298393
0,671.3668177499618,29.838138799272507
0,671.3762874796415,30.173670286346518
0,671.385756079098,30.040157122135984
0,671.3952235483314,30.111692277252526
0,671.4046898873416,30.463752314025196
0,671.4141550961286,30.49722237177285
0,671.4236191746926,30.647821595664507
0,671.4330821230333,30.760011291106096
0,671.4425439411509,30.770654356451214
0,671.4520046290454,31.14433467354316
0,671.4614641867166,31.127610860387282
0,671.4709226141648,31.122897395711455
0,671.4803799113898,31.31641734344198
0,671.4898360783916,31.305269133223764
0,671.4992911151703,31.423827515647183
0,671.5087450217259,31.533119859964554
0,671.5181977980583,31.147935052820262
0,671.5276494441674,31.30135123016546
0,671.5370999600535,31.473442608870215
0,671.5465493457165,31.27091085624818
0,671.5559976011563,31.558463125740968
0,671.5654447263729,31.332645623437028
0,671.5748907213664,31.614826608224938
0,671.5843355861367,31.76410872200365
0,671.5937793206838,32.05412775037501
0,671.6032219250078,31.96665941276695
0,671.6126633991087,32.131410832414794
0,671.6221037429864,32.494059184072896
0,671.6315429566409,32.523229987330474
0,671.6409810400723,32.31704813088433
0,671.6504179932806,32.565305637156904
0,671.6598538162657,32.94118557064591
0,671.6692885090276,32.92445389141158
0,671.6787220715664,33.229226718313804
0,671.6881545038821,33.17026160130849
0,671.6975858059747,33.28030836969119
0,671.707015977844,33.38004551164867
0,671.7164450194902,33.479683978962
0,671.7258729309132,33.86281423066685
0,671.735299712113,33.64462648166962
0,671.7447253630897,33.92437271409693
0,671.7541498838434,34.2174897357038
0,671.7635732743738,34.031598373711915
0,671.7729955346811,34.51498377194331
0,671.7824166647652,34.377700961902185
0,671.7918366646261,34.49954650905852
0,671.801255534264,33.83222942700225
0,671.8106732736786,33.99952011966466
0,671.8200898828701,34.21186312870026
0,671.8295053618385,34.172102468341
0,671.8389197105837,34.327807529610375
0,671.8483329291057,34.4720599036054
0,671.8577450174047,34.95818792165873
0,671.8671559754804,35.01840598069586
0,671.876565803333,34.791910386046546
0,671.8859745009624,34.882769340315136
0,671.8953820683687,35.4088677384401
0,671.9047885055519,35.55254675656479
0,671.9141938125118,35.21448322227589
0,671.9235979892487,35.54784318013944
0,671.9330010357623,35.59519044021385
0,671.9424029520529,35.65130794479811
0,671.9518037381204,35.88633622133503
0,671.9612033939645,36.1026925872115
0,671.9706019195856,36.133334078218766
0,671.9799993149835,36.09016186961192
0,671.9893955801583,36.70004145519199
0,671.99879071511,36.62643204419091
0,672.0081847198384,36.77635249719131
0,672.0175775943437,36.80771051767338
0,672.0269693386259,37.01113790179192
0,672.0363599526848,36.82272389476227
0,672.0457494365207,37.02503649394076
0,672.0551377901335,37.4052556397072
0,672.0645250135229,36.615835580176515
0,672.0739111066894,36.809161947641975
0,672.0832960696326,36.89520218128407
0,672.0926799023528,37.15838404148866
0,672.1020626048497,37.3178189394848
0,672.1114441771235,37.08884066895884
0,672.1208246191741,37.45990243045529
0,672.1302039310016,37.89030494229301
0,672.1395821126059,37.7139771886761
0,672.1489591639871,37.971120862858164
0,672.1583350851452,37.881678157046515
0,672.16770987608,38.52492015658578
0,672.1770835367918,38.6131249482949
0,672.1864560672803,38.49175293223935
0,672.1958274675458,38.44958441994823
0,672.205197737588,38.783209979060956
0,672.2145668774072,39.22891965116916
0,672.2239348870031,39.010764615160035
0,672.2333017663759,38.99891330401783
0,672.2426675155256,39.394831444248325
0,672.2520321344521,39.8179540344963
0,672.2613956231554,39.774274132213606
0,672.2707579816356,39.688294859603985
0,672.2801192098927,40.42396335754656
0,672.2894793079266,40.16342697783524
0,672.2988382757374,40.34154837330401
0,672.3081961133249,40.80174155263176
0,672.3175528206893,39.564955911896654
0,672.3269083978307,39.601639910578214
0,672.3362628447488,40.38985002287841
0,672.3456161614438,40.37812404938702
0,672.3549683479156,40.10131390422207
0,672.3643194041643,40.35771281305968
0,672.3736693301898,40.626067464539425
0,672.3830181259922,40.78513737340482
0,672.3923657915715,41.30653278028855
0,672.4017123269275,41.43539420346005
0,672.4110577320604,41.27302399721592
0,672.4204020069702,41.122374148227365
0,672.4297451516568,42.03975772199285
0,672.4390871661203,42.43638486256889
0,672.4484280503606,41.74446789819666
0,672.4577678043778,42.15745519454311
0,672.4671064281717,42.21168662806258
0,672.4764439217427,42.753918694331034
0,672.4857802850903,42.771220482949374
0,672.4951155182149,42.869559227241666
0,672.5044496211162,43.313261655780515
0,672.5137825937945,43.17959327753317
0,672.5231144362496,43.630919474754606
0,672.5324451484815,43.04939597027355
0,672.5417747304904,43.683423279730526
0,672.5511031822759,43.85654853513604
0,672.5604305038385,42.82101259108071
0,672.5697566951778,43.820446808039655
0,672.5790817562939,43.91767300486607
0,672.588405687187,43.868042977765974
0,672.5977284878569,44.13866665947953
0,672.6070501583035,44.2923592326312
0,672.6163706985271,44.509431490986486
0,672.6256901085276,44.909134737368
0,672.6350083883049,44.880845945898855
0,672.644325537859,45.66207042158062
0,672.6536415571899,45.06325695578971
0,672.6629564462977,45.3246883475662
0,672.6722702051824,45.866779690587066
0,672.6815828338439,46.38141881439599
0,672.6908943322823,46.74388643050945
0,672.7002047004975,47.18411089511388
0,672.7095139384895,47.31885115901827
0,672.7188220462584,47.75590563566591
0,672.7281290238042,47.82250036573281
0,672.7374348711268,48.54743889769028
0,672.7467395882262,48.33910494450708
0,672.7560431751025,49.46432869926034
0,672.7653456317556,49.04005223527752
0,672.7746469581856,49.67351609271525
0,672.7839471543924,49.800576581110676
0,672.7932462203761,49.2220334493056
0,672.8025441561366,49.40172662849481
0,672.811840961674,50.27287369328622
0,672.8211366369882,50.11298047509201
0,672.8304311820792,50.688749894963124
0,672.8397245969471,51.06371501284435
0,672.849016881592,51.912421989196666
0,672.8583080360136,52.040266634429706
0,672.867598060212,51.561882259114014
0,672.8768869541873,51.599111288615084
0,672.8861747179394,52.848265108016435
0,672.8954613514685,53.3716712582246
0,672.9047468547743,54.17951441915751
0,672.914031227857,55.138518193459575
0,672.9233144707166,55.284557974439565
0,672.932596583353,55.53205277055703
0,672.9418775657662,56.73885286306987
0,672.9511574179563,56.06861647956067
0,672.9604361399232,57.384264921974406
0,672.9697137316671,57.12150843476101
0,672.9789901931877,57.63366493919496
0,672.9882655244851,58.87553382112493
0,672.9975397255595,58.844718819253615
0,673.0068127964106,59.373084849001565
0,673.0160847370387,58.55593135341521
0,673.0253555474435,59.46056830482663
0,673.0346252276253,60.09571883617632
0,673.0438937775838,60.86774559933505
0,673.0531611973192,60.85875427912553
0,673.0624274868314,61.90607231454883
0,673.0716926461206,62.90690134599946
0,673.0809566751866,62.529652348839534
0,673.0902195740293,63.948242219442186
0,673.099481342649,64.74655926559068
0,673.1087419810456,64.8204295789918
0,673.1180014892188,65.89692043606512
0,673.1272598671691,66.36640011485099
0,673.1365171148962,67.32282968968202
0,673.1457732324,67.51491823458404
0,673.1550282196807,68.25974038892875
0,673.1642820767383,69.36964132799127
0,673.1735348035728,71.58413831007151
0,673.1827864001841,71.15210741727013
0,673.1920368665722,70.93414425424089
0,673.2012862027372,72.71237824282052
0,673.210534408679,73.8987236090721
0,673.2197814843977,74.92129815434782
0,673.2290274298932,73.08738318893118
0,673.2382722451656,74.13656637464152
0,673.2475159302148,74.71029396691208
0,673.2567584850408,75.66183059663406
0,673.2659999096437,75.92736891816804
0,673.2752402040235,77.15179993432406
0,673.2844793681801,79.02774801341015
0,673.2937174021135,80.05349450489702
0,673.3029543058238,80.58025559680527
0,673.312190079311,81.33772332311597
0,673.321424722575,82.53156165627809
0,673.3306582356158,85.16176756778158
0,673.3398906184336,83.83412303219971
0,673.3491218710282,86.0875361033915
0,673.3583519933995,86.54412302344775
0,673.3675809855478,89.35667203070564
0,673.3768088474728,89.54107750903165
0,673.3860355791747,91.00746552765362
0,673.3952611806535,92.70505006870002
0,673.4044856519092,94.16274097443707
0,673.4137089929417,92.78850515573859
0,673.422931203751,97.92416952473997
0,673.4321522843371,96.67155369537777
0,673.4413722347002,94.64868734229249
0,673.4505910548401,96.99063374485469
0,673.4598087447567,98.73406954694876
0,673.4690253044503,99.27994901365706
0,673.4782407339208,101.30617817204659
0,673.487455033168,102.86269946037557
0,673.4966682021922,104.88984080298893
0,673.5058802409931,106.24866122539859
0,673.5150911495708,108.66682059775884
0,673.5243009279255,107.2220987179498
0,673.533509576057,110.81631694823463
0,673.5427170939654,112.4389584967005
0,673.5519234816505,115.38778316654815
0,673.5611287391126,115.7317441621886
0,673.5703328663515,117.47267980033449
0,673.5795358633673,118.86049685787516
0,673.5887377301598,122.10052275607046
0,673.5979384667293,123.91654363427799
0,673.6071380730755,125.73858959347238
0,673.6163365491986,129.17926857846152
0,673.6255338950987,132.37464837883454
0,673.6347301107754,132.1187903377243
0,673.6439251962291,128.16213884822218
0,673.6531191514596,132.57762322437733
0,673.662311976467,134.83835466764634
0,673.6715036712512,133.88462263219006
0,673.6806942358123,138.08475720962693
0,673.6898836701502,142.03905232873208
0,673.6990719742649,141.88682305673657
1,643.2176381322009,75.2031103446136
1,643.2288105496884,74.10434976190302
1,643.2399815988817,73.07293291632392
1,643.2511512797811,72.76656515231228
1,643.2623195923863,72.53294548055011
1,643.2734865366976,70.43629113935147
1,643.2846521127148,70.82995313758653
1,643.2958163204378,68.56796439927497
1,643.3069791598668,69.72706369968904
1,643.3181406310018,67.81987240735306
1,643.3293007338427,67.4223579482131
1,643.3404594683896,66.47048922507197
1,643.3516168346424,65.64999893286354
1,643.3627728326011,65.64357099711344
1,643.3739274622658,63.912724126576
1,643.3850807236364,63.11539072037211
1,643.396232616713,63.443485849185116
1,643.4073831414954,62.879951288727035
1,643.4185322979838,62.07083434320205
1,643.4296800861782,62.14239910069265
1,643.4408265060785,61.491801951508876
1,643.4519715576847,60.601310423996836
1,643.4631152409969,60.16065750072168
1,643.474257556015,59.10468667106091
1,643.4853985027391,59.435924715761196
1,643.4965380811691,59.27457506188357
1,643.5076762913051,58.539345608742295
1,643.518813133147,58.26034491316927
1,643.5299486066948,58.403004586550786
1,643.5410827119485,57.58174962134222
1,643.5522154489082,56.96129369736256
1,643.5633468175738,56.2547347815432
1,643.5744768179454,56.21443125129091
1,643.585605450023,55.789633467465535
1,643.5967327138064,55.307925655342466
1,643.6078586092958,55.50527617514183
1,643.6189831364911,55.05171618682799
1,643.6301062953925,53.14270806841749
1,643.6412280859996,53.57638610584124
1,643.6523485083128,53.38840438888376
1,643.6634675623319,53.08970196793617
1,643.6745852480569,52.83339512211502
1,643.6857015654879,52.502270509174714
1,643.6968165146247,51.5353462156548
1,643.7079300954676,51.481346789846306
1,643.7190423080165,51.09378071261515
1,643.7301531522712,50.95490341722721
1,643.7412626282319,50.05632912751093
1,643.7523707358985,49.817801877860525
1,643.763477475271,49.405218928610054
1,643.7745828463495,49.33051205528527
1,643.7856868491339,48.44494851154695
1,643.7967894836243,48.29607884560641
1,643.8078907498206,47.73609121338802
1,643.8189906477228,48.20541495955886
1,643.830089177331,47.18015741728372
1,643.8411863386451,47.22998426025869
1,643.8522821316652,46.54668632508805
1,643.8633765563912,46.39928004936376
1,643.8744696128232,46.28704984402289
1,643.8855613009611,46.13066191996824
1,643.8966516208048,45.35158960048713
1,643.9077405723547,45.38120367441899
1,643.9188281556103,44.72550691650122
1,643.929914370572,44.70434426786564
1,643.9409992172396,43.8824776811946
1,643.9520826956131,43.75920658060914
1,643.9631648056926,43.44154003704893
1,643.974245547478,43.147685838383985
1,643.9853249209693,43.08348632491852
1,643.9964029261665,42.716544685797444
1,644.0074795630698,42.18386369886602
1,644.0185548316789,41.71874821664883
1,644.0296287319941,41.64145018342625
1,644.0407012640151,41.622049671846796
1,644.0517724277421,41.310243828961354
1,644.0628422231749,40.92710318641072
1,644.0739106503138,40.60804934541176
1,644.0849777091586,40.31558618731897
1,644.0960433997094,40.123570792900566
1,644.107107721966,39.91163293066784
1,644.1181706759287,39.63122095662791
1,644.1292322615972,39.59126331318
1,644.1402924789717,39.23421705787554
1,644.1513513280521,39.2411493287979
1,644.1624088088384,39.02883171201782
1,644.1734649213308,38.320697703542514
1,644.184519665529,38.072833638037295
1,644.1955730414332,38.04178957137303
1,644.2066250490434,37.78422448188802
1,644.2176756883595,37.649586436950365
1,644.2287249593815,37.55342240708909
1,644.2397728621094,37.21328723836393
1,644.2508193965433,36.93503456413305
1,644.2618645626832,36.4939755664832
1,644.2729083605288,36.841467441638564
1,644.2839507900806,36.834551778850894
1,644.2949918513383,36.086080534463676
1,644.3060315443018,35.99089895609169
1,644.3170698689713,35.746373720207636
1,644.3281068253468,35.85415514740181
1,644.3391424134282,35.51346314075544
1,644.3501766332156,35.08435604144074
1,644.3612094847089,35.16348951713868
1,644.372240967908,34.69346686296895
1,644.3832710828133,34.83491579699283
1,644.3942998294243,34.612656558446695
1,644.4053272077414,34.24553177599096
1,644.4163532177644,34.29783561735975
1,644.4273778594933,33.80000833908069
1,644.4384011329281,33.74648683194073
1,644.449423038069,33.87572664800304
1,644.4604435749156,33.45804199504757
1,644.4714627434684,33.022610077255536
1,644.482480543727,33.38742038628303
1,644.4934969756915,33.262578809010634
1,644.504512039362,33.35072808377279
1,644.5155257347385,32.8336684005506
1,644.5265380618208,32.480484774253156
1,644.5375490206092,32.45420910221086
1,644.5485586111034,32.307454519659544
1,644.5595668333036,32.09750527809317
1,644.5705736872097,31.952274979527253
1,644.5815791728218,32.22167462555797
1,644.5925832901398,31.80772087990838
1,644.6035860391638,31.70683790478186
1,644.6145874198937,31.39778205992179
1,644.6255874323296,30.955529632848528
1,644.6365860764713,31.127580807648428
1,644.647583352319,30.87685232973632
1,644.6585792598727,30.718651296010556
1,644.6695737991322,30.767403740911796
1,644.6805669700977,30.394499209282863
1,644.6915587727692,30.647812039741687
1,644.7025492071466,30.570966619919908
1,644.71353827323,30.52947087007904
1,644.7245259710193,30.176244679927553
1,644.7355123005145,29.798627864958632
1,644.7464972617157,29.591848106734567
1,644.7574808546227,29.760787645731693
1,644.7684630792359,29.69480614927175
1,644.7794439355548,29.82909719246636
1,644.7904234235797,29.251697321844386
1,644.8014015433106,29.23617018296549
1,644.8123782947474,29.27665006324861
1,644.8233536778902,29.175445466001065
1,644.8343276927388,28.786338746038588
1,644.8453003392934,28.509463062781307
1,644.856271617554,28.715442809981855
1,644.8672415275205,28.52996182653753
1,644.878210069193,28.514676155874156
1,644.8891772425713,28.308080733158747
1,644.9001430476557,28.456427085795163
1,644.9111074844459,28.421356626007057
1,644.922070552942,28.168877893915532
1,644.9330322531442,27.916719428194803
1,644.9439925850523,27.703161782489865
1,644.9549515486664,27.718597214861774
1,644.9659091439863,27.408422061946368
1,644.9768653710122,27.475831379679196
1,644.987820229744,27.268240071663907
1,644.9987737201818,27.241252939370344
1,645.0097258423255,27.13365703492579
1,645.0206765961751,26.93097408755126
1,645.0316259817307,26.827977343610115
1,645.0425739989922,26.8961653874713
1,645.0535206479598,26.82493807696803
1,645.0644659286331,26.815061286550208
1,645.0754098410125,26.680786371298357
1,645.0863523850978,26.68117798155949
1,645.097293560889,26.380631894189353
1,645.1082333683862,26.260527015534038
1,645.1191718075893,26.36594732205731
1,645.1301088784984,26.22884708457308
1,645.1410445811133,26.163869265972167
1,645.1519789154343,26.22278255473815
1,645.1629118814611,25.900388624678385
1,645.1738434791939,25.84324676340214
1,645.1847737086327,25.808666346356272
1,645.1957025697774,25.729946312521914
1,645.206630062628,25.678595297721994
1,645.2175561871845,25.6870857663311
1,645.228480943447,25.365551716402475
1,645.2394043314156,25.173983075284713
1,645.2503263510899,25.43526726185334
1,645.2612470024702,25.296894952319818
1,645.2721662855565,25.167801830018416
1,645.2830842003488,24.968467506522263
1,645.2940007468468,24.870590748028558
1,645.304915925051,24.8902864665037
1,645.315829734961,24.854968586371704
1,645.3267421765769,24.589567351528988
1,645.3376532498988,24.61746786011301
1,645.3485629549266,24.49226181636909
1,645.3594712916604,24.471778308615892
1,645.3703782601001,24.37896793223615
1,645.3812838602458,24.21664037844946
1,645.3921880920974,24.167340320891768
1,645.403090955655,24.187116933597103
1,645.4139924509184,24.117476477739178
1,645.4248925778878,24.13369440717882
1,645.4357913365632,23.833097395619525
1,645.4466887269444,23.749960309040798
1,645.4575847490318,23.776939685700704
1,645.4684794028249,23.793649483607805
1,645.479372688324,23.47036825679189
1,645.4902646055291,23.75918876177037
1,645.5011551544401,23.419751904749393
1,645.512044335057,23.288678310649555
1,645.5229321473798,23.387297544954773
1,645.5338185914087,23.397300318806703
1,645.5447036671434,23.25823811006722
1,645.5555873745841,23.23354717928779
1,645.5664697137307,23.21927085897528
1,645.5773506845833,22.955694037201734
1,645.5882302871418,22.92189560412628
1,645.5991085214063,23.004428386180354
1,645.6099853873766,22.73131539246606
1,645.6208608850529,22.778207798592067
1,645.6317350144352,22.575105354383222
1,645.6426077755234,22.423994229196232
1,645.6534791683176,22.44790064620933
1,645.6643491928177,22.48960908376873
1,645.6752178490237,22.385888910572376
1,645.6860851369356,22.330945328869415
1,645.6969510565535,22.224107963325885
1,645.7078156078774,21.96648298497007
1,645.7186787909072,22.084365754882985
1,645.7295406056429,21.82523630795797
1,645.7404010520846,21.93203456461169
1,645.7512601302321,21.784256930439398
1,645.7621178400857,21.66020500553153
1,645.7729741816452,21.665872123488917
1,645.7838291549106,21.770004678397058
1,645.794682759882,21.69092052784817
1,645.8055349965592,21.615199168663437
1,645.8163858649425,21.486353206904063
1,645.8272353650317,21.45985252547951
1,645.8380834968268,21.22249246960047
1,645.8489302603278,21.29952689724534
1,645.8597756555348,21.240419214639434
1,645.8706196824478,21.29607789904435
1,645.8814623410667,21.196145980289643
1,645.8923036313914,21.062424905552767
1,645.9031435534222,21.085009685488238
1,645.913982107159,20.795708659407346
1,645.9248192926016,20.91215445213755
1,645.9356551097501,20.78901627057517
1,645.9464895586046,20.847656074225654
1,645.9573226391651,20.90618958295875
1,645.9681543514315,20.736046091025237
1,645.9789846954038,20.833826914174246
1,645.9898136710821,20.544830431689096
1,646.0006412784663,20.52105731487602
1,646.0114675175564,20.372234529758224
1,646.0222923883525,20.520549836822433
1,646.0331158908546,20.54073699174434
1,646.0439380250625,20.456679763749918
1,646.0547587909764,20.350805450240927
1,646.0655781885963,20.26205038566972
1,646.076396217922,20.14394174361235
1,646.0872128789538,19.945898917640083
1,646.0980281716915,20.167811022014092
1,646.108842096135,20.061192680501016
1,646.1196546522846,19.9666469878305
1,646.1304658401401,19.925673869007852
1,646.1412756597015,20.02388276596479
1,646.1520841109689,19.816779716648433
1,646.1628911939422,19.906697834864936
1,646.1736969086214,19.783138407726415
1,646.1845012550066,19.79698370191913
1,646.1953042330978,19.600401222659116
1,646.2061058428948,19.605599261916588
1,646.2169060843978,19.61041790186497
1,646.2277049576068,19.43588273319767
1,646.2385024625216,19.43125014778097
1,646.2492985991424,19.452748471868574
1,646.2600933674692,19.34171388534189
1,646.2708867675019,19.37033591817092
1,646.2816787992406,19.382747290829162
1,646.2924694626851,19.367217431383512
1,646.3032587578356,19.282717737077792
1,646.314046684692,19.154803357696515
1,646.3248332432545,19.077931162308555
1,646.3356184335228,19.050285329849014
1,646.3464022554971,19.02535439790113
1,646.3571847091773,18.97759405442109
1,646.3679657945635,18.94276453382549
1,646.3787455116556,18.880557680532377
1,646.3895238604536,18.85842845727308
1,646.4003008409576,18.891657150955844
1,646.4110764531674,18.90099043564918
1,646.4218506970833,18.87893228315561
1,646.4326235727051,18.68601390449919
1,646.4433950800328,18.603044046136116
1,646.4541652190665,18.641352799779604
1,646.4649339898061,18.588324227701015
1,646.4757013922516,18.521526024321552
1,646.4864674264031,18.484644928550328
1,646.4972320922606,18.47179443397064
1,646.5079953898239,18.568299755213353
1,646.5187573190932,18.341580326176672
1,646.5295178800685,18.31162620084368
1,646.5402770727496,18.257830226304133
1,646.5510348971368,18.41992322584728
1,646.5617913532299,18.204377375679353
1,646.5725464410289,18.227542151937797
1,646.5833001605338,18.244601711486094
1,646.5940525117447,17.991430778690766
1,646.6048034946615,17.925381861104615
1,646.6155531092843,18.0594587127707
1,646.626301355613,17.869556557355327
1,646.6370482336476,17.981181995017888
1,646.6477937433882,17.92020225791775
1,646.6585378848347,17.745493217177927
1,646.6692806579872,17.781081238918734
1,646.6800220628455,17.899524932388626
1,646.6907620994099,17.725233443244413
1,646.7015007676802,17.80702552685818
1,646.7122380676564,17.617599950544474
1,646.7229739993386,17.645162446467253
1,646.7337085627266,17.656728389336724
1,646.7444417578207,17.583130029474006
1,646.7551735846207,17.525656831676162
1,646.7659040431266,17.473199494990634
1,646.7766331333385,17.458027444251414
1,646.7873608552562,17.56676178447691
1,646.79808720888,17.4257586590506
1,646.8088121942096,17.34702981335478
1,646.8195358112453,17.371857560998123
1,646.8302580599868,17.329052317056618
1,646.8409789404343,17.244620432826864
1,646.8516984525877,17.287493843139803
1,646.8624165964471,17.17527303499711
1,646.8731333720124,17.168214519923758
1,646.8838487792837,17.174982403949084
1,646.8945628182609,17.02862950099512
1,646.905275488944,17.05601380226829
1,646.915986791333,17.22073518344171
1,646.9266967254281,16.980670887186076
1,646.937405291229,16.933447923540488
1,646.9481124887359,16.941932356206912
1,646.9588183179487,16.890217903499657
1,646.9695227788675,16.91989745384819
1,646.9802258714922,16.840563244952584
1,646.9909275958229,16.716005478972242
1,647.0016279518594,16.72483226393703
1,647.012326939602,16.712804991116474
1,647.0230245590504,16.665426625914737
1,647.0337208102048,16.733323666360796
1,647.0444156930652,16.6117292580495
1,647.0551092076314,16.595868026145798
1,647.0658013539037,16.605206845482776
1,647.0764921318818,16.587996806631725
1,647.0871815415659,16.506733228271724
1,647.0978695829559,16.439455570974143
1,647.1085562560519,16.45201582168966
1,647.1192415608539,16.40479023647671
1,647.1299254973617,16.433499964067607
1,647.1406080655755,16.27769039573378
1,647.1512892654953,16.332319592208037
1,647.161969097121,16.270225125396912
1,647.1726475604526,16.345401343380498
1,647.1833246554901,16.26076060483191
1,647.1940003822336,16.20198646811007
1,647.204674740683,16.15602937805741
1,647.2153477308384,16.15455029077852
1,647.2260193526997,16.144640804721174
1,647.236689606267,16.10440166568451
1,647.2473584915401,16.047613035454855
1,647.2580260085193,15.968064751933321
1,647.2686921572043,15.98514582110422
1,647.2793569375954,15.891797186468116
1,647.2900203496923,15.87132558311818
1,647.3006823934952,15.889949879130517
1,647.311343069004,15.812464292384242
1,647.3220023762188,15.806359534403505
1,647.3326603151395,15.885681347965216
1,647.3433168857662,15.711759668048098
1,647.3539720880988,15.741852544805013
1,647.3646259221373,15.66436036489242
1,647.3752783878817,15.634319379409723
1,647.3859294853322,15.605438953165518
1,647.3965792144885,15.640930203552923
1,647.4072275753508,15.511187086262535
1,647.4178745679191,15.597014457200954
1,647.4285201921932,15.536936149595524
1,647.4391644481733,15.535983529887503
1,647.4498073358593,15.505332465241358
1,647.4604488552513,15.491874136033033
1,647.4710890063492,15.357686601843618
1,647.4817277891531,15.38893380910603
1,647.4923652036629,15.326666332759464
1,647.5030012498786,15.322417076206385
1,647.5136359278004,15.30580595378389
1,647.5242692374279,15.178781635396073
1,647.5349011787615,15.234428992200847
1,647.545531751801,15.212899897611617
1,647.5561609565465,15.248076801099453
1,647.5667887929978,15.043081592262427
1,647.5774152611551,15.014738464936812
1,647.5880403610184,15.024270163086245
1,647.5986640925876,15.043948969429486
1,647.6092864558627,14.936308187349663
1,647.6199074508438,14.876874511512154
1,647.6305270775308,14.946569568689139
1,647.6411453359237,14.976827101545839
1,647.6517622260227,14.939910530928998
1,647.6623777478275,14.860202118204079
1,647.6729919013383,14.767249661079815
1,647.683604686555,14.79750762116227
1,647.6942161034776,14.744341957913747
1,647.7048261521062,14.646972349829856
1,647.7154348324408,14.630056959853096
1,647.7260421444812,14.664428621816615
1,647.7366480882276,14.756689235268947
1,647.74725266368,14.635565527341162
1,647.7578558708383,14.647241389558573
1,647.7684577097025,14.572257028689533
1,647.7790581802727,14.548544180741663
1,647.7896572825488,14.470915598420481
1,647.8002550165309,14.572058710074
1,647.8108513822189,14.44392352612446
1,647.8214463796128,14.446839930432397
1,647.8320400087126,14.43553876629875
1,647.8426322695184,14.363469456152846
1,647.8532231620302,14.353793712026146
1,647.8638126862479,14.392053580796668
1,647.8744008421714,14.330695118330107
1,647.884987629801,14.285835672321788
1,647.8955730491366,14.292591967953015
1,647.906157100178,14.275227885391157
1,647.9167397829253,14.152942362749156
1,647.9273210973787,14.221893517595216
1,647.937901043538,14.149720005327028
1,647.9484796214032,14.10337806019943
1,647.9590568309743,14.052659475043487
1,647.9696326722514,14.102341015015767
1,647.9802071452344,13.970667614022767
1,647.9907802499233,13.994003484970973
1,648.0013519863182,13.978977419420518
1,648.0119223544191,14.008472317151073
1,648.0224913542258,13.932585996555236
1,648.0330589857385,13.87416312585501
1,648.0436252489573,13.918501407437748
1,648.0541901438819,13.820737550997405
1,648.0647536705123,13.843510860101354
1,648.0753158288488,13.788530147684584
1,648.0858766188912,13.785635120032318
1,648.0964360406397,13.840110649220659
1,648.1069940940939,13.790791491654092
1,648.1175507792542,13.846755015484664
1,648.1281060961203,13.753001516244522
1,648.1386600446924,13.74999809984213
1,648.1492126249705,13.68165266458031
1,648.1597638369544,13.605334426902902
1,648.1703136806444,13.683285745714972
1,648.1808621560402,13.596546459924177
1,648.1914092631421,13.570495384864774
1,648.2019550019498,13.587041838525083
1,648.2124993724635,13.523085859548733
1,648.2230423746831,13.528190504956713
1,648.2335840086088,13.496651014709458
1,648.2441242742402,13.393486158856508
1,648.2546631715777,13.436450695226654
1,648.2652007006211,13.404042257153899
1,648.2757368613704,13.386332226894023
1,648.2862716538257,13.422311254724343
1,648.2968050779868,13.322101702976175
1,648.307337133854,13.269255490351712
1,648.3178678214271,13.319758564893911
1,648.3283971407061,13.326174372510534
1,648.3389250916911,13.186339864476183
1,648.349451674382,13.255420974406503
1,648.3599768887788,13.189083281114568
1,648.3705007348816,13.289529264289651
1,648.3810232126904,13.115319041618644
1,648.3915443222049,13.091217007237905
1,648.4020640634255,13.200927836900641
1,648.4125824363521,13.13673259465628
1,648.4230994409846,13.026695709361515
1,648.433615077323,13.114702316432824
1,648.4441293453674,13.125624059294053
1,648.4546422451176,13.058074086621854
1,648.4651537765739,13.002268673619342
1,648.475663939736,12.947547551860097
1,648.4861727346042,13.016127213038377
1,648.4966801611782,13.064643427397655
1,648.5071862194583,12.98114912812323
1,648.5176909094441,12.935459711187075
1,648.528194231136,12.999347392797473
1,648.5386961845338,12.928600898280434
1,648.5491967696377,12.836656281876147
1,648.5596959864473,12.853038073841333
1,648.570193834963,12.955476583535402
1,648.5806903151845,12.779596218887727
1,648.591185427112,12.860719124246614
1,648.6016791707455,12.804778389058827
1,648.6121715460848,12.859483730705625
1,648.6226625531302,12.83530480163658
1,648.6331521918814,12.787374916177509
1,648.6436404623387,12.735806612810508
1,648.6541273645018,12.6470788114958
1,648.6646128983709,12.809571634829272
1,648.6750970639459,12.653886212842378
1,648.6855798612269,12.744592138778861
1,648.6960612902138,12.682905666484054
1,648.7065413509066,12.640106200368782
1,648.7170200433054,12.655882214222535
1,648.7274973674101,12.68077438360769
1,648.7379733232208,12.53724372868665
1,648.7484479107375,12.559341193051264
1,648.75892112996,12.60239673174478
1,648.7693929808885,12.577371785591916
1,648.7798634635229,12.489225722842479
1,648.7903325778632,12.493956385508833
1,648.8008003239096,12.503103529729842
1,648.8112667016618,12.46325800769029
1,648.8217317111199,12.457106288696089
1,648.8321953522841,12.45554390633491
1,648.8426576251542,12.447212418514502
1,648.8531185297302,12.407070789322441
1,648.8635780660121,12.458498588500792
1,648.874036234,12.340902075098402
1,648.8844930336937,12.450943786500066
1,648.8949484650935,12.451876659867049
1,648.9054025281993,12.424518441492044
1,648.9158552230109,12.452317024242497
1,648.9263065495285,12.339450513539205
1,648.936756507752,12.345420518743936
1,648.9472050976814,12.311514502282112
1,648.9576523193168,12.286758452400028
1,648.9680981726581,12.220248450264561
1,648.9785426577054,12.272348372576404
1,648.9889857744586,12.324691799849758
1,648.9994275229178,12.183861872260627
1,649.0098679030829,12.238989502078512
1,649.0203069149538,12.217664445770646
1,649.0307445585308,12.168410400409638
1,649.0411808338138,12.173829550360844
1,649.0516157408026,12.138454461590513
1,649.0620492794974,12.124569983728282
1,649.0724814498982,12.106821037203948
1,649.0829122520048,12.167602897938641
1,649.0933416858174,12.226247218969787
1,649.1037697513359,12.124232192834516
1,649.1141964485604,12.018127327195444
1,649.1246217774909,12.072465747010781
1,649.1350457381272,11.996942155746153
1,649.1454683304695,12.048466185313492
1,649.1558895545178,12.086182558608108
1,649.166309410272,12.017832992121443
1,649.1767278977321,11.949975007005857
1,649.1871450168982,11.977844782462734
1,649.1975607677701,11.975425297531595
1,649.2079751503481,11.943598031931701
1,649.218388164632,11.979620129975904
1,649.2287998106218,11.992038894745717
1,649.2392100883176,11.974451499579379
1,649.2496189977193,11.92157429077275
1,649.2600265388269,11.916337808845208
1,649.2704327116405,11.922422801687732
1,649.28083751616,11.847918335602456
1,649.2912409523855,11.87156313948414
1,649.3016430203169,11.845584603907602
1,649.3120437199542,11.813997546515619
1,649.3224430512975,11.919486373352393
1,649.3328410143467,11.833539548001987
1,649.3432376091018,11.881743678451707
1,649.353632835563,11.857751861002248
1,649.36402669373,11.89973998897595
1,649.374419183603,11.802521663151579
1,649.3848103051819,11.911645291207293
1,649.3952000584667,11.785527595000023
1,649.4055884434575,11.844681972274657
1,649.4159754601542,11.801820232644287
1,649.4263611085569,11.797149463909793
1,649.4367453886655,11.782280938977545
1,649.4471283004801,11.782356748146244
1,649.4575098440006,11.790264068463594
1,649.467890019227,11.768601146777529
1,649.4782688261594,11.683325520845196
1,649.4886462647977,11.72195822179165
1,649.499022335142,11.680483261180035
1,649.5093970371921,11.78403870746408
1,649.5197703709482,11.712918549476752
1,649.5301423364103,11.709489272294032
1,649.5405129335783,11.666813690749553
1,649.5508821624522,11.61803365013126
1,649.5612500230321,11.750475467106622
1,649.5716165153179,11.66887349147782
1,649.5819816393097,11.581629648344455
1,649.5923453950074,11.63584008600206
1,649.6027077824111,11.652264412921413
1,649.6130688015206,11.635816969082612
1,649.6234284523362,11.654553608188477
1,649.6337867348576,11.555274859479288
1,649.6441436490851,11.669677224180043
1,649.6544991950184,11.641671703518334
1,649.6648533726577,11.543100324607563
1,649.6752061820029,11.578596454913786
1,649.685557623054,11.672659141645438
1,649.6959076958111,11.532608149572974
1,649.7062564002742,11.513072907763286
1,649.7166037364432,11.53956411758724
1,649.726949704318,11.514011157600452
1,649.7372943038989,11.475878036727385
1,649.7476375351857,11.45752674856961
1,649.7579793981785,11.524936290258767
1,649.7683198928771,11.440171419975531
1,649.7786590192818,11.48797889344181
1,649.7889967773923,11.492942729081426
1,649.7993331672088,11.468075403268088
1,649.8096681887313,11.584123475985782
1,649.8200018419597,11.445196794685513
1,649.830334126894,11.515659001796484
1,649.8406650435342,11.514824852108056
1,649.8509945918804,11.458786682398356
1,649.8613227719325,11.491499554956587
1,649.8716495836906,11.473232832008655
1,649.8819750271546,11.443267061442219
1,649.8922991023245,11.468994868217772
1,649.9026218092005,11.509084975723287
1,649.9129431477822,11.39671240927891
1,649.92326311807,11.40559890792962
1,649.9335817200638,11.4402300276917
1,649.9438989537633,11.403585022791113
1,649.954214819169,11.407921547737828
1,649.9645293162805,11.374406834366686
1,649.9748424450979,11.344416847262645
1,649.9851542056214,11.433598933030881
1,649.9954645978507,11.404232627921601
1,650.005773621786,11.384002396495946
1,650.0160812774272,11.345491780735546
1,650.0263875647744,11.346961000658693
1,650.0366924838274,11.40620526467235
1,650.0469960345865,11.400623956041127
1,650.0572982170515,11.36377914212482
1,650.0675990312225,11.353135394493691
1,650.0778984770993,11.38145557304503
1,650.0881965546821,11.367564613591977
1,650.0984932639708,11.298727642766234
1,650.1087886049655,11.333831505413446
1,650.1190825776662,11.341437528015746
1,650.1293751820726,11.330165721693843
1,650.1396664181851,11.308741623165073
1,650.1499562860037,11.282192361504562
1,650.160244785528,11.27395005252835
1,650.1705319167584,11.260491788262529
1,650.1808176796945,11.283179017116318
1,650.1911020743368,11.241521549386928
1,650.2013851006849,11.323202480278463
1,650.2116667587389,11.241349761983393
1,650.221947048499,11.33179381600236
1,650.2322259699649,11.277538446482813
1,650.2425035231369,11.180915999794331
1,650.2527797080147,11.241584055129069
1,650.2630545245985,11.268299095661598
1,650.2733279728882,11.288593616734708
1,650.2836000528838,11.179232948039585
1,650.2938707645854,11.198224731728462
1,650.3041401079929,11.209550475286594
1,650.3144080831064,11.207904376079812
1,650.3246746899258,11.130769543284124
1,650.3349399284511,11.206337935307381
1,650.3452037986824,11.198539355255562
1,650.3554663006197,11.14252585095013
1,650.3657274342628,11.26580327850256
1,650.3759871996119,11.315975926131147
1,650.386245596667,11.213387650908349
1,650.396502625428,11.301957356269783
1,650.4067582858949,11.233598031125211
1,650.4170125780678,11.192044917934219
1,650.4272655019465,11.220528944897096
1,650.4375170575313,11.269335685479483
1,650.447767244822,11.241216127456836
1,650.4580160638186,11.15266400711406
1,650.4682635145211,11.21849660428931
1,650.4785095969297,11.219068255159359
1,650.4887543110441,11.175752804021021
1,650.4989976568645,11.200334199511705
1,650.5092396343908,11.216382238579884
1,650.5194802436231,11.2715725169237
1,650.5297194845613,11.21468811320785
1,650.5399573572055,11.208809941099439
1,650.5501938615555,11.183656179804592
1,650.5604289976116,11.170753475529727
1,650.5706627653735,11.182341197913011
1,650.5808951648414,11.14922080674095
1,650.5911261960152,11.176902695860274
1,650.601355858895,11.129432108497394
1,650.6115841534807,11.185880918196169
1,650.6218110797723,11.146975981379013
1,650.6320366377699,11.203271400517034
1,650.6422608274735,11.172151671569363
1,650.6524836488829,11.175492082134342
1,650.6627051019984,11.13678530490049
1,650.6729251868197,11.147081908697928
1,650.6831439033471,11.161627266272745
1,650.6933612515802,11.126577037435117
1,650.7035772315194,11.146706412647875
1,650.7137918431646,11.124590343745627
1,650.7240050865156,11.10159696429702
1,650.7342169615725,11.154491912676102
1,650.7444274683355,11.157739539368068
1,650.7546366068044,11.130764984201312
1,650.7648443769792,11.10291553645242
1,650.77505077886,11.121784037673686
1,650.7852558124466,11.107742734392552
1,650.7954594777392,11.182692940253167
1,650.8056617747378,11.143058832944016
1,650.8158627034423,11.157384314031857
1,650.8260622638528,11.142442607438458
1,650.8362604559692,11.117363549838318
1,650.8464572797915,11.085052224113278
1,650.8566527353197,11.111186408331182
1,650.866846822554,11.044997299481341
1,650.8770395414941,11.083881089919114
1,650.8872308921401,11.185543396117671
1,650.8974208744921,11.096562510143569
1,650.9076094885502,11.099453952703989
1,650.917796734314,11.146335321387797
1,650.9279826117839,11.15363472175875
1,650.9381671209596,11.054310248225992
1,650.9483502618414,11.111193702321167
1,650.958532034429,11.098752908064915
1,650.9687124387226,11.108808937337379
1,650.9788914747222,11.0778000793288
1,650.9890691424276,11.12537768373481
1,650.9992454418391,11.089379413609304
1,651.0094203729565,11.114433186562573
1,651.0195939357798,11.07034362455794
1,651.029766130309,11.020775823741314
1,651.0399369565441,11.097154446611642
1,651.0501064144853,11.225059303141768
1,651.0602745041323,11.22768310932969
1,651.0704412254853,11.16810738738412
1,651.0806065785442,11.166798944726192
1,651.0907705633091,11.104570933794582
1,651.1009331797799,11.148671454549286
1,651.1110944279567,11.190219839021958
1,651.1212543078393,11.120388638575175
1,651.131412819428,11.207715875763865
1,651.1415699627225,11.142163625275925
1,651.151725737723,11.194399012151603
1,651.1618801444295,11.187936642890705
1,651.1720331828419,11.160641262976204
1,651.1821848529602,11.122413391591838
1,651.1923351547845,11.210371860883273
1,651.2024840883147,11.107010504546736
1,651.2126316535508,11.16402715639193
1,651.2227778504929,11.202523663732572
1,651.232922679141,11.166736774444274
1,651.2430661394949,11.218367668465165
1,651.2532082315548,11.17710091508426
1,651.2633489553207,11.187735924689251
1,651.2734883107925,11.179244764857312
1,651.2836262979702,11.136732197368934
1,651.2937629168539,11.217419550656267
1,651.3038981674434,11.191989694578664
1,651.314032049739,11.177542101915096
1,651.3241645637405,11.19127832593587
1,651.3342957094479,11.218613088532772
1,651.3444254868613,11.136367206331837
1,651.3545538959805,11.148381186483824
1,651.3646809368058,11.158634026749947
1,651.3748066093369,11.190948720595514
1,651.3849309135741,11.190327436637904
1,651.3950538495171,11.229642953115771
1,651.4051754171661,11.168758091170023
1,651.4152956165211,11.199328169219017
1,651.4254144475819,11.184824482655246
1,651.4355319103488,11.170847126093598
1,651.4456480048216,11.201425802119061
1,651.4557627310003,11.19340669888613
1,651.4658760888849,11.1652112662411
1,651.4759880784754,11.176467667973736
1,651.4860986997719,11.22815161517856
1,651.4962079527744,11.223377117112278
1,651.5063158374828,11.147654116226619
1,651.5164223538972,11.190940420082075
1,651.5265275020174,11.158337807920484
1,651.5366312818436,11.22202085472873
1,651.5467336933757,11.15280528703706
1,651.5568347366138,11.188330699703545
1,651.5669344115579,11.141775158144252
1,651.5770327182079,11.240223955659749
1,651.5871296565638,11.115007629205051
1,651.5972252266256,11.206467784342419
1,651.6073194283933,11.214563669187863
1,651.6174122618671,11.141812241322278
1,651.6275037270468,11.203694973952699
1,651.6375938239324,11.170376819101698
1,651.647682552524,11.212962485838673
1,651.6577699128214,11.177718354229482
1,651.6678559048248,11.236784461995098
1,651.6779405285342,11.174687120152644
1,651.6880237839495,11.27567568655875
1,651.6981056710707,11.234609898303527
1,651.7081861898979,11.27531753055082
1,651.7182653404311,11.173628943801923
1,651.7283431226701,11.218810963177516
1,651.7384195366151,11.197117263765827
1,651.7484945822661,11.170711295287878
1,651.758568259623,11.275373455118698
1,651.7686405686858,11.197042230512054
1,651.7787115094545,11.20569223818499
1,651.7887810819292,11.280135783032428
1,651.7988492861099,11.30220579686494
1,651.8089161219964,11.209705512261943
1,651.8189815895889,11.250673286657767
1,651.8290456888874,11.273247451674816
1,651.8391084198918,11.225441387447448
1,651.8491697826022,11.175642154464423
1,651.8592297770184,11.24641752818807
1,651.8692884031407,11.209468063364922
1,651.8793456609687,11.206552129131522
1,651.8894015505028,11.286580767194396
1,651.8994560717429,11.254067176923105
1,651.9095092246889,11.23865550450771
1,651.9195610093408,11.26980911892197
1,651.9296114256987,11.2693810788777
1,651.9396604737624,11.298250918886795
1,651.9497081535321,11.261214677690537
1,651.9597544650078,11.271321094532885
1,651.9697994081895,11.312929376588418
1,651.979842983077,11.446462306743872
1,651.9898851896705,11.453993777757455
1,651.9999260279699,11.435388801066855
1,652.0099654979753,11.387230996497024
1,652.0200035996866,11.43394407752239
1,652.0300403331039,11.421642678834065
1,652.040075698227,11.470433157274853
1,652.0501096950561,11.34897433158421
1,652.0601423235912,11.47283038997434
1,652.0701735838322,11.48644325488145
1,652.0802034757792,11.408653806941174
1,652.090231999432,11.446318354794741
1,652.1002591547909,11.399517095939752
1,652.1102849418556,11.388474111869556
1,652.1203093606264,11.45820105838738
1,652.130332411103,11.456129606642929
1,652.1403540932856,11.448385673918414
1,652.1503744071741,11.450752078361138
1,652.1603933527686,11.490318199794801
1,652.1704109300689,11.4760553315847
1,652.1804271390753,11.446508795097486
1,652.1904419797876,11.482696146529666
1,652.2004554522058,11.419638960144088
1,652.21046755633,11.595324879508517
1,652.22047829216,11.532844894414147
1,652.2304876596961,11.456122560040622
1,652.240495658938,11.54058626988189
1,652.250502289886,11.437627320885516
1,652.2605075525398,11.552718791704136
1,652.2705114468996,11.623563182037923
1,652.2805139729653,11.490767463517466
1,652.290515130737,11.548910656344262
1,652.3005149202146,11.546066714264088
1,652.3105133413982,11.498643503484276
1,652.3205103942877,11.530778406689944
1,652.3305060788831,11.586962715941405
1,652.3405003951844,11.534489608028215
1,652.3504933431918,11.539700060644206
1,652.360484922905,11.591509223355247
1,652.3704751343242,11.551261733859578
1,652.3804639774494,11.558309982714068
1,652.3904514522804,11.629989825752391
1,652.4004375588174,11.651456112148926
1,652.4104222970604,11.489466210100924
1,652.4204056670093,11.530046915255742
1,652.4303876686641,11.588826343715775
1,652.4403683020249,11.540764087745611
1,652.4503475670916,11.61041734316175
1,652.4603254638643,11.582765745740664
1,652.4703019923428,11.623429854954175
1,652.4802771525274,11.526391951021859
1,652.4902509444178,11.590796944392428
1,652.5002233680142,11.652744045900816
1,652.5101944233165,11.680844986086612
1,652.5201641103248,11.600761243652965
1,652.5301324290391,11.701034150940853
1,652.5400993794592,11.647814756482388
1,652.5500649615853,11.619595422859948
1,652.5600291754174,11.63344475054367
1,652.5699920209554,11.640938626754984
1,652.5799534981993,11.646590438353984
1,652.5899136071491,11.690929153862184
1,652.599872347805,11.704277733900598
1,652.6098297201667,11.688866811050822
1,652.6197857242344,11.69380780552991
1,652.629740360008,11.696574517256252
1,652.6396936274875,11.67852625039383
1,652.649645526673,11.68217243794276
1,652.6595960575645,11.772378300150276
1,652.6695452201618,11.69462170929815
1,652.6794930144652,11.703568966571131
1,652.6894394404744,11.714534784100122
1,652.6993844981896,11.769266254008109
1,652.7093281876107,11.71732052139109
1,652.7192705087378,11.734121107458177
1,652.7292114615708,11.776451319371384
1,652.7391510461098,11.827983930449477
1,652.7490892623547,11.81415085996397
1,652.7590261103055,11.783057239610294
1,652.7689615899623,11.774730988272989
1,652.7788957013249,11.759183261166285
1,652.7888284443936,11.734683004585088
1,652.7987598191683,11.885269317494098
1,652.8086898256488,11.797633922239886
1,652.8186184638353,11.809041022386026
1,652.8285457337277,11.8309126233253
1,652.838471635326,11.769617153385004
1,652.8483961686303,11.874483932126392
1,652.8583193336405,11.863330638546914
1,652.8682411303566,11.765731363969236
1,652.8781615587787,11.892746926190025
1,652.8880806189068,11.857685742192116
1,652.8979983107408,11.876709206251576
1,652.9079146342807,11.810329564458872
1,652.9178295895266,11.784856087393235
1,652.9277431764783,11.923471584304247
1,652.9376553951361,11.851465483839066
1,652.9475662454998,11.848235341477961
1,652.9574757275694,11.81335256628853
1,652.9673838413449,11.815488310794413
1,652.9772905868265,11.813410991966876
1,652.987195964014,11.842520363552925
1,652.9970999729073,11.91893146342476
1,653.0070026135066,11.913221228670706
1,653.0169038858119,11.855795490427106
1,653.026803789823,11.880069782260314
1,653.0367023255402,11.864112472043463
1,653.0465994929633,11.910749075791784
1,653.0564952920923,11.984954150482503
1,653.0663897229273,11.91964632937454
1,653.0762827854682,11.898711817816041
1,653.0861744797149,11.915505169813928
1,653.0960648056678,11.928281374381099
1,653.1059537633265,11.92067236865452
1,653.1158413526912,12.020669193651665
1,653.1257275737618,12.001761128560414
1,653.1356124265383,11.97462779711668
1,653.1454959110207,12.049141560614592
1,653.1553780272092,11.969562150600439
1,653.1652587751034,11.95874484824319
1,653.1751381547037,11.985944840313103
1,653.18501616601,12.040619964332183
1,653.1948928090222,11.946469263682616
1,653.2047680837403,12.05393968690359
1,653.2146419901643,12.064031217425104
1,653.2245145282943,12.048096245641489
1,653.2343856981303,12.093268117175912
1,653.2442554996721,12.052755462454225
1,653.2541239329199,12.038778368950044
1,653.2639909978736,12.05317596212532
1,653.2738566945334,12.103984072819452
1,653.283721022899,12.054585629116792
1,653.2935839829705,12.037738591556375
1,653.303445574748,12.118575400978592
1,653.3133057982315,12.082868293920903
1,653.3231646534209,12.11904367001236
1,653.3330221403162,12.067120164709783
1,653.3428782589175,12.133624020549878
1,653.3527330092247,12.171060286477418
1,653.3625863912379,12.108655808651573
1,653.3724384049569,12.081524229734125
1,653.3822890503819,12.247004736095858
1,653.3921383275128,12.165517140867417
1,653.4019862363498,12.20410998462979
1,653.4118327768927,12.19797460733663
1,653.4216779491414,12.266498914945737
1,653.4315217530961,12.208773482972276
1,653.4413641887568,12.154320514639574
1,653.4512052561233,12.305366192572588
1,653.4610449551959,12.211940631509774
1,653.4708832859744,12.231878950083713
1,653.4807202484587,12.17006874691093
1,653.4905558426492,12.247252700481416
1,653.5003900685455,12.34454924597972
1,653.5102229261477,12.243201908460222
1,653.5200544154559,12.266407141491333
1,653.5298845364699,12.278061760100675
1,653.53971328919,12.266144224427132
1,653.549540673616,12.313657043145172
1,653.5593666897479,12.425339858282632
1,653.5691913375858,12.294112621275497
1,653.5790146171296,12.27249459509557
1,653.5888365283794,12.318723479605989
1,653.5986570713351,12.405156647414346
1,653.6084762459967,12.308482844589042
1,653.6182940523643,12.357946657924682
1,653.6281104904377,12.352296281623968
1,653.6379255602172,12.423222538771048
1,653.6477392617026,12.387165420964703
1,653.6575515948939,12.490548623230634
1,653.6673625597912,12.468032890910385
1,653.6771721563944,12.462530407261275
1,653.6869803847036,12.432502697992724
1,653.6967872447186,12.389829388773691
1,653.7065927364397,12.432221365331586
1,653.7163968598666,12.429453125269738
1,653.7261996149995,12.490175630564922
1,653.7360010018384,12.464997452304756
1,653.7458010203832,12.506886055619065
1,653.7555996706338,12.553391204695158
1,653.7653969525905,12.51151183503022
1,653.7751928662532,12.525906417884247
1,653.7849874116217,12.485070796704395
1,653.7947805886962,12.610056059754381
1,653.8045723974766,12.570256551519503
1,653.8143628379629,12.56246420487526
1,653.8241519101553,12.540815652610348
1,653.8339396140535,12.62620800456977
1,653.8437259496576,12.644898160971614
1,653.8535109169677,12.6344269942477
1,653.8632945159839,12.737775836703403
1,653.8730767467058,12.666815193674127
1,653.8828576091338,12.658486104926592
1,653.8926371032676,12.617151592179107
1,653.9024152291074,12.693861844409144
1,653.9121919866532,12.765648166166553
1,653.9219673759048,12.71921190819304
1,653.9317413968625,12.83229844805179
1,653.9415140495261,12.74555424452704
1,653.9512853338956,12.832666161223795
1,653.9610552499711,12.767200052065135
1,653.9708237977525,12.785611020535784
1,653.9805909772398,12.833057278448495
1,653.990356788433,12.812221548439927
1,654.0001212313323,12.876528922897991
1,654.0098843059374,12.838779901431801
1,654.0196460122485,12.880169829364117
1,654.0294063502655,12.93096325319477
1,654.0391653199885,12.901831598377692
1,654.0489229214174,12.916034865014089
1,654.0586791545522,12.960418068060356
1,654.0684340193931,13.001712752320579
1,654.0781875159398,13.020519719510057
1,654.0879396441924,12.987272764793136
1,654.0976904041511,13.068232305761887
1,654.1074397958156,13.061732964054016
1,654.117187819186,13.01533003152728
1,654.1269344742625,13.025604745959056
1,654.1366797610449,13.083899667915562
1,654.1464236795332,13.08358398986696
1,654.1561662297274,13.164222473012742
1,654.1659074116276,13.14693763329919
1,654.1756472252337,13.006294561897993
1,654.1853856705458,13.102169901127832
1,654.1951227475638,13.199125807911159
1,654.2048584562876,13.152813395675121
1,654.2145927967176,13.184911582598982
1,654.2243257688534,13.24173214199377
1,654.2340573726951,13.176847281907518
1,654.2437876082429,13.232858985223038
1,654.2535164754964,13.281297411223994
1,654.263243974456,13.212866680537568
1,654.2729701051215,13.32940916112413
1,654.282694867493,13.249179152299615
1,654.2924182615704,13.25276778721719
1,654.3021402873537,13.34738707340033
1,654.311860944843,13.413275577538041
1,654.3215802340383,13.431107913499268
1,654.3312981549394,13.369801147289783
1,654.3410147075465,13.376690444497875
1,654.3507298918595,13.34685480629291
1,654.3604437078785,13.433175589047675
1,654.3701561556034,13.4057598426763
1,654.3798672350342,13.4563884392002
1,654.389576946171,13.507811004110776
1,654.3992852890137,13.466416746603223
1,654.4089922635625,13.524414021362292
1,654.418697869817,13.588398918147194
1,654.4284021077776,13.573257274821003
1,654.4381049774441,13.61147999485161
1,654.4478064788165,13.613277892643865
1,654.4575066118949,13.568263246089886
1,654.4672053766792,13.628330971675265
1,654.4769027731694,13.667643936532349
1,654.4865988013656,13.622391518888035
1,654.4962934612678,13.6802721724994
1,654.5059867528759,13.70444654061074
1,654.5156786761899,13.748346505291913
1,654.5253692312098,13.724440194139348
1,654.5350584179356,13.73125842188769
1,654.5447462363675,13.78127681693681
1,654.5544326865053,13.779431655916975
1,654.5641177683489,13.818991077921162
1,654.5738014818986,13.77077781778443
1,654.5834838271542,13.860072897015623
1,654.5931648041156,13.826073907705917
1,654.6028444127832,13.886612951094321
1,654.6125226531565,14.034388151033324
1,654.6221995252358,13.868242979852953
1,654.6318750290211,13.977769309859262
1,654.6415491645123,13.808958594944027
1,654.6512219317095,14.026518673996629
1,654.6608933306126,13.931438860935813
1,654.6705633612216,13.949069666356925
1,654.6802320235366,14.05073871872316
1,654.6898993175575,13.95081006682511
1,654.6995652432844,14.028492758378636
1,654.7092298007171,14.132671267628396
1,654.7188929898559,13.967269321139758
1,654.7285548107006,14.116981993205243
1,654.7382152632512,14.221884916651526
1,654.7478743475077,14.168307512159801
1,654.7575320634702,14.255897707637208
1,654.7671884111387,14.187879869261948
1,654.776843390513,14.174548638915276
1,654.7864970015934,14.124038334140595
1,654.7961492443796,14.262517774304976
1,654.8058001188718,14.321134521194866
1,654.81544962507,14.279379621446338
1,654.825097762974,14.22825383159118
1,654.834744532584,14.370443345195378
1,654.8443899339,14.352373045336586
1,654.8540339669219,14.443039785474719
1,654.8636766316497,14.433793263039094
1,654.8733179280835,14.41341628156546
1,654.8829578562231,14.399253527495391
1,654.8925964160687,14.498982779824061
1,654.9022336076204,14.518391080335222
1,654.9118694308779,14.473591168060494
1,654.9215038858414,14.348732753746452
1,654.9311369725108,14.271040029617582
1,654.9407686908861,14.34018458932565
1,654.9503990409673,14.35803971770566
1,654.9600280227546,14.29197829246862
1,654.9696556362478,14.348416886182488
1,654.9792818814468,14.349656026320602
1,654.9889067583518,14.483658983378234
1,654.9985302669629,14.554251629668416
1,655.0081524072798,14.520391688772348
1,655.0177731793026,14.481071205952285
1,655.0273925830314,14.458340092328685
1,655.0370106184662,14.567268308108806
1,655.0466272856069,14.639982380389576
1,655.0562425844535,14.509640226264558
1,655.065856515006,14.619473412999541
1,655.0754690772645,14.626409913860952
1,655.085080271229,14.632937998588512
1,655.0946900968993,14.76430846880561
1,655.1042985542756,14.76525611812805
1,655.113905643358,14.68365433437228
1,655.1235113641461,14.759275548881297
1,655.1331157166402,14.704134203625399
1,655.1427187008403,14.797461148305457
1,655.1523203167463,14.860775000017894
1,655.1619205643583,14.815489678284084
1,655.1715194436762,14.886242458407578
1,655.1811169547,14.875628598018489
1,655.1907130974298,14.976269946031072
1,655.2003078718654,14.845129284469673
1,655.2099012780071,15.071558411149148
1,655.2194933158547,15.084563765682823
1,655.2290839854082,14.998405841683523
1,655.2386732866677,14.978434054669293
1,655.2482612196332,15.135301262903313
1,655.2578477843044,15.212704418378053
1,655.2674329806817,15.149843213897801
1,655.277016808765,15.153420297642446
1,655.2865992685541,15.185130551640459
1,655.2961803600492,15.113951721650368
1,655.3057600832502,15.141059011445627
1,655.3153384381573,15.134727044629518
1,655.3249154247702,15.356211353379368
1,655.3344910430891,15.306962291107622
1,655.3440652931139,15.48962505706831
1,655.3536381748446,15.36174153471946
1,655.3632096882812,15.392789594852804
1,655.3727798334239,15.431098457839783
1,655.3823486102724,15.447253403482678
1,655.3919160188269,15.427982972601093
1,655.4014820590874,15.507755837824828
1,655.4110467310537,15.531608292365648
1,655.4206100347261,15.560995375626447
1,655.4301719701043,15.653114793339673
1,655.4397325371885,15.523952314673645
1,655.4492917359787,15.652976574281977
1,655.4588495664748,15.682025797558703
1,655.4684060286768,15.65647180931002
1,655.4779611225847,15.60599838261417
1,655.4875148481985,15.718600463540282
1,655.4970672055184,15.75452611400356
1,655.5066181945442,15.741983284343034
1,655.5161678152759,15.795523893774517
1,655.5257160677136,15.82848606715125
1,655.5352629518571,15.822275909669052
1,655.5448084677067,15.906715733240699
1,655.5543526152621,15.83989256752912
1,655.5638953945236,15.927213257030308
1,655.5734368054909,15.960719734295003
1,655.5829768481642,16.051282758979408
1,655.5925155225434,16.100914546511586
1,655.6020528286286,16.003768197368185
1,655.6115887664197,16.090057117920953
1,655.6211233359168,16.14185493048388
1,655.6306565371198,16.000136588404043
1,655.6401883700287,16.15369202155198
1,655.6497188346435,16.09288207432838
1,655.6592479309644,16.119204386629903
1,655.6687756589911,16.217313164672948
1,655.6783020187238,16.2785405429465
1,655.6878270101624,16.27844687096482
1,655.697350633307,16.253210239490556
1,655.7068728881575,16.518100192259098
1,655.7163937747139,16.366990482688962
1,655.7259132929763,16.471970031402122
1,655.7354314429447,16.463133847639426
1,655.7449482246188,16.476487712615334
1,655.754463637999,16.548751398545367
1,655.7639776830853,16.570462069080826
1,655.7734903598773,16.675548841297
1,655.7830016683753,16.548966746360772
1,655.7925116085793,16.5465690686276
1,655.8020201804892,16.66126176769221
1,655.811527384105,16.467211638698142
1,655.8210332194268,16.511063330220775
1,655.8305376864545,16.331303930324697
1,655.8400407851882,16.52895922171575
1,655.8495425156277,16.515581395720265
1,655.8590428777733,16.605107181704266
1,655.8685418716248,16.590363584326273
1,655.8780394971822,16.63228048629493
1,655.8875357544456,16.66250978587178
1,655.8970306434148,16.714227307805356
1,655.9065241640901,16.727076888717473
1,655.9160163164712,16.711125291718893
1,655.9255071005583,16.78551500301628
1,655.9349965163514,16.756153283930207
1,655.9444845638504,16.855598848497024
1,655.9539712430553,16.94346357192501
1,655.9634565539662,16.96332644034701
1,655.972940496583,16.846652050602003
1,655.9824230709057,16.904928628766367
1,655.9919042769344,17.078025927242287
1,656.001384114669,17.002381727015607
1,656.0108625841096,17.121816546229248
1,656.0203396852561,17.053365761538018
1,656.0298154181086,17.190045340037013
1,656.039289782667,17.15205075234436
1,656.0487627789313,17.163288943806645
1,656.0582344069015,17.312043942577933
1,656.0677046665778,17.21608657225368
1,656.0771735579599,17.270108140494727
1,656.086641081048,17.43293011709793
1,656.096107235842,17.3872368744808
1,656.105572022342,17.362130889631214
1,656.1150354405479,17.322699463868627
1,656.1244974904597,17.549598604396575
1,656.1339581720775,17.441606200633807
1,656.1434174854012,17.61055620229477
1,656.1528754304309,17.679423997708273
1,656.1623320071665,17.598089773024295
1,656.171787215608,17.612298304285957
1,656.1812410557555,17.751150024262373
1,656.1906935276089,17.7322589170113
1,656.2001446311683,17.772147689440118
1,656.2095943664335,17.83326459366341
1,656.2190427334048,17.888827381020334
1,656.228489732082,18.033111225498423
1,656.2379353624651,18.010270785078532
1,656.2473796245541,17.92918929466241
1,656.2568225183492,17.89723416789515
1,656.2662640438501,18.103094647041218
1,656.275704201057,18.145711332959227
1,656.2851429899698,18.142994525934704
1,656.2945804105885,18.18983898925806
1,656.3040164629132,18.099765454601332
1,656.3134511469439,18.306533051148318
1,656.3228844626805,18.26720388445072
1,656.332316410123,18.28474560229293
1,656.3417469892714,18.356556516667535
1,656.3511762001258,18.407984624924275
1,656.3606040426861,18.459589411341454
1,656.3700305169524,18.458522294509336
1,656.3794556229245,18.496755637249937
1,656.3888793606027,18.471076861614247
1,656.3983017299868,18.62095546522522
1,656.4077227310769,18.62332149904676
1,656.4171423638728,18.773186062726833
1,656.4265606283747,18.49612234187599
1,656.4359775245825,18.476043578097002
1,656.4453930524963,18.529561970807837
1,656.4548072121161,18.49026608132832
1,656.4642200034417,18.600414798605904
1,656.4736314264733,18.647380934696674
1,656.4830414812109,18.695031761126245
1,656.4924501676544,18.828344149697234
1,656.5018574858037,18.634604941431075
1,656.5112634356591,18.73371087138049
1,656.5206680172205,18.87901521282588
1,656.5300712304877,18.854320136129765
1,656.5394730754608,18.809200529869614
1,656.54887355214,18.913265878300187
1,656.5582726605251,19.06124310135742
1,656.5676704006161,19.095179240899434
1,656.577066772413,19.03829295003441
1,656.5864617759158,19.118080129468808
1,656.5958554111247,19.15575180783115
1,656.6052476780394,19.451031352547123
1,656.6146385766601,19.335374908715856
1,656.6240281069868,19.36618371621914
1,656.6334162690193,19.41172906599409
1,656.6428030627578,19.5089589937788
1,656.6521884882023,19.452137835829607
1,656.6615725453527,19.592719491844914
1,656.670955234209,19.625209662884505
1,656.6803365547713,19.576203481991442
1,656.6897165070395,19.658423469618363
1,656.6990950910136,19.905836479092617
1,656.7084723066938,19.74558489650374
1,656.7178481540798,19.878866428540224
1,656.7272226331718,19.8494487148645
1,656.7365957439697,20.028103804864866
1,656.7459674864735,19.998112129006433
1,656.7553378606833,19.99257677603865
1,656.764706866599,20.0506365848758
1,656.7740745042207,20.06069970400374
1,656.7834407735484,20.093571037960736
1,656.7928056745818,20.197839155586365
1,656.8021692073213,20.35030018890787
1,656.8115313717668,20.447840134409713
1,656.8208921679181,20.369958261432036
1,656.8302515957754,20.29730101772101
1,656.8396096553387,20.520936285679902
1,656.8489663466079,20.544737503805983
1,656.858321669583,20.590762113192795
1,656.867675624264,20.617179244060278
1,656.877028210651,20.806834744472226
1,656.886379428744,20.65938013662013
1,656.8957292785428,20.731964538585057
1,656.9050777600477,20.758185337178688
1,656.9144248732584,20.8851034178953
1,656.9237706181751,20.91760666821507
1,656.9331149947978,20.949927667637812
1,656.9424580031264,20.487012875910196
1,656.9517996431609,20.48240407273229
1,656.9611399149013,20.792058192133876
1,656.9704788183477,20.790217086027152
1,656.9798163535,21.034743945124138
1,656.9891525203584,20.883947217890835
1,656.9984873189226,21.02429190268708
1,657.0078207491928,20.995200151477516
1,657.0171528111688,21.020373281506608
1,657.0264835048508,21.199992436326585
1,657.0358128302388,21.11903306082845
1,657.0451407873328,21.316806445452052
1,657.0544673761326,21.27134510790477
1,657.0637925966385,21.383706736919528
1,657.0731164488501,21.200464646490346
1,657.0824389327678,21.612461372109838
1,657.0917600483914,21.454951384152828
1,657.1010797957209,21.571489633511334
1,657.1103981747565,21.473020650466285
1,657.1197151854979,21.707209142624897
1,657.1290308279453,21.753512314794314
1,657.1383451020986,21.85811665612048
1,657.1476580079578,21.998766736204303
1,657.156969545523,22.025433242578615
1,657.1662797147941,21.9688417380203
1,657.1755885157712,22.23394944527697
1,657.1848959484541,22.05310043108868
1,657.1942020128431,22.0797380190847
1,657.203506708938,22.218800412527187
1,657.2128100367388,22.25266365863097
1,657.2221119962456,22.454890040378846
1,657.2314125874583,22.271096991079705
1,657.240711810377,22.500415957928837
1,657.2500096650016,22.49253016585511
1,657.2593061513321,22.68113053944257
1,657.2686012693686,22.670310192165843
1,657.2778950191109,22.73916708638715
1,657.2871874005592,22.66879376417682
1,657.2964784137135,22.899642720820736
1,657.3057680585738,22.797891875816436
1,657.31505633514,22.94560694804519
1,657.324343243412,22.905714744511453
1,657.33362878339,23.122016870880625
1,657.3429129550741,23.1545262595287
1,657.352195758464,23.19644040153962
1,657.3614771935598,23.3714043084349
1,657.3707572603616,23.284021925192388
1,657.3800359588694,22.977475052391398
1,657.389313289083,23.151537545605606
1,657.3985892510026,23.12961296233847
1,657.4078638446282,23.295712231438678
1,657.4171370699597,23.158579801659183
1,657.4264089269972,23.205332954354663
1,657.4356794157405,23.396883238368943
1,657.4449485361898,23.454645768471007
1,657.454216288345,23.603798791918212
1,657.4634826722063,23.6052730928747
1,657.4727476877733,23.694261478922304
1,657.4820113350464,23.551179756799208
1,657.4912736140254,23.7663815475905
1,657.5005345247104,23.977244715909766
1,657.5097940671013,23.790390319995016
1,657.5190522411981,23.840613575488632
1,657.5283090470009,24.01648897337204
1,657.5375644845096,24.262147539849003
1,657.5468185537243,24.244265007993683
1,657.5560712546448,24.346464902354224
1,657.5653225872713,24.211775035842614
1,657.5745725516039,24.282661092851047
1,657.5838211476422,24.295737579352444
1,657.5930683753866,24.64231947445982
1,657.6023142348369,24.687575471759764
1,657.6115587259931,24.791754587790653
1,657.6208018488553,24.692107722396358
1,657.6300436034234,24.789227979265146
1,657.6392839896974,24.93364350817362
1,657.6485230076773,25.077527163806614
1,657.6577606573633,24.9452302052174
1,657.6669969387551,25.036101399553466
1,657.676231851853,25.044550557377384
1,657.6854653966567,25.17101167688559
1,657.6946975731664,25.330577215250553
1,657.703928381382,25.340658210542117
1,657.7131578213035,25.425921126138988
1,657.722385892931,25.477394028433075
1,657.7316125962645,25.596907204365877
1,657.7408379313039,25.546413344982295
1,657.7500618980492,25.752756281230745
1,657.7592844965004,25.80064262728921
1,657.7685057266576,25.453289446530142
1,657.7777255885208,25.763784113715595
1,657.7869440820898,25.526969724326186
1,657.7961612073649,25.35364529718051
1,657.8053769643458,25.55559222620311
1,657.8145913530327,25.987868430850188
1,657.8238043734256,25.82234077768058
1,657.8330160255243,26.083588598176703
1,657.842226309329,26.282286553871497
1,657.8514352248396,26.08638619539419
1,657.8606427720563,26.24225754817222
1,657.8698489509788,26.29483340640207
1,657.8790537616072,26.38546766054223
1,657.8882572039416,26.736533390523114
1,657.897459277982,26.543314879085514
1,657.9066599837283,26.637704808700306
1,657.9158593211805,26.486968087704025
1,657.9250572903387,26.847873683884654
1,657.9342538912028,26.947221057439656
1,657.9434491237729,26.606025987896363
1,657.9526429880489,26.842678715026082
1,657.9618354840308,27.19393427716514
1,657.9710266117187,27.185836713039784
1,657.9802163711124,27.367786723921157
1,657.9894047622122,27.3478426753403
1,657.9985917850179,27.383753571582673
1,658.0077774395295,27.609291711192533
1,658.016961725747,27.468167023148577
1,658.0261446436706,27.601117166663652
1,658.0353261933,27.626686867397105
1,658.0445063746354,27.826702916083196
1,658.0536851876767,27.949625430096148
1,658.062862632424,27.70342700354157
1,658.0720387088771,28.00736294149272
1,658.0812134170363,28.135676713010323
1,658.0903867569014,28.50240585767596
1,658.0995587284724,28.23927903613729
1,658.1087293317494,28.33960789133449
1,658.1178985667323,28.020050503115158
1,658.1270664334211,28.317862645532813
1,658.1362329318158,28.541530815058188
1,658.1453980619166,28.024598548080835
1,658.1545618237233,28.421151257936256
1,658.1637242172358,28.511567870767532
1,658.1728852424543,28.76686389458662
1,658.1820448993789,28.589640690456772
1,658.1912031880092,28.89220081704063
1,658.2003601083455,28.74830694623376
1,658.2095156603879,29.134408484399327
1,658.2186698441361,29.12316603284472
1,658.2278226595903,29.078345501189744
1,658.2369741067504,29.187675086067728
1,658.2461241856164,29.24135803538165
1,658.2552728961884,29.39137995638204
1,658.2644202384664,29.325903715785145
1,658.2735662124502,29.52830374411801
1,658.28271081814,29.585193965341414
1,658.2918540555357,29.831842354374093
1,658.3009959246375,29.924235295333688
1,658.3101364254451,30.25308920687208
1,658.3192755579587,30.221060357498374
1,658.3284133221782,30.04605321282048
1,658.3375497181037,30.155173559821485
1,658.346684745735,30.223243744980508
1,658.3558184050723,30.45598543459922
1,658.3649506961156,30.104790481354627
1,658.3740816188648,30.371057925597817
1,658.38321117332,30.7179295178563
1,658.3923393594811,30.971533090220614
1,658.4014661773481,30.93979082567505
1,658.410591626921,30.793359710157347
1,658.4197157081999,30.980517980077956
1,658.4288384211848,31.1240387934728
1,658.4379597658756,31.203986703535442
1,658.4470797422722,30.552598508495176
1,658.4561983503748,30.87916667843127
1,658.4653155901835,31.278334401345735
1,658.474431461698,31.236595175783144
1,658.4835459649186,31.195280203802326
1,658.4926590998449,31.470704963083207
1,658.5017708664773,31.259450156312923
1,658.5108812648156,31.64480429415389
1,658.5199902948598,31.609742605519145
1,658.52909795661,31.55150864622521
1,658.5382042500661,32.01309137713389
1,658.5473091752282,31.894382796600844
1,658.5564127320962,32.02675310078322
1,658.5655149206701,32.29002428732187
1,658.57461574095,32.24120763258055
1,658.5837151929358,32.45506139715303
1,658.5928132766276,32.36651483551897
1,658.6019099920252,32.62551983383741
1,658.6110053391288,32.6443436891071
1,658.6200993179384,32.661483204936616
1,658.6291919284539,32.819532890029066
1,658.6382831706753,32.8786058736301
1,658.6473730446028,33.24553318473266
1,658.656461550236,33.10456617276057
1,658.6655486875753,33.21606171826896
1,658.6746344566205,33.76382602265583
1,658.6837188573717,33.45202990217468
1,658.6928018898288,33.66915916366402
1,658.7018835539918,33.665615571820474
1,658.7109638498608,33.905712705910275
1,658.7200427774357,33.86652418929254
1,658.7291203367165,33.91688445386028
1,658.7381965277033,34.24767200053394
1,658.7472713503961,34.32850710932652
1,658.7563448047947,33.72630975351217
1,658.7654168908992,33.97498274965404
1,658.7744876087098,34.10909122572549
1,658.7835569582263,34.04275126824732
1,658.7926249394487,34.472883774455305
1,658.8016915523771,34.674201491009875
1,658.8107567970114,34.44417505309457
1,658.8198206733516,34.794957954298766
1,658.8288831813978,35.063949007247416
1,658.83794432115,35.1234056124239
1,658.847004092608,35.21432797607097
1,658.856062495772,35.15939706284954
1,658.8651195306419,35.40718716012655
1,658.8741751972178,35.5689463507201
1,658.8832294954996,35.53063325969181
1,658.8922824254873,35.59085416839133
1,658.901333987181,35.74611863325521
1,658.9103841805806,36.12435789193059
1,658.9194330056863,36.50981705194748
1,658.9284804624978,36.38551861416598
1,658.9375265510153,36.81549341065077
1,658.9465712712387,36.702868703283336
1,658.955614623168,36.90619672556715
1,658.9646566068033,37.12674064633022
1,658.9736972221444,36.7080597923067
1,658.9827364691917,36.780501786880336
1,658.9917743479447,37.56722225641073
1,659.0008108584037,37.23842969969865
1,659.0098460005687,37.841374947588044
1,659.0188797744396,37.50240645402178
1,659.0279121800164,38.08847026855162
1,659.0369432172993,37.3538867730764
1,659.0459728862879,37.35432460857181
1,659.0550011869826,37.496974107545284
1,659.0640281193832,37.84445874760694
1,659.0730536834898,37.63436345706836
1,659.0820778793022,38.03789821469391
1,659.0911007068207,38.16764906639395
1,659.100122166045,38.2954724823702
1,659.1091422569754,38.4817355443693
1,659.1181609796116,38.35213833087741
1,659.1271783339538,38.82649079972037
1,659.1361943200019,38.79999619742284
1,659.1452089377559,38.93254942017174
1,659.154222187216,39.13041311199122
1,659.1632340683819,39.16998559344689
1,659.1722445812538,39.73727835862635
1,659.1812537258317,39.63215238239726
1,659.1902615021154,39.75074691715362
1,659.199267910105,40.09555855664441
1,659.2082729498007,40.10522742868445
1,659.2172766212022,40.48496683561294
1,659.2262789243098,40.378968741715184
1,659.2352798591232,40.62807891953018
1,659.2442794256426,40.460118708985135
1,659.253277623868,40.73826945922902
1,659.2622744537993,41.20363408161503
1,659.2712699154365,40.74124452762837
1,659.2802640087796,41.051740629669965
1,659.2892567338287,41.672267864430744
1,659.2982480905838,41.55004318127422
1,659.3072380790447,41.309500747791276
1,659.3162266992116,41.67963803369037
1,659.3252139510845,41.49630626079564
1,659.3341998346633,41.78661990741417
1,659.343184349948,41.65321557579311
1,659.3521674969387,41.891901829197614
1,659.3611492756353,41.86546798123618
1,659.3701296860378,42.78065167755103
1,659.3791087281463,42.60894632459196
1,659.3880864019608,42.96030774775745
1,659.3970627074812,43.081164760560014
1,659.4060376447075,43.051409116241494
1,659.4150112136397,43.34288188007117
1,659.4239834142778,43.9306018724703
1,659.432954246622,43.80701990444752
1,659.4419237106721,43.993688195597784
1,659.4508918064281,43.937380707523694
1,659.45985853389,44.18048840894132
1,659.4688238930579,44.582949244860906
1,659.4777878839317,45.02768048161676
1,659.4867505065115,44.53311078008127
1,659.4957117607971,45.084169438668035
1,659.5046716467888,45.461717510521225
1,659.5136301644864,45.61222815651785
1,659.52258731389,45.10743414312589
1,659.5315430949994,45.55207653417865
1,659.5404975078147,46.16741799149405
1,659.5494505523361,46.53431412718844
1,659.5584022285634,46.809754590450034
1,659.5673525364966,46.650700053267755
1,659.5763014761358,46.19212737512815
1,659.5852490474808,46.92438958278137
1,659.5941952505319,46.84278681372047
1,659.6031400852889,46.732905579777075
1,659.6120835517518,47.19101979462849
1,659.6210256499206,47.107779205080014
1,659.6299663797954,47.934590140129764
1,659.6389057413762,47.638687970328746
1,659.6478437346628,48.315585650715015
1,659.6567803596555,49.022686404496255
1,659.6657156163541,48.789755856154606
1,659.6746495047585,49.64876798941518
1,659.683582024869,49.71050021289956
1,659.6925131766853,50.17356136364859
1,659.7014429602076,50.061041840142245
1,659.7103713754359,50.92185857539345
1,659.7192984223701,50.96936784176575
1,659.7282241010103,51.74815715554409
1,659.7371484113563,51.262369913511236
1,659.7460713534083,52.33317202779452
1,659.7549929271662,52.58257930538868
1,659.7639131326301,53.02005076230427
1,659.7728319698,53.468485476758005
1,659.7817494386757,53.494336469792756
1,659.7906655392575,54.308430719263534
1,659.7995802715451,55.17091502349851
1,659.8084936355386,54.28746137658536
1,659.8174056312382,54.56718136196817
1,659.8263162586436,55.3196612263507
1,659.835225517755,55.32874487564786
1,659.8441334085724,55.3485656039533
1,659.8530399310956,56.49560049378329
1,659.8619450853249,55.81374131605576
1,659.87084887126,57.362447183787744
1,659.8797512889012,58.24190547410715
1,659.8886523382482,57.96040370506035
1,659.8975520193012,58.68451866756494
1,659.9064503320601,59.35612743864303
1,659.9153472765249,59.723395003946415
1,659.9242428526958,59.99071079805611
1,659.9331370605724,60.02995408947943
1,659.9420299001551,61.80652783276975
1,659.9509213714438,61.601779172024365
1,659.9598114744383,62.99377905039288
1,659.9687002091389,62.51979276580447
1,659.9775875755453,64.03485398666841
1,659.9864735736577,63.69337715042119
1,659.9953582034759,65.23934091429292
1,660.0042414650002,65.48850081876458
1,660.0131233582305,66.11468390413482
1,660.0220038831666,65.49698481138265
1,660.0308830398086,67.27505761883926
1,660.0397608281567,66.76593945669609
1,660.0486372482106,66.60603231130682
1,660.0575122999705,67.80266261092194
1,660.0663859834364,69.79336866224219
1,660.0752582986081,70.88035281336053
1,660.0841292454858,70.07535668510918
1,660.0929988240695,71.40254281813898
1,660.101867034359,71.17762863950806
1,660.1107338763545,72.29172317946461
1,660.119599350056,73.13167684915761
1,660.1284634554635,73.45662384627819
1,660.1373261925768,74.53914528140523
1,660.1461875613961,74.90169715009247
1,660.1550475619213,76.10483417208447
1,660.1639061941524,77.89577076889523
1,660.1727634580895,78.75887765531994
1,660.1816193537326,80.0308573344187
1,660.1904738810816,80.2104808176625
1,660.1993270401365,80.63439371995413
1,660.2081788308974,82.66689657946698
1,660.2170292533642,82.42802842539145
1,660.225878307537,83.14546713322959
1,660.2347259934156,84.36648375549935
1,660.2435723110002,85.31923436359158
1,660.2524172602908,87.69552205130634
1,660.2612608412873,87.45343155717306
1,660.2701030539897,86.39494575655068
1,660.2789438983981,87.52077445454427
1,660.2877833745124,87.56912225660638
1,660.2966214823327,90.51757650033623
1,660.3054582218589,90.48315598819016
1,660.3142935930911,92.11652204112407
1,660.323127596029,93.10665687912349
1,660.3319602306731,95.82590171907283
1,660.340791497023,95.66473212585092
1,660.349621395079,98.1681899355164
1,660.3584499248408,99.19607547478083
1,660.3672770863086,100.81160695091249
1,660.3761028794823,102.71500146791037
1,660.3849273043619,102.49291921916692
1,660.3937503609476,104.0114205280837
1,660.4025720492391,106.96235589256509
1,660.4113923692365,106.68886103709319
1,660.42021132094,108.52578209615001
1,660.4290289043493,110.28362583035607
1,660.4378451194646,109.846783782249
1,660.4466599662858,112.12181519265495
1,660.455473444813,114.22255156075568
1,660.4642855550461,113.83633738914743
1,660.4730962969852,117.45421472954921
1,660.4819056706301,114.67202780268762
1,660.490713675981,116.40705046565064
1,660.4995203130379,116.40969994384578
1,660.5083255818007,122.10930615549817
1,660.5171294822695,123.56140025678015
1,660.5259320144442,123.9832540017255
1,660.5347331783248,127.32497091097237
1,660.5435329739114,126.8296684229138
1,660.5523314012039,130.4095961520698
1,660.5611284602023,128.63069014226758
1,660.5699241509067,132.80043301754586
1,660.578718473317,135.46375178604256
1,660.5875114274332,141.2664632609914
1,660.5963030132555,141.16820160404478
1,660.6050932307836,145.0121843787397
1,660.6138820800177,145.77507007409332
1,660.6226695609578,148.17550545356727
1,660.6314556736037,149.48183152970915
1,660.6402404179556,149.73431556518688
1,660.6490237940134,154.86192621406465
1,660.6578058017772,159.45055207125702
1,660.6665864412469,161.73360438656283
2,631.1077606684469,81.04083811486294
2,631.1187012949723,80.20958354812859
2,631.1296405891981,79.00801516488823
2,631.1405785511241,77.1443214381678
2,631.1515151807505,78.05977480032949
2,631.1624504780773,76.54172218554882
2,631.1733844431045,75.40957568783647
2,631.1843170758319,74.80202080009536
2,631.1952483762598,74.4071574009426
2,631.2061783443879,73.26808681428791
2,631.2171069802165,72.62499359431854
2,631.2280342837454,71.80494477508323
2,631.2389602549746,70.10927431554649
2,631.2498848939041,69.90113338867367
2,631.260808200534,69.37409489491328
2,631.2717301748643,69.52207466218935
2,631.2826508168949,67.86130331611237
2,631.2935701266258,66.70570999264936
2,631.3044881040571,66.77915534794053
2,631.3154047491888,66.18562489295465
2,631.3263200620208,66.16070219140309
2,631.3372340425532,64.46315893588691
2,631.3481466907858,64.40074505736645
2,631.3590580067189,63.545011211061045
2,631.3699679903523,63.852447964491745
2,631.380876641686,62.52517115976801
2,631.3917839607201,63.16935037345457
2,631.4026899474545,62.32308906374681
2,631.4135946018893,61.87901594581707
2,631.4244979240244,61.04102252534761
2,631.4353999138599,61.322071348919785
2,631.4463005713957,60.63760964543895
2,631.4571998966319,59.1474455005977
2,631.4680978895684,59.11808504386811
2,631.4789945502052,59.314586286623125
2,631.4898898785424,58.77327982163067
2,631.50078387458,58.02989830751347
2,631.5116765383179,57.437390502400845
2,631.5225678697561,57.42118416159494
2,631.5334578688947,55.82227450976644
2,631.5443465357337,56.10742291489437
2,631.555233870273,55.58663345727418
2,631.5661198725127,55.567242229889374
2,631.5770045424526,54.65627354615108
2,631.5878878800929,53.6438909657031
2,631.5987698854336,54.1193464578232
2,631.6096505584746,53.485801037819
2,631.6205298992161,53.09243946826697
2,631.6314079076577,53.029034669972155
2,631.6422845837999,51.92499999968091
2,631.6531599276423,51.51933033501719
2,631.6640339391851,51.61785875124076
2,631.6749066184282,50.97746404661584
2,631.6857779653716,50.696571234804765
2,631.6966479800154,50.931693665987765
2,631.7075166623596,50.48314784275201
2,631.718384012404,50.14670169775967
2,631.7292500301489,49.52779433779504
2,631.7401147155941,48.95552215784835
2,631.7509780687396,48.85545703979791
2,631.7618400895856,48.16975866395709
2,631.7727007781318,47.684176775036406
2,631.7835601343784,47.75997652371743
2,631.7944181583254,47.73486529132769
2,631.8052748499726,47.538683502910054
2,631.8161302093202,46.800517613842345
2,631.8269842363683,46.69028892133121
2,631.8378369311165,46.4391240552901
2,631.8486882935653,45.88486793385759
2,631.8595383237142,45.57179033234646
2,631.8703870215636,45.0372906128282
2,631.8812343871133,44.88434288614683
2,631.8920804203634,45.10376887988637
2,631.9029251213138,44.71466811501588
2,631.9137684899646,44.150119438931064
2,631.9246105263156,43.80050390268945
2,631.9354512303671,43.13802752319232
2,631.9462906021189,43.52076260173304
2,631.9571286415711,42.805152406235095
2,631.9679653487236,42.94720422060613
2,631.9788007235765,42.93088487548204
2,631.9896347661296,42.22522826914216
2,632.0004674763832,41.81336063288275
2,632.011298854337,41.749052351190244
2,632.0221288999912,41.91818049772776
2,632.0329576133458,41.663613541537075
2,632.0437849944008,40.8736790097053
2,632.054611043156,40.955595717396264
2,632.0654357596117,40.82524603629228
2,632.0762591437676,40.14222572285993
2,632.0870811956239,39.9611920986054
2,632.0979019151806,40.3022655751483
2,632.1087213024376,39.85721705722438
2,632.119539357395,39.210319715621665
2,632.1303560800527,39.10464856369628
2,632.1411714704108,39.48122575862086
2,632.1519855284691,38.96784781588597
2,632.1627982542279,38.41660601030853
2,632.173609647687,38.11130691422561
2,632.1844197088465,38.34653087565124
2,632.1952284377062,37.709197939527215
2,632.2060358342663,37.62913461757976
2,632.2168418985268,37.685361827329324
2,632.2276466304877,37.21464987975472
2,632.2384500301489,37.54283224515459
2,632.2492520975104,36.744290742696606
2,632.2600528325722,37.14362732585352
2,632.2708522353345,36.747370739506984
2,632.281650305797,36.48233201578715
2,632.29244704396,36.413862435831255
2,632.3032424498233,36.03704558382477
2,632.3140365233869,35.62626923296837
2,632.3248292646508,35.80822852497906
2,632.3356206736152,35.543059139577
2,632.3464107502798,35.01805706239734
2,632.3571994946448,34.85445084889725
2,632.3679869067101,34.64422133494837
2,632.3787729864758,34.595772596147576
2,632.3895577339418,34.90859439220748
2,632.4003411491083,34.533441706644936
2,632.411123231975,33.780453051985944
2,632.4219039825421,34.09910326988521
2,632.4326834008095,33.55268395632332
2,632.4434614867773,33.89000467044059
2,632.4542382404454,33.62402019411325
2,632.4650136618139,33.329944360571275
2,632.4757877508828,33.143836963605196
2,632.4865605076519,33.07423071678628
2,632.4973319321215,32.76670180882559
2,632.5081020242914,32.656658793720226
2,632.5188707841615,32.49733371140396
2,632.529638211732,32.35907505457156
2,632.540404307003,32.219488583828344
2,632.5511690699742,32.070455994250715
2,632.5619325006459,31.990135065438597
2,632.5726945990178,31.730578899441362
2,632.5834553650901,31.72336144952126
2,632.5942147988627,31.407406030707712
2,632.6049729003357,31.14684542415085
2,632.615729669509,31.255126266444798
2,632.6264851063828,31.016010985643064
2,632.6372392109569,30.692190506300733
2,632.6479919832312,30.62418354388276
2,632.6587434232059,30.670317587689844
2,632.669493530881,30.366723278225148
2,632.6802423062564,30.329340098085225
2,632.6909897493322,30.10295604149848
2,632.7017358601083,30.036629460584997
2,632.7124806385848,29.918625228619987
2,632.7232240847616,29.79021981959572
2,632.7339661986388,29.350846936391697
2,632.7447069802163,29.448793163735147
2,632.7554464294941,29.240403833383372
2,632.7661845464723,29.264458257521568
2,632.7769213311509,29.228016743684808
2,632.7876567835298,29.038746562224148
2,632.7983909036091,28.73496834683965
2,632.8091236913887,28.908751100546855
2,632.8198551468686,28.271018281649994
2,632.8305852700489,28.430577777425533
2,632.8413140609296,28.637117077125566
2,632.8520415195105,28.407786605309354
2,632.8627676457918,28.05424552972413
2,632.8734924397735,28.169417694075488
2,632.8842159014556,28.0945403274849
2,632.8949380308379,27.850277424136177
2,632.9056588279207,27.595005140719724
2,632.9163782927037,27.733187322130323
2,632.9270964251872,27.65904995383824
2,632.9378132253709,27.53660289093798
2,632.9485286932551,27.525548625092704
2,632.9592428288395,27.38980044607518
2,632.9699556321243,27.199937497077695
2,632.9806671031095,27.129157355375828
2,632.9913772417949,27.064050419612155
2,633.0020860481808,27.033726632109637
2,633.012793522267,26.889099958967083
2,633.0234996640535,26.900762651843408
2,633.0342044735404,26.603493236136025
2,633.0449079507276,26.5849244928549
2,633.0556100956153,26.497485055362066
2,633.0663109082031,26.427461886772775
2,633.0770103884914,26.28523305068815
2,633.0877085364801,26.070551234428418
2,633.098405352169,26.295885327320175
2,633.1091008355584,26.19805466072827
2,633.119794986648,25.84896360143107
2,633.1304878054381,25.729331618395033
2,633.1411792919284,25.90198474247344
2,633.1518694461191,25.649954378930403
2,633.1625582680102,25.694673340816692
2,633.1732457576016,25.631587799839
2,633.1839319148934,25.692374603032366
2,633.1946167398855,25.38635357795466
2,633.2053002325779,25.31992843177937
2,633.2159823929708,25.316396136823606
2,633.2266632210639,25.168258846018905
2,633.2373427168574,25.03868638530308
2,633.2480208803512,25.041719311427535
2,633.2586977115454,25.0678881369883
2,633.2693732104399,24.972391091087058
2,633.2800473770349,24.842720698242715
2,633.29072021133,24.64267222055887
2,633.3013917133256,24.55289593324245
2,633.3120618830216,24.549392493040962
2,633.3227307204178,24.680643060305087
2,633.3333982255144,24.67311538951586
2,633.3440643983114,24.50927714375306
2,633.3547292388088,24.294661509444047
2,633.3653927470064,24.306892474638328
2,633.3760549229044,24.119822417114364
2,633.3867157665028,24.194795376568003
2,633.3973752778014,24.183148416244055
2,633.4080334568005,24.168295817870536
2,633.4186903035,24.00795113232289
2,633.4293458178996,23.93934565615606
2,633.4399999999997,23.72978143099701
2,633.4506528498002,23.67433686224536
2,633.461304367301,23.778624491415993
2,633.4719545525021,23.597722778473855
2,633.4826034054036,23.64809218553889
2,633.4932509260054,23.608180779071496
2,633.5038971143076,23.55293349485429
2,633.5145419703101,23.49946796217009
2,633.525185494013,23.221246604962534
2,633.5358276854163,23.461257417011424
2,633.5464685445198,23.16030673902779
2,633.5571080713237,23.17126533679044
2,633.567746265828,23.073837275188858
2,633.5783831280326,23.1139040597922
2,633.5890186579376,23.026264112878188
2,633.5996528555429,22.880609536948818
2,633.6102857208485,22.88374350835171
2,633.6209172538545,22.888860199410363
2,633.6315474545609,22.78720543687375
2,633.6421763229675,22.737556449950485
2,633.6528038590745,22.553135864387645
2,633.663430062882,22.596862199239716
2,633.6740549343897,22.532323004587372
2,633.6846784735978,22.313835533011712
2,633.6953006805062,22.302968265105015
2,633.705921555115,22.539900243231063
2,633.7165410974242,22.22371187819351
2,633.7271593074336,22.166036120377562
2,633.7377761851434,22.029447263596225
2,633.7483917305536,22.146466419230574
2,633.7590059436641,22.091715375074727
2,633.769618824475,22.162340805603147
2,633.7802303729862,21.907693435845907
2,633.7908405891977,21.805469420852024
2,633.8014494731096,21.872631058043915
2,633.8120570247219,21.752507297984934
2,633.8226632440345,21.622447449211894
2,633.8332681310475,21.650389863539377
2,633.8438716857607,21.789627109909592
2,633.8544739081744,21.492565497477077
2,633.8650747982884,21.454315733810727
2,633.8756743561028,21.351765419117
2,633.8862725816174,21.382472595954983
2,633.8968694748324,21.36091732884336
2,633.9074650357478,21.329239319239253
2,633.9180592643636,20.942956798482523
2,633.9286521606797,21.154857562483684
2,633.9392437246961,20.904076881759032
2,633.9498339564128,21.007865871656787
2,633.96042285583,21.0634795151407
2,633.9710104229474,20.838722105448948
2,633.9815966577652,20.940797981405378
2,633.9921815602834,20.72765672109737
2,634.0027651305019,20.689323824977848
2,634.0133473684208,20.654212215226533
2,634.0239282740399,20.692068863299287
2,634.0345078473595,20.55905599142506
2,634.0450860883794,20.59350493437236
2,634.0556629970996,20.466799205612855
2,634.0662385735202,20.53724018561585
2,634.0768128176412,20.371101638912393
2,634.0873857294624,20.324585497559525
2,634.0979573089841,20.13886360684485
2,634.1085275562061,20.268674465925468
2,634.1190964711284,19.992005968090997
2,634.1296640537511,20.143721319525714
2,634.1402303040742,20.082727101323506
2,634.1507952220975,20.00656122479436
2,634.1613588078212,19.900059151261182
2,634.1719210612453,19.91843508555298
2,634.1824819823697,19.67913249998803
2,634.1930415711945,19.879688340807974
2,634.2035998277196,19.50244421670997
2,634.214156751945,19.65326496850776
2,634.2247123438708,19.480169105316712
2,634.2352666034969,19.388898697223002
2,634.2458195308235,19.38517447538989
2,634.2563711258504,19.421897685453544
2,634.2669213885775,19.401606056870115
2,634.277470319005,19.40265667029352
2,634.288017917133,19.280175604899256
2,634.2985641829612,19.234881004303237
2,634.3091091164898,19.184621018447004
2,634.3196527177187,18.97116660093623
2,634.3301949866479,19.047840314720943
2,634.3407359232776,18.91543803841998
2,634.3512755276075,18.9431369563271
2,634.3618137996378,19.028021711951702
2,634.3723507393686,18.78748616775492
2,634.3828863467996,18.88663226086061
2,634.393420621931,18.744899324160023
2,634.4039535647627,18.683529753161277
2,634.4144851752947,18.672674789092923
2,634.4250154535271,18.49662330372124
2,634.4355443994599,18.5030069942969
2,634.4460720130929,18.410955865195415
2,634.4565982944264,18.456464539685722
2,634.4671232434603,18.40023863693623
2,634.4776468601943,18.243675161431632
2,634.4881691446288,18.43605328120319
2,634.4986900967637,18.310807883106765
2,634.5092097165989,18.298673263351265
2,634.5197280041344,18.234973771138293
2,634.5302449593703,18.02879259521378
2,634.5407605823065,18.037882183294425
2,634.551274872943,18.131144616195733
2,634.56178783128,18.044466226675656
2,634.5722994573173,18.00130041311649
2,634.5828097510549,17.879726060561254
2,634.5933187124929,17.835061194475003
2,634.6038263416311,17.77078316068594
2,634.6143326384698,17.705251043842075
2,634.6248376030088,17.704776962128207
2,634.6353412352482,17.81634374394474
2,634.6458435351879,17.55476060040109
2,634.6563445028279,17.454087492445336
2,634.6668441381684,17.561764429823373
2,634.6773424412091,17.518062222835866
2,634.6878394119502,17.610667278855967
2,634.6983350503916,17.548863734766634
2,634.7088293565334,17.280122192058386
2,634.7193223303756,17.38916759873311
2,634.729813971918,17.308153070295944
2,634.7403042811609,17.367364119653164
2,634.7507932581041,17.215974510772533
2,634.7612809027476,17.24280629672529
2,634.7717672150914,17.198974086437616
2,634.7822521951356,17.109097106549967
2,634.7927358428802,17.022444027727502
2,634.8032181583251,17.168437524306448
2,634.8136991414704,16.883544633598667
2,634.8241787923159,16.971106731565442
2,634.8346571108619,17.007680870617104
2,634.8451340971083,16.895421661323514
2,634.8556097510549,16.829160775101098
2,634.8660840727018,16.858988807386243
2,634.8765570620492,16.89879616735584
2,634.8870287190969,16.780841279608715
2,634.897499043845,16.793282184700505
2,634.9079680362934,16.846960386818093
2,634.9184356964421,16.56240336140344
2,634.9289020242911,16.71440236546883
2,634.9393670198406,16.714487408026407
2,634.9498306830903,16.56699235175929
2,634.9602930140405,16.56087853704322
2,634.9707540126909,16.584766201773206
2,634.9812136790417,16.41386925129011
2,634.991672013093,16.442798635926632
2,635.0021290148445,16.381914576716188
2,635.0125846842964,16.425776667762868
2,635.0230390214485,16.388258018268907
2,635.0334920263011,16.410728152989876
2,635.043943698854,16.296807445348684
2,635.0543940391073,16.232590097746378
2,635.0648430470609,16.284818007881245
2,635.0752907227148,16.2830957762671
2,635.0857370660691,16.250665975020823
2,635.0961820771238,16.236216885869254
2,635.1066257558787,16.112984492045616
2,635.1170681023341,16.143624870068656
2,635.1275091164897,16.08505306189078
2,635.1379487983457,16.07337969445459
2,635.1483871479021,15.960985518467846
2,635.1588241651589,15.979068466940927
2,635.169259850116,16.005253559336687
2,635.1796942027734,15.971492722151478
2,635.1901272231312,15.855195672727435
2,635.2005589111892,15.962616619459151
2,635.2109892669478,15.93034235813104
2,635.2214182904065,15.770272796639365
2,635.2318459815657,15.760424451886637
2,635.2422723404252,15.859316288169103
2,635.252697366985,15.695032102599688
2,635.2631210612452,15.759458561057915
2,635.2735434232058,15.616491661721131
2,635.2839644528667,15.678168968290787
2,635.2943841502279,15.735755050223927
2,635.3048025152896,15.687886212385589
2,635.3152195480515,15.735622084771336
2,635.3256352485138,15.672448898575412
2,635.3360496166764,15.535454274070483
2,635.3464626525393,15.587500170857506
2,635.3568743561027,15.42614468087159
2,635.3672847273664,15.463951285169156
2,635.3776937663304,15.451391123092977
2,635.3881014729948,15.561040935725062
2,635.3985078473595,15.445648023964543
2,635.4089128894245,15.279482349380132
2,635.41931659919,15.188241234785147
2,635.4297189766557,15.429833074727467
2,635.4401200218218,15.42570828600798
2,635.4505197346882,15.351154006496698
2,635.460918115255,15.286105931745087
2,635.4713151635221,15.387234773810087
2,635.4817108794897,15.305045709161382
2,635.4921052631576,15.19786664581184
2,635.5024983145257,15.201769948047925
2,635.5128900335943,15.177506164703626
2,635.5232804203631,15.116982519711678
2,635.5336694748324,15.087309689941012
2,635.544057197002,15.139350046475197
2,635.5544435868719,15.088781380079551
2,635.5648286444422,15.017862212912735
2,635.5752123697127,15.004650811131283
2,635.5855947626837,14.996304705966319
2,635.595975823355,14.982211859843945
2,635.6063555517268,14.943529043043748
2,635.6167339477988,14.890559331381578
2,635.6271110115712,14.840300198574472
2,635.6374867430438,14.91584092846191
2,635.6478611422169,14.950326707914869
2,635.6582342090903,14.720084091330335
2,635.668605943664,14.830087324649305
2,635.6789763459382,14.798930589129872
2,635.6893454159126,14.795456436950085
2,635.6997131535874,14.737756217812718
2,635.7100795589625,14.671529675022105
2,635.720444632038,14.687551994569159
2,635.7308083728138,14.686933670700475
2,635.7411707812901,14.653010048696261
2,635.7515318574666,14.636569942880449
2,635.7618916013435,14.715346283432783
2,635.7722500129206,14.667978477171035
2,635.7826070921982,14.646960605321603
2,635.7929628391762,14.6114042367271
2,635.8033172538544,14.460611032572787
2,635.813670336233,14.56236680634543
2,635.824022086312,14.548737657884526
2,635.8343725040913,14.43552264489914
2,635.844721589571,14.457384407459427
2,635.855069342751,14.480456637841337
2,635.8654157636313,14.439732121226301
2,635.875760852212,14.472253527942607
2,635.886104608493,14.429657825320767
2,635.8964470324745,14.484162930160867
2,635.9067881241562,14.354292665005355
2,635.9171278835382,14.410850794971996
2,635.9274663106207,14.34806792166577
2,635.9378034054035,14.365502717067772
2,635.9481391678867,14.304515992699097
2,635.9584735980701,14.274870900894143
2,635.968806695954,14.305949557802252
2,635.9791384615381,14.305303815807301
2,635.9894688948226,14.286031596586
2,635.9997979958075,14.257160996264997
2,636.0101257644927,14.135246049674738
2,636.0204522008783,14.09612736751105
2,636.0307773049642,14.071540738387467
2,636.0411010767505,14.136916944616269
2,636.051423516237,14.062809455072772
2,636.061744623424,14.049381519411934
2,636.0720643983113,14.162779267617383
2,636.082382840899,14.045861897691296
2,636.0926999511869,14.086771569921385
2,636.1030157291752,14.022454447022684
2,636.113330174864,13.919673536043135
2,636.123643288253,13.918148235834774
2,636.1339550693424,13.962703943157344
2,636.1442655181321,13.945489964972674
2,636.1545746346222,13.8948412205366
2,636.1648824188127,13.9379179879275
2,636.1751888707034,13.872735785946249
2,636.1854939902945,13.916796306269974
2,636.195797777586,13.952628468825132
2,636.2061002325778,13.743616135780472
2,636.21640135527,13.86497788566689
2,636.2267011456624,13.755934247453899
2,636.2369996037553,13.788931286309227
2,636.2472967295486,13.715711771699144
2,636.2575925230421,13.64924093934398
2,636.267886984236,13.687987211390812
2,636.2781801131302,13.706096836416409
2,636.2884719097249,13.632559489755149
2,636.2987623740198,13.616483025265344
2,636.3090515060151,13.606251274932312
2,636.3193393057107,13.576019092603724
2,636.3296257731067,13.599066038263873
2,636.339910908203,13.581435745626186
2,636.3501947109997,13.593842060167702
2,636.3604771814968,13.538436036172373
2,636.3707583196941,13.562921179247775
2,636.3810381255919,13.422402653833156
2,636.39131659919,13.602116015011806
2,636.4015937404884,13.519862461490904
2,636.4118695494872,13.523795409015229
2,636.4221440261862,13.41317135065817
2,636.4324171705857,13.504009559827145
2,636.4426889826855,13.368141814975397
2,636.4529594624856,13.377234908234291
2,636.4632286099861,13.347180197642372
2,636.473496425187,13.321555381254196
2,636.4837629080882,13.371594917896708
2,636.4940280586898,13.32103424163081
2,636.5042918769916,13.385523092352736
2,636.5145543629939,13.240151163784251
2,636.5248155166964,13.23276117536398
2,636.5350753380994,13.308754869246485
2,636.5453338272026,13.237445021824035
2,636.5555909840064,13.19490236178216
2,636.5658468085103,13.228343030846364
2,636.5761013007146,13.159964250216737
2,636.5863544606193,13.233977515919237
2,636.5966062882243,13.126388891441877
2,636.6068567835297,13.17123188658687
2,636.6171059465354,13.176450295089795
2,636.6273537772414,13.157505815675952
2,636.6376002756479,13.123814065692176
2,636.6478454417546,13.082828918399453
2,636.6580892755617,13.135650400517507
2,636.6683317770692,13.143017335000154
2,636.678572946277,13.150038556631447
2,636.6888127831851,12.979424185877534
2,636.6990512877936,12.919587427810793
2,636.7092884601025,13.060178617914847
2,636.7195243001116,12.977362274960015
2,636.7297588078212,12.984039154016926
2,636.739991983231,12.86268396389124
2,636.7502238263413,13.00097983403281
2,636.7604543371518,12.900137294329179
2,636.7706835156628,12.882163969487772
2,636.780911361874,12.884842953499785
2,636.7911378757857,12.8567182671168
2,636.8013630573977,12.774869111710867
2,636.81158690671,12.774838921690884
2,636.8218094237226,12.81186551681119
2,636.8320306084356,12.827724584316929
2,636.842250460849,12.80554627218929
2,636.8524689809627,12.710264538731186
2,636.8626861687767,12.72967965407587
2,636.8729020242912,12.790898369280683
2,636.8831165475059,12.755544527425313
2,636.893329738421,12.715597749447896
2,636.9035415970365,12.680389230270718
2,636.9137521233522,12.787265431875984
2,636.9239613173684,12.649434322083856
2,636.9341691790848,12.614975145235155
2,636.9443757085016,12.620747703922186
2,636.9545809056189,12.579873312586436
2,636.9647847704364,12.605753280509104
2,636.9749873029542,12.602538437950791
2,636.9851885031725,12.609922077576542
2,636.995388371091,12.579776277503537
2,637.0055869067099,12.599707284244143
2,637.0157841100292,12.569397330564549
2,637.0259799810489,12.563194226068903
2,637.0361745197688,12.50772782521116
2,637.0463677261891,12.546146415595352
2,637.0565596003098,12.47900818543404
2,637.0667501421308,12.416888515096016
2,637.0769393516521,12.537994852422921
2,637.0871272288738,12.475872402271719
2,637.0973137737958,12.43000915065395
2,637.1074989864182,12.412879423472567
2,637.117682866741,12.446335558070642
2,637.1278654147641,12.384082927076056
2,637.1380466304875,12.412349744870935
2,637.1482265139113,12.454603987034227
2,637.1584050650354,12.395565691596829
2,637.1685822838599,12.36323252972811
2,637.1787581703848,12.30048050080359
2,637.1889327246099,12.322113329928294
2,637.1991059465354,12.268835710005208
2,637.2092778361613,12.334018375630635
2,637.2194483934875,12.240260339600166
2,637.229617618514,12.286268988207285
2,637.2397855112409,12.302648384998491
2,637.2499520716682,12.2416445181059
2,637.2601172997958,12.267005540894443
2,637.2702811956237,12.22269187430626
2,637.280443759152,12.202648715021887
2,637.2906049903806,12.172337498240484
2,637.3007648893097,12.155424585985612
2,637.310923455939,12.16798289923264
2,637.3210806902687,12.124340277703643
2,637.3312365922988,12.160112205498539
2,637.3413911620291,12.139427361399731
2,637.3515443994598,12.127256330278293
2,637.361696304591,12.085797669710018
2,637.3718468774224,12.02478597932639
2,637.3819961179541,12.15236690329753
2,637.3921440261862,12.120068186760728
2,637.4022906021187,12.107838486384942
2,637.4124358457515,12.023919050105603
2,637.4225797570847,12.003213853119263
2,637.4327223361182,12.127065550026824
2,637.442863582852,11.99053225250954
2,637.4530034972862,12.101460824812532
2,637.4631420794208,12.018624167755727
2,637.4732793292557,12.033800450787595
2,637.483415246791,12.015075119418256
2,637.4935498320266,11.980149298739914
2,637.5036830849625,12.043966424533691
2,637.5138150055988,11.915056050734515
2,637.5239455939354,12.037692577058387
2,637.5340748499724,11.884163972944823
2,637.5442027737097,11.930492637369783
2,637.5543293651474,11.988301283199787
2,637.5644546242854,11.863892948598957
2,637.5745785511238,11.99957258157516
2,637.5847011456625,11.872448752721589
2,637.5948224079016,11.876802632863464
2,637.604942337841,11.908405206695294
2,637.6150609354808,11.911097286956387
2,637.6251782008209,11.854125707425517
2,637.6352941338613,11.860949697731225
2,637.6454087346021,11.879606502411011
2,637.6555220030433,11.770016793014971
2,637.6656339391848,11.783107301102069
2,637.6757445430267,11.822080640596461
2,637.6858538145689,11.825637604249932
2,637.6959617538114,11.788100456829465
2,637.7060683607542,11.802883912754425
2,637.7161736353975,11.801604229277821
2,637.726277577741,11.76210939535424
2,637.736380187785,11.74695686588368
2,637.7464814655293,11.724326409405307
2,637.7565814109739,11.626319649928897
2,637.7666800241188,11.734926953659581
2,637.7767773049642,11.733663942143394
2,637.7868732535098,11.69843881628909
2,637.7969678697559,11.63417993550389
2,637.8070611537023,11.663289208981954
2,637.817153105349,11.71951757389613
2,637.827243724696,11.701551096483287
2,637.8373330117435,11.576411738567923
2,637.8474209664912,11.63129576948477
2,637.8575075889393,11.615571314785182
2,637.8675928790877,11.582063899196994
2,637.8776768369365,11.57206120702383
2,637.8877594624856,11.624832908616963
2,637.8978407557352,11.564076128271758
2,637.907920716685,11.593922135702124
2,637.9179993453351,11.585857653944412
2,637.9280766416857,11.604060418725172
2,637.9381526057366,11.652322464511661
2,637.9482272374878,11.577355661871886
2,637.9583005369394,11.550456327770501
2,637.9683725040913,11.63489252161221
2,637.9784431389436,11.622415944447042
2,637.9885124414963,11.55852780553505
2,637.9985804117492,11.554951801787242
2,638.0086470497025,11.574961758246975
2,638.0187123553561,11.527083023381431
2,638.0287763287101,11.510031453704896
2,638.0388389697646,11.538548753078743
2,638.0489002785192,11.507703927767725
2,638.0589602549743,11.443174241635596
2,638.0690188991297,11.50510802128267
2,638.0790762109855,11.47252560751384
2,638.0891321905415,11.445146539900069
2,638.0991868377979,11.510958393228892
2,638.1092401527548,11.439519849416152
2,638.1192921354119,11.442321913134448
2,638.1293427857694,11.487162291418292
2,638.1393921038272,11.35436415615934
2,638.1494400895854,11.468232693120388
2,638.1594867430439,11.44087978276163
2,638.1695320642027,11.458351885434995
2,638.179576053062,11.404530284846775
2,638.1896187096215,11.39739830208627
2,638.1996600338814,11.363641806493183
2,638.2097000258417,11.37591930824554
2,638.2197386855023,11.442198704060344
2,638.2297760128633,11.418554712984214
2,638.2398120079246,11.376598566534563
2,638.2498466706862,11.383453057619915
2,638.2598800011482,11.386886483602037
2,638.2699119993106,11.331746926367456
2,638.2799426651733,11.369349090261235
2,638.2899719987363,11.363313849560916
2,638.2999999999997,11.44965179058994
2,638.3100266689635,11.33974770775805
2,638.3200520056275,11.317618965292592
2,638.3300760099919,11.312768024103685
2,638.3400986820567,11.354473143159785
2,638.3501200218219,11.334899782989424
2,638.3601400292873,11.356584110871118
2,638.3701587044532,11.254435666628572
2,638.3801760473193,11.329918281997388
2,638.3901920578859,11.26678440810814
2,638.4002067361527,11.22920394670108
2,638.4102200821198,11.29633769448069
2,638.4202320957875,11.356842034082835
2,638.4302427771554,11.246346595142784
2,638.4402521262236,11.290270620483247
2,638.4502601429922,11.20657760832964
2,638.4602668274612,11.291064201957338
2,638.4702721796305,11.223298351114208
2,638.4802761995,11.269531473941834
2,638.4902788870701,11.220887084962905
2,638.5002802423404,11.280182704057335
2,638.5102802653112,11.20855465626422
2,638.5202789559821,11.200784352531556
2,638.5302763143535,11.221352854968606
2,638.5402723404253,11.195921402964256
2,638.5502670341973,11.288501497342207
2,638.5602603956697,11.2592434565418
2,638.5702524248425,11.269219165101699
2,638.5802431217156,11.266175010927538
2,638.5902324862891,11.223200786650818
2,638.6002205185629,11.30097779455245
2,638.6102072185371,11.327291290347809
2,638.6201925862116,11.211428318583891
2,638.6301766215864,11.289163973702701
2,638.6401593246617,11.160489920617032
2,638.6501406954371,11.279349979378123
2,638.6601207339131,11.193920091039969
2,638.6700994400893,11.246644036733441
2,638.6800768139659,11.204510259053324
2,638.6900528555428,11.237847458203385
2,638.7000275648202,11.219249872527218
2,638.7100009417977,11.185110930867909
2,638.7199729864758,11.177208221775471
2,638.7299436988541,11.15245431587037
2,638.7399130789328,11.181203280963347
2,638.7498811267118,11.296839507940179
2,638.7598478421911,11.196558254936216
2,638.7698132253709,11.163280546901891
2,638.7797772762509,11.197169914217003
2,638.7897399948313,11.168109266769843
2,638.7997013811121,11.167907805406184
2,638.8096614350932,11.155187536225183
2,638.8196201567747,11.164973611638274
2,638.8295775461564,11.121543956509862
2,638.8395336032386,11.208983438702447
2,638.8494883280212,11.171626739285056
2,638.8594417205039,11.123458998466344
2,638.8693937806871,11.144143045893161
2,638.8793445085706,11.178455057477333
2,638.8892939041546,11.128556668827809
2,638.8992419674388,11.209455575149361
2,638.9091886984233,11.213076937966417
2,638.9191340971083,11.101342150669154
2,638.9290781634936,11.140421314615468
2,638.9390208975792,11.190479182606046
2,638.9489622993652,11.175218906064346
2,638.9589023688515,11.115113724686042
2,638.9688411060382,11.158325254507567
2,638.9787785109252,11.145338630439241
2,638.9887145835125,11.147238200527616
2,638.9986493238002,11.081001318253966
2,639.0085827317884,11.112865891234227
2,639.0185148074767,11.129896963273255
2,639.0284455508655,11.173257023698818
2,639.0383749619546,11.164492097337128
2,639.048303040744,11.123394596605612
2,639.0582297872338,11.1624014518
2,639.0681552014239,11.057091472885858
2,639.0780792833144,11.13179405209895
2,639.0880020329053,11.046955408112652
2,639.0979234501965,11.150441562113032
2,639.107843535188,11.159661506236468
2,639.1177622878798,11.100543388669577
2,639.1276797082721,11.179496990504486
2,639.1375957963646,11.188297679630793
2,639.1475105521575,11.066690094051385
2,639.1574239756509,11.114883979696788
2,639.1673360668444,11.074248910569965
2,639.1772468257384,11.124721774898637
2,639.1871562523328,11.087173294601284
2,639.1970643466274,11.087224180923105
2,639.2069711086224,11.151745376122982
2,639.2168765383177,11.097554030260087
2,639.2267806357135,11.116279752816661
2,639.2366834008095,11.08983680528216
2,639.2465848336059,11.12047308889006
2,639.2564849341027,11.07628315100136
2,639.2663837022997,11.07662398432274
2,639.2762811381972,11.107601424975073
2,639.2861772417949,11.05298282604679
2,639.2960720130931,11.101535473282699
2,639.3059654520915,11.089898095258693
2,639.3158575587904,11.080276156352712
2,639.3257483331895,11.200436126529842
2,639.3356377752891,11.182249017936645
2,639.3455258850889,11.16184895393236
2,639.3554126625892,11.123565782346226
2,639.3652981077897,11.20987078678629
2,639.3751822206906,11.210809171248858
2,639.3850650012919,11.188699335653595
2,639.3949464495935,11.159312829063674
2,639.4048265655955,11.16516765432867
2,639.4147053492977,11.14462451994904
2,639.4245828007004,11.197477226039098
2,639.4344589198034,11.20523553746256
2,639.4443337066067,11.210287470619757
2,639.4542071611104,11.185394999551594
2,639.4640792833145,11.193601403220818
2,639.4739500732188,11.209196270955646
2,639.4838195308236,11.198392696879623
2,639.4936876561287,11.189723850034923
2,639.5035544491341,11.212857089558879
2,639.5134199098399,11.188633500210319
2,639.523284038246,11.212694411802639
2,639.5331468343525,11.29043710101413
2,639.5430082981593,11.208925218484845
2,639.5528684296664,11.179740617460196
2,639.562727228874,11.286525706784849
2,639.5725846957819,11.242112614215438
2,639.58244083039,11.20626753578468
2,639.5922956326986,11.227504292357915
2,639.6021491027075,11.244337786101811
2,639.6120012404167,11.232574485937446
2,639.6218520458264,11.227128919572289
2,639.6317015189363,11.272490690514221
2,639.6415496597466,11.240804996391521
2,639.6513964682572,11.257803426445282
2,639.6612419444682,11.2190621299983
2,639.6710860883795,11.172074497345635
2,639.6809288999912,11.26679499615969
2,639.6907703793032,11.298236820133365
2,639.7006105263156,11.281678658704424
2,639.7104493410284,11.315360804593793
2,639.7202868234414,11.245552049481713
2,639.7301229735548,11.277129251549265
2,639.7399577913686,11.337734563919117
2,639.7497912768827,11.25563304282249
2,639.7596234300971,11.303533152825796
2,639.769454251012,11.292767093699712
2,639.7792837396271,11.293282773753196
2,639.7891118959426,11.271169587081925
2,639.7989387199585,11.296681011080256
2,639.8087642116747,11.273526708266335
2,639.8185883710912,11.285198343501598
2,639.8284111982081,11.277685668669491
2,639.8382326930254,11.332254204289184
2,639.848052855543,11.294395357001475
2,639.8578716857609,11.290308755288395
2,639.8676891836792,11.339571123425069
2,639.8775053492978,11.287599034945922
2,639.8873201826168,11.268981926083429
2,639.8971336836361,11.366553675514636
2,639.9069458523558,11.34563362730004
2,639.9167566887758,11.33934047161003
2,639.9265661928962,11.302777962323496
2,639.9363743647169,11.369457956935744
2,639.946181204238,11.332529265026096
2,639.9559867114593,11.334605025493001
2,639.9657908863811,11.340062011756563
2,639.9755937290032,11.327759718047544
2,639.9853952393256,11.332690289775906
2,639.9951954173484,11.358288459799434
2,640.0049942630716,11.380245152530271
2,640.0147917764951,11.304395205217034
2,640.0245879576189,11.371598454263427
2,640.0343828064431,11.391854123912955
2,640.0441763229677,11.465057423904309
2,640.0539685071925,11.385548317822781
2,640.0637593591177,11.41401246640957
2,640.0735488787434,11.386324114805348
2,640.0833370660692,11.37911385116751
2,640.0931239210955,11.47756820424294
2,640.1029094438222,11.426073245221188
2,640.1126936342491,11.38119261130681
2,640.1224764923764,11.424211989112516
2,640.1322580182041,11.473008116163673
2,640.1420382117321,11.438684610274795
2,640.1518170729605,11.38798266574833
2,640.1615946018892,11.414210478605241
2,640.1713707985183,11.427871443488318
2,640.1811456628477,11.47088073817803
2,640.1909191948774,11.47699270350562
2,640.2006913946075,11.420374549191603
2,640.2104622620379,11.47444571606876
2,640.2202317971687,11.451772528217155
2,640.2299999999999,11.483660040198586
2,640.2397668705314,11.515232273918402
2,640.2495324087632,11.50326382055752
2,640.2592966146954,11.525448077324699
2,640.2690594883279,11.51528956651701
2,640.2788210296608,11.534784198335904
2,640.288581238694,11.50964345037592
2,640.2983401154275,11.527103687517648
2,640.3080976598615,11.527360807464033
2,640.3178538719958,11.504794872132099
2,640.3276087518303,11.5187078461505
2,640.3373622993653,11.528713574581227
2,640.3471145146007,11.5608367607302
2,640.3568653975362,11.48450796634151
2,640.3666149481722,11.53055825709171
2,640.3763631665087,11.551220740485554
2,640.3861100525453,11.559165424424519
2,640.3958556062823,11.59086459510706
2,640.4055998277198,11.6118762551609
2,640.4153427168575,11.55278705559357
2,640.4250842736956,11.5582134839432
2,640.434824498234,11.56544553842806
2,640.4445633904728,11.604422607923931
2,640.454300950412,11.566409107607363
2,640.4640371780514,11.589362885041089
2,640.4737720733913,11.68309940896909
2,640.4835056364315,11.66450415484925
2,640.493237867172,11.658719604001135
2,640.5029687656128,11.66428676017626
2,640.512698331754,11.626886275019153
2,640.5224265655955,11.691699322429491
2,640.5321534671375,11.668128311218505
2,640.5418790363798,11.704281215397842
2,640.5516032733224,11.6439065981528
2,640.5613261779653,11.625941162902151
2,640.5710477503086,11.659817260203523
2,640.5807679903522,11.717450295751823
2,640.5904868980962,11.707644787600836
2,640.6002044735405,11.669791115119295
2,640.6099207166852,11.688406240830876
2,640.6196356275303,11.720421620057179
2,640.6293492060756,11.646416187409928
2,640.6390614523214,11.591171099167042
2,640.6487723662675,11.587404944126213
2,640.6584819479139,11.699721275828331
2,640.6681901972606,11.623394088331278
2,640.6778971143078,11.756177107162145
2,640.6876026990552,11.625587411216218
2,640.697306951503,11.689890080850786
2,640.7070098716513,11.690928035845616
2,640.7167114594997,11.696473891064521
2,640.7264117150486,11.790849642374898
2,640.7361106382978,11.773737827574934
2,640.7458082292474,11.760071081124499
2,640.7555044878973,11.748943152943928
2,640.7651994142475,11.779593958196385
2,640.7748930082981,11.73656458213491
2,640.7845852700491,11.839109179124433
2,640.7942761995004,11.7555439638508
2,640.8039657966519,11.74614243189817
2,640.8136540615039,11.800278646945452
2,640.8233409940563,11.739514484393757
2,640.833026594309,11.838653940095918
2,640.842710862262,11.779269796745622
2,640.8523937979154,11.786481722375003
2,640.8620754012691,11.802453248070986
2,640.8717556723232,11.886619227953505
2,640.8814346110776,11.80034458558646
2,640.8911122175323,11.864377017967042
2,640.9007884916874,11.894046829391142
2,640.9104634335429,11.902442479993223
2,640.9201370430987,11.906082473456028
2,640.9298093203548,11.844855907923902
2,640.9394802653113,11.907169747868107
2,640.9491498779682,11.887587518039604
2,640.9588181583254,11.872522408134339
2,640.9684851063829,11.837917675944176
2,640.9781507221409,11.956338467013271
2,640.987815005599,11.951841822122917
2,640.9974779567576,11.968300334865898
2,641.0071395756166,11.976361934359788
2,641.0167998621758,11.930428060226491
2,641.0264588164355,11.996770585560068
2,641.0361164383955,11.92735629110005
2,641.0457727280558,11.94360155264274
2,641.0554276854165,11.996819406696371
2,641.0650813104775,11.976077518444683
2,641.0747336032389,12.02783143691626
2,641.0843845637006,12.004512661593887
2,641.0940341918626,11.995819849845857
2,641.103682487725,12.016708426564946
2,641.1133294512878,12.053461813323471
2,641.1229750825509,12.109669832906375
2,641.1326193815144,12.060571156918092
2,641.1422623481782,11.979534014942196
2,641.1519039825423,12.075519746422085
2,641.1615442846067,12.045631411167436
2,641.1711832543716,12.027882851467893
2,641.1808208918368,12.030667703361226
2,641.1904571970024,12.072977472531441
2,641.2000921698682,12.11257675186833
2,641.2097258104344,12.090799602486538
2,641.219358118701,12.08585548805822
2,641.2289890946679,12.167253378922437
2,641.2386187383352,12.088824437646013
2,641.2482470497029,12.21563826446105
2,641.2578740287707,12.189496295906784
2,641.267499675539,12.149969458200113
2,641.2771239900078,12.129493172852953
2,641.2867469721767,12.211665906331945
2,641.2963686220461,12.240834778470855
2,641.3059889396159,12.175540529422834
2,641.3156079248859,12.163715911975252
2,641.3252255778563,12.26182062218921
2,641.3348418985271,12.244890906174643
2,641.3444568868981,12.248573847269249
2,641.3540705429696,12.235299217839215
2,641.3636828667413,12.284754502368171
2,641.3732938582135,12.248645496464134
2,641.382903517386,12.244524276902741
2,641.3925118442588,12.374631016021237
2,641.4021188388319,12.274200301263974
2,641.4117245011055,12.320038371214556
2,641.4213288310793,12.295740130994744
2,641.4309318287536,12.23812109891054
2,641.4405334941282,12.357658754624099
2,641.4501338272031,12.387047090838216
2,641.4597328279783,12.30413811532544
2,641.469330496454,12.398029340015945
2,641.4789268326299,12.443485765674387
2,641.4885218365063,12.366957151461355
2,641.4981155080828,12.431496368134097
2,641.5077078473598,12.430667553691396
2,641.5172988543372,12.420721638594754
2,641.5268885290149,12.415083059399684
2,641.5364768713929,12.510868212353758
2,641.5460638814714,12.477243231074565
2,641.55564955925,12.534803322435419
2,641.5652339047292,12.553435598850557
2,641.5748169179086,12.498271161107407
2,641.5843985987883,12.591607901589079
2,641.5939789473684,12.490621938594959
2,641.603557963649,12.621559467682715
2,641.6131356476297,12.561193965197804
2,641.6227119993109,12.60282057484767
2,641.6322870186925,12.60809180367792
2,641.6418607057743,12.70268293107305
2,641.6514330605565,12.664850254062442
2,641.6610040830391,12.5941757823179
2,641.670573773222,12.700060777589952
2,641.6801421311053,12.581677278271437
2,641.6897091566889,12.755838465540968
2,641.6992748499728,12.76478308446796
2,641.7088392109571,12.721101299845571
2,641.7184022396417,12.729997602314869
2,641.7279639360268,12.765024160321184
2,641.7375243001121,12.810193566860505
2,641.7470833318978,12.686431649555045
2,641.7566410313838,12.746660841840972
2,641.7661973985702,12.806966068586933
2,641.7757524334569,12.798325984220332
2,641.785306136044,12.81569028601598
2,641.7948585063314,12.851401854668856
2,641.8044095443191,12.857591998998872
2,641.8139592500073,12.915305652594677
2,641.8235076233957,12.841291171259089
2,641.8330546644845,12.934873049580686
2,641.8426003732737,12.830824952976855
2,641.8521447497633,12.958661206548697
2,641.8616877939531,13.011371786162877
2,641.8712295058433,12.893830381001843
2,641.8807698854338,12.990372105141098
2,641.8903089327247,12.911765023064705
2,641.899846647716,13.041718610121137
2,641.9093830304075,13.051109785282199
2,641.9189180807995,12.999859662364823
2,641.9284517988918,13.04558988662043
2,641.9379841846844,13.093650722957069
2,641.9475152381774,13.117397672011299
2,641.9570449593707,13.135850084678685
2,641.9665733482644,13.12011829400031
2,641.9761004048585,13.207651890825465
2,641.9856261291528,13.06670810527145
2,641.9951505211475,13.222460045801713
2,642.0046735808426,13.250079222917273
2,642.014195308238,13.20713505515326
2,642.0237157033338,13.170686044409067
2,642.0332347661299,13.21825116242765
2,642.0427524966263,13.23334187466816
2,642.0522688948231,13.294606040025583
2,642.0617839607203,13.289367657669672
2,642.0712976943178,13.311618004352525
2,642.0808100956157,13.303519719874688
2,642.0903211646138,13.278696779939786
2,642.0998309013123,13.358816172318537
2,642.1093393057113,13.303071407759445
2,642.1188463778104,13.41095229474809
2,642.1283521176101,13.433301870583346
2,642.13785652511,13.370109239184416
2,642.1473596003103,13.394184772953503
2,642.156861343211,13.422688420066025
2,642.1663617538119,13.519579082130036
2,642.1758608321131,13.510426796840989
2,642.1853585781148,13.421918337829956
2,642.1948549918169,13.531958965727116
2,642.2043500732192,13.534004427824646
2,642.2138438223219,13.432556245776535
2,642.223336239125,13.645533005639976
2,642.2328273236284,13.557659727128053
2,642.2423170758321,13.610501292486411
2,642.2518054957362,13.544299547251443
2,642.2612925833407,13.59709590192363
2,642.2707783386455,13.712021617298932
2,642.2802627616506,13.619576396826604
2,642.2897458523561,13.650026740556438
2,642.2992276107619,13.840009909515103
2,642.3087080368681,13.70705437547765
2,642.3181871306747,13.631023210838263
2,642.3276648921816,13.754288045778987
2,642.3371413213888,13.77173769762452
2,642.3466164182963,13.794642010952634
2,642.3560901829043,13.763519604822148
2,642.3655626152125,13.862700730563661
2,642.3750337152212,13.925053855478483
2,642.3845034829301,13.913393244247436
2,642.3939719183394,13.887345770597202
2,642.4034390214491,13.900340623531049
2,642.412904792259,13.900286422569131
2,642.4223692307695,13.999990685918508
2,642.4318323369802,13.943693883510317
2,642.4412941108912,13.934471398088286
2,642.4507545525026,14.022871734210757
2,642.4602136618144,14.03756519039304
2,642.4696714388265,14.074720439671106
2,642.4791278835388,14.04140226683926
2,642.4885829959517,14.106214119935872
2,642.4980367760647,14.11554383252822
2,642.5074892238782,14.145605666204302
2,642.5169403393921,14.148554286032414
2,642.5263901226062,14.15787080245099
2,642.5358385735208,14.186493476672894
2,642.5452856921356,14.186629541514908
2,642.5547314784509,14.27966352945967
2,642.5641759324665,14.25331703035986
2,642.5736190541824,14.271753959089622
2,642.5830608435986,14.343778256912964
2,642.5925013007152,14.23763691173749
2,642.6019404255321,14.337787517755807
2,642.6113782180495,14.370651815336602
2,642.6208146782672,14.334481491716387
2,642.6302498061851,14.416227767949533
2,642.6396836018034,14.532798026893184
2,642.6491160651221,14.420595161443869
2,642.6585471961412,14.595049092621736
2,642.6679769948606,14.413007539104637
2,642.6774054612803,14.607714545202004
2,642.6868325954003,14.512863829606962
2,642.6962583972208,14.599989449663408
2,642.7056828667417,14.57571660361198
2,642.7151060039628,14.637904058829442
2,642.7245278088842,14.569446417827445
2,642.7339482815061,14.693528957293852
2,642.7433674218282,14.707239374674183
2,642.7527852298507,14.720757221615923
2,642.7622017055736,14.831232384081677
2,642.7716168489967,14.693034879714443
2,642.7810306601203,14.698505580514633
2,642.7904431389442,14.767995199336827
2,642.7998542854684,14.791778817167396
2,642.8092640996931,14.790590156216703
2,642.818672581618,14.798984091044206
2,642.8280797312433,14.89302697239559
2,642.8374855485689,14.743746780766156
2,642.846890033595,14.770146184235672
2,642.8562931863213,14.730720158802937
2,642.865695006748,14.809360468321136
2,642.8750954948749,14.853516677449498
2,642.8844946507023,14.908398708161196
2,642.89389247423,14.816412387160685
2,642.9032889654582,14.875378702468623
2,642.9126841243866,14.95862392286055
2,642.9220779510154,14.925255892110243
2,642.9314704453444,14.864230946140733
2,642.9408616073739,15.021984768477312
2,642.9502514371037,14.89147353964197
2,642.9596399345339,15.072229589465454
2,642.9690270996643,15.02665363223187
2,642.9784129324952,15.171704528764579
2,642.9877974330265,15.07381212848758
2,642.9971806012579,15.08274420747778
2,643.0065624371899,15.09480607356196
2,643.0159429408221,15.290045145268806
2,643.0253221121548,15.21402124796751
2,643.0346999511877,15.188749339211228
2,643.0440764579209,15.221687405698303
2,643.0534516323546,15.321193231736991
2,643.0628254744886,15.311675486913112
2,643.0721979843229,15.313595441111554
2,643.0815691618575,15.501434589061663
2,643.0909390070925,15.395951230920776
2,643.100307520028,15.392665950791669
2,643.1096747006636,15.4255286968487
2,643.1190405489997,15.425010119978825
2,643.1284050650361,15.48006048052082
2,643.1377682487729,15.424211206798644
2,643.14713010021,15.426711364770988
2,643.1564906193474,15.6016863590095
2,643.1658498061852,15.55440359791197
2,643.1752076607233,15.625925233641164
2,643.1845641829618,15.662643488224225
2,643.1939193729007,15.63781790490069
2,643.2032732305399,15.686901957529507
2,643.2126257558795,15.79920122127989
2,643.2219769489193,15.66416027135832
2,643.2313268096595,15.794258799483428
2,643.2406753381001,15.820893119836256
2,643.2500225342411,15.795896136293297
2,643.2593683980823,15.859638026114268
2,643.2687129296239,15.856726066317155
2,643.278056128866,15.91157049986277
2,643.2873979958083,15.866433510310474
2,643.296738530451,15.974050403412823
2,643.3060777327939,16.071485744745956
2,643.3154156028373,16.031095665911575
2,643.324752140581,16.002267312927486
2,643.3340873460251,16.095023624684174
2,643.3434212191695,16.094437662831506
2,643.3527537600141,16.15858460210638
2,643.3620849685593,16.136851180383292
2,643.3714148448047,16.19065472735017
2,643.3807433887505,16.175379724847446
2,643.3900706003967,16.183081830973453
2,643.3993964797431,16.147179667941177
2,643.40872102679,16.24573964140491
2,643.4180442415371,16.270356616028696
2,643.4273661239847,16.286990017028945
2,643.4366866741326,16.43938016846226
2,643.4460058919808,16.34393542634579
2,643.4553237775293,16.557341998231013
2,643.4646403307783,16.469028513446574
2,643.4739555517275,16.488873176331367
2,643.4832694403772,16.59025093603041
2,643.4925819967272,16.513317598286037
2,643.5018932207774,16.586221782610888
2,643.511203112528,16.557283476884926
2,643.5205116719791,16.560214886567014
2,643.5298188991304,16.783420435208036
2,643.5391247939822,16.661071057271364
2,643.5484293565341,16.652191051480575
2,643.5577325867865,16.801753240911285
2,643.5670344847393,16.703580160218323
2,643.5763350503925,16.652844675931064
2,643.5856342837459,16.609223299855746
2,643.5949321847996,16.62294307339915
2,643.6042287535538,16.706187217861498
2,643.6135239900083,16.7001410244657
2,643.6228178941631,16.877086576332633
2,643.6321104660183,16.92450614023934
2,643.6414017055738,16.88743385012391
2,643.6506916128296,16.966518524956733
2,643.6599801877858,16.866248841982443
2,643.6692674304423,17.03742575535535
2,643.6785533407993,17.073196135833804
2,643.6878379188565,17.055131307175085
2,643.6971211646141,17.064627918780936
2,643.7064030780721,16.968678390807142
2,643.7156836592304,17.228251494333346
2,643.7249629080891,17.144163212820157
2,643.734240824648,17.283099435160242
2,643.7435174089073,17.273330948978035
2,643.752792660867,17.26953557234612
2,643.7620665805271,17.334966139174284
2,643.7713391678875,17.36554425089307
2,643.7806104229483,17.520039782004186
2,643.7898803457093,17.364297161887606
2,643.7991489361707,17.38661041315728
2,643.8084161943325,17.44368821814915
2,643.8176821201946,17.6023506224623
2,643.8269467137571,17.626202995477353
2,643.8362099750199,17.771877509924852
2,643.845471903983,17.529990632900272
2,643.8547325006466,17.67604474695652
2,643.8639917650105,17.724131811800564
2,643.8732496970747,17.731847360725396
2,643.8825062968392,17.72898676366762
2,643.8917615643041,17.837995152234157
2,643.9010154994694,17.7348911653145
2,643.910268102335,17.892037395461557
2,643.9195193729009,17.9419369767918
2,643.9287693111672,18.084128256659877
2,643.9380179171338,18.016689019557234
2,643.9472651908007,18.109126935493798
2,643.9565111321681,18.14914674462485
2,643.9657557412359,18.293963298712455
2,643.9749990180038,18.145432853975194
2,643.9842409624722,18.176031429532934
2,643.9934815746409,18.23570135776861
2,644.00272085451,18.283395542728893
2,644.0119588020794,18.20398368173782
2,644.0211954173492,18.40216676454492
2,644.0304307003192,18.402336057797825
2,644.0396646509897,18.29042469749452
2,644.0488972693605,18.47910774043778
2,644.0581285554317,18.586089328360238
2,644.0673585092032,18.572464193354374
2,644.0765871306751,18.675180705603175
2,644.0858144198472,18.49309275191981
2,644.0950403767198,18.57606680061688
2,644.1042650012927,18.596245051750564
2,644.113488293566,18.74355272036411
2,644.1227102535395,18.621941120838713
2,644.1319308812134,18.390895638977437
2,644.1411501765878,18.456713880906438
2,644.1503681396624,18.733224669886187
2,644.1595847704374,18.621912175103198
2,644.1688000689127,18.738461463931863
2,644.1780140350884,18.81054589125809
2,644.1872266689644,18.839253976153078
2,644.1964379705407,18.88892538147631
2,644.2056479398175,18.859683613957085
2,644.2148565767945,18.91433985308845
2,644.2240638814719,19.026967790132467
2,644.2332698538496,19.00378362123268
2,644.2424744939277,19.116987013814192
2,644.2516778017063,19.17680387224838
2,644.260879777185,19.2221037944605
2,644.2700804203641,19.228534750378934
2,644.2792797312436,19.326506332896585
2,644.2884777098235,19.3790045904035
2,644.2976743561037,19.350836737810628
2,644.3068696700842,19.431564448816093
2,644.316063651765,19.390600367804335
2,644.3252563011463,19.520595395764865
2,644.3344476182278,19.587662880237268
2,644.3436376030098,19.582456492128177
2,644.3528262554921,19.481584048155987
2,644.3620135756747,19.77080848463214
2,644.3711995635576,19.610382284872102
2,644.380384219141,19.697010360336314
2,644.3895675424246,19.826155284979887
2,644.3987495334087,19.793670881208072
2,644.407930192093,19.87955040278426
2,644.4171095184777,19.808446832886304
2,644.4262875125628,20.000589285589797
2,644.4354641743482,20.004063206483377
2,644.444639503834,19.934184271909643
2,644.45381350102,20.134022421593645
2,644.4629861659065,20.20288900144524
2,644.4721574984933,20.233075923711134
2,644.4813274987804,20.338181088750705
2,644.4904961667679,20.262538770655446
2,644.4996635024557,20.386584829864162
2,644.5088295058439,20.47277354287507
2,644.5179941769323,20.454811419455723
2,644.5271575157212,20.362989900842603
2,644.5363195222105,20.547184351208898
2,644.5454801964,20.67927384525556
2,644.55463953829,20.57064892632228
2,644.5637975478802,20.514945684793105
2,644.5729542251709,20.728136702190064
2,644.5821095701618,20.60121302358938
2,644.5912635828531,20.939947258890417
2,644.6004162632447,20.630168977656908
2,644.6095676113367,20.72625064222432
2,644.6187176271291,20.777921588968084
2,644.6278663106218,20.59484650643348
2,644.6370136618149,20.706826301621838
2,644.6461596807083,21.06714050995249
2,644.6553043673019,20.966555680066914
2,644.664447721596,20.908986392144183
2,644.6735897435905,21.10136480814291
2,644.6827304332853,21.059106748263723
2,644.6918697906804,21.13051917736426
2,644.7010078157758,21.130499071222065
2,644.7101445085717,21.28307084654429
2,644.7192798690679,21.453748634828237
2,644.7284138972644,21.466420867943544
2,644.7375465931613,21.543535219534032
2,644.7466779567585,21.506859786268315
2,644.7558079880561,21.834027001940754
2,644.7649366870539,21.645855756212633
2,644.7740640537522,21.77864468365755
2,644.7831900881508,21.85625667673994
2,644.7923147902497,21.803648406261978
2,644.801438160049,22.054268964230864
2,644.8105601975486,21.769661279341364
2,644.8196809027487,22.00210101085736
2,644.828800275649,21.93519545243169
2,644.8379183162497,22.176575001321446
2,644.8470350245507,22.209898874296982
2,644.8561504005521,22.122037302270684
2,644.8652644442539,22.42519293622786
2,644.8743771556559,22.46227508932246
2,644.8834885347583,22.405542449145567
2,644.8925985815611,22.43018518781843
2,644.9017072960642,22.35833252132741
2,644.9108146782677,22.636466643966514
2,644.9199207281715,22.598171266796545
2,644.9290254457757,22.648415910059732
2,644.9381288310801,22.53545810631998
2,644.947230884085,22.831502764508915
2,644.9563316047902,22.89600352024595
2,644.9654309931958,22.810423380797335
2,644.9745290493016,22.99040868483624
2,644.9836257731079,23.134261933808737
2,644.9927211646145,23.042486650485618
2,645.0018152238215,22.956689816638107
2,645.0109079507288,23.085412789577965
2,645.0199993453364,22.973861997181608
2,645.0290894076444,22.930927459874713
2,645.0381781376527,23.24280776339327
2,645.0472655353614,23.223362085590768
2,645.0563516007704,23.11225854898114
2,645.0654363338797,23.28043344339613
2,645.0745197346895,23.222729400842994
2,645.0836018031995,23.505126788081192
2,645.0926825394099,23.473340130429477
2,645.1017619433208,23.659801155082494
2,645.1108400149318,23.68797015726636
2,645.1199167542433,23.852899656826732
2,645.128992161255,23.876224395887572
2,645.1380662359672,23.956222117199125
2,645.1471389783798,23.988527403274315
2,645.1562103884926,23.859805980469407
2,645.1652804663057,24.045524514320384
2,645.1743492118193,24.035236665297546
2,645.1834166250331,24.13135340313454
2,645.1924827059474,24.19477758068364
2,645.201547454562,24.300786547199532
2,645.210610870877,24.400410527802457
2,645.2196729548922,24.566558659150452
2,645.2287337066078,24.483988809974445
2,645.2377931260238,24.687212474732068
2,645.2468512131402,24.669686496538926
2,645.2559079679568,24.788639276582238
2,645.2649633904738,24.765675063360696
2,645.2740174806912,25.09439194107833
2,645.283070238609,25.08942343031873
2,645.292121664227,24.937528850228656
2,645.3011717575454,25.06843859314354
2,645.3102205185642,24.92855062669285
2,645.3192679472833,25.33333861907963
2,645.3283140437027,25.303607464102985
2,645.3373588078225,25.375422773867037
2,645.3464022396427,25.550084770402883
2,645.3554443391631,25.723865511655475
2,645.3644851063839,25.375533445592907
2,645.3735245413051,25.20564579286307
2,645.3825626439267,25.513028494349566
2,645.3915994142485,25.6493580835993
2,645.4006348522707,25.379950927855663
2,645.4096689579933,25.69159545620531
2,645.4187017314163,25.665820185335164
2,645.4277331725395,25.699753392515067
2,645.4367632813631,26.113496971756426
2,645.445792057887,26.010582893215826
2,645.4548195021114,26.273924387212688
2,645.463845614036,26.40968556708172
2,645.4728703936611,26.292274545734884
2,645.4818938409865,26.060556667246544
2,645.4909159560121,26.404626780460095
2,645.4999367387381,26.466035020241033
2,645.5089561891646,26.573534101078106
2,645.5179743072913,26.786160819429867
2,645.5269910931185,26.749815265334508
2,645.5360065466458,26.869668637564533
2,645.5450206678736,26.867510896256295
2,645.5540334568018,26.841926819600328
2,645.5630449134303,27.258361174038473
2,645.5720550377591,27.076570159778694
2,645.5810638297883,27.260301707093817
2,645.5900712895178,27.615612422056255
2,645.5990774169477,27.640127767017034
2,645.6080822120779,27.50228406268062
2,645.6170856749085,27.469210567108075
2,645.6260878054393,27.71010912494072
2,645.6350886036706,28.00897324032953
2,645.6440880696022,27.799403649454078
2,645.6530862032341,28.07508983582204
2,645.6620830045665,28.084456754781048
2,645.6710784735991,28.22072718345293
2,645.6800726103321,28.026733623018593
2,645.6890654147654,28.319949305995397
2,645.6980568868992,28.004030398148707
2,645.7070470267332,28.40782238033444
2,645.7160358342676,28.32804682110986
2,645.7250233095023,28.260360369634146
2,645.7340094524374,28.665601137313622
2,645.7429942630728,28.293646638490873
2,645.7519777414086,28.74848272754958
2,645.7609598874448,28.949142997742793
2,645.7699407011812,28.799651006828668
2,645.778920182618,28.848303529620015
2,645.7878983317552,29.29931604682294
2,645.7968751485927,29.353366432763988
2,645.8058506331306,28.957688462995645
2,645.8148247853687,29.444817369121925
2,645.8237976053073,29.29558643327761
2,645.8327690929463,29.508249435332708
2,645.8417392482854,29.663850317695424
2,645.8507080713251,29.5806397840841
2,645.859675562065,29.55651650030187
2,645.8686417205054,30.018049531614096
2,645.877606546646,29.468649173548062
2,645.886570040487,30.138583801612846
2,645.8955322020283,30.427281481487608
2,645.9044930312699,30.377882730176587
2,645.913452528212,30.424592334523435
2,645.9224106928543,30.44042100886178
2,645.9313675251971,30.843527840934875
2,645.9403230252402,30.739794191591866
2,645.9492771929836,30.847041406647158
2,645.9582300284274,30.954716457598348
2,645.9671815315714,31.233068202328244
2,645.976131702416,31.365576729585094
2,645.9850805409608,31.372265485416712
2,645.9940280472059,31.369831757451756
2,646.0029742211514,30.96068928101525
2,646.0119190627972,30.82878744876843
2,646.0208625721434,30.97628582194546
2,646.02980474919,31.2627368646584
2,646.0387455939369,31.2849261889529
2,646.0476851063842,31.540193267812473
2,646.0566232865317,31.35671024327626
2,646.0655601343797,31.83868545308593
2,646.0744956499279,32.127991922477584
2,646.0834298331766,32.076645649671924
2,646.0923626841255,32.31178659143563
2,646.1012942027749,31.926138366636877
2,646.1102243891246,32.33872653363125
2,646.1191532431745,32.55700376622492
2,646.128080764925,32.54593379990268
2,646.1370069543757,32.64171055885616
2,646.1459318115268,32.94398079704323
2,646.1548553363782,33.03090612367355
2,646.1637775289299,33.15971355315433
2,646.172698389182,33.3541859088971
2,646.1816179171344,32.92445719836246
2,646.1905361127873,33.68194374117021
2,646.1994529761404,33.369324554546786
2,646.2083685071939,33.682578740315684
2,646.2172827059478,33.70599653824392
2,646.2261955724019,34.07432193186899
2,646.2351071065565,34.026496451204686
2,646.2440173084113,34.16121039113187
2,646.2529261779666,34.517478109014924
2,646.2618337152222,34.693880922173385
2,646.2707399201781,34.66216542940092
2,646.2796447928343,34.77111537361842
2,646.288548333191,34.64887710499945
2,646.2974505412479,34.488113438529574
2,646.3063514170053,34.58171982858589
2,646.315250960463,34.80035995612272
2,646.324149171621,34.810081891685115
2,646.3330460504793,35.17588572584278
2,646.341941597038,35.10003165215168
2,646.3508358112971,35.57671729859943
2,646.3597286932566,35.55338119799324
2,646.3686202429162,35.44802400077031
2,646.3775104602763,35.712697468969125
2,646.3863993453368,35.465667861598185
2,646.3952868980975,35.996408929325355
2,646.4041731185587,36.22241216823078
2,646.4130580067202,35.955482787553386
2,646.4219415625821,36.30256323151558
2,646.4308237861443,36.45271492679704
2,646.4397046774068,36.81306078680198
2,646.4485842363696,36.94171566654045
2,646.4574624630328,37.16236138504801
2,646.4663393573965,36.984741841998755
2,646.4752149194603,36.763189130613135
2,646.4840891492246,37.267364727101295
2,646.4929620466893,37.30510062788487
2,646.5018336118542,37.43579908318962
2,646.5107038447195,37.6314331879786
2,646.5195727452851,37.508296002826086
2,646.5284403135512,37.724425079277864
2,646.5373065495176,38.10985662410274
2,646.5461714531842,37.62363517967605
2,646.5550350245512,38.307264720258594
2,646.5638972636186,38.08259671501387
2,646.5727581703864,38.26225709535971
2,646.5816177448545,38.5101546284065
2,646.590475987023,38.36028826796286
2,646.5993328968917,38.21641733479794
2,646.6081884744608,38.323891049600476
2,646.6170427197303,39.08067920560221
2,646.6258956327001,38.81649997383987
2,646.6347472133704,38.91133812516227
2,646.6435974617408,39.22758919594377
2,646.6524463778117,39.62408896723112
2,646.6612939615829,39.27186814496822
2,646.6701402130544,40.03552350285595
2,646.6789851322263,39.690038909021986
2,646.6878287190987,39.92035880263641
2,646.6966709736712,40.56503256288559
2,646.7055118959443,40.430075468060544
2,646.7143514859175,40.533988692974916
2,646.7231897435911,40.696346243817594
2,646.7320266689651,41.14882703400579
2,646.7408622620395,41.499648697370354
2,646.7496965228141,41.63313375469549
2,646.7585294512892,41.325594879560306
2,646.7673610474646,41.43242552929954
2,646.7761913113403,41.551776950190884
2,646.7850202429164,41.864272421144
2,646.7938478421928,41.84799056864512
2,646.8026741091696,42.41956391897458
2,646.8114990438468,42.21483083700868
2,646.8203226462242,41.8101911636529
2,646.829144916302,41.80030011860209
2,646.8379658540802,42.206320204849696
2,646.8467854595586,42.328947331844255
2,646.8556037327376,42.803926276876766
2,646.8644206736168,42.552998819575436
2,646.8732362821963,43.22157191031023
2,646.8820505584762,42.77578496487345
2,646.8908635024565,42.745487512662116
2,646.899675114137,43.538086367024185
2,646.908485393518,43.67986199483511
2,646.9172943405993,43.35831447273772
2,646.9261019553809,43.952142255413804
2,646.9349082378629,43.89021581558446
2,646.9437131880452,43.78221930961287
2,646.9525168059279,44.64287669118853
2,646.961319091511,44.648627789061294
2,646.9701200447943,44.722284721890695
2,646.978919665778,44.57863746151698
2,646.9877179544621,45.05115517323401
2,646.9965149108465,44.92803264634247
2,647.0053105349313,45.77920966485385
2,647.0141048267164,45.81222677561463
2,647.0228977862018,46.35879726633044
2,647.0316894133877,45.63377614195556
2,647.0404797082739,46.414436887033865
2,647.0492686708603,46.2491255361745
2,647.0580563011472,46.70227522381969
2,647.0668425991344,45.947800382314604
2,647.075627564822,46.65432599695009
2,647.0844111982099,46.804692820420634
2,647.0931934992981,47.22826681406915
2,647.1019744680866,47.04908516277476
2,647.1107541045756,47.16892699011688
2,647.1195324087648,47.52595113393734
2,647.1283093806545,48.40083126953201
2,647.1370850202445,47.63670242964631
2,647.1458593275348,47.972716734956414
2,647.1546323025254,48.426192450910406
2,647.1634039452165,48.37795679857575
2,647.1721742556078,49.02635411648849
2,647.1809432336995,49.377430513525745
2,647.1897108794916,49.45845442710871
2,647.198477192984,49.80182516037338
2,647.2072421741768,49.88587524148315
2,647.2160058230698,50.34114757512085
2,647.2247681396633,50.464786848969496
2,647.2335291239572,50.80607585435212
2,647.2422887759512,51.07615504539873
2,647.2510470956457,51.47378072704693
2,647.2598040830406,51.862538358575634
2,647.2685597381358,52.16547997394759
2,647.2773140609313,52.51104369423743
2,647.2860670514273,53.37957280748806
2,647.2948187096234,52.50734807428475
2,647.30356903552,52.31300146774891
2,647.312318029117,53.631974212191224
2,647.3210656904142,53.36808684639873
2,647.3298120194119,53.448460804557364
2,647.3385570161098,53.740620209779
2,647.3473006805082,55.07626157492309
2,647.3560430126068,55.157801609694694
2,647.3647840124058,55.26373801181423
2,647.3735236799051,55.874015737912664
2,647.3822620151049,55.40283790506386
2,647.3909990180049,57.058427545504934
2,647.3997346886053,56.88969951423822
2,647.4084690269061,57.28548761206357
2,647.4172020329072,58.29436852016993
2,647.4259337066086,58.63731701008787
2,647.4346640480104,57.89342223508457
2,647.4433930571125,59.73973490104289
2,647.452120733915,59.868587245426355
2,647.4608470784178,60.64813391646687
2,647.469572090621,61.4631479533295
2,647.4782957705246,61.03558905911698
2,647.4870181181284,61.95328827187904
2,647.4957391334326,63.26754549679904
2,647.5044588164372,63.51152520886233
2,647.5131771671421,64.64859872614751
2,647.5218941855474,64.13773202011751
2,647.530609871653,63.74051118011858
2,647.5393242254589,65.0318005152185
2,647.5480372469652,64.80703428182265
2,647.556748936172,66.05442144666618
2,647.5654592930789,66.12806580079929
2,647.5741683176863,67.97856442336308
2,647.5828760099939,68.2616511905628
2,647.591582370002,68.281804886002
2,647.6002873977104,69.00552071292148
2,647.6089910931191,68.89290390162721
2,647.6176934562283,70.36581994257875
2,647.6263944870377,71.43085819461358
2,647.6350941855475,71.22646209477168
2,647.6437925517575,72.28511084518226
2,647.652489585668,73.64448188761563
2,647.6611852872788,74.15372088752166
2,647.6698796565901,74.95768545275966
2,647.6785726936016,75.56041298880456
2,647.6872643983135,76.50693847555239
2,647.6959547707256,77.18586390955427
2,647.7046438108382,79.38186776561082
2,647.7133315186511,78.75164312356092
2,647.7220178941643,79.41285595749257
2,647.7307029373779,79.66910618995966
2,647.7393866482919,79.84292152123632
2,647.7480690269063,81.08604027270621
2,647.7567500732208,83.10567914975894
2,647.7654297872358,83.62738989113119
2,647.7741081689512,85.9130257468691
2,647.7827852183668,86.41891142671531
2,647.7914609354829,85.79353095506463
2,647.8001353202993,87.79508548759397
2,647.808808372816,90.12159406172167
2,647.817480093033,89.62907728714981
2,647.8261504809506,90.54263010805886
2,647.8348195365683,90.80209868540413
2,647.8434872598864,93.49655152890644
2,647.8521536509048,94.66467929690357
2,647.8608187096237,95.8865168243142
2,647.8694824360429,96.17739257615254
2,647.8781448301623,96.50067495012635
2,647.8868058919822,100.07056661013885
2,647.8954656215025,102.11530985102955
2,647.904124018723,103.53104403096089
2,647.9127810836438,103.076888417949
2,647.9214368162651,105.2218965834165
2,647.9300912165867,108.40518389035405
2,647.9387442846087,105.2964605208622
2,647.947396020331,107.46713503010176
2,647.9560464237536,109.18482574782747
2,647.9646954948765,110.02590606010605
2,647.9733432336999,112.04134841337718
2,647.9819896402236,112.3175354650029
2,647.9906347144475,112.37434738569644
2,647.9992784563719,116.751668893311
2,648.0079208659967,118.18977274155861
2,648.0165619433218,121.25874129749117
2,648.0252016883471,123.57978029381637
2,648.0338401010729,123.89528318235938
2,648.0424771814991,125.64017227962475
2,648.0511129296254,126.54852980557614
2,648.0597473454523,127.36321779519378
2,648.0683804289795,132.65386387447222
2,648.0770121802069,132.54723245410457
2,648.0856425991348,134.81439392662588
2,648.094271685763,137.95105410323995
2,648.1028994400915,140.27219424339788
2,648.1115258621204,140.63268630075044
2,648.1201509518496,145.23288533469398
2,648.1287747092792,145.94085199945945
2,648.1373971344092,145.79047201993265
2,648.1460182272394,144.93897869405905
2,648.1546379877701,152.03275487956148
2,648.1632564160011,152.49417543846317
2,648.1718735119324,154.62342511411916
2,648.180489275564,158.41458201150962
2,648.189103706896,162.29207723655034
2,648.1977168059284,165.87375827015416
2,648.2063285726612,168.92886316504539
3,619.4377313991688,87.44486565855073
3,619.4484300388204,88.05184905967704
3,619.459127426714,85.12570380741255
3,619.4698235628493,86.30731736764983
3,619.4805184472266,84.17213681700684
3,619.4912120798457,83.33178982222051
3,619.5019044607067,82.27276729920746
3,619.5125955898095,81.3119721849964
3,619.5232854671542,79.62921065805457
3,619.5339740927408,79.42219528477906
3,619.5446614665692,78.21837446322296
3,619.5553475886396,77.25909153778042
3,619.5660324589518,76.84833722285863
3,619.5767160775058,76.0515414796466
3,619.5873984443018,75.55245042437747
3,619.5980795593396,76.08671052720013
3,619.6087594226192,74.21413487381065
3,619.6194380341408,74.41440194904393
3,619.6301153939041,73.61049710633202
3,619.6407915019095,74.03831267017458
3,619.6514663581565,72.17400639015136
3,619.6621399626456,71.43243284576103
3,619.6728123153764,71.7236936780983
3,619.6834834163492,70.81175119588785
3,619.6941532655638,70.1422631452959
3,619.7048218630202,69.30808963983023
3,619.7154892087186,69.05514875172696
3,619.7261553026589,69.54307812077637
3,619.736820144841,68.42448649030624
3,619.7474837352648,68.61009730082522
3,619.7581460739307,67.72745474800158
3,619.7688071608384,67.30899953269243
3,619.779466995988,66.18171333136284
3,619.7901255793794,65.62176229133895
3,619.8007829110127,65.34737760097843
3,619.8114389908878,65.01577285115492
3,619.8220938190049,63.721034894165086
3,619.8327473953638,63.982350797218146
3,619.8433997199645,63.18711501313003
3,619.8540507928071,63.73429953137991
3,619.8647006138916,62.742976093253915
3,619.8753491832181,61.35282116551501
3,619.8859965007863,61.34976547034425
3,619.8966425665964,60.62113396829123
3,619.9072873806483,60.77628019222916
3,619.9179309429422,59.65036489966043
3,619.9285732534779,60.10127541402725
3,619.9392143122554,58.96749524895211
3,619.949854119275,58.277105915511584
3,619.9604926745362,57.501236773921846
3,619.9711299780395,57.821130754373506
3,619.9817660297845,56.43625316047013
3,619.9924008297714,57.19131774761245
3,620.0030343780002,56.731495754185154
3,620.0136666744709,55.46880312913178
3,620.0242977191834,55.690315830121456
3,620.0349275121378,55.12805927211337
3,620.045556053334,54.55240182151236
3,620.0561833427722,54.01075603270018
3,620.0668093804522,52.87241146468959
3,620.077434166374,53.43860194526454
3,620.0880577005378,52.440789669075045
3,620.0986799829434,52.30540717222652
3,620.1093010135909,52.29657956446415
3,620.1199207924802,51.12790309417458
3,620.1305393196114,51.676359851253046
3,620.1411565949845,51.00217063636901
3,620.1517726185995,50.75695374696987
3,620.1623873904563,49.85088709738318
3,620.173000910555,49.62197290830558
3,620.1836131788955,49.76088155450318
3,620.1942241954779,49.20967036723333
3,620.2048339603023,48.857317737625564
3,620.2154424733684,48.243606438452794
3,620.2260497346764,47.74513455716472
3,620.2366557442263,47.88615011534325
3,620.2472605020181,47.3578623668328
3,620.2578640080517,47.30561967533484
3,620.2684662623271,47.09879759635555
3,620.2790672648446,46.68485955143248
3,620.2896670156038,46.41120356858408
3,620.3002655146049,46.19371783473524
3,620.3108627618478,44.92068968749276
3,620.3214587573327,45.7693780068245
3,620.3320535010594,44.52013600212817
3,620.342646993028,44.57328970415697
3,620.3532392332385,44.057425549080975
3,620.3638302216907,43.481132499742365
3,620.3744199583849,43.53050069460338
3,620.385008443321,43.46269459856685
3,620.3955956764989,42.992141140741865
3,620.4061816579186,42.84393369489315
3,620.4167663875803,42.390550178709475
3,620.4273498654838,42.535612261720466
3,620.4379320916292,42.00855672112879
3,620.4485130660165,41.343168553754396
3,620.4590927886456,40.933612247365375
3,620.4696712595166,41.29533215367386
3,620.4802484786295,40.89216585203934
3,620.4908244459842,40.536996692949714
3,620.5013991615808,40.79324100656338
3,620.5119726254193,40.280379698228685
3,620.5225448374996,39.70697363397706
3,620.5331157978219,39.35259105556771
3,620.5436855063859,39.42107610313849
3,620.5542539631919,39.47016729121899
3,620.5648211682396,39.15860661409928
3,620.5753871215294,39.13474142358405
3,620.5859518230609,38.86321030240354
3,620.5965152728343,38.592226439188465
3,620.6070774708496,38.24697975301983
3,620.6176384171067,37.99751354746492
3,620.6281981116058,37.971457746657414
3,620.6387565543466,37.50119012605212
3,620.6493137453294,37.42387597978414
3,620.659869684554,37.40415838871191
3,620.6704243720205,36.801126873888194
3,620.6809778077289,37.06101859590527
3,620.6915299916791,36.25737739932133
3,620.7020809238712,36.76008960663118
3,620.7126306043052,36.38966632295862
3,620.7231790329811,36.08743163451401
3,620.7337262098987,35.992133242989226
3,620.7442721350583,35.9260913738402
3,620.7548168084597,35.78877862381604
3,620.765360230103,35.81225844311519
3,620.7759023999882,35.30095918295158
3,620.7864433181153,35.10893571083687
3,620.7969829844842,34.92294936269623
3,620.807521399095,34.704701884031564
3,620.8180585619476,34.527275356221395
3,620.8285944730421,34.457601219363205
3,620.8391291323785,34.378440126263285
3,620.8496625399567,34.36530956195764
3,620.860194695777,34.0282948509228
3,620.8707255998389,34.161182175633506
3,620.8812552521428,33.73426299956391
3,620.8917836526884,33.55857926826455
3,620.9023108014761,33.38673139775814
3,620.9128366985055,33.10443681542012
3,620.9233613437768,32.962972338678966
3,620.9338847372901,32.65443998953452
3,620.9444068790451,32.85806588673747
3,620.9549277690421,33.03323261081794
3,620.9654474072809,32.2727075796378
3,620.9759657937616,32.144240409613694
3,620.9864829284842,32.138036541463656
3,620.9969988114485,32.183095910011204
3,621.0075134426548,31.903646526070197
3,621.0180268221029,31.925708464934868
3,621.028538949793,31.526719302218805
3,621.0390498257249,31.966982026804487
3,621.0495594498987,31.239400640439072
3,621.0600678223142,31.21046947130547
3,621.0705749429717,31.21654881392551
3,621.0810808118711,31.40891905036246
3,621.0915854290123,30.92974052858016
3,621.1020887943954,31.07482779648148
3,621.1125909080204,30.931048941769237
3,621.1230917698872,30.47230099856813
3,621.1335913799959,30.165203238677442
3,621.1440897383465,30.856080925608136
3,621.1545868449389,30.193315384894127
3,621.1650826997732,30.272223234155543
3,621.1755773028494,30.37371093215296
3,621.1860706541675,30.145108633165535
3,621.1965627537273,29.854850433307867
3,621.2070536015291,29.582708908357347
3,621.2175431975727,29.621253456199003
3,621.2280315418583,29.434919191532927
3,621.2385186343856,29.313705675351592
3,621.249004475155,29.407004728183423
3,621.259489064166,29.236866889235916
3,621.269972401419,29.31455398262917
3,621.2804544869139,28.830405559730433
3,621.2909353206505,28.757412343554158
3,621.3014149026292,28.832577889303945
3,621.3118932328497,28.30740798353979
3,621.3223703113119,28.51934638157175
3,621.3328461380162,28.31960671024321
3,621.3433207129623,28.503702420044572
3,621.3537940361501,28.120597397494368
3,621.36426610758,28.122222807886132
3,621.3747369272517,27.73436995663654
3,621.3852064951652,28.01665265713959
3,621.3956748113205,27.847274286203422
3,621.4061418757178,27.513319061501335
3,621.416607688357,27.594412758785815
3,621.427072249238,27.58807760468861
3,621.4375355583609,27.086865254424648
3,621.4479976157256,27.132426495515023
3,621.4584584213322,27.177078154492634
3,621.4689179751807,27.048139314845812
3,621.4793762772711,26.95763993509654
3,621.4898333276033,26.998059245247493
3,621.5002891261774,26.78798205247639
3,621.5107436729934,26.497072122844493
3,621.5211969680512,26.562415414885972
3,621.5316490113509,26.44554561260917
3,621.5420998028925,26.30537459734921
3,621.5525493426759,26.458315320404104
3,621.5629976307011,26.3403842492899
3,621.5734446669684,26.041869862546672
3,621.5838904514774,26.11207209642222
3,621.5943349842283,25.826837380450108
3,621.6047782652211,25.726588187707186
3,621.6152202944558,25.77699047802356
3,621.6256610719322,25.73326022629316
3,621.6361005976506,25.494162655136407
3,621.6465388716108,25.471611531769273
3,621.656975893813,25.244433377794063
3,621.667411664257,25.064436431976514
3,621.6778461829427,25.259117966902945
3,621.6882794498705,25.035729912865634
3,621.6987114650401,25.069274394063072
3,621.7091422284516,25.03019180092851
3,621.7195717401048,24.598966388279045
3,621.73,24.802516383641176
3,621.7404270081371,24.639022086904934
3,621.750852764516,24.701209552059705
3,621.7612772691368,24.573188335766766
3,621.7717005219995,24.42275731441444
3,621.782122523104,24.378880943190655
3,621.7925432724504,24.30635174431632
3,621.8029627700387,24.083954132290284
3,621.8133810158689,24.238948977741018
3,621.8237980099409,23.938519830498773
3,621.8342137522548,23.729462104411915
3,621.8446282428105,23.996468785969824
3,621.855041481608,23.811565435132174
3,621.8654534686476,23.587989045444264
3,621.8758642039289,23.580303398322503
3,621.8862736874521,23.526950582165973
3,621.8966819192173,23.42796357183221
3,621.9070888992242,23.285855565131975
3,621.917494627473,23.137035476531477
3,621.9278991039637,23.199584262599576
3,621.9383023286963,23.022995950081256
3,621.9487043016707,22.9963695052204
3,621.959105022887,23.140862208018802
3,621.9695044923451,22.772555287899603
3,621.9799027100452,22.93041216693375
3,621.9902996759871,22.602715618254532
3,622.0006953901708,22.788841218650166
3,622.0110898525965,22.533299815732217
3,622.021483063264,22.831317034951173
3,622.0318750221734,22.333786358902223
3,622.0422657293246,22.570941718178904
3,622.0526551847177,22.298730311611017
3,622.0630433883526,22.444806892475864
3,622.0734303402295,21.991883897602154
3,622.0838160403482,22.226368897716934
3,622.0942004887088,22.172178633381566
3,622.1045836853112,21.86186543344279
3,622.1149656301556,21.867636307426313
3,622.1253463232417,21.711496416741767
3,622.1357257645699,21.9349835556955
3,622.1461039541398,21.827205900998404
3,622.1564808919516,21.82869636485105
3,622.1668565780052,21.644943136910626
3,622.1772310123007,21.4334990320058
3,622.1876041948382,21.564235535961412
3,622.1979761256174,21.659086115290282
3,622.2083468046385,21.381948444351124
3,622.2187162319016,21.500628371913557
3,622.2290844074064,21.343053621134647
3,622.2394513311532,21.23508651975188
3,622.2498170031417,21.18359090962625
3,622.2601814233723,21.300549303194302
3,622.2705445918446,21.30393296840094
3,622.2809065085588,21.049607613347654
3,622.2912671735148,20.946650135945347
3,622.3016265867128,21.02900503149362
3,622.3119847481527,21.089400260554505
3,622.3223416578343,20.716092966252223
3,622.3326973157579,20.84856551183058
3,622.3430517219233,20.775012579197483
3,622.3534048763306,20.811017665383932
3,622.3637567789798,20.82960536052861
3,622.3741074298708,20.651091913359977
3,622.3844568290036,20.57894060857237
3,622.3948049763784,20.54705514975045
3,622.405151871995,20.46395575217213
3,622.4154975158535,20.401742226929887
3,622.4258419079539,20.487490834656494
3,622.4361850482961,20.273608116324258
3,622.4465269368803,20.329291866406745
3,622.4568675737063,20.23039871578515
3,622.4672069587741,20.11958880030955
3,622.4775450920838,20.228671472578306
3,622.4878819736354,20.158169340759446
3,622.4982176034289,20.072603245849038
3,622.5085519814642,19.94432823409524
3,622.5188851077413,20.00650286186547
3,622.5292169822604,19.952335277028325
3,622.5395476050213,19.837266640312368
3,622.549876976024,19.902590957998385
3,622.5602050952688,19.82790606920965
3,622.5705319627552,19.871560581420958
3,622.5808575784837,19.653558261268337
3,622.5911819424539,19.844005748277567
3,622.6015050546661,19.677793966850434
3,622.6118269151201,19.527692297495296
3,622.6221475238159,19.61129117163403
3,622.6324668807537,19.609813597177624
3,622.6427849859333,19.36052755467512
3,622.6531018393547,19.396640091953344
3,622.663417441018,19.41860207355079
3,622.6737317909233,19.479553909873875
3,622.6840448890704,19.371671719583922
3,622.6943567354593,19.185939303483135
3,622.7046673300902,19.160786300535655
3,622.7149766729627,19.16057097182283
3,622.7252847640773,19.166254953725893
3,622.7355916034337,19.18704296225572
3,622.7458971910321,19.121083808198332
3,622.7562015268722,19.188053983488683
3,622.7665046109543,19.0455265890691
3,622.7768064432781,19.191561924957067
3,622.7871070238439,19.01408895275197
3,622.7974063526515,18.88050502659861
3,622.807704429701,18.942976089808106
3,622.8180012549924,18.889141304335425
3,622.8282968285256,18.863002178131122
3,622.8385911503007,18.897019158848508
3,622.8488842203177,18.72872882778776
3,622.8591760385765,18.624734426938126
3,622.8694666050772,18.666600142362906
3,622.8797559198198,18.597051615606723
3,622.8900439828042,18.599211717858278
3,622.9003307940305,18.30891063873183
3,622.9106163534987,18.469430572612996
3,622.9209006612087,18.524543023602874
3,622.9311837171607,18.44003856721937
3,622.9414655213544,18.380619432962213
3,622.9517460737901,18.474682614905554
3,622.9620253744677,18.389073876498937
3,622.972303423387,18.19710034920823
3,622.9825802205482,18.19504752200688
3,622.9928557659514,18.20197111024944
3,623.0031300595964,18.20227987009873
3,623.0134031014833,18.047243131911348
3,623.023674891612,18.147295154323057
3,623.0339454299826,18.111036094834088
3,623.0442147165951,17.96906910199308
3,623.0544827514494,18.01369931271226
3,623.0647495345456,17.898698451918285
3,623.0750150658837,17.770290232714267
3,623.0852793454636,17.984130059851037
3,623.0955423732854,17.904308410279203
3,623.1058041493491,17.85231192373226
3,623.1160646736546,17.728282376489723
3,623.1263239462021,17.6399616416783
3,623.1365819669913,17.498436519716844
3,623.1468387360225,17.639468929250228
3,623.1570942532954,17.585707605356912
3,623.1673485188104,17.497069404595525
3,623.1776015325671,17.56815400501883
3,623.1878532945658,17.445464112488146
3,623.1981038048062,17.635575091786997
3,623.2083530632887,17.413491394711237
3,623.2186010700128,17.360363617073602
3,623.228847824979,17.324658960161486
3,623.2390933281869,17.389702353432973
3,623.2493375796367,17.28238362131618
3,623.2595805793284,17.43775134404001
3,623.269822327262,17.248690141659964
3,623.2800628234374,17.12105070170614
3,623.2903020678548,17.099245308028536
3,623.3005400605139,17.137658626167322
3,623.3107768014149,17.127926435108694
3,623.3210122905579,16.94655465927004
3,623.3312465279427,17.134080514658198
3,623.3414795135693,16.952489280195227
3,623.3517112474378,16.920610272357244
3,623.3619417295482,16.944813947671733
3,623.3721709599005,16.917552090496557
3,623.3823989384946,16.898308713808362
3,623.3926256653306,16.842863010542533
3,623.4028511404084,16.769837029361042
3,623.4130753637281,16.886319768646928
3,623.4232983352897,16.660898574989734
3,623.4335200550931,16.532027566327734
3,623.4437405231386,16.585642697560814
3,623.4539597394257,16.691621554525614
3,623.4641777039548,16.578909643846995
3,623.4743944167258,16.60823344765938
3,623.4846098777385,16.533260407994238
3,623.4948240869932,16.475764863868918
3,623.5050370444898,16.373308187491048
3,623.5152487502281,16.423103847697845
3,623.5254592042085,16.350662389510617
3,623.5356684064305,16.317156337032
3,623.5458763568946,16.346608358583694
3,623.5560830556004,16.280979227989658
3,623.5662885025482,16.159731801296868
3,623.5764926977379,16.20954058264592
3,623.5866956411693,16.221541852227425
3,623.5968973328427,16.035215745535147
3,623.6070977727579,16.063661163495375
3,623.6172969609149,16.008141765025133
3,623.6274948973139,15.99796387049924
3,623.6376915819548,15.980253798459367
3,623.6478870148375,16.043320075873904
3,623.658081195962,15.992225061166199
3,623.6682741253285,15.857988289937769
3,623.6784658029368,15.847649608479292
3,623.688656228787,15.860560295218523
3,623.698845402879,15.662540260720638
3,623.7090333252129,15.72021488616341
3,623.7192199957886,15.653286284119526
3,623.7294054146063,15.829879026700194
3,623.7395895816658,15.664179774243598
3,623.7497724969672,15.616623253626093
3,623.7599541605105,15.600805226501494
3,623.7701345722955,15.559576796692262
3,623.7803137323225,15.572286236452076
3,623.7904916405914,15.537734628516347
3,623.8006682971021,15.452985157356483
3,623.8108437018547,15.479400079091391
3,623.8210178548492,15.279851708789915
3,623.8311907560854,15.345604380590132
3,623.8413624055637,15.397744224461732
3,623.8515328032837,15.186762342275864
3,623.8617019492457,15.259406335167375
3,623.8718698434494,15.357776245751646
3,623.8820364858951,15.13274546894498
3,623.8922018765827,15.25202567294789
3,623.902366015512,15.332801879048185
3,623.9125289026833,15.174701735404824
3,623.9226905380965,15.036458297356655
3,623.9328509217515,15.081009465635141
3,623.9430100536483,15.073629730158451
3,623.9531679337871,15.022413617444181
3,623.9633245621677,15.027283580772522
3,623.9734799387902,14.929896697361537
3,623.9836340636546,14.932173366571243
3,623.9937869367608,14.918851445121945
3,624.0039385581089,14.968032598419766
3,624.0140889276988,14.82309119412964
3,624.0242380455306,14.806617389503085
3,624.0343859116043,14.929135383291566
3,624.0445325259199,14.80970038830166
3,624.0546778884773,14.792325257359362
3,624.0648219992767,14.839807234016257
3,624.0749648583178,14.708574440098095
3,624.0851064656008,14.621002219759054
3,624.0952468211257,14.624486221666112
3,624.1053859248925,14.643342899405866
3,624.1155237769011,14.684044593758586
3,624.1256603771517,14.597381757378814
3,624.135795725644,14.647270333448214
3,624.1459298223782,14.543220068926388
3,624.1560626673544,14.527752933740633
3,624.1661942605723,14.516809223731503
3,624.1763246020322,14.365338438644757
3,624.186453691734,14.472175862178942
3,624.1965815296775,14.43396479756938
3,624.206708115863,14.378169013702411
3,624.2168334502903,14.402581000511196
3,624.2269575329594,14.323826055915635
3,624.2370803638705,14.250186167152002
3,624.2472019430235,14.297355541893204
3,624.2573222704183,14.251992387503583
3,624.2674413460549,14.145129912098817
3,624.2775591699334,14.29365496781262
3,624.2876757420538,14.191678718999501
3,624.2977910624161,14.156733032261974
3,624.3079051310202,14.136489804844205
3,624.3180179478662,14.172553635878533
3,624.3281295129541,14.128134270069914
3,624.3382398262838,14.145164476533962
3,624.3483488878554,14.004192695466422
3,624.3584566976689,14.01925383145638
3,624.3685632557243,14.049812667666066
3,624.3786685620215,14.00791057288529
3,624.3887726165606,13.991504063110284
3,624.3988754193415,13.909051258678968
3,624.4089769703644,13.947547502327078
3,624.419077269629,13.9312167348221
3,624.4291763171356,13.895987762396116
3,624.439274112884,13.850720491784562
3,624.4493706568743,13.913712069106346
3,624.4594659491065,13.834295124012584
3,624.4695599895805,13.886451746871861
3,624.4796527782964,13.800725881062789
3,624.4897443152541,13.72761417950834
3,624.4998346004538,13.733316571765037
3,624.5099236338953,13.784978745672932
3,624.5200114155787,13.777179148176026
3,624.5300979455039,13.59849193447599
3,624.540183223671,13.680603353263256
3,624.55026725008,13.610219699479634
3,624.5603500247308,13.607218896286948
3,624.5704315476236,13.638438700774234
3,624.5805118187582,13.611858735559476
3,624.5905908381345,13.685874784291489
3,624.6006686057528,13.5674948528055
3,624.610745121613,13.588961645174349
3,624.6208203857151,13.557167340300072
3,624.630894398059,13.57441708866459
3,624.6409671586448,13.505467262250749
3,624.6510386674724,13.537385136699776
3,624.6611089245421,13.548853097726585
3,624.6711779298535,13.467489845268132
3,624.6812456834067,13.375676465626945
3,624.6913121852018,13.460083671852962
3,624.7013774352388,13.323545696096856
3,624.7114414335177,13.3944302666531
3,624.7215041800384,13.40132879264167
3,624.731565674801,13.31344516955019
3,624.7416259178055,13.391584334152808
3,624.7516849090518,13.376943102144631
3,624.76174264854,13.379443655227071
3,624.7717991362701,13.24245018374043
3,624.781854372242,13.24285365641278
3,624.7919083564559,13.25134221485267
3,624.8019610889115,13.315340603176008
3,624.8120125696091,13.268973886973905
3,624.8220627985486,13.237756792581838
3,624.8321117757298,13.272777060504923
3,624.842159501153,13.216120144400842
3,624.852205974818,13.155593376081816
3,624.8622511967249,13.204248351264011
3,624.8722951668736,13.1331317036309
3,624.8823378852643,13.150358389083905
3,624.8923793518968,13.129715690209842
3,624.9024195667712,13.16680102633691
3,624.9124585298874,13.074382239465008
3,624.9224962412454,13.158395101428733
3,624.9325327008454,13.0050661053684
3,624.9425679086872,13.051215424724537
3,624.952601864771,13.026140139067525
3,624.9626345690966,13.046641469416274
3,624.972666021664,13.027653813230799
3,624.9826962224734,12.958096631365567
3,624.9927251715245,13.045721350060468
3,625.0027528688175,12.920521032092068
3,625.0127793143524,12.965050427567776
3,625.0228045081293,13.002995602896819
3,625.0328284501479,12.895855371942256
3,625.0428511404084,12.932270389801083
3,625.0528725789109,12.886341900595873
3,625.0628927656551,12.887792078035334
3,625.0729117006413,13.026141934772925
3,625.0829293838692,12.861344623230579
3,625.092945815339,12.828381878571424
3,625.1029609950508,12.864527799490029
3,625.1129749230045,12.860291615681213
3,625.1229875991999,12.893553174704698
3,625.1329990236372,12.822021417013335
3,625.1430091963164,12.772844958566717
3,625.1530181172375,12.858516494397842
3,625.1630257864005,12.881419281789455
3,625.1730322038053,12.826314331352867
3,625.1830373694519,12.751336670081086
3,625.1930412833404,12.826102616730909
3,625.2030439454709,12.823348331416147
3,625.2130453558432,12.800153566716148
3,625.2230455144573,12.719248408572332
3,625.2330444213134,12.726507940653981
3,625.2430420764113,12.684623267203468
3,625.253038479751,12.774624993621238
3,625.2630336313326,12.692912776812726
3,625.2730275311561,12.681793106192188
3,625.2830201792215,12.676887813759462
3,625.2930115755287,12.698971632022214
3,625.3030017200778,12.693482607815593
3,625.3129906128687,12.51820126674334
3,625.3229782539016,12.706747569439235
3,625.3329646431763,12.653498130644511
3,625.3429497806928,12.568821172805501
3,625.3529336664512,12.643568766770898
3,625.3629163004516,12.580657239856514
3,625.3728976826937,12.608922732052093
3,625.3828778131779,12.539794252828225
3,625.3928566919037,12.552978476717271
3,625.4028343188716,12.560384416782597
3,625.4128106940811,12.52460331395935
3,625.4227858175327,12.495539683428014
3,625.432759689226,12.650985021996032
3,625.4427323091613,12.490059950850624
3,625.4527036773385,12.479855708780452
3,625.4626737937574,12.562943410044973
3,625.4726426584183,12.484577435208996
3,625.482610271321,12.508309586312848
3,625.4925766324656,12.484340704071078
3,625.502541741852,12.486591919156021
3,625.5125055994804,12.475844889119632
3,625.5224682053506,12.428479546994561
3,625.5324295594627,12.471978501505532
3,625.5423896618166,12.457087894193272
3,625.5523485124124,12.491235147860426
3,625.5623061112501,12.490123320571007
3,625.5722624583296,12.431012848363732
3,625.582217553651,12.47771222401488
3,625.5921713972143,12.42483075343297
3,625.6021239890194,12.419370651012715
3,625.6120753290664,12.449141184837206
3,625.6220254173554,12.372875799137795
3,625.6319742538861,12.396989959426902
3,625.6419218386587,12.407963043601141
3,625.6518681716732,12.363131042145335
3,625.6618132529296,12.378157484003665
3,625.6717570824278,12.346079403830627
3,625.6816996601679,12.362899498926943
3,625.6916409861499,12.399232697348172
3,625.7015810603737,12.384578827234746
3,625.7115198828394,12.34191558279281
3,625.7214574535469,12.360772487574808
3,625.7313937724964,12.377304181454123
3,625.7413288396876,12.232737250147965
3,625.7512626551209,12.367613306385545
3,625.7611952187959,12.399238714630755
3,625.7711265307128,12.276119274128417
3,625.7810565908716,12.227554970542629
3,625.7909853992722,12.279414094137003
3,625.8009129559148,12.317281645877692
3,625.8108392607992,12.253159281458172
3,625.8207643139253,12.336697243153871
3,625.8306881152935,12.193904082876633
3,625.8406106649035,12.224009909441605
3,625.8505319627553,12.226488595092231
3,625.860452008849,12.302218934898812
3,625.8703708031846,12.199784315116258
3,625.8802883457621,12.200151169122666
3,625.8902046365814,12.155594575172493
3,625.9001196756426,12.226531809917182
3,625.9100334629456,12.099106894806281
3,625.9199459984907,12.2110325840508
3,625.9298572822775,12.22383459319621
3,625.9397673143061,12.14397602882947
3,625.9496760945766,12.197935978463159
3,625.9595836230891,12.10035725751545
3,625.9694898998433,12.138202141622122
3,625.9793949248394,12.199664456741674
3,625.9892986980775,12.134564101823374
3,625.9992012195573,12.184814492238234
3,626.0091024892791,12.074173277074571
3,626.0190025072427,12.192360905930888
3,626.0289012734482,12.146579942814288
3,626.0387987878955,12.112782036443562
3,626.0486950505848,12.158669103078122
3,626.0585900615158,12.10854001135684
3,626.0684838206888,12.16305030485833
3,626.0783763281037,12.177472176167148
3,626.0882675837603,12.051703733715177
3,626.0981575876589,12.132642797893467
3,626.1080463397993,12.085106288947658
3,626.1179338401816,12.198005794400554
3,626.1278200888058,12.129630671356399
3,626.1377050856718,12.06079075986172
3,626.1475888307797,12.025645903730139
3,626.1574713241295,12.127449979847617
3,626.1673525657211,12.091348885669419
3,626.1772325555546,12.067470924102555
3,626.18711129363,12.026422431584063
3,626.1969887799472,12.083569797703925
3,626.2068650145063,12.098057222071692
3,626.2167399973074,12.018478653080061
3,626.2266137283502,12.074053540974369
3,626.2364862076349,12.037819118685508
3,626.2463574351615,12.004344002810942
3,626.2562274109299,12.005109190025808
3,626.2660961349403,11.960761946820893
3,626.2759636071925,11.968033909364962
3,626.2858298276865,12.073183337123282
3,626.2956947964225,11.958303767805067
3,626.3055585134002,12.071334360125658
3,626.31542097862,11.986660037358819
3,626.3252821920814,11.955745694636374
3,626.3351421537849,12.059071091961444
3,626.3450008637301,11.999242413341594
3,626.3548583219173,11.925152715796836
3,626.3647145283463,12.014389453230201
3,626.3745694830171,11.912394826578444
3,626.3844231859299,11.948770406812312
3,626.3942756370845,11.916457355066377
3,626.4041268364809,11.992004302017111
3,626.4139767841193,12.025344377205803
3,626.4238254799996,11.943404378644098
3,626.4336729241217,11.988515295002568
3,626.4435191164856,11.937935559016047
3,626.4533640570914,11.963655091114338
3,626.4632077459391,11.945027525344186
3,626.4730501830286,11.976230859309615
3,626.48289136836,11.98356503601739
3,626.4927313019334,11.968862269479464
3,626.5025699837486,11.86773048252222
3,626.5124074138056,11.93494905290488
3,626.5222435921045,11.903722623219036
3,626.5320785186452,11.890065930118338
3,626.5419121934278,11.913022470701446
3,626.5517446164523,11.925286511252
3,626.5615757877188,11.95688073216221
3,626.571405707227,11.864991595170537
3,626.581234374977,11.95602936457087
3,626.5910617909691,11.948585221711461
3,626.6008879552029,11.88651404207114
3,626.6107128676787,11.822774461407157
3,626.6205365283962,11.951458660209799
3,626.6303589373556,11.905363896140946
3,626.640180094557,11.96142999600574
3,626.6500000000002,11.881512580970636
3,626.6598186536852,11.898690568564597
3,626.6696360556122,11.904978475858751
3,626.6794522057809,11.812295537923854
3,626.6892671041916,11.883716304047564
3,626.6990807508441,11.93525260276137
3,626.7088931457386,11.916278275979595
3,626.7187042888747,11.790746933655667
3,626.7285141802529,11.88099768299183
3,626.7383228198729,11.84083941456181
3,626.7481302077348,11.89035361905307
3,626.7579363438385,11.78343777651588
3,626.7677412281841,11.867810554759266
3,626.7775448607716,11.811716835602384
3,626.787347241601,11.842343935190872
3,626.7971483706722,11.878935754655098
3,626.8069482479852,11.850007916014484
3,626.8167468735402,11.806683876447552
3,626.826544247337,11.848583255177187
3,626.8363403693756,11.813075186893052
3,626.8461352396562,11.884564884454967
3,626.8559288581787,11.855861282040172
3,626.865721224943,11.81869066666343
3,626.8755123399491,11.850529568666907
3,626.8853022031972,11.866216897991835
3,626.895090814687,11.862307648654575
3,626.9048781744187,11.871030028965034
3,626.9146642823924,11.864938064842642
3,626.9244491386079,11.83426636706011
3,626.9342327430653,11.82157317528493
3,626.9440150957645,11.872230473500712
3,626.9537961967056,11.834376196632098
3,626.9635760458885,11.839899750817672
3,626.9733546433134,11.877246893155867
3,626.9831319889802,11.8400050431877
3,626.9929080828887,11.860752234027753
3,627.0026829250392,11.792869624612958
3,627.0124565154315,11.835874726146784
3,627.0222288540657,11.790825102397973
3,627.0319999409417,11.822496600940434
3,627.0417697760596,11.824663066744895
3,627.0515383594194,11.810425311658337
3,627.0613056910211,11.753710788101936
3,627.0710717708646,11.867154396233431
3,627.08083659895,11.823741973197196
3,627.0906001752772,11.820059795782026
3,627.1003624998464,11.803091853108869
3,627.1101235726574,11.902417704416179
3,627.1198833937102,11.88858870667559
3,627.1296419630049,11.774619526924303
3,627.1393992805415,11.76804814012568
3,627.1491553463201,11.851346073333248
3,627.1589101603404,11.80683542879487
3,627.1686637226026,11.70040192835425
3,627.1784160331066,11.825588096577862
3,627.1881670918526,11.824754926072938
3,627.1979168988404,11.808366392761458
3,627.2076654540701,11.781673085278639
3,627.2174127575416,11.782652380793554
3,627.227158809255,11.880402331465488
3,627.2369036092103,11.850470453527928
3,627.2466471574074,11.783882364614717
3,627.2563894538465,11.840611494224964
3,627.2661304985274,11.849141392054523
3,627.2758702914501,11.854571357458955
3,627.2856088326148,11.746156079001835
3,627.2953461220213,11.847467064015822
3,627.3050821596696,11.871383666017861
3,627.3148169455599,11.816630652069593
3,627.324550479692,11.833383336003878
3,627.334282762066,11.72426097118543
3,627.3440137926817,11.801253696855557
3,627.3537435715394,11.873313592435146
3,627.363472098639,11.802431773882821
3,627.3731993739805,11.795196721089253
3,627.3829253975638,11.895387289464821
3,627.392650169389,11.81193596434617
3,627.402373689456,11.802096131236608
3,627.4120959577649,11.856944291475042
3,627.4218169743157,11.886939345400236
3,627.4315367391084,11.836982015079476
3,627.4412552521429,11.771561256323887
3,627.4509725134193,11.849344771547846
3,627.4606885229375,11.838655386180694
3,627.4704032806976,11.873055799427057
3,627.4801167866997,11.879393483054447
3,627.4898290409435,11.79331114014816
3,627.4995400434292,11.876913461744032
3,627.5092497941569,11.804359280891555
3,627.5189582931263,11.867953339224496
3,627.5286655403377,11.796099357279898
3,627.5383715357908,11.844313624375532
3,627.5480762794859,11.805780434368279
3,627.5577797714228,11.868441498893446
3,627.5674820116017,11.913305717510026
3,627.5771830000224,11.939213350880108
3,627.5868827366849,11.82749288769284
3,627.5965812215893,11.817239681696044
3,627.6062784547356,11.83761416548236
3,627.6159744361237,11.869814294232508
3,627.6256691657537,11.876441439141328
3,627.6353626436256,11.81949272095555
3,627.6450548697394,11.900789284921972
3,627.654745844095,11.819393274526634
3,627.6644355666925,11.845971675400756
3,627.6741240375318,11.866439249146433
3,627.683811256613,11.903011681416594
3,627.6934972239361,11.91500020471495
3,627.7031819395011,11.879538028532117
3,627.712865403308,11.877901223434625
3,627.7225476153567,11.861833552962782
3,627.7322285756472,11.856255717235795
3,627.7419082841797,11.897324470377391
3,627.7515867409539,11.858568572749379
3,627.7612639459701,11.915118224087099
3,627.7709398992282,11.941015124647082
3,627.7806146007281,11.938409273973805
3,627.7902880504698,11.905302146063722
3,627.7999602484535,11.951960098458077
3,627.809631194679,11.996760628444356
3,627.8193008891465,11.907923164844146
3,627.8289693318557,11.949086192895415
3,627.8386365228067,11.98866675108055
3,627.8483024619998,12.032517294319769
3,627.8579671494347,11.914918205349958
3,627.8676305851113,11.964600937072541
3,627.87729276903,11.99564433537923
3,627.8869537011904,12.009425779734993
3,627.8966133815927,11.962120273928956
3,627.906271810237,11.949233389272115
3,627.915928987123,12.044288635267183
3,627.9255849122509,11.951172002059401
3,627.9352395856207,11.916415840346742
3,627.9448930072324,11.957419748602115
3,627.954545177086,11.986049872353785
3,627.9641960951814,12.03153739932035
3,627.9738457615186,12.030411012869177
3,627.9834941760978,11.957339238313237
3,627.9931413389188,12.022786074105785
3,628.0027872499817,11.947009383429148
3,628.0124319092864,11.991538792771886
3,628.022075316833,11.935949443064182
3,628.0317174726215,12.000547841000275
3,628.0413583766518,12.025977798863787
3,628.050998028924,12.029668120708939
3,628.0606364294382,11.984895025347084
3,628.0702735781941,11.982671563092058
3,628.0799094751919,12.087004124735442
3,628.0895441204317,12.049432397732717
3,628.0991775139132,12.082526451583801
3,628.1088096556366,12.05470162856151
3,628.118440545602,12.043804330519583
3,628.1280701838091,12.121998076428252
3,628.1376985702582,12.119924784614225
3,628.147325704949,12.085888654842881
3,628.1569515878818,12.09063585552074
3,628.1665762190564,12.127037615895373
3,628.176199598473,12.072253672623976
3,628.1858217261314,12.134275270470344
3,628.1954426020316,12.126116917069426
3,628.2050622261737,12.154597471600173
3,628.2146805985577,12.168256548626053
3,628.2242977191836,12.195161019081153
3,628.2339135880512,12.202856632920305
3,628.2435282051608,12.19496913551612
3,628.2531415705123,12.143816087110089
3,628.2627536841056,12.107552535460455
3,628.2723645459408,12.187316845571779
3,628.2819741560179,12.158657426108832
3,628.2915825143368,12.191078790786872
3,628.3011896208976,12.16556352755362
3,628.3107954757003,12.256646752253012
3,628.3204000787448,12.151657845161118
3,628.3300034300312,12.259867145132041
3,628.3396055295595,12.215856634750738
3,628.3492063773297,12.230901256883158
3,628.3588059733416,12.175777608220223
3,628.3684043175955,12.252579373605814
3,628.3780014100913,12.237023283475924
3,628.3875972508289,12.236059491142646
3,628.3971918398083,12.26614125355393
3,628.4067851770297,12.278929834367808
3,628.4163772624929,12.27289491224723
3,628.4259680961981,12.23414367375095
3,628.435557678145,12.214928939988376
3,628.4451460083338,12.257140603891283
3,628.4547330867645,12.24818762162165
3,628.4643189134371,12.280959720893689
3,628.4739034883514,12.278773650706114
3,628.4834868115078,12.27057925489839
3,628.493068882906,12.292354190321864
3,628.5026497025459,12.299154962434756
3,628.5122292704278,12.323313402057423
3,628.5218075865516,12.31994245238839
3,628.5313846509173,12.32485850746257
3,628.5409604635248,12.2834685740995
3,628.5505350243741,12.311591192852653
3,628.5601083334653,12.394899208329285
3,628.5696803907985,12.332841513200417
3,628.5792511963734,12.349865335449497
3,628.5888207501903,12.362763616589634
3,628.598389052249,12.365571153933734
3,628.6079561025496,12.294079658738976
3,628.617521901092,12.392960497211142
3,628.6270864478764,12.436974653818558
3,628.6366497429026,12.410171056615438
3,628.6462117861706,12.366185888484104
3,628.6557725776805,12.430398232359392
3,628.6653321174324,12.363511954393068
3,628.674890405426,12.461322588869585
3,628.6844474416615,12.414930121508037
3,628.694003226139,12.400312796626936
3,628.7035577588582,12.392815216698525
3,628.7131110398193,12.402406395593303
3,628.7226630690224,12.42419697584994
3,628.7322138464672,12.416077337424534
3,628.741763372154,12.420253129705522
3,628.7513116460825,12.510452160834484
3,628.760858668253,12.458546759461512
3,628.7704044386654,12.511042359528867
3,628.7799489573196,12.494724853061609
3,628.7894922242157,12.323690436368729
3,628.7990342393537,12.481794043736716
3,628.8085750027334,12.376041169202958
3,628.8181145143551,12.414947432217943
3,628.8276527742187,12.456102595693405
3,628.8371897823241,12.551144583723577
3,628.8467255386714,12.494930467355324
3,628.8562600432606,12.5745703114345
3,628.8657932960916,12.408013447604255
3,628.8753252971645,12.449765729718477
3,628.8848560464793,12.518956920646053
3,628.8943855440359,12.476950020227243
3,628.9039137898344,12.5441292902621
3,628.9134407838748,12.525702090685837
3,628.922966526157,12.595342405341245
3,628.9324910166811,12.59502763708589
3,628.942014255447,12.560721318960171
3,628.951536242455,12.635818522506998
3,628.9610569777046,12.534247590227505
3,628.9705764611962,12.595707742724338
3,628.9800946929296,12.596501119506911
3,628.989611672905,12.631478975231495
3,628.9991274011221,12.515802439804334
3,629.0086418775812,12.56426819687575
3,629.0181551022821,12.548041371522416
3,629.0276670752249,12.59758467069146
3,629.0371777964095,12.584810755334372
3,629.0466872658361,12.603052583836662
3,629.0561954835044,12.689473470584904
3,629.0657024494147,12.64784270518698
3,629.0752081635669,12.612983511737474
3,629.0847126259608,12.665326007717956
3,629.0942158365967,12.648614192403665
3,629.1037177954745,12.66205101031553
3,629.113218502594,12.686183677865536
3,629.1227179579555,12.717348942350513
3,629.1322161615589,12.728552221259367
3,629.1417131134041,12.794407154975502
3,629.1512088134912,12.631243520308546
3,629.1607032618201,12.767225011963362
3,629.1701964583909,12.66243048987763
3,629.1796884032036,12.692573462227275
3,629.1891790962582,12.721445762241824
3,629.1986685375546,12.817537085383675
3,629.2081567270928,12.79053529972725
3,629.217643664873,12.717133436488918
3,629.227129350895,12.800212346875746
3,629.236613785159,12.804340455560016
3,629.2460969676647,12.786178887311808
3,629.2555788984123,12.848800696963268
3,629.2650595774018,12.860226466236426
3,629.2745390046332,12.827131915983509
3,629.2840171801064,12.776696258282167
3,629.2934941038216,12.87208997915405
3,629.3029697757785,12.833474891626151
3,629.3124441959773,12.909677296516094
3,629.321917364418,12.8251628653487
3,629.3313892811005,12.957840895287552
3,629.340859946025,12.901325029394043
3,629.3503293591914,12.88856729645004
3,629.3597975205995,12.929444409415053
3,629.3692644302496,12.960374418837393
3,629.3787300881415,12.941711662073704
3,629.3881944942752,12.885345201751244
3,629.3976576486509,12.959798134253054
3,629.4071195512685,12.910366624926285
3,629.4165802021279,13.016823815187712
3,629.426039601229,13.029603251134791
3,629.4354977485722,12.97359151398888
3,629.4449546441572,12.959168473778321
3,629.454410287984,13.041042807820704
3,629.4638646800528,13.014701767682334
3,629.4733178203634,13.032981518201517
3,629.4827697089158,13.085617507541603
3,629.4922203457102,13.047985363729055
3,629.5016697307464,13.110501673065372
3,629.5111178640245,13.117155573428363
3,629.5205647455444,13.040033746413041
3,629.5300103753062,13.147637693072788
3,629.5394547533099,13.077373002689878
3,629.5488978795554,13.103540220044003
3,629.5583397540429,13.13931399097086
3,629.5677803767721,13.030966937170252
3,629.5772197477432,13.14779807475232
3,629.5866578669563,13.153400654939421
3,629.5960947344112,13.215326077841338
3,629.605530350108,13.257583231162666
3,629.6149647140466,13.262968904358765
3,629.6243978262271,13.196825405426612
3,629.6338296866494,13.169921464986315
3,629.6432602953137,13.329554677582193
3,629.6526896522198,13.269989368459312
3,629.6621177573677,13.20925472297128
3,629.6715446107576,13.322528398866258
3,629.6809702123893,13.24289263893831
3,629.6903945622628,13.292267027707256
3,629.6998176603782,13.287087091981792
3,629.7092395067356,13.338027241646463
3,629.7186601013348,13.426818001579402
3,629.7280794441758,13.380602881185663
3,629.7374975352587,13.354004343510645
3,629.7469143745835,13.491341657294418
3,629.7563299621502,13.42701014061785
3,629.7657442979587,13.443220307929545
3,629.7751573820091,13.407850330767467
3,629.7845692143013,13.484111220183236
3,629.7939797948354,13.535979703328442
3,629.8033891236114,13.478252157044556
3,629.8127972006292,13.496612030806608
3,629.8222040258889,13.519730749071664
3,629.8316095993905,13.618801060798287
3,629.841013921134,13.426621536186637
3,629.8504169911193,13.610621821416842
3,629.8598188093465,13.543060083235844
3,629.8692193758156,13.567230262931801
3,629.8786186905265,13.578373324179754
3,629.8880167534794,13.592364406386547
3,629.897413564674,13.726188922976386
3,629.9068091241106,13.671074051604306
3,629.916203431789,13.594937378418928
3,629.9255964877093,13.68477072908736
3,629.9349882918714,13.609711376904155
3,629.9443788442754,13.65979119514432
3,629.9537681449214,13.70382667197311
3,629.963156193809,13.745446456316417
3,629.9725429909387,13.742919552011095
3,629.9819285363102,13.755264926851927
3,629.9913128299235,13.759651518238236
3,630.0006958717787,13.813617444908889
3,630.0100776618758,13.732756387286946
3,630.0194582002148,13.825124068129023
3,630.0288374867956,13.868609360191675
3,630.0382155216183,13.836848046884635
3,630.0475923046829,13.894971810108022
3,630.0569678359893,13.76650564301547
3,630.0663421155376,13.861519818605109
3,630.0757151433278,13.857141725639508
3,630.0850869193598,13.956998625486317
3,630.0944574436337,13.895272753059468
3,630.1038267161495,13.884965653411511
3,630.1131947369072,13.966386385198822
3,630.1225615059067,14.027092333841532
3,630.131927023148,13.954376587801054
3,630.1412912886312,13.988777887042792
3,630.1506543023564,14.045621154768787
3,630.1600160643234,13.972787623306402
3,630.1693765745322,14.055500693457565
3,630.178735832983,13.993461255038298
3,630.1880938396755,14.052327113516288
3,630.19745059461,14.142027501809732
3,630.2068060977863,14.150685875837262
3,630.2161603492045,14.046299699438906
3,630.2255133488646,14.100205729206376
3,630.2348650967665,14.079790413734766
3,630.2442155929103,14.229161477449585
3,630.253564837296,14.326541340923312
3,630.2629128299235,14.177842047953128
3,630.2722595707929,14.237614440957358
3,630.2816050599042,14.209069598684007
3,630.2909492972574,14.321624915538361
3,630.3002922828523,14.310525158100862
3,630.3096340166892,14.411314936204485
3,630.318974498768,14.235539520998977
3,630.3283137290886,14.377411639213847
3,630.337651707651,14.393764978478085
3,630.3469884344554,14.371842601713759
3,630.3563239095016,14.426218357044844
3,630.3656581327897,14.474080107191382
3,630.3749911043196,14.431389905915662
3,630.3843228240916,14.483730494248954
3,630.3936532921052,14.491990966553422
3,630.4029825083608,14.480113009952667
3,630.4123104728582,14.462726434779295
3,630.4216371855974,14.524888659456977
3,630.4309626465787,14.578194758399984
3,630.4402868558017,14.567501329901269
3,630.4496098132665,14.539240968226204
3,630.4589315189734,14.716863835346869
3,630.468251972922,14.654202041497863
3,630.4775711751125,14.705443152118802
3,630.4868891255448,14.641690165575701
3,630.4962058242191,14.762042715878238
3,630.5055212711352,14.677333301289952
3,630.5148354662932,14.78936702535552
3,630.5241484096931,14.7217268897599
3,630.5334601013348,14.881075493015594
3,630.5427705412184,14.697302148499318
3,630.5520797293439,14.796834272134786
3,630.5613876657111,14.775717696535784
3,630.5706943503203,14.94289083050394
3,630.5799997831714,14.889932840306379
3,630.5893039642643,14.839264549422632
3,630.5986068935991,14.966974743397998
3,630.6079085711758,15.001294743184797
3,630.6172089969943,14.786745949837881
3,630.6265081710548,14.923049355049288
3,630.635806093357,14.89131928023445
3,630.6451027639011,14.837284793828895
3,630.6543981826871,15.089026455805856
3,630.663692349715,15.008154365419463
3,630.6729852649847,14.943646847492092
3,630.6822769284963,15.061850900302536
3,630.6915673402498,15.062947990797396
3,630.7008565002452,15.022074985154411
3,630.7101444084824,15.036897317196932
3,630.7194310649614,15.079021152848394
3,630.7287164696824,15.081462458916965
3,630.7380006226452,15.17564038051028
3,630.7472835238499,15.135190909470777
3,630.7565651732965,15.116273414622876
3,630.7658455709849,15.23727563366814
3,630.7751247169152,15.219949877941437
3,630.7844026110873,15.23636380091552
3,630.7936792535014,15.233691691605527
3,630.8029546441572,15.2911014482909
3,630.812228783055,15.278838654662183
3,630.8215016701947,15.319536689674303
3,630.8307733055761,15.330609730371117
3,630.8400436891995,15.369611661996275
3,630.8493128210648,15.388807144463444
3,630.8585807011718,15.388706679825273
3,630.8678473295208,15.371362989867096
3,630.8771127061117,15.488779544473493
3,630.8863768309444,15.525065332076515
3,630.895639704019,15.599941657020027
3,630.9049013253355,15.527612679286005
3,630.9141616948938,15.650477347404031
3,630.923420812694,15.642802683752736
3,630.932678678736,15.612432112560237
3,630.9419352930199,15.709265991731158
3,630.9511906555457,15.796124424005846
3,630.9604447663133,15.78112603146471
3,630.9696976253229,15.697452714757338
3,630.9789492325743,15.746569533276272
3,630.9881995880676,15.754715606538454
3,630.9974486918027,15.755803290510759
3,631.0066965437796,15.91779811631288
3,631.0159431439986,16.032244627813803
3,631.0251884924593,15.803218802052236
3,631.034432589162,15.943481535802277
3,631.0436754341064,16.057929428420792
3,631.0529170272927,15.920948550040508
3,631.0621573687209,15.965527733619988
3,631.071396458391,16.01925123010835
3,631.080634296303,15.997075136141428
3,631.0898708824568,16.18545705093081
3,631.0991062168524,16.01467540801856
3,631.10834029949,16.03244403578705
3,631.1175731303695,16.239370974876618
3,631.1268047094907,16.251219331972443
3,631.1360350368539,16.210966522559602
3,631.1452641124589,16.131922331138107
3,631.1544919363058,16.152206981014146
3,631.1637185083946,16.286810741553335
3,631.1729438287251,16.30296331553407
3,631.1821678972976,16.327832189391064
3,631.191390714112,16.420372735819885
3,631.2006122791682,16.450849295600246
3,631.2098325924663,16.3869493607953
3,631.2190516540063,16.51686516556131
3,631.2282694637881,16.521249829543397
3,631.237486021812,16.48803869356049
3,631.2467013280775,16.48976854916992
3,631.2559153825849,16.598352063955193
3,631.2651281853342,16.610233670375305
3,631.2743397363254,16.65235685170605
3,631.2835500355585,16.62292695942988
3,631.2927590830334,16.59398439465072
3,631.3019668787501,16.65330693097619
3,631.3111734227089,16.657277202457564
3,631.3203787149093,16.70137128909514
3,631.3295827553517,16.769152444751402
3,631.338785544036,16.805413136390317
3,631.3479870809621,16.78041682734817
3,631.3571873661301,16.967526229054958
3,631.3663863995399,16.92266738188404
3,631.3755841811917,16.92159580729502
3,631.3847807110853,17.02855785393586
3,631.3939759892207,16.95264981781931
3,631.4031700155981,16.953863789543824
3,631.4123627902173,17.048323935124387
3,631.4215543130783,16.967356835576417
3,631.4307445841813,17.10807919688068
3,631.4399336035261,17.08277929436585
3,631.4491213711128,17.021342923548772
3,631.4583078869414,17.149898324473234
3,631.4674931510118,17.23448956414855
3,631.4766771633241,17.18647775794631
3,631.4858599238783,17.18955928769506
3,631.4950414326743,17.32647787324762
3,631.5042216897122,17.24554516711311
3,631.5134006949919,17.244936403334357
3,631.5225784485135,17.157934327569627
3,631.531754950277,17.310714843694118
3,631.5409302002823,17.207552982604113
3,631.5501041985295,17.198235939071
3,631.5592769450187,17.13222387208778
3,631.5684484397497,17.303066528524415
3,631.5776186827225,17.250871417162006
3,631.5867876739372,17.365095200981017
3,631.5959554133938,17.48538588858213
3,631.6051219010922,17.48941109857181
3,631.6142871370325,17.533371358196604
3,631.6234511212147,17.555859728375967
3,631.6326138536388,17.64358794806836
3,631.6417753343046,17.461711139907358
3,631.6509355632124,17.632378088544137
3,631.660094540362,17.734682235274597
3,631.6692522657536,17.64335589202446
3,631.678408739387,17.81725806677733
3,631.6875639612622,17.820765593830618
3,631.6967179313793,17.818007523538817
3,631.7058706497384,17.990097863162692
3,631.7150221163392,17.886162843406723
3,631.7241723311819,17.8514470660684
3,631.7333212942665,17.82973250093977
3,631.742469005593,17.945896038294514
3,631.7516154651613,17.922281747468826
3,631.7607606729715,18.073952840837013
3,631.7699046290236,18.11688371863313
3,631.7790473333175,18.098820542123907
3,631.7881887858533,18.082265205050863
3,631.797328986631,18.094700692247123
3,631.8064679356505,18.14467103100898
3,631.8156056329119,18.209590062594373
3,631.8247420784153,18.363106908648202
3,631.8338772721604,18.261549965821004
3,631.8430112141474,18.21870101439533
3,631.8521439043762,18.38416070180909
3,631.8612753428471,18.259049514663072
3,631.8704055295597,18.40107089249848
3,631.8795344645141,18.50612755280038
3,631.8886621477105,18.545512162960677
3,631.8977885791487,18.707140932410468
3,631.9069137588289,18.549486260085526
3,631.9160376867508,18.713475816196038
3,631.9251603629147,18.434677379636554
3,631.9342817873203,18.70298021650832
3,631.9434019599679,18.877079354687293
3,631.9525208808573,18.718880437667085
3,631.9616385499886,18.76731806140398
3,631.9707549673618,18.89136535581143
3,631.9798701329769,18.8510420375522
3,631.9889840468337,18.98117461663135
3,631.9980967089325,18.925095701352035
3,632.0072081192732,18.935207061855486
3,632.0163182778557,18.98450670977298
3,632.0254271846801,18.99081221648461
3,632.0345348397464,19.0340061314025
3,632.0436412430544,19.186109984382785
3,632.0527463946044,19.198021321823788
3,632.0618502943962,19.199999705989793
3,632.0709529424299,19.28018651188316
3,632.0800543387056,19.173277746317947
3,632.0891544832231,19.3852382201567
3,632.0982533759824,19.381273579788417
3,632.1073510169836,19.11115431794328
3,632.1164474062266,19.330110676201553
3,632.1255425437115,19.4903640386962
3,632.1346364294384,19.372046109237893
3,632.143729063407,19.479851619895907
3,632.1528204456175,19.421196016464815
3,632.16191057607,19.536136185215497
3,632.1709994547642,19.61154215714076
3,632.1800870817004,19.64141931486221
3,632.1891734568784,19.64054070778521
3,632.1982585802983,19.731535753393242
3,632.20734245196,19.781767798834267
3,632.2164250718637,19.73285112472154
3,632.2255064400091,19.68444637150653
3,632.2345865563965,19.780567995655645
3,632.2436654210256,19.74189127524465
3,632.2527430338968,19.88286456085294
3,632.2618193950098,19.84065733328379
3,632.2708945043646,20.064078934486393
3,632.2799683619612,20.041892240810807
3,632.2890409677998,20.133669755665963
3,632.2981123218802,20.169908093231392
3,632.3071824242026,20.22434602207475
3,632.3162512747667,20.088103060421002
3,632.3253188735728,20.36600057810852
3,632.3343852206207,20.471025774707122
3,632.3434503159104,20.390168604366522
3,632.3525141594421,20.441601392501013
3,632.3615767512156,20.32524491033773
3,632.370638091231,20.61825078950227
3,632.3796981794882,20.607858245439775
3,632.3887570159873,20.554486674111182
3,632.3978146007283,20.62552880801615
3,632.4068709337112,20.669873801476285
3,632.4159260149358,20.737698402307746
3,632.4249798444024,20.915973523761203
3,632.4340324221109,21.032664391601607
3,632.4430837480612,20.90136639493596
3,632.4521338222535,20.892638940442144
3,632.4611826446875,21.11382606098077
3,632.4702302153634,21.179925669626435
3,632.4792765342812,21.042211980597866
3,632.4883216014408,21.048954732936572
3,632.4973654168424,21.286426234225846
3,632.5064079804858,21.169594274281003
3,632.515449292371,21.27065181451818
3,632.5244893524982,21.183392833960124
3,632.5335281608673,21.366213105963553
3,632.542565717478,21.441019262599855
3,632.5516020223308,21.537141854810667
3,632.5606370754255,21.553003561875457
3,632.569670876762,21.709179344739677
3,632.5787034263403,21.70055441941273
3,632.5877347241604,21.6410596785555
3,632.5967647702225,21.73570540579018
3,632.6057935645265,21.723312361146945
3,632.6148211070723,22.01578783799897
3,632.62384739786,21.974698187049828
3,632.6328724368896,22.138711658624544
3,632.641896224161,21.795008740662997
3,632.6509187596744,22.11113557129521
3,632.6599400434295,22.00767788565702
3,632.6689600754265,22.123417250469025
3,632.6779788556654,22.11242440595577
3,632.6869963841461,22.156356156727814
3,632.6960126608689,22.41889620602885
3,632.7050276858333,22.262165020529583
3,632.7140414590397,22.422303601314596
3,632.723053980488,22.578595448091466
3,632.732065250178,22.526970446931767
3,632.74107526811,22.46408805487015
3,632.7500840342839,22.715964083576377
3,632.7590915486995,22.520216336054375
3,632.7680978113572,22.724429117346926
3,632.7771028222566,22.962337403991235
3,632.7861065813979,22.913106338676265
3,632.7951090887811,22.82484784959627
3,632.8041103444061,22.908483931388503
3,632.8131103482731,22.83554331183916
3,632.8221091003819,23.036338810947345
3,632.8311066007325,23.087277671371627
3,632.840102849325,23.219408872314954
3,632.8490978461595,23.313811560644364
3,632.8580915912357,23.271651776960233
3,632.8670840845539,23.389465943090904
3,632.8760753261139,23.452577644230697
3,632.8850653159158,23.53110086684111
3,632.8940540539595,23.602460967620537
3,632.9030415402451,23.56422570998545
3,632.9120277747726,23.524208067464183
3,632.9210127575419,23.7430908015395
3,632.9299964885531,23.736017118129624
3,632.9389789678062,23.76063188897774
3,632.9479601953011,23.862979229759002
3,632.9569401710379,24.22277293330155
3,632.9659188950167,23.96809854062542
3,632.9748963672372,24.009669134598695
3,632.9838725876996,24.089127892284854
3,632.992847556404,24.174748703486827
3,633.0018212733501,24.040238041932028
3,633.010793738538,24.161873480370506
3,633.019764951968,24.25246213397155
3,633.0287349136397,24.478663107443555
3,633.0377036235534,24.342603345521418
3,633.0466710817088,24.556548209819905
3,633.0556372881063,24.545427912838377
3,633.0646022427454,24.33270121815723
3,633.0735659456266,24.645267611940806
3,633.0825283967496,24.75658471124004
3,633.0914895961143,24.67248606525888
3,633.1004495437211,24.69672532612443
3,633.1094082395697,24.884223467633266
3,633.1183656836602,24.894984778819406
3,633.1273218759925,25.09699609864704
3,633.1362768165666,25.06175686075518
3,633.1452305053826,24.994937736939786
3,633.1541829424406,25.087485637494726
3,633.1631341277404,25.313569514501523
3,633.172084061282,25.433860463958062
3,633.1810327430655,25.34643777427508
3,633.1899801730909,25.46368291138815
3,633.1989263513582,25.51859647568002
3,633.2078712778673,25.56406067401157
3,633.2168149526184,25.560756260297914
3,633.2257573756112,25.79290591586611
3,633.234698546846,25.971088342085256
3,633.2436384663225,25.77357608565733
3,633.252577134041,25.745304477349187
3,633.2615145500014,25.740350122434524
3,633.2704507142035,26.141079201260663
3,633.2793856266476,26.267647806484334
3,633.2883192873336,26.31936385272338
3,633.2972516962614,26.273458244399333
3,633.3061828534311,26.20546788062798
3,633.3151127588426,26.254562295057124
3,633.3240414124961,26.29693096622434
3,633.3329688143913,26.560561222449856
3,633.3418949645285,26.546283253785255
3,633.3508198629075,26.85560050186172
3,633.3597435095284,26.742885075033094
3,633.3686659043912,26.40620424491488
3,633.3775870474958,26.960401472366726
3,633.3865069388422,26.941681464116815
3,633.3954255784306,27.11878187581681
3,633.4043429662609,26.92501932133799
3,633.413259102333,26.91407810627738
3,633.422173986647,27.256773028679767
3,633.4310876192028,27.24759542189879
3,633.4400000000005,27.334011287258015
3,633.4489111290401,27.19510735742481
3,633.4578210063215,27.42849904664584
3,633.4667296318448,27.35956029043598
3,633.47563700561,27.65197645734888
3,633.484543127617,27.713174446544944
3,633.4934479978659,27.624401385240056
3,633.5023516163567,27.62100186109145
3,633.5112539830893,27.790330441637156
3,633.5201550980639,27.8137453540355
3,633.5290549612803,27.917421489732156
3,633.5379535727385,28.079263533252796
3,633.5468509324387,28.13171938641966
3,633.5557470403807,28.24984143885693
3,633.5646418965645,28.412213970291802
3,633.5735355009903,28.48348157369701
3,633.5824278536578,28.528758358557898
3,633.5913189545673,28.39469820778576
3,633.6002088037186,28.528170661882356
3,633.6090974011119,28.78950176082773
3,633.6179847467469,28.919794136982144
3,633.6268708406238,28.9696245738796
3,633.6357556827427,28.92492070097402
3,633.6446392731033,29.07008387370209
3,633.6535216117059,29.0610446600463
3,633.6624026985503,29.08747084402448
3,633.6712825336366,29.439685202758984
3,633.6801611169647,29.360269572134605
3,633.6890384485347,29.046693708882714
3,633.6979145283466,29.51905205111825
3,633.7067893564003,29.93440670832219
3,633.715662932696,29.49470713961257
3,633.7245352572335,29.824685295612518
3,633.7334063300128,29.68822467784752
3,633.742276151034,29.805009183547476
3,633.7511447202971,29.88765318358902
3,633.7600120378021,30.230879425188363
3,633.7688781035489,30.2314369828367
3,633.7777429175377,30.017023222307532
3,633.7866064797682,30.347053288487388
3,633.7954687902406,30.36535282630276
3,633.8043298489549,30.32285963846965
3,633.8131896559112,30.750074001923487
3,633.8220482111092,30.59506861341067
3,633.830905514549,30.66270650502343
3,633.8397615662309,30.708257214003286
3,633.8486163661545,30.808656021479216
3,633.8574699143201,30.941595184266077
3,633.8663222107274,30.91913777552769
3,633.8751732553767,31.069603425494115
3,633.8840230482677,31.29978961826224
3,633.8928715894008,31.303720338691342
3,633.9017188787756,31.35353207399585
3,633.9105649163923,31.358825957679162
3,633.919409702251,31.62385555281235
3,633.9282532363515,31.381257872957892
3,633.9370955186937,31.59271138563886
3,633.9459365492779,32.16419421639685
3,633.954776328104,31.946905388063243
3,633.963614855172,32.03468295471781
3,633.9724521304818,32.28794062827901
3,633.9812881540335,32.02277434805912
3,633.9901229258269,32.48150097685547
3,633.9989564458623,32.31904468663275
3,634.0077887141396,32.560763134444485
3,634.0166197306588,32.339211368606435
3,634.0254494954198,32.63162144521178
3,634.0342780084227,32.28582514228487
3,634.0431052696674,32.64630037464432
3,634.051931279154,32.921926313643446
3,634.0607560368825,32.90649487404842
3,634.0695795428528,32.93908445298228
3,634.0784017970651,33.034963918373606
3,634.0872227995192,33.333577785451325
3,634.0960425502151,33.40490349200396
3,634.104861049153,32.98764237924583
3,634.1136782963326,33.278905239479066
3,634.1224942917543,33.60013602174657
3,634.1313090354176,33.81767638148294
3,634.140122527323,33.40239792807352
3,634.1489347674701,33.66205961164332
3,634.1577457558592,33.90799859995935
3,634.16655549249,33.8841111768235
3,634.1753639773628,34.13409649919678
3,634.1841712104775,34.24504819561866
3,634.192977191834,34.21946931593948
3,634.2017819214324,34.42673687868967
3,634.2105853992726,34.57361313532834
3,634.2193876253548,34.605818694121076
3,634.2281885996787,34.46390211788519
3,634.2369883222445,34.84792873768708
3,634.2457867930523,34.68997277552382
3,634.2545840121019,35.08834889330081
3,634.2633799793933,34.965944461155146
3,634.2721746949267,35.04012221996839
3,634.2809681587019,35.33994488068959
3,634.2897603707189,35.52712862432064
3,634.2985513309778,35.524674435701
3,634.3073410394786,35.62777466183939
3,634.3161294962213,35.67415720999807
3,634.3249167012059,36.14875798288465
3,634.3337026544323,35.89770998989137
3,634.3424873559005,36.05062775110696
3,634.3512708056106,36.00399017599165
3,634.3600530035627,36.54230759888484
3,634.3688339497565,36.701670000320135
3,634.3776136441923,36.4484003737771
3,634.3863920868699,36.28063383643692
3,634.3951692777894,36.515780634355934
3,634.4039452169508,36.07699207114566
3,634.4127199043539,36.671319644008726
3,634.4214933399991,36.81503113371518
3,634.430265523886,37.10714356712948
3,634.4390364560148,37.11292126876133
3,634.4478061363855,37.160342846907085
3,634.456574564998,37.51434917799624
3,634.4653417418525,37.48984131385926
3,634.4741076669487,37.60892321740187
3,634.4828723402869,37.57702301221777
3,634.491635761867,37.28730269163993
3,634.5003979316889,37.800853996678235
3,634.5091588497527,38.09781951331719
3,634.5179185160583,37.82212100271724
3,634.5266769306058,38.42839479320533
3,634.5354340933951,38.87422196232119
3,634.5441900044264,38.990208645796606
3,634.5529446636995,38.89353448962009
3,634.5616980712144,38.86922996909696
3,634.5704502269714,38.64931118182119
3,634.5792011309701,38.882312617285876
3,634.5879507832107,38.8466360005933
3,634.5966991836931,39.10821573065849
3,634.6054463324174,39.07473630796645
3,634.6141922293835,39.429802399879826
3,634.6229368745917,39.15458683134737
3,634.6316802680416,40.011936245524595
3,634.6404224097333,40.019654132402785
3,634.6491632996671,40.040562036434814
3,634.6579029378426,40.28057192641243
3,634.66664132426,40.01316002846619
3,634.6753784589192,40.518413651077886
3,634.6841143418204,40.2217704635519
3,634.6928489729634,40.1702858003
3,634.7015823523483,40.854959616503685
3,634.710314479975,40.80981748406951
3,634.7190453558436,41.126814195248585
3,634.7277749799541,41.061983773972514
3,634.7365033523064,41.22676856159824
3,634.7452304729006,41.02849470847147
3,634.7539563417367,41.60831510936597
3,634.7626809588146,41.704046564910904
3,634.7714043241344,41.63500038182753
3,634.7801264376961,41.870368200586846
3,634.7888472994997,42.29270712404774
3,634.7975669095451,42.42548276860858
3,634.8062852678324,42.70794722339779
3,634.8150023743616,42.29688780427149
3,634.8237182291326,42.31034117346602
3,634.8324328321455,42.7597336276597
3,634.8411461834003,42.82556258940174
3,634.8498582828969,43.00091443438642
3,634.8585691306354,43.60407587500845
3,634.8672787266157,43.46568936214641
3,634.875987070838,43.92610838111454
3,634.8846941633021,43.51802931765278
3,634.8934000040081,44.135135331916324
3,634.902104592956,43.874343938952975
3,634.9108079301457,44.09760673474764
3,634.9195100155772,43.794526193257695
3,634.9282108492507,43.86880386313766
3,634.936910431166,44.64147194314863
3,634.9456087613232,44.427372585858556
3,634.9543058397222,44.89315878389201
3,634.9630016663632,45.387830466227825
3,634.9716962412459,45.021666224295956
3,634.9803895643706,45.33892122405099
3,634.9890816357371,45.560205906544816
3,634.9977724553455,46.06823873229221
3,635.0064620231958,45.554936931396526
3,635.0151503392879,46.47038028534528
3,635.0238374036219,46.46428586670932
3,635.0325232161978,46.363783911464644
3,635.0412077770155,46.48093552562337
3,635.0498910860751,47.01273757621431
3,635.0585731433766,47.16361553676219
3,635.0672539489199,47.4022313596514
3,635.0759335027051,47.87519772888387
3,635.0846118047322,47.67569779762909
3,635.0932888550011,47.888075626046025
3,635.1019646535119,47.51394350344568
3,635.1106392002647,48.772727934040844
3,635.1193124952592,48.50037726721532
3,635.1279845384956,48.19446347212195
3,635.1366553299739,49.57558809563392
3,635.145324869694,49.31585839130339
3,635.153993157656,49.78534432183048
3,635.16266019386,49.4722716191057
3,635.1713259783057,49.94557686995434
3,635.1799905109933,50.320303886832924
3,635.1886537919229,50.927790276199815
3,635.1973158210942,50.48832007323145
3,635.2059765985075,50.97060540754149
3,635.2146361241626,50.79657939205625
3,635.2232943980596,51.22991843598641
3,635.2319514201984,51.74205163838987
3,635.2406071905791,52.18516648347047
3,635.2492617092016,52.26595146420137
3,635.2579149760661,52.870679267078955
3,635.2665669911725,52.249234091399664
3,635.2752177545206,53.2687299124577
3,635.2838672661106,52.93542003860556
3,635.2925155259426,53.837877701708365
3,635.3011625340164,53.66736542694571
3,635.309808290332,53.60193080434488
3,635.3184527948895,55.283277960460204
3,635.3270960476889,55.159625123943265
3,635.3357380487301,54.93413815239565
3,635.3443787980133,55.84982228303618
3,635.3530182955383,56.343307066104614
3,635.3616565413051,56.99739839472044
3,635.3702935353139,56.66533482751749
3,635.3789292775645,57.03836867557543
3,635.3875637680569,57.30828334493346
3,635.3961970067912,58.580999887214034
3,635.4048289937675,58.111074273923876
3,635.4134597289856,58.70775393182733
3,635.4220892124455,59.72020448140742
3,635.4307174441473,60.39410958601505
3,635.439344424091,60.208008165834286
3,635.4479701522765,61.61273149332828
3,635.4565946287039,60.93780592306234
3,635.4652178533732,61.59537595341158
3,635.4738398262843,61.71797267827872
3,635.4824605474374,62.790368550481276
3,635.4910800168323,63.50380721667547
3,635.4996982344691,64.13078699132853
3,635.5083152003476,64.31872028992984
3,635.5169309144682,64.78350098959271
3,635.5255453768305,65.2419215906136
3,635.5341585874347,66.26054683303262
3,635.5427705462808,66.12755948903063
3,635.5513812533687,66.5460970206251
3,635.5599907086986,68.41079620334925
3,635.5685989122703,68.67607495493203
3,635.5772058640839,68.81852406599049
3,635.5858115641394,69.81067926653884
3,635.5944160124367,70.77012091894765
3,635.6030192089759,70.95744679729228
3,635.6116211537568,70.7723102656997
3,635.6202218467797,71.86772194526753
3,635.6288212880445,72.75067251227772
3,635.6374194775512,72.0539753380468
3,635.6460164152998,74.02277905466485
3,635.6546121012901,74.85804585207546
3,635.6632065355224,75.15426338660346
3,635.6717997179965,76.81345196239899
3,635.6803916487124,77.43755365407783
3,635.6889823276703,78.08850990407423
3,635.6975717548701,79.09953150121706
3,635.7061599303116,79.91600762270312
3,635.714746853995,81.24710549126026
3,635.7233325259205,81.24031742508453
3,635.7319169460876,82.65115453212465
3,635.7405001144967,81.55036609357025
3,635.7490820311476,83.69081140894946
3,635.7576626960405,83.26695406042275
3,635.7662421091751,84.23974393127682
3,635.7748202705517,86.23990117585166
3,635.78339718017,88.2387127434511
3,635.7919728380303,88.22783663121454
3,635.8005472441325,88.55050196198545
3,635.8091203984765,89.82720999915652
3,635.8176923010624,90.66140327761532
3,635.8262629518902,90.65265964704538
3,635.8348323509598,93.96306758741902
3,635.8434004982712,92.73062258924318
3,635.8519673938246,95.43838381082149
3,635.8605330376198,95.32913814321549
3,635.8690974296569,97.9891571773427
3,635.8776605699359,99.15651312092938
3,635.8862224584567,100.16316499790187
3,635.8947830952194,100.90102412245677
3,635.903342480224,102.33892015554193
3,635.9119006134704,102.64661736618662
3,635.9204574949587,105.1028432018012
3,635.9290131246888,106.24962076558708
3,635.937567502661,106.87676440779522
3,635.9461206288748,107.11812500835588
3,635.9546725033306,108.32942219176158
3,635.9632231260282,108.73857249081794
3,635.9717724969678,110.94083710175681
3,635.9803206161491,114.1607584730386
3,635.9888674835723,113.18898246415907
3,635.9974130992375,114.76184343562026
3,636.0059574631445,117.36741785882639
3,636.0145005752934,118.5964969973969
3,636.023042435684,120.49728839547751
3,636.0315830443167,122.93778949883675
3,636.0401224011911,123.78259897726736
3,636.0486605063074,124.27954162033087
3,636.0571973596656,128.2487103680078
3,636.0657329612657,129.67117477866154
3,636.0742673111076,131.63797467963224
3,636.0828004091915,133.23373238552455
3,636.091332255517,135.3419823187215
3,636.0998628500846,135.2207570891477
3,636.108392192894,135.03127727605252
3,636.1169202839453,139.11837250804592
3,636.1254471232385,142.4700164896039
3,636.1339727107735,144.7110382369264
3,636.1424970465504,148.51361297417458
3,636.1510201305691,149.342538362646
3,636.1595419628297,151.6807419747908
3,636.1680625433322,155.0387000195826
3,636.1765818720766,158.54850735337948
3,636.1850999490628,157.91217928539086
3,636.1936167742908,164.5750083225024
3,636.2021323477608,164.27510981018116
3,636.2106466694726,167.7196836342705
3,636.2191597394263,168.9713635687224
3,636.2276715576219,173.76348334040742
3,636.2361821240593,174.59610822513793
4,608.1815724575446,95.676894964339
4,608.1920742245945,94.4642216046039
4,608.2025747777136,92.88344369863718
4,608.2130741169017,90.96318897343835
4,608.2235722421588,89.48166317051914
4,608.2340691534849,88.606568620084
4,608.2445648508802,87.75720381181085
4,608.2550593343445,88.8127404308092
4,608.2655526038778,85.63408990402233
4,608.2760446594802,86.02643345268744
4,608.2865355011518,84.87682750850873
4,608.2970251288923,84.1134498994563
4,608.3075135427019,81.90718061990775
4,608.3180007425806,82.68914116145726
4,608.3284867285282,81.37892094845397
4,608.338971500545,80.7360679965587
4,608.3494550586308,79.66568621071187
4,608.3599374027857,77.89873919014309
4,608.3704185330096,78.48948046628439
4,608.3808984493027,77.34221186024291
4,608.3913771516646,77.18573485036568
4,608.4018546400957,75.49622758172099
4,608.4123309145959,75.47575584329388
4,608.4228059751651,75.14769924428042
4,608.4332798218034,73.96360597017572
4,608.4437524545107,74.28958216218759
4,608.4542238732871,73.79088993764434
4,608.4646940781325,73.55068401000372
4,608.4751630690471,72.15842984548306
4,608.4856308460306,71.96584346236749
4,608.4960974090832,70.71345261913929
4,608.5065627582048,70.74653594286617
4,608.5170268933956,69.63082563488821
4,608.5274898146554,69.71414951105126
4,608.5379515219843,69.05357342470275
4,608.5484120153822,68.05662275234415
4,608.558871294849,67.49045549681874
4,608.569329360385,68.14084832801912
4,608.5797862119902,66.5257179783984
4,608.5902418496643,66.43197547591485
4,608.6006962734075,65.64343094426086
4,608.6111494832197,65.20625634697971
4,608.621601479101,65.71383060995925
4,608.6320522610513,64.99310515696754
4,608.6425018290707,63.849301191382246
4,608.6529501831592,63.450909088929365
4,608.6633973233168,63.394494439619784
4,608.6738432495433,63.35177518656318
4,608.6842879618389,62.739612570174614
4,608.6947314602036,61.72640769995626
4,608.7051737446374,61.92747158045031
4,608.7156148151402,61.03961002598753
4,608.7260546717121,60.32169492863045
4,608.736493314353,60.66982094025186
4,608.7469307430629,60.17235935869423
4,608.757366957842,59.357824528520716
4,608.76780195869,59.1015939642464
4,608.7782357456072,58.05589195510124
4,608.7886683185934,58.8552305725419
4,608.7990996776487,57.84969886015748
4,608.809529822773,56.647761669970535
4,608.8199587539664,56.8074563743291
4,608.8303864712287,56.21762086326869
4,608.8408129745602,55.97495194280848
4,608.8512382639608,56.305599547047315
4,608.8616623394304,55.14260193259525
4,608.8720852009691,54.4281679632162
4,608.8825068485768,54.48394080443833
4,608.8929272822535,54.102670151152296
4,608.9033465019994,53.92608406910576
4,608.9137645078142,53.22254436251295
4,608.9241812996981,52.448087504631516
4,608.9345968776512,53.02744157391202
4,608.9450112416732,51.778543494222355
4,608.9554243917644,51.825064116632156
4,608.9658363279245,51.235281771348525
4,608.9762470501537,50.855403486728704
4,608.9866565584521,50.39222307493203
4,608.9970648528193,50.5234893707376
4,609.0074719332557,50.73366765053863
4,609.0178777997612,49.442284176593304
4,609.0282824523357,49.60932653229153
4,609.0386858909793,49.489574144219084
4,609.0490881156919,49.06274747124408
4,609.0594891264735,49.253646814060154
4,609.0698889233244,48.8488317930086
4,609.0802875062441,48.29590799366555
4,609.0906848752329,48.24711287387872
4,609.1010810302909,47.33777979543736
4,609.1114759714178,47.2833817177633
4,609.1218696986139,46.79241336814199
4,609.1322622118789,46.34221181575507
4,609.1426535112131,46.25071451339487
4,609.1530435966163,46.18601175897218
4,609.1634324680884,46.127887667759154
4,609.1738201256297,45.65124755171667
4,609.1842065692401,45.20127046200322
4,609.1945917989195,45.473321124500565
4,609.204975814668,44.689078241729796
4,609.2153586164856,44.68341131302957
4,609.2257402043722,44.25674116477318
4,609.2361205783278,44.2938894344389
4,609.2464997383524,43.84430277754408
4,609.2568776844463,43.200320310906385
4,609.267254416609,43.16218318875954
4,609.2776299348409,42.84387324506405
4,609.2880042391419,42.763770430100955
4,609.2983773295118,42.32586532989411
4,609.3087492059509,42.585408079154625
4,609.319119868459,42.30916138575896
4,609.3294893170362,41.23745068224346
4,609.3398575516824,41.517406862593106
4,609.3502245723977,40.85130028576386
4,609.360590379182,41.20679087705833
4,609.3709549720353,40.403026813872394
4,609.3813183509577,40.66303035820942
4,609.3916805159492,40.28842326826243
4,609.4020414670098,39.46603289967237
4,609.4124012041394,39.52852838323365
4,609.4227597273381,39.517247370320504
4,609.4331170366058,38.9625013785076
4,609.4434731319426,39.006860788558726
4,609.4538280133485,38.96853079264302
4,609.4641816808233,38.531836726306075
4,609.4745341343673,38.26018499544946
4,609.4848853739803,38.2025254796435
4,609.4952353996623,37.798354392451365
4,609.5055842114135,37.38799002283498
4,609.5159318092336,37.19546185577687
4,609.5262781931228,37.10483188684206
4,609.5366233630812,36.58898366758048
4,609.5469673191085,36.6070523546336
4,609.5573100612049,36.23936840526989
4,609.5676515893704,36.185763342454365
4,609.5779919036049,35.893526638594146
4,609.5883310039085,35.752543675416604
4,609.5986688902811,35.74824777425359
4,609.6090055627228,35.45362992629136
4,609.6193410212336,35.189368741197846
4,609.6296752658134,35.26477935644341
4,609.6400082964622,34.84876929366704
4,609.6503401131802,34.818797591386286
4,609.6606707159671,34.79160202773596
4,609.6710001048231,34.36276457793455
4,609.6813282797482,34.44002209900113
4,609.6916552407423,34.024141344466365
4,609.7019809878055,33.918677377589916
4,609.7123055209378,33.67389454429533
4,609.7226288401391,33.34739827459906
4,609.7329509454095,33.44237677501285
4,609.7432718367489,33.20940210528349
4,609.7535915141574,33.08721481518386
4,609.763909977635,32.96348973676231
4,609.7742272271815,33.24530356331439
4,609.7845432627972,32.62403418976605
4,609.7948580844819,32.383881366239315
4,609.8051716922357,31.96553421037716
4,609.8154840860585,31.955348714009588
4,609.8257952659503,31.94517032884914
4,609.8361052319113,31.78744760838741
4,609.8464139839413,31.799716981628404
4,609.8567215220404,31.726174646428756
4,609.8670278462084,31.404623842649727
4,609.8773329564457,31.33034281731972
4,609.8876368527518,31.148844852911434
4,609.8979395351271,31.008655529620807
4,609.9082410035714,30.520761408421052
4,609.9185412580848,31.10762421742553
4,609.9288402986673,30.46472905859504
4,609.9391381253188,30.48926609754188
4,609.9494347380394,30.256974287649765
4,609.959730136829,30.52763106967699
4,609.9700243216877,30.15453555981551
4,609.9803172926154,29.79845519068644
4,609.9906090496122,29.83660861537379
4,610.000899592678,30.047594122909928
4,610.011188921813,29.774162886580687
4,610.0214770370169,29.54288393316393
4,610.0317639382899,29.557805792962245
4,610.042049625632,29.474534220629906
4,610.0523340990432,29.629035266415457
4,610.0626173585233,29.38484097331272
4,610.0728994040726,29.100218532238227
4,610.0831802356909,28.900571276441926
4,610.0934598533782,28.760506650949228
4,610.1037382571346,28.87260937385663
4,610.1140154469601,28.478069114458034
4,610.1242914228546,28.67878880417557
4,610.1345661848183,28.207419108824762
4,610.1448397328509,28.342873230113224
4,610.1551120669526,28.157385698134338
4,610.1653831871233,28.104632080001185
4,610.1756530933632,28.15223837405602
4,610.185921785672,28.073832985665117
4,610.19618926405,28.003787819711707
4,610.2064555284969,27.93234546985949
4,610.216720579013,27.719142056001523
4,610.226984415598,27.709339169613273
4,610.2372470382522,27.80844855815333
4,610.2475084469754,27.450668906223648
4,610.2577686417677,27.15595633115513
4,610.268027622629,27.35597794561956
4,610.2782853895594,27.342530909802928
4,610.2885419425588,26.973762932445503
4,610.2987972816273,26.95608482191846
4,610.3090514067649,26.96559336312415
4,610.3193043179715,26.94521234151625
4,610.3295560152471,26.883185888318746
4,610.3398064985919,26.816608623331835
4,610.3500557680056,26.743411458504657
4,610.3603038234885,26.444127021834678
4,610.3705506650404,26.6684972406156
4,610.3807962926613,26.36908443791017
4,610.3910407063513,26.309456182264213
4,610.4012839061104,26.470612090244817
4,610.4115258919385,26.08326408627819
4,610.4217666638357,26.149062322610096
4,610.4320062218019,26.112084248854398
4,610.4422445658372,26.02322577942556
4,610.4524816959415,25.692680052837137
4,610.462717612115,25.73324200444503
4,610.4729523143574,25.6718132031874
4,610.4831858026689,25.66200866672802
4,610.4934180770495,25.628629644703345
4,610.5036491374991,25.53624004722874
4,610.5138789840178,25.398644452463284
4,610.5241076166055,25.319888942757874
4,610.5343350352623,25.099846115471745
4,610.5445612399882,25.404342703784717
4,610.5547862307831,25.114569723869007
4,610.5650100076471,25.221106787069576
4,610.57523257058,24.962708365050222
4,610.5854539195822,24.994702589613865
4,610.5956740546533,24.8576182801593
4,610.6058929757935,24.71701916083516
4,610.6161106830027,24.803413198685824
4,610.626327176281,24.55757837779391
4,610.6365424556285,24.49789542155979
4,610.6467565210448,24.552557428518313
4,610.6569693725304,24.345056756971
4,610.6671810100848,24.18137588038415
4,610.6773914337085,24.381797388516414
4,610.6876006434012,24.06142168428367
4,610.6978086391629,24.082934550959415
4,610.7080154209937,23.594672152584547
4,610.7182209888934,24.07576154846397
4,610.7284253428624,23.836975250990115
4,610.7386284829003,23.905358204281338
4,610.7488304090073,23.59905474971887
4,610.7590311211833,23.622259858451887
4,610.7692306194284,23.696748250247357
4,610.7794289037425,23.445115966791967
4,610.7896259741258,23.455695484661437
4,610.799821830578,23.23209886452373
4,610.8100164730994,23.053725973474254
4,610.8202099016897,23.14444697607022
4,610.8304021163492,23.171784766868402
4,610.8405931170778,22.87834109505437
4,610.8507829038753,22.893713029576528
4,610.860971476742,22.76355945110086
4,610.8711588356775,22.744179944261404
4,610.8813449806823,22.67024798973306
4,610.8915299117562,22.65715876338223
4,610.901713628899,22.590651321034304
4,610.9118961321109,22.588311681121706
4,610.9220774213918,22.568859247529794
4,610.9322574967418,22.472132772051314
4,610.9424363581609,22.266221166281714
4,610.952614005649,22.322909136566913
4,610.9627904392062,22.18599074509468
4,610.9729656588324,22.18595231762718
4,610.9831396645277,21.97373971617448
4,610.9933124562921,21.965070351757394
4,611.0034840341256,21.73731415922295
4,611.0136543980279,21.811727254891128
4,611.0238235479995,21.7251236954035
4,611.0339914840401,21.724048061071354
4,611.0441582061497,21.4424911859193
4,611.0543237143285,21.324340893819823
4,611.0644880085762,21.405511975140012
4,611.074651088893,21.340450155362454
4,611.0848129552788,21.353186139537087
4,611.0949736077338,21.12333073463942
4,611.1051330462577,21.230825788002953
4,611.1152912708508,20.99472938305563
4,611.125448281513,20.82622175271577
4,611.135604078244,20.870301082924303
4,611.1457586610443,20.872424529685084
4,611.1559120299136,21.030964466549545
4,611.1660641848518,20.796257450097613
4,611.1762151258592,20.83389329367459
4,611.1863648529356,20.641125079985805
4,611.1965133660811,20.727235066717725
4,611.2066606652957,20.485967538218542
4,611.2168067505793,20.57598871658883
4,611.226951621932,20.443576602898396
4,611.2370952793536,20.40630125142583
4,611.2472377228445,20.395476130200358
4,611.2573789524043,20.190546927757108
4,611.2675189680332,20.117045878046564
4,611.2776577697311,20.043036047560296
4,611.2877953574981,19.962298288707615
4,611.2979317313342,20.014429628858334
4,611.3080668912393,19.97694301102521
4,611.3182008372135,19.79771556568285
4,611.3283335692568,19.866760581007025
4,611.338465087369,19.793727970625937
4,611.3485953915504,19.591020472114266
4,611.3587244818008,19.69424046241561
4,611.3688523581202,19.586702928956484
4,611.3789790205087,19.425387223930887
4,611.3891044689663,19.509978138948952
4,611.3992287034929,19.38387002841817
4,611.4093517240885,19.473457480483503
4,611.4194735307533,19.350897131306404
4,611.4295941234872,19.383357419488437
4,611.43971350229,19.26152339746193
4,611.4498316671619,19.357361468620066
4,611.4599486181029,19.05899429767436
4,611.4700643551129,19.058931227068758
4,611.480178878192,19.01085606278592
4,611.4902921873401,18.90418437368856
4,611.5004042825573,18.86338234494456
4,611.5105151638436,18.881488076309633
4,611.5206248311989,18.72681119695348
4,611.5307332846232,18.852762845293803
4,611.5408405241167,18.66207723765045
4,611.5509465496791,18.66216070723458
4,611.5610513613107,18.495021717225274
4,611.5711549590112,18.57962673081433
4,611.5812573427809,18.362892735914595
4,611.5913585126196,18.49579516025454
4,611.6014584685274,18.527373724221782
4,611.6115572105042,18.393955089203967
4,611.6216547385501,18.260097261661876
4,611.631751052665,18.41089147763624
4,611.641846152849,18.245042370781334
4,611.6519400391021,18.244394043590802
4,611.6620327114241,18.281458869089274
4,611.6721241698153,18.233076106401743
4,611.6822144142756,18.2132851653447
4,611.6923034448048,18.182465804841478
4,611.7023912614031,18.136326434480097
4,611.7124778640705,18.026391495225205
4,611.7225632528069,18.00151199468382
4,611.7326474276125,18.124393553619036
4,611.7427303884871,17.974040619219863
4,611.7528121354306,17.884496304776857
4,611.7628926684433,17.920588215636432
4,611.772971987525,17.85679941355071
4,611.7830500926758,17.769957099576004
4,611.7931269838957,17.73269286206385
4,611.8032026611846,17.843725549523707
4,611.8132771245425,17.477140565828382
4,611.8233503739696,17.63975869593353
4,611.8334224094656,17.574988806180123
4,611.8434932310307,17.56259412631215
4,611.853562838665,17.536376364676446
4,611.8636312323681,17.58979842125208
4,611.8736984121405,17.523693646158744
4,611.8837643779818,17.420000122911674
4,611.8938291298922,17.413576053347807
4,611.9038926678717,17.45401246016622
4,611.9139549919203,17.26377527118417
4,611.9240161020377,17.47237001765618
4,611.9340759982244,17.260135955105945
4,611.9441346804801,17.28663868534701
4,611.9541921488049,17.242237655644296
4,611.9642484031987,17.202244166973816
4,611.9743034436616,17.18566885694095
4,611.9843572701934,17.036665241719806
4,611.9944098827945,16.98744068739433
4,612.0044612814645,17.034323532153294
4,612.0145114662035,16.97922433729263
4,612.0245604370117,17.010889636347528
4,612.034608193889,17.02876542881909
4,612.0446547368352,17.01898508819759
4,612.0547000658505,16.879765990732896
4,612.0647441809349,16.86762595860959
4,612.0747870820883,16.8446439104454
4,612.0848287693108,16.80188913333935
4,612.0948692426024,16.859555517435833
4,612.104908501963,16.89182915333493
4,612.1149465473926,16.930181850282608
4,612.1249833788913,16.74483804462738
4,612.135018996459,16.66900406938775
4,612.1450534000959,16.671300657863487
4,612.1550865898018,16.714154634111384
4,612.1651185655768,16.60609159175663
4,612.1751493274207,16.601924229325842
4,612.1851788753338,16.513212214908947
4,612.195207209316,16.498176040560285
4,612.2052343293672,16.45186437463877
4,612.2152602354873,16.501777029598056
4,612.2252849276766,16.462587036652184
4,612.2353084059349,16.36542947137534
4,612.2453306702623,16.28288837298075
4,612.2553517206588,16.358348879757816
4,612.2653715571244,16.290644382681464
4,612.2753901796589,16.2811361133186
4,612.2854075882625,16.22793995536477
4,612.2954237829352,16.26303791864621
4,612.305438763677,16.228509431993366
4,612.3154525304877,16.19198948340636
4,612.3254650833676,16.13783835542703
4,612.3354764223166,16.07110614893203
4,612.3454865473344,16.188515401733866
4,612.3554954584215,16.05243893877563
4,612.3655031555776,15.982534334636664
4,612.3755096388027,16.07080738643116
4,612.3855149080969,16.012246493523648
4,612.3955189634602,15.989976289931773
4,612.4055218048925,15.91047965840712
4,612.4155234323938,15.929987521850133
4,612.4255238459642,15.926931440019441
4,612.4355230456038,15.892436788064675
4,612.4455210313123,15.926747178506302
4,612.4555178030898,15.878500307863483
4,612.4655133609365,15.711116807684638
4,612.4755077048522,15.690058095341003
4,612.485500834837,15.743142655317932
4,612.4954927508908,15.739797648597849
4,612.5054834530137,15.66698607879071
4,612.5154729412055,15.710203725955495
4,612.5254612154665,15.574649557491645
4,612.5354482757966,15.614285115181255
4,612.5454341221957,15.670487794889342
4,612.5554187546638,15.545927133497424
4,612.565402173201,15.653960162219617
4,612.5753843778074,15.528240872660776
4,612.5853653684827,15.444037495732081
4,612.595345145227,15.544284743218107
4,612.6053237080405,15.469042339564266
4,612.615301056923,15.44395972046666
4,612.6252771918746,15.427510843562555
4,612.6352521128952,15.406083215996205
4,612.6452258199848,15.475852716687504
4,612.6551983131436,15.349953748295242
4,612.6651695923714,15.368024046710984
4,612.6751396576682,15.26793857391459
4,612.6851085090341,15.26351581166525
4,612.6950761464691,15.235668556419768
4,612.7050425699731,15.22379234337725
4,612.7150077795461,15.13636196303895
4,612.7249717751882,15.081466467185228
4,612.7349345568995,15.208986571579347
4,612.7448961246797,15.142515932055648
4,612.754856478529,15.000317859593194
4,612.7648156184473,15.000225135552771
4,612.7747735444348,15.086544220198912
4,612.7847302564912,15.040228258303651
4,612.7946857546167,15.049605467680601
4,612.8046400388113,15.028988892803039
4,612.814593109075,14.943648839762098
4,612.8245449654077,14.85919706108406
4,612.8344956078093,14.775781547734178
4,612.8444450362801,14.84383428109523
4,612.8543932508201,14.86662625590691
4,612.864340251429,14.742629899983848
4,612.8742860381069,14.758256533708664
4,612.8842306108539,14.788717186377603
4,612.8941739696701,14.694669879709345
4,612.9041161145552,14.661254690895138
4,612.9140570455094,14.719091756184778
4,612.9239967625326,14.691396831691973
4,612.933935265625,14.611308045377323
4,612.9438725547864,14.59662942717839
4,612.9538086300169,14.641800191642542
4,612.9637434913163,14.594036511415375
4,612.9736771386848,14.60263756551806
4,612.9836095721224,14.51635092508173
4,612.9935407916291,14.438255102418369
4,613.0034707972048,14.546683108827827
4,613.0133995888496,14.421555400812071
4,613.0233271665634,14.400817571425726
4,613.0332535303463,14.509916944737764
4,613.0431786801983,14.359982510140636
4,613.0531026161192,14.34147992529454
4,613.0630253381092,14.297116779446036
4,613.0729468461684,14.43555576232063
4,613.0828671402966,14.21332760157998
4,613.0927862204937,14.207219620945072
4,613.1027040867601,14.252551870784274
4,613.1126207390954,14.253844941984967
4,613.1225361774998,14.184909443975254
4,613.1324504019733,14.260115607929823
4,613.1423634125158,14.174162804437
4,613.1522752091273,14.183251446536103
4,613.1621857918079,14.042002807210487
4,613.1720951605577,14.109283577189036
4,613.1820033153764,14.07068847417822
4,613.1919102562641,14.01645203581556
4,613.201815983221,14.038593642702828
4,613.2117204962469,14.06394757991036
4,613.2216237953419,14.05439527477725
4,613.231525880506,13.941767087587145
4,613.241426751739,13.909100938182247
4,613.2513264090411,13.933056603818043
4,613.2612248524123,13.935809728788069
4,613.2711220818526,13.92335462912515
4,613.2810180973619,13.869557582077837
4,613.2909128989402,13.841838732223264
4,613.3008064865877,13.823408160663325
4,613.3106988603041,13.776909759494202
4,613.3205900200896,13.785222698417595
4,613.3304799659443,13.8594636799567
4,613.3403686978679,13.608699157791111
4,613.3502562158606,13.69468681517029
4,613.3601425199223,13.648373506316322
4,613.3700276100532,13.69870344346155
4,613.379911486253,13.722073736730149
4,613.389794148522,13.532527728312184
4,613.39967559686,13.582480971728415
4,613.409555831267,13.578564727686633
4,613.4194348517431,13.564446751280853
4,613.4293126582883,13.450169593121325
4,613.4391892509025,13.494329013131201
4,613.4490646295858,13.559120079027057
4,613.4589387943381,13.55576151098767
4,613.4688117451594,13.38191531718056
4,613.4786834820499,13.427353834481723
4,613.4885540050094,13.473433674319422
4,613.498423314038,13.410408675600417
4,613.5082914091356,13.438403662504463
4,613.5181582903023,13.363366711647954
4,613.5280239575379,13.373506527677467
4,613.5378884108427,13.341526012738166
4,613.5477516502166,13.30218186278225
4,613.5576136756595,13.29008337773417
4,613.5674744871715,13.319540459774858
4,613.5773340847525,13.345771336614227
4,613.5871924684025,13.179690401199352
4,613.5970496381216,13.204152798547673
4,613.6069055939098,13.300482519101978
4,613.616760335767,13.205081924055095
4,613.6266138636934,13.150062759305701
4,613.6364661776887,13.207684770006072
4,613.646317277753,13.133837010662722
4,613.6561671638865,13.141848809761731
4,613.6660158360891,13.124389165981276
4,613.6758632943606,13.093232201086048
4,613.6857095387013,13.05637126002393
4,613.695554569111,13.095608064845168
4,613.7053983855897,13.105474097883866
4,613.7152409881375,13.084576037542348
4,613.7250823767544,13.03910537034026
4,613.7349225514403,12.970630843862503
4,613.7447615121953,13.012596960870964
4,613.7545992590193,12.925761434955419
4,613.7644357919124,12.983649121740784
4,613.7742711108746,12.8520726123944
4,613.7841052159057,12.922593085766094
4,613.7939381070059,12.962692053955431
4,613.8037697841753,12.871033900691561
4,613.8136002474137,12.8568037346803
4,613.8234294967211,12.875727650789324
4,613.8332575320976,12.85319483048796
4,613.8430843535431,12.816912251691678
4,613.8529099610578,12.797124789761872
4,613.8627343546414,12.853358689906726
4,613.8725575342941,12.828843807419913
4,613.8823795000159,12.813137009885951
4,613.8922002518067,12.74202412003369
4,613.9020197896666,12.81118965408151
4,613.9118381135955,12.782199220471266
4,613.9216552235935,12.802409758215074
4,613.9314711196605,12.755078103131872
4,613.9412858017967,12.725987547451645
4,613.9510992700018,12.746679127637965
4,613.9609115242761,12.721506349314978
4,613.9707225646193,12.724070236979651
4,613.9805323910317,12.602055250966954
4,613.9903410035131,12.608617848212653
4,614.0001484020635,12.599600982966365
4,614.0099545866831,12.594104665422822
4,614.0197595573716,12.63616635419534
4,614.0295633141292,12.628285318755951
4,614.0393658569559,12.55907361598083
4,614.0491671858516,12.615310446164434
4,614.0589673008164,12.525453789552081
4,614.0687662018503,12.36681475479175
4,614.0785638889531,12.546949065283062
4,614.0883603621252,12.465798320859543
4,614.0981556213661,12.472335948879078
4,614.1079496666762,12.394813046860142
4,614.1177424980553,12.421655459419991
4,614.1275341155035,12.417684705276015
4,614.1373245190208,12.511916714030356
4,614.1471137086071,12.424179826225409
4,614.1569016842625,12.454057873446907
4,614.1666884459869,12.404152814301984
4,614.1764739937803,12.377238990995517
4,614.1862583276429,12.33534720012258
4,614.1960414475744,12.366093064041403
4,614.205823353575,12.329653196914624
4,614.2156040456448,12.338292523122416
4,614.2253835237835,12.342677396192148
4,614.2351617879914,12.38875482332793
4,614.2449388382682,12.282008913531707
4,614.2547146746142,12.270032580821454
4,614.2644892970292,12.322048269177728
4,614.2742627055133,12.262742461723963
4,614.2840349000663,12.266022422255167
4,614.2938058806884,12.276514043142013
4,614.3035756473797,12.286188996515303
4,614.3133442001399,12.291426675551028
4,614.3231115389692,12.236669747306715
4,614.3328776638676,12.254514675715019
4,614.342642574835,12.169972073816641
4,614.3524062718716,12.134811266709812
4,614.3621687549771,12.23159543137713
4,614.3719300241518,12.138801354449123
4,614.3816900793954,12.14310343304042
4,614.3914489207082,12.130539782807446
4,614.4012065480899,12.164664919260902
4,614.4109629615407,12.210328475064516
4,614.4207181610607,12.127771253151774
4,614.4304721466495,12.119672625343158
4,614.4402249183075,12.150905495149946
4,614.4499764760346,12.190221671904178
4,614.4597268198307,12.113830963011061
4,614.469475949696,12.042398132330106
4,614.4792238656302,12.063638360877688
4,614.4889705676335,12.05803578117667
4,614.4987160557058,12.127840098972273
4,614.5084603298473,12.073175169797308
4,614.5182033900577,12.042381587881492
4,614.5279452363372,12.056768214070692
4,614.5376858686858,12.017447787007272
4,614.5474252871034,12.075065496155268
4,614.5571634915901,12.047842817845044
4,614.5669004821458,12.004342835044273
4,614.5766362587707,12.025920538223879
4,614.5863708214645,11.993682985074212
4,614.5961041702274,12.040708774400452
4,614.6058363050594,11.953331345641335
4,614.6155672259604,11.986601807330896
4,614.6252969329305,12.028775844109138
4,614.6350254259696,11.953339062474464
4,614.6447527050778,11.957511319750042
4,614.6544787702551,11.97728015588116
4,614.6642036215014,11.968338444325829
4,614.6739272588168,11.967304381276984
4,614.6836496822012,11.877484363966285
4,614.6933708916547,11.889344255953029
4,614.7030908871773,11.92601352204133
4,614.7128096687688,11.869982993436773
4,614.7225272364295,11.946376276387188
4,614.7322435901592,11.877127420091027
4,614.7419587299579,11.914081255885653
4,614.7516726558258,11.93872788636898
4,614.7613853677626,11.87294209564032
4,614.7710968657686,11.785121038603977
4,614.7808071498436,11.856790402271798
4,614.7905162199877,11.81988129486194
4,614.8002240762007,11.796895120333522
4,614.8099307184829,11.748226762741876
4,614.8196361468341,11.824881630385164
4,614.8293403612544,11.849826529034846
4,614.8390433617437,11.881200007294337
4,614.8487451483021,11.800492228013995
4,614.8584457209296,11.748657333203138
4,614.8681450796261,11.772465427445301
4,614.8778432243917,11.823065577572782
4,614.8875401552262,11.776486671437254
4,614.89723587213,11.823572629883834
4,614.9069303751027,11.763709218960594
4,614.9166236641445,11.726284774441833
4,614.9263157392553,11.801751836643769
4,614.9360066004352,11.796251708759161
4,614.9456962476842,11.745078509587847
4,614.9553846810022,11.754281130220788
4,614.9650719003893,11.769294367941502
4,614.9747579058454,11.754227832035374
4,614.9844426973706,11.719596271926017
4,614.9941262749649,11.726586341779283
4,615.0038086386281,11.683943247388802
4,615.0134897883605,11.789895638610659
4,615.0231697241619,11.716166518507945
4,615.0328484460324,11.737197192700478
4,615.0425259539719,11.749931545308337
4,615.0522022479805,11.64928980778883
4,615.0618773280581,11.684298940584684
4,615.0715511942049,11.660115174333624
4,615.0812238464206,11.672083182805775
4,615.0908952847054,11.673859822759201
4,615.1005655090593,11.692475580499863
4,615.1102345194822,11.750551593778928
4,615.1199023159742,11.73650143241757
4,615.1295688985352,11.74401273211749
4,615.1392342671653,11.599088555392946
4,615.1488984218645,11.687684636972694
4,615.1585613626327,11.632819114884441
4,615.16822308947,11.62981692228004
4,615.1778836023763,11.651376098265128
4,615.1875429013517,11.639755835611862
4,615.1972009863961,11.698646205982167
4,615.2068578575096,11.600663934510425
4,615.2165135146921,11.602666738064844
4,615.2261679579437,11.661076401615713
4,615.2358211872644,11.642570754748055
4,615.2454732026541,11.560767677135253
4,615.2551240041129,11.54224141970488
4,615.2647735916407,11.617587940529907
4,615.2744219652376,11.599421353405106
4,615.2840691249036,11.654196647873922
4,615.2937150706385,11.653524106780042
4,615.3033598024426,11.542872978424214
4,615.3130033203157,11.505440181583355
4,615.3226456242579,11.57719192939641
4,615.3322867142691,11.562342656679157
4,615.3419265903494,11.587578614414795
4,615.3515652524987,11.579042992454623
4,615.3612027007172,11.585957809797616
4,615.3708389350046,11.538185583298567
4,615.3804739553611,11.541094715014433
4,615.3901077617867,11.546840065683556
4,615.3997403542813,11.49319229758008
4,615.4093717328451,11.557024019282839
4,615.4190018974778,11.530324836077936
4,615.4286308481796,11.59264266827139
4,615.4382585849504,11.568771792010365
4,615.4478851077904,11.540848583636324
4,615.4575104166993,11.52283745307296
4,615.4671345116774,11.544713017988547
4,615.4767573927245,11.565199006995803
4,615.4863790598406,11.588856960273631
4,615.4959995130258,11.5386904278801
4,615.50561875228,11.544967524994732
4,615.5152367776034,11.604410956639713
4,615.5248535889957,11.597135744190439
4,615.5344691864572,11.556489990340353
4,615.5440835699876,11.614611415093687
4,615.5536967395872,11.530757647732404
4,615.5633086952557,11.460564657490755
4,615.5729194369934,11.57330745120906
4,615.5825289648001,11.589060111916073
4,615.5921372786759,11.592875589696558
4,615.6017443786207,11.555448851809047
4,615.6113502646346,11.566493086930013
4,615.6209549367175,11.592260025798971
4,615.6305583948695,11.528194901060655
4,615.6401606390906,11.540552696774704
4,615.6497616693806,11.549612098827117
4,615.6593614857399,11.50558262226199
4,615.668960088168,11.499018356347724
4,615.6785574766653,11.472467530768
4,615.6881536512317,11.553575464700986
4,615.697748611867,11.56662074412631
4,615.7073423585715,11.59548090545511
4,615.716934891345,11.58876209547782
4,615.7265262101876,11.532643546900104
4,615.7361163150991,11.573141332375826
4,615.7457052060798,11.597840886279988
4,615.7552928831295,11.584629189043111
4,615.7648793462483,11.560182205221109
4,615.7744645954361,11.541836560843784
4,615.7840486306931,11.617372001302437
4,615.7936314520191,11.5487678961873
4,615.803213059414,11.607690360202792
4,615.8127934528782,11.601106510124673
4,615.8223726324113,11.461900946998453
4,615.8319505980135,11.541887684180221
4,615.8415273496847,11.476690798353218
4,615.851102887425,11.503394543725836
4,615.8606772112344,11.522488285329063
4,615.8702503211127,11.541400276517608
4,615.8798222170602,11.60816548037703
4,615.8893928990767,11.534675827977503
4,615.8989623671623,11.511615902498864
4,615.908530621317,11.542715860684913
4,615.9180976615406,11.572707495718213
4,615.9276634878335,11.502774242355201
4,615.9372281001953,11.537231858202611
4,615.9467914986261,11.501613990649624
4,615.956353683126,11.526817068490962
4,615.965914653695,11.516446440375027
4,615.975474410333,11.523511700266807
4,615.9850329530401,11.537983917084697
4,615.9945902818163,11.528079911087973
4,616.0041463966614,11.5372517179005
4,616.0137012975757,11.591140555993503
4,616.0232549845591,11.520862991376875
4,616.0328074576114,11.61674854186537
4,616.0423587167329,11.533840263225008
4,616.0519087619234,11.559271735379511
4,616.0614575931829,11.502392992037873
4,616.0710052105115,11.604306921210247
4,616.0805516139092,11.474587177750825
4,616.0900968033759,11.575902335314863
4,616.0996407789116,11.605945302801503
4,616.1091835405165,11.574034493657722
4,616.1187250881904,11.611456656677566
4,616.1282654219334,11.562234728479298
4,616.1378045417454,11.61504789627432
4,616.1473424476264,11.579608844862777
4,616.1568791395765,11.628817538549455
4,616.1664146175957,11.685777703300452
4,616.1759488816839,11.601726127216962
4,616.1854819318412,11.601647829963325
4,616.1950137680676,11.611715093962598
4,616.2045443903629,11.60621666755786
4,616.2140737987274,11.642196891987856
4,616.223601993161,11.63369946432837
4,616.2331289736635,11.720845736377518
4,616.2426547402351,11.688511713005221
4,616.2521792928758,11.594018537172593
4,616.2617026315855,11.665072804675592
4,616.2712247563644,11.724173233034273
4,616.2807456672122,11.733691182366814
4,616.2902653641291,11.644919690986702
4,616.2997838471151,11.658382961723998
4,616.3093011161701,11.736252352497884
4,616.3188171712942,11.745687035202717
4,616.3283320124873,11.656349292558613
4,616.3378456397495,11.74470758617709
4,616.3473580530808,11.714308399606466
4,616.356869252481,11.7588142382611
4,616.3663792379505,11.673071715823955
4,616.3758880094889,11.759144600089023
4,616.3853955670963,11.718481177087137
4,616.3949019107729,11.68383310980114
4,616.4044070405184,11.757164705823032
4,616.4139109563331,11.814056924125074
4,616.4234136582169,11.711270932699502
4,616.4329151461696,11.80480831108848
4,616.4424154201914,11.817405518120667
4,616.4519144802823,11.819355162654384
4,616.4614123264422,11.76234522759446
4,616.4709089586712,11.848888971259987
4,616.4804043769693,11.828118327289737
4,616.4898985813363,11.876350931493892
4,616.4993915717725,11.855330367653664
4,616.5088833482778,11.794933295625075
4,616.518373910852,11.813057279918796
4,616.5278632594953,11.840033401510766
4,616.5373513942077,11.799693096376561
4,616.5468383149891,11.876608268927376
4,616.5563240218397,11.876256090114786
4,616.5658085147593,11.854317035017935
4,616.5752917937479,11.88812754403017
4,616.5847738588055,11.889476821359242
4,616.5942547099322,11.92473037182299
4,616.603734347128,11.887428216843727
4,616.6132127703929,11.915666269094707
4,616.6226899797268,11.93087693438306
4,616.6321659751297,11.88105827556015
4,616.6416407566018,11.908072558638828
4,616.6511143241428,11.903319639842543
4,616.6605866777529,11.880050358019423
4,616.6700578174322,11.93194471758857
4,616.6795277431804,11.951882594979468
4,616.6889964549977,11.939701839294012
4,616.698463952884,11.896272848776013
4,616.7079302368394,11.894678721775637
4,616.7173953068639,11.868825970696651
4,616.7268591629575,11.881542347046514
4,616.73632180512,11.881446134022195
4,616.7457832333516,11.903382649742547
4,616.7552434476523,11.916377653417651
4,616.764702448022,11.89771109072708
4,616.7741602344609,11.978196614387521
4,616.7836168069688,11.997754142144462
4,616.7930721655457,12.025545181282697
4,616.8025263101916,11.980508982183002
4,616.8119792409067,11.933629827056475
4,616.8214309576907,11.976694090904049
4,616.8308814605439,12.07039131910568
4,616.8403307494661,11.9772228402263
4,616.8497788244574,12.043722390058756
4,616.8592256855177,11.97037861892842
4,616.8686713326471,11.93251262380941
4,616.8781157658456,11.948634338978241
4,616.8875589851131,12.057437922515785
4,616.8970009904496,12.007496160748467
4,616.9064417818552,12.037485259584372
4,616.9158813593298,11.984412266191331
4,616.9253197228735,12.08442284197526
4,616.9347568724863,12.075429964647686
4,616.9441928081682,12.072877312451096
4,616.953627529919,12.095554414599942
4,616.963061037739,12.044355547075295
4,616.972493331628,12.005191541813254
4,616.981924411586,12.073030428199317
4,616.9913542776131,12.093092027819681
4,617.0007829297093,12.079192880177704
4,617.0102103678745,12.139316823401263
4,617.0196365921088,12.063096880711534
4,617.0290616024122,12.119361721028989
4,617.0384853987846,12.155005983025378
4,617.047907981226,12.079022099039967
4,617.0573293497365,12.227682178522253
4,617.0667495043161,12.069295203964272
4,617.0761684449648,12.161449044133574
4,617.0855861716824,12.14094507638158
4,617.0950026844691,12.181139597961002
4,617.1044179833249,12.14410464716696
4,617.1138320682497,12.155178551676634
4,617.1232449392437,12.180201061112104
4,617.1326565963067,12.226255688006155
4,617.1420670394386,12.183323252505444
4,617.1514762686397,12.210250093891723
4,617.1608842839099,12.24466312904877
4,617.1702910852491,12.183518631848289
4,617.1796966726573,12.225015326264312
4,617.1891010461346,12.344174712477248
4,617.198504205681,12.278302644438813
4,617.2079061512965,12.320330056557507
4,617.2173068829809,12.285203064043735
4,617.2267064007344,12.360013588202857
4,617.2361047045571,12.300920434946606
4,617.2455017944487,12.373909484927035
4,617.2548976704094,12.350299099447117
4,617.2642923324391,12.2996724879753
4,617.2736857805379,12.34261153252177
4,617.2830780147058,12.37451942629741
4,617.2924690349428,12.369154347623414
4,617.3018588412488,12.295934578547548
4,617.3112474336237,12.438920871359157
4,617.3206348120679,12.404524429835138
4,617.3300209765811,12.38554723477133
4,617.3394059271633,12.410207761281155
4,617.3487896638145,12.423661139673726
4,617.3581721865348,12.33738595142061
4,617.3675534953243,12.317679159098246
4,617.3769335901827,12.362061120064519
4,617.3863124711102,12.357486505257077
4,617.3956901381067,12.402151649902297
4,617.4050665911724,12.362293312648731
4,617.414441830307,12.445484043689596
4,617.4238158555107,12.469637821063815
4,617.4331886667835,12.465206108903379
4,617.4425602641254,12.449318218401997
4,617.4519306475363,12.457369211345952
4,617.4612998170162,12.456333488172596
4,617.4706677725652,12.463262115292995
4,617.4800345141833,12.508621002231815
4,617.4894000418705,12.500236687323005
4,617.4987643556266,12.515982535143095
4,617.5081274554518,12.472231031174328
4,617.5174893413462,12.483312369484837
4,617.5268500133095,12.521104320528579
4,617.5362094713419,12.626268734396795
4,617.5455677154433,12.543454940775089
4,617.5549247456139,12.546980900076587
4,617.5642805618535,12.647564312501697
4,617.573635164162,12.511419203351691
4,617.5829885525397,12.586887800490757
4,617.5923407269865,12.525223985317984
4,617.6016916875024,12.530680630101385
4,617.6110414340873,12.620607312319049
4,617.6203899667412,12.598088400862725
4,617.6297372854641,12.595408008416394
4,617.6390833902561,12.655140830247143
4,617.6484282811173,12.679910670950983
4,617.6577719580474,12.586222226077496
4,617.6671144210466,12.688685055268046
4,617.6764556701148,12.632532519744267
4,617.6857957052522,12.695125827874076
4,617.6951345264586,12.711757775316224
4,617.7044721337339,12.662280425119706
4,617.7138085270784,12.790068287032982
4,617.723143706492,12.74127942886866
4,617.7324776719746,12.770169249726301
4,617.7418104235262,12.66764376918915
4,617.7511419611469,12.773422072253773
4,617.7604722848367,12.73236344391742
4,617.7698013945956,12.709275761916663
4,617.7791292904235,12.787686467888978
4,617.7884559723204,12.824485354309148
4,617.7977814402864,12.789637746480265
4,617.8071056943214,12.826863643542875
4,617.8164287344256,12.80033574513994
4,617.8257505605987,12.811742012294031
4,617.8350711728409,12.866332916007742
4,617.8443905711522,12.816263799031928
4,617.8537087555326,12.846317763804146
4,617.863025725982,12.851558706427788
4,617.8723414825004,12.953616770707384
4,617.881656025088,12.912677057869177
4,617.8909693537445,12.93879702379179
4,617.9002814684701,12.86498056787581
4,617.9095923692648,12.910435452348414
4,617.9189020561286,12.886583058576822
4,617.9282105290613,13.00445564641284
4,617.9375177880631,13.025391730702522
4,617.9468238331341,12.946211545546594
4,617.956128664274,12.962809305216497
4,617.9654322814831,12.943022754605321
4,617.9747346847612,12.947484045919232
4,617.9840358741083,12.992221198352235
4,617.9933358495244,13.005308001389741
4,618.0026346110097,13.030247754298303
4,618.011932158564,13.10305121083892
4,618.0212284921873,13.094341649927586
4,618.0305236118797,13.149624410789647
4,618.0398175176413,13.073730785960649
4,618.0491102094718,13.02459261981797
4,618.0584016873714,13.073075259553555
4,618.0676919513401,13.065461136053534
4,618.0769810013777,13.13068596095502
4,618.0862688374845,13.14818400746277
4,618.0955554596603,13.160506771975225
4,618.1048408679052,13.181045648484272
4,618.1141250622192,13.2301142371115
4,618.1234080426021,13.180181823278073
4,618.1326898090541,13.217371986171285
4,618.1419703615752,13.297055149015923
4,618.1512497001654,13.209150427596747
4,618.1605278248246,13.264227304707287
4,618.1698047355529,13.305482620958836
4,618.1790804323502,13.281245931791696
4,618.1883549152166,13.341632283491442
4,618.197628184152,13.329890164872426
4,618.2069002391565,13.246533316827124
4,618.2161710802301,13.410655947775638
4,618.2254407073727,13.347978452774461
4,618.2347091205844,13.38480168860166
4,618.243976319865,13.405049251210192
4,618.2532423052148,13.348956934948955
4,618.2625070766337,13.479917594264814
4,618.2717706341216,13.447166753798212
4,618.2810329776786,13.439822915521999
4,618.2902941073046,13.523823291477278
4,618.2995540229996,13.447492259434496
4,618.3088127247637,13.555002433085669
4,618.3180702125969,13.516253900410993
4,618.3273264864991,13.560126331643904
4,618.3365815464705,13.547794381349272
4,618.3458353925108,13.570928400579428
4,618.3550880246202,13.532757470035616
4,618.3643394427987,13.490115633024478
4,618.3735896470462,13.632771635166357
4,618.3828386373627,13.688797822248901
4,618.3920864137484,13.719024132040554
4,618.4013329762031,13.682054032307871
4,618.4105783247269,13.660086704267135
4,618.4198224593197,13.699704456521589
4,618.4290653799815,13.773720529966793
4,618.4383070867124,13.782310359893419
4,618.4475475795124,13.795600680010404
4,618.4567868583814,13.706059670048138
4,618.4660249233195,13.769403107356514
4,618.4752617743267,13.857931425359597
4,618.4844974114028,13.799337818482162
4,618.4937318345482,13.759815428913411
4,618.5029650437624,13.755685347423434
4,618.5121970390458,13.836803852057638
4,618.5214278203982,13.89658486554199
4,618.5306573878197,13.931510112268436
4,618.5398857413103,13.867910392080994
4,618.5491128808699,13.831535250584297
4,618.5583388064985,13.885250807786205
4,618.5675635181963,13.97843009885253
4,618.576787015963,13.91013049697315
4,618.5860092997988,14.02926651762305
4,618.5952303697037,13.99999140855856
4,618.6044502256776,14.024013814702183
4,618.6136688677207,14.139520423233403
4,618.6228862958327,14.019691157210532
4,618.6321025100137,14.103410721787299
4,618.641317510264,14.173559111831212
4,618.6505312965832,14.0534516011408
4,618.6597438689714,13.988688506171245
4,618.6689552274288,14.071883035827529
4,618.6781653719552,14.145259309889225
4,618.6873743025507,14.055351701096644
4,618.6965820192152,14.175705795375741
4,618.7057885219488,14.31340073401635
4,618.7149938107514,14.204963523226134
4,618.724197885623,14.328109724985588
4,618.7334007465637,14.203876403922308
4,618.7426023935735,14.207059884998097
4,618.7518028266524,14.297507870880978
4,618.7610020458003,14.40171606710382
4,618.7702000510172,14.390118783863452
4,618.7793968423033,14.349701445240997
4,618.7885924196584,14.39739125705909
4,618.7977867830825,14.369335339915297
4,618.8069799325757,14.359434713814192
4,618.8161718681379,14.450375177181657
4,618.8253625897692,14.438850602935172
4,618.8345520974696,14.491836683115466
4,618.843740391239,14.506252484604738
4,618.8529274710775,14.538502802960663
4,618.862113336985,14.520955686413743
4,618.8712979889616,14.52182601725793
4,618.8804814270072,14.584491429475504
4,618.889663651122,14.603870889333395
4,618.8988446613057,14.641512230304611
4,618.9080244575584,14.692850509783591
4,618.9172030398804,14.64094496050444
4,618.9263804082713,14.690088489490195
4,618.9355565627312,14.70308934206143
4,618.9447315032603,14.868462317747882
4,618.9539052298584,14.86128509138964
4,618.9630777425256,14.805490143529166
4,618.9722490412618,14.880048680504666
4,618.9814191260671,14.737475154413168
4,618.9905879969414,14.85848639475471
4,618.9997556538848,14.85762704588383
4,619.0089220968972,14.91263896316156
4,619.0180873259786,15.000793521854844
4,619.0272513411293,14.943309812555365
4,619.0364141423488,14.914541654349472
4,619.0455757296374,15.087542772137382
4,619.0547361029952,14.924157685352483
4,619.063895262422,14.954125526025436
4,619.0730532079178,15.04627330731706
4,619.0822099394827,15.071714001245207
4,619.0913654571167,15.129045518815255
4,619.1005197608197,15.098404106398242
4,619.1096728505918,15.019024995918361
4,619.1188247264329,15.165585826500193
4,619.1279753883431,15.218931557087243
4,619.1371248363223,15.17575657187426
4,619.1462730703706,15.247643852558381
4,619.155420090488,15.279494718529486
4,619.1645658966743,15.22742089715635
4,619.1737104889298,15.256912739291941
4,619.1828538672543,15.25632846006028
4,619.1919960316478,15.297850753651336
4,619.2011369821105,15.33849090933346
4,619.2102767186421,15.406757684370257
4,619.2194152412429,15.482559973413242
4,619.2285525499127,15.468011870192392
4,619.2376886446516,15.320233837028761
4,619.2468235254595,15.551485165305923
4,619.2559571923365,15.489308727067897
4,619.2650896452825,15.418087673519745
4,619.2742208842976,15.469986865657333
4,619.2833509093817,15.436149497190188
4,619.292479720535,15.604960214856503
4,619.3016073177572,15.653774552952557
4,619.3107337010485,15.602568330976588
4,619.3198588704089,15.692194044813789
4,619.3289828258382,15.69342873330243
4,619.3381055673368,15.866996791912683
4,619.3472270949043,15.734183032841125
4,619.356347408541,15.75450294798109
4,619.3654665082465,15.945381702645014
4,619.3745843940213,15.759409330713046
4,619.383701065865,15.839393957617535
4,619.3928165237778,15.86125250178488
4,619.4019307677597,15.879524994434595
4,619.4110437978106,15.87868650164171
4,619.4201556139307,15.80992347670794
4,619.4292662161197,15.887853695643756
4,619.4383756043778,15.964156632584974
4,619.447483778705,16.07183003814244
4,619.4565907391012,15.963191956953489
4,619.4656964855665,15.99674382594283
4,619.4748010181008,16.12163286517694
4,619.4839043367042,16.085544592443412
4,619.4930064413767,16.119605522935014
4,619.5021073321182,16.141190095161594
4,619.5112070089287,16.134295247008513
4,619.5203054718083,16.101056059106877
4,619.529402720757,16.205903436734147
4,619.5384987557748,16.143707807190896
4,619.5475935768616,16.184530159059463
4,619.5566871840174,16.29505821801069
4,619.5657795772423,16.212131716087654
4,619.5748707565363,16.335160224836237
4,619.5839607218993,16.27082903487651
4,619.5930494733313,16.2722281247005
4,619.6021370108325,16.322919787121567
4,619.6112233344027,16.41146809089178
4,619.6203084440419,16.358414843744715
4,619.6293923397502,16.46386229946379
4,619.6384750215276,16.41903104744704
4,619.647556489374,16.520425970683867
4,619.6566367432895,16.490880263782294
4,619.665715783274,16.456552991113426
4,619.6747936093276,16.493639487888963
4,619.6838702214502,16.52389135462501
4,619.6929456196419,16.639648571554073
4,619.7020198039027,16.62262913035839
4,619.7110927742325,16.574060910348997
4,619.7201645306313,16.705301755194352
4,619.7292350730993,16.68372638108903
4,619.7383044016362,16.69945824077981
4,619.7473725162423,16.83974004697656
4,619.7564394169174,16.757005923582454
4,619.7655051036616,16.83737252320391
4,619.7745695764747,16.81382148718354
4,619.783632835357,16.88135110246539
4,619.7926948803083,16.769253933529722
4,619.8017557113287,16.81925943514042
4,619.8108153284181,16.947014434422158
4,619.8198737315766,16.966243271279584
4,619.8289309208042,16.95818748134508
4,619.8379868961008,16.743855229345805
4,619.8470416574664,16.963558816684824
4,619.8560952049012,16.991877104582006
4,619.8651475384049,17.09016078980712
4,619.8741986579778,17.017609610185467
4,619.8832485636196,17.099295774565498
4,619.8922972553306,17.060929077747712
4,619.9013447331106,17.208774527283374
4,619.9103909969597,17.062365927566095
4,619.9194360468778,17.142880864496917
4,619.928479882865,17.252442481331116
4,619.9375225049212,17.2937848680182
4,619.9465639130465,17.27055198857493
4,619.9556041072408,17.34207108596633
4,619.9646430875042,17.29451817578522
4,619.9736808538368,17.447067271580973
4,619.9827174062382,17.319736959984308
4,619.9917527447088,17.389254696155344
4,620.0007868692484,17.35414082090697
4,620.0098197798571,17.480034562205223
4,620.0188514765348,17.558166631659645
4,620.0278819592817,17.392953607516397
4,620.0369112280976,17.467445091074694
4,620.0459392829824,17.618996977220746
4,620.0549661239364,17.5229817429263
4,620.0639917509594,17.700750005678714
4,620.0730161640515,17.71658827671872
4,620.0820393632126,17.668882024301315
4,620.0910613484428,17.552437556812546
4,620.1000821197421,17.62066902859406
4,620.1091016771104,17.755641116209542
4,620.1181200205477,17.87436359200613
4,620.1271371500542,17.663787473782193
4,620.1361530656296,17.971143855685458
4,620.1451677672742,18.090751156995857
4,620.1541812549877,17.84497874829785
4,620.1631935287704,18.083800523033684
4,620.1722045886222,17.9888699852898
4,620.1812144345429,18.116970933229837
4,620.1902230665328,18.189984564902403
4,620.1992304845916,18.282107791494
4,620.2082366887196,18.15096982763358
4,620.2172416789166,18.283181214015237
4,620.2262454551826,18.311998704497327
4,620.2352480175177,18.280160917346752
4,620.2442493659219,18.20368705818585
4,620.2532495003951,18.48584033499027
4,620.2622484209373,18.261148538428067
4,620.2712461275487,18.432800822520438
4,620.280242620229,18.453614994990268
4,620.2892378989785,18.53700227273827
4,620.298231963797,18.492424262177746
4,620.3072248146846,18.56671743169263
4,620.3162164516413,18.576513021089575
4,620.3252068746668,18.560109154269444
4,620.3341960837616,18.58543076960241
4,620.3431840789254,18.697898085728024
4,620.3521708601583,18.89825388795164
4,620.3611564274602,18.738348030755233
4,620.3701407808311,18.939561513795393
4,620.3791239202711,18.806430270763943
4,620.3881058457802,18.81481229137865
4,620.3970865573583,18.768388624572392
4,620.4060660550055,18.99356965879
4,620.4150443387217,19.004061871443998
4,620.4240214085071,19.01092165712636
4,620.4329972643613,18.878864241066307
4,620.4419719062848,19.10905143700028
4,620.4509453342773,19.17283635630952
4,620.4599175483388,19.15944448079852
4,620.4688885484694,19.215983028586358
4,620.477858334669,19.147616945377543
4,620.4868269069377,19.226404549095363
4,620.4957942652754,19.14292339390806
4,620.5047604096823,19.186101897736172
4,620.5137253401581,19.19520550844765
4,620.522689056703,19.248875877807784
4,620.5316515593171,19.307805252554
4,620.540612848,19.33906281379114
4,620.5495729227522,19.415749040244062
4,620.5585317835734,19.433346874916126
4,620.5674894304635,19.66259345674953
4,620.5764458634228,19.526895726901742
4,620.5854010824511,19.494797552372383
4,620.5943550875485,19.641855323904625
4,620.6033078787149,19.693697948155453
4,620.6122594559504,19.648540775725063
4,620.621209819255,19.6815871569648
4,620.6301589686286,19.77321089336028
4,620.6391069040712,19.79214928787483
4,620.648053625583,19.748505819383443
4,620.6569991331637,19.726166261196454
4,620.6659434268136,19.885514199898378
4,620.6748865065324,19.911788422869677
4,620.6838283723204,19.873297159804412
4,620.6927690241774,19.89199333406674
4,620.7017084621034,19.986277225194755
4,620.7106466860986,20.299265889971362
4,620.7195836961628,20.111580894770253
4,620.728519492296,20.353613065111315
4,620.7374540744983,20.416574522074637
4,620.7463874427696,20.28500648813013
4,620.75531959711,20.425688061069742
4,620.7642505375194,20.35281297109667
4,620.7731802639979,20.500469847943865
4,620.7821087765456,20.53336306686129
4,620.7910360751622,20.409287481607343
4,620.7999621598478,20.603579622287654
4,620.8088870306026,20.719022351055365
4,620.8178106874263,20.73683182849449
4,620.8267331303192,20.668943897452095
4,620.8356543592812,20.63511738248843
4,620.8445743743121,20.864803077633134
4,620.8534931754122,20.9085916371902
4,620.8624107625812,21.01443187424956
4,620.8713271358193,20.868694435764656
4,620.8802422951265,20.74598668172367
4,620.8891562405028,20.981124114599655
4,620.8980689719481,20.929095412408778
4,620.9069804894625,21.2106733556848
4,620.915890793046,20.834080533587116
4,620.9247998826984,21.195397528399017
4,620.9337077584199,21.133953566770415
4,620.9426144202105,21.289822223398794
4,620.9515198680701,21.192597366181214
4,620.9604241019988,21.407611135507437
4,620.9693271219966,21.324003702946875
4,620.9782289280635,21.286368034501546
4,620.9871295201993,21.66155973386804
4,620.9960288984042,21.49898152568362
4,621.0049270626782,21.52160938715843
4,621.0138240130212,21.665160421404156
4,621.0227197494333,21.532476883126716
4,621.0316142719146,21.80005740102745
4,621.0405075804648,21.615939018354545
4,621.049399675084,21.851926599526724
4,621.0582905557724,21.720351431957344
4,621.0671802225297,21.838415482359114
4,621.0760686753562,21.939079209027728
4,621.0849559142517,21.97995576781453
4,621.0938419392163,21.985344176473937
4,621.1027267502499,22.06373232660674
4,621.1116103473526,21.95987950510962
4,621.1204927305242,22.160474274332238
4,621.129373899765,22.06654805318997
4,621.1382538550749,22.150259092327584
4,621.1471325964538,22.25094288607946
4,621.1560101239018,22.25165374468929
4,621.1648864374188,22.39224558149412
4,621.1737615370048,22.436787793737874
4,621.1826354226599,22.79533945664524
4,621.1915080943842,22.61655448470459
4,621.2003795521774,22.77089510689887
4,621.2092497960397,22.85718573025399
4,621.218118825971,22.922607467443314
4,621.2269866419714,22.87478334268069
4,621.2358532440409,23.06582800986763
4,621.2447186321795,23.125142454041672
4,621.253582806387,23.0787616770562
4,621.2624457666636,23.001200222855346
4,621.2713075130093,23.126009894890068
4,621.280168045424,23.298244857442
4,621.2890273639078,23.33312443608785
4,621.2978854684608,23.337970767376955
4,621.3067423590827,23.170682293636954
4,621.3155980357736,23.633547464125197
4,621.3244524985337,23.398000185756814
4,621.3333057473628,23.474416401948186
4,621.3421577822609,23.6902423577563
4,621.3510086032281,23.74164298619251
4,621.3598582102644,23.585707564939245
4,621.3687066033697,23.621232944075228
4,621.377553782544,23.849331892158403
4,621.3863997477876,24.072298730963645
4,621.3952444991,23.938294190154966
4,621.4040880364815,24.016385058617892
4,621.4129303599321,24.013424332792972
4,621.4217714694518,24.211455079579913
4,621.4306113650405,24.076952799307378
4,621.4394500466983,24.125214469582392
4,621.4482875144251,24.242600506126454
4,621.457123768221,24.104221713243902
4,621.4659588080859,24.250252544940494
4,621.47479263402,24.359054273570386
4,621.483625246023,24.185959067956304
4,621.4924566440951,24.320024238365757
4,621.5012868282363,24.547701987534424
4,621.5101157984466,24.66113326366594
4,621.5189435547258,24.610341898273038
4,621.5277700970742,24.597881842278813
4,621.5365954254916,24.763101653822496
4,621.545419539978,24.77202264264135
4,621.5542424405335,24.892400938904377
4,621.5630641271581,25.034823965776912
4,621.5718845998517,24.944504966660496
4,621.5807038586144,25.10422125588939
4,621.5895219034461,25.255464364625688
4,621.598338734347,25.384026365093504
4,621.6071543513168,25.22326770191449
4,621.6159687543557,25.409211659266674
4,621.6247819434636,25.566944111749155
4,621.6335939186407,25.726636806323576
4,621.6424046798868,25.636212280179507
4,621.6512142272019,25.56140334343735
4,621.6600225605861,25.723382093756367
4,621.6688296800393,25.892940705694695
4,621.6776355855616,26.041875465019256
4,621.686440277153,25.813143157387675
4,621.6952437548134,25.959944187747706
4,621.7040460185428,25.884680409314957
4,621.7128470683414,26.10093678505733
4,621.721646904209,26.064223866213485
4,621.7304455261457,26.295863820023982
4,621.7392429341513,26.49889985836281
4,621.7480391282261,26.284644779754853
4,621.75683410837,26.298349422577584
4,621.7656278745828,26.55459449422264
4,621.7744204268647,26.52490105986777
4,621.7832117652157,26.697974541864095
4,621.7920018896358,26.686310025595567
4,621.8007908001249,26.735960890053725
4,621.809578496683,26.8625902079107
4,621.8183649793102,27.13468015500097
4,621.8271502480065,26.981093612040638
4,621.8359343027719,27.039161326828378
4,621.8447171436062,27.00000936122664
4,621.8534987705096,27.28445822733732
4,621.8622791834822,27.402854288423686
4,621.8710583825238,27.077695559737354
4,621.8798363676343,27.185034121440374
4,621.888613138814,27.494739274486815
4,621.8973886960628,27.445077494526707
4,621.9061630393805,27.409846818762343
4,621.9149361687673,27.76106104865817
4,621.9237080842232,27.70520709531349
4,621.9324787857482,27.92377413001122
4,621.9412482733422,27.665235617207063
4,621.9500165470052,28.080478664432853
4,621.9587836067374,27.97310070577328
4,621.9675494525386,28.125495698143887
4,621.9763140844088,28.061681076014285
4,621.9850775023481,28.218167356404752
4,621.9938397063564,28.273022687141957
4,622.0026006964339,28.293377573687188
4,622.0113604725803,28.44259551691663
4,622.0201190347958,28.6388114935918
4,622.0288763830804,28.80563415665249
4,622.0376325174341,28.886341939356257
4,622.0463874378568,28.79289250745439
4,622.0551411443486,28.976814638890215
4,622.0638936369094,29.08569134272809
4,622.0726449155392,29.318507500679384
4,622.0813949802381,29.20026050233589
4,622.0901438310061,29.00028512328199
4,622.0988914678431,29.30588441656694
4,622.1076378907492,29.32986477284252
4,622.1163830997243,29.487350302397306
4,622.1251270947686,29.679893674268897
4,622.1338698758818,29.64399311489191
4,622.1426114430641,29.56340399080427
4,622.1513517963155,29.915186847389794
4,622.1600909356359,29.929892590079202
4,622.1688288610254,29.62099251144612
4,622.1775655724839,30.35258319541276
4,622.1863010700115,30.144729872185053
4,622.1950353536082,30.145344610680375
4,622.2037684232739,30.27915624733657
4,622.2125002790087,30.15014930836642
4,622.2212309208126,30.317815556627796
4,622.2299603486854,30.30298893361799
4,622.2386885626273,30.618824383270717
4,622.2474155626384,30.70551163700577
4,622.2561413487184,30.73819358263199
4,622.2648659208675,31.082503291921505
4,622.2735892790856,30.918865853185657
4,622.2823114233729,30.92016958660627
4,622.2910323537292,31.674365754371998
4,622.2997520701546,31.223098304387257
4,622.308470572649,31.310752097117
4,622.3171878612123,31.66763711592546
4,622.3259039358448,31.959896034367635
4,622.3346187965465,31.73427524914992
4,622.3433324433171,31.853426780785274
4,622.3520448761567,31.99577592644285
4,622.3607560950654,31.943793469216196
4,622.3694661000433,32.330934185367546
4,622.3781748910901,31.82730289885367
4,622.3868824682061,32.50385185039396
4,622.395588831391,32.662334080992125
4,622.404293980645,32.560718393389784
4,622.412997915968,32.75766733629819
4,622.4217006373602,32.76827361377135
4,622.4304021448214,32.45949254695858
4,622.4391024383517,33.08217079131272
4,622.447801517951,32.871405646743746
4,622.4564993836193,32.872810172145414
4,622.4651960353567,33.0793796774266
4,622.4738914731632,32.96895271175659
4,622.4825856970388,33.366174452776114
4,622.4912787069833,33.78243471846812
4,622.499970502997,33.62762018171905
4,622.5086610850797,33.4886452180446
4,622.5173504532314,33.713139370509786
4,622.5260386074523,33.67808163584399
4,622.5347255477421,33.966409489056176
4,622.543411274101,33.89179176941422
4,622.5520957865291,33.88176394728254
4,622.5607790850261,34.09532651753472
4,622.5694611695922,34.35579530252735
4,622.5781420402274,34.98494561448133
4,622.5868216969316,35.148533221401564
4,622.5955001397048,34.87467352040309
4,622.6041773685472,34.9903726599718
4,622.6128533834585,35.162382718855326
4,622.621528184439,35.191308655895725
4,622.6302017714885,35.28418559145289
4,622.638874144607,35.502233792523604
4,622.6475453037947,35.37551075283806
4,622.6562152490513,35.671751961796026
4,622.664883980377,35.91531243372931
4,622.6735514977718,35.93577483511678
4,622.6822178012357,35.874740259444856
4,622.6908828907685,36.21493574727735
4,622.6995467663705,36.02368267783114
4,622.7082094280415,36.47514294871899
4,622.7168708757815,36.41840850718376
4,622.7255311095906,37.071651264633836
4,622.7341901294689,36.47946139582063
4,622.7428479354161,36.677845870484454
4,622.7515045274324,36.81490076229891
4,622.7601599055178,37.14749790608934
4,622.7688140696721,37.05969728595998
4,622.7774670198957,37.50836893448653
4,622.7861187561881,37.24030040278669
4,622.7947692785497,37.402516832364945
4,622.8034185869803,37.68487385119225
4,622.81206668148,37.45982052137544
4,622.8207135620488,37.65933163764874
4,622.8293592286866,38.09567398544767
4,622.8380036813934,38.16585100746425
4,622.8466469201693,37.94377808603261
4,622.8552889450143,38.71925408474444
4,622.8639297559283,39.078399652595635
4,622.8725693529115,38.85906979362807
4,622.8812077359636,38.78336580162859
4,622.8898449050848,38.973308503667454
4,622.8984808602751,38.85025494632935
4,622.9071156015343,39.06097051631872
4,622.9157491288627,39.18557790105869
4,622.9243814422601,39.57403223852153
4,622.9330125417266,39.77514762450639
4,622.9416424272622,39.80516980227465
4,622.9502710988668,39.674566136050544
4,622.9588985565405,39.550403138956334
4,622.9675248002832,40.11527021365499
4,622.9761498300949,40.03000996734203
4,622.9847736459757,40.19940156505175
4,622.9933962479256,40.34814667153027
4,623.0020176359445,40.87106101209765
4,623.0106378100326,41.07828566340768
4,623.0192567701896,40.58076062668514
4,623.0278745164157,41.68784464355609
4,623.0364910487109,41.08205148875474
4,623.045106367075,41.72388633764561
4,623.0537204715084,41.48076754358365
4,623.0623333620107,41.54409607751919
4,623.0709450385821,41.05038564231769
4,623.0795555012226,41.75445189089121
4,623.088164749932,42.00397786123393
4,623.0967727847107,42.221504157010116
4,623.1053796055583,42.29345819414709
4,623.113985212475,43.14102009740923
4,623.1225896054607,42.98433628361233
4,623.1311927845154,42.395769687733896
4,623.1397947496393,42.868060944096875
4,623.1483955008322,43.206749553429546
4,623.1569950380941,43.338220521877474
4,623.1655933614252,43.44086998610346
4,623.1741904708252,43.607618607706826
4,623.1827863662944,43.65644377136428
4,623.1913810478326,43.66728473434028
4,623.1999745154399,43.7469092795731
4,623.2085667691161,43.898126226184
4,623.2171578088614,43.83499924302122
4,623.2257476346759,45.024994966830896
4,623.2343362465593,44.577194586464685
4,623.2429236445118,45.055203092547075
4,623.2515098285335,45.18933923709137
4,623.2600947986241,44.900791899322435
4,623.2686785547838,44.6684691890665
4,623.2772610970126,45.36805138999483
4,623.2858424253104,44.827427644934964
4,623.2944225396773,45.48181838415073
4,623.3030014401132,45.58217176233139
4,623.3115791266182,45.95143515361306
4,623.3201555991922,46.42554347264289
4,623.3287308578354,46.56171235129247
4,623.3373049025474,46.921907001425836
4,623.3458777333286,46.49512910005131
4,623.3544493501789,46.38438028085514
4,623.3630197530982,46.734795276541554
4,623.3715889420866,47.168052663708686
4,623.3801569171441,47.24090969503562
4,623.3887236782706,47.748474111023924
4,623.3972892254661,47.810085155552535
4,623.4058535587308,47.801765610609685
4,623.4144166780644,47.662032632305674
4,623.4229785834672,48.16543683554538
4,623.4315392749389,47.78576866204366
4,623.4400987524797,48.38328860148208
4,623.4486570160897,49.35496394480549
4,623.4572140657685,48.489806129904494
4,623.4657699015166,49.23939740965076
4,623.4743245233336,49.08855706833607
4,623.4828779312197,49.35312608032323
4,623.4914301251749,49.35635172392305
4,623.4999811051991,50.03483259269286
4,623.5085308712925,49.79066751191256
4,623.5170794234548,49.5759965153057
4,623.5256267616862,50.53809328986543
4,623.5341728859867,50.73219744381542
4,623.5427177963562,50.41869116586019
4,623.5512614927948,50.43831646394499
4,623.5598039753024,50.54692107328044
4,623.5683452438791,50.5848491578083
4,623.5768852985249,51.29284921639651
4,623.5854241392396,51.495575681452216
4,623.5939617660235,52.08998137009458
4,623.6024981788764,52.40534957764416
4,623.6110333777983,52.17727393411662
4,623.6195673627894,53.215386910990766
4,623.6281001338494,52.35735545813529
4,623.6366316909787,52.63252317809541
4,623.6451620341768,53.888622086308075
4,623.653691163444,53.77887259728149
4,623.6622190787804,54.07435614212437
4,623.6707457801857,54.09367571310269
4,623.6792712676602,54.19334663168362
4,623.6877955412036,54.65974839081407
4,623.6963186008162,54.93702214577194
4,623.7048404464978,54.59826780105178
4,623.7133610782485,55.748798874418895
4,623.7218804960681,55.286672238052795
4,623.7303986999569,55.73335789818262
4,623.7389156899147,56.692647272536654
4,623.7474314659416,56.64637111255333
4,623.7559460280376,56.422970789158114
4,623.7644593762026,57.27526408592448
4,623.7729715104366,56.510281047160575
4,623.7814824307397,57.38508210288092
4,623.7899921371119,58.05866605770577
4,623.7985006295531,57.97421779227106
4,623.8070079080634,58.567645804262895
4,623.8155139726427,59.03913697578668
4,623.8240188232911,59.573730251015604
4,623.8325224600086,60.498292233717514
4,623.8410248827951,60.765472967905446
4,623.8495260916507,61.6680424838657
4,623.8580260865753,61.11774529717796
4,623.866524867569,61.78146643571412
4,623.8750224346317,62.66986754714601
4,623.8835187877635,62.61454148015911
4,623.8920139269643,62.95698028031724
4,623.9005078522342,62.954636129859146
4,623.9090005635732,63.739694863004324
4,623.9174920609812,64.64539389389599
4,623.9259823444582,64.42967343950079
4,623.9344714140044,65.74308786809127
4,623.9429592696196,65.88207880281895
4,623.9514459113038,67.35248306096847
4,623.9599313390571,66.5877259223322
4,623.9684155528795,67.31460646053411
4,623.9768985527709,67.74124477242074
4,623.9853803387314,67.61628774292741
4,623.9938609107609,68.36416207642573
4,624.0023402688595,69.2682592815788
4,624.0108184130271,70.78809698941325
4,624.0192953432638,70.20388062788197
4,624.0277710595695,70.40797256600489
4,624.0362455619444,72.19836693432391
4,624.0447188503882,72.50184246117898
4,624.0531909249012,74.12330790223426
4,624.0616617854831,73.61175188332857
4,624.0701314321342,75.50178523843259
4,624.0785998648543,75.48985821576532
4,624.0870670836434,75.68087658307019
4,624.0955330885016,77.16027809835586
4,624.1039978794289,78.05481277284714
4,624.1124614564252,77.70162487236622
4,624.1209238194906,79.19702359196273
4,624.129384968625,79.80558259755067
4,624.1378449038285,80.05305068769724
4,624.146303625101,81.85942445320705
4,624.1547611324427,83.28086738777266
4,624.1632174258533,82.83493674083736
4,624.171672505333,83.69431086220723
4,624.1801263708818,83.8413466160342
4,624.1885790224997,84.64280526536038
4,624.1970304601865,85.77467897435814
4,624.2054806839425,88.22001778395466
4,624.2139296937675,86.78434167855742
4,624.2223774896615,88.53591582955845
4,624.2308240716246,88.5858891369028
4,624.2392694396568,90.90180889580365
4,624.247713593758,92.73337016820854
4,624.2561565339283,92.7911158238732
4,624.2645982601678,93.63918571164285
4,624.2730387724761,95.71030627482908
4,624.2814780708536,95.3179811556679
4,624.2899161553,97.1386618656685
4,624.2983530258157,100.03243005658958
4,624.3067886824002,100.02118391809542
4,624.315223125054,102.37607182312509
4,624.3236563537768,102.65143631397443
4,624.3320883685685,103.11287017766689
4,624.3405191694294,103.12724468721132
4,624.3489487563593,106.74472017161605
4,624.3573771293583,105.86940904470295
4,624.3658042884263,108.59852036659159
4,624.3742302335634,108.01469412193684
4,624.3826549647695,110.29697662404708
4,624.3910784820447,112.3496737796641
4,624.3995007853889,113.16518300562049
4,624.4079218748022,113.47385656895484
4,624.4163417502846,116.8413420850004
4,624.424760411836,113.90253755017099
4,624.4331778594565,119.37755155445049
4,624.441594093146,118.59236755004152
4,624.4500091129047,122.64729406279993
4,624.4584229187323,124.59749350032344
4,624.466835510629,123.12067187596281
4,624.4752468885947,128.08150154923712
4,624.4836570526296,128.38865858167588
4,624.4920660027335,131.40921598202283
4,624.5004737389064,132.2950551476358
4,624.5088802611484,134.42507306400813
4,624.5172855694594,136.5320293107928
4,624.5256896638396,137.9727790287547
4,624.5340925442887,139.2444343554007
4,624.5424942108069,142.3132660128003
4,624.5508946633942,147.4765269853295
4,624.5592939020505,150.49598152854153
4,624.567691926776,147.58556608283496
4,624.5760887375703,153.13695284877966
4,624.5844843344339,150.92819195871255
4,624.5928787173664,156.3472899035398
4,624.6012718863681,156.21329840820263
4,624.6096638414388,159.48696966471226
4,624.6180545825785,165.1037445338094
4,624.6264441097873,165.60307637293724
4,624.6348324230651,169.30645394697987
4,624.643219522412,173.60544193037663
4,624.6516054078279,172.02215247625264
4,624.6599900793129,179.1062399481622
4,624.668373536867,184.5977299565865
4,624.6767557804901,188.23755048574768
4,624.6851368101824,189.92890592417925
4,624.6935166259436,191.1831972490427
5,597.2710091320683,103.9479910676945
5,597.2814201920346,100.86263301967537
5,597.2918299825834,103.35122121999838
5,597.3022385037146,100.14641742162921
5,597.3126457554285,97.76021619640785
5,597.323051737725,96.65017906523079
5,597.333456450604,96.49266232219385
5,597.3438598940655,95.25707112665215
5,597.3542620681096,94.65676781313059
5,597.3646629727361,92.72591488247944
5,597.3750626079453,92.75043288213081
5,597.385460973737,90.4615442691554
5,597.3958580701113,90.7959869540729
5,597.4062538970682,88.83755927378951
5,597.4166484546075,88.4418913320707
5,597.4270417427294,88.23662431732885
5,597.4374337614339,86.88043314401544
5,597.4478245107209,86.06185944173765
5,597.4582139905905,85.39066127174358
5,597.4686022010426,84.14252243742605
5,597.4789891420772,83.2133612623054
5,597.4893748136944,82.76371900750253
5,597.4997592158942,83.04919991905808
5,597.5101423486765,82.10419132142104
5,597.5205242120413,81.81927104575291
5,597.5309048059887,80.33595348691118
5,597.5412841305186,78.80022202560045
5,597.5516621856311,78.68890169473819
5,597.5620389713262,79.00354940977476
5,597.5724144876037,77.06849741363463
5,597.5827887344639,77.12347173407674
5,597.5931617119065,76.4831332868484
5,597.6035334199319,76.09900853657855
5,597.6139038585396,75.43074100742692
5,597.6242730277299,75.32443272583463
5,597.6346409275028,73.51075442009648
5,597.6450075578582,74.08253660055341
5,597.6553729187962,73.1550780422144
5,597.6657370103168,72.0210846147259
5,597.6760998324198,71.65840775605214
5,597.6864613851054,72.73731278504394
5,597.6968216683736,70.66758065521218
5,597.7071806822242,70.27566513039261
5,597.7175384266576,70.06357406144305
5,597.7278949016734,69.54480330285108
5,597.7382501072717,68.96808887905212
5,597.7486040434526,67.82008090667219
5,597.7589567102161,67.18443320160132
5,597.7693081075621,67.17499118853932
5,597.7796582354906,65.79294495384599
5,597.7900070940018,66.78709749070387
5,597.8003546830954,65.5390848962764
5,597.8107010027716,64.89574344383797
5,597.8210460530304,64.8472829101548
5,597.8313898338716,63.75658753926998
5,597.8417323452954,62.94438783516913
5,597.8520735873019,63.090983949913834
5,597.8624135598908,62.70610266203925
5,597.8727522630622,61.956661979287794
5,597.8830896968163,61.89000672949507
5,597.8934258611529,60.4126423061535
5,597.9037607560721,60.16076846492484
5,597.9140943815737,60.438130122567074
5,597.924426737658,59.82060511248622
5,597.9347578243247,58.89047489787678
5,597.9450876415741,59.04493848688241
5,597.9554161894059,57.95446272245462
5,597.9657434678204,57.88709200135834
5,597.9760694768173,57.620689662751126
5,597.9863942163969,57.412446022884446
5,597.9967176865589,56.498927317085375
5,598.0070398873036,56.9838882004848
5,598.0173608186307,56.33369380243678
5,598.0276804805404,56.34992609941835
5,598.0379988730326,55.496477140058836
5,598.0483159961075,55.982749267154425
5,598.0586318497648,55.41553490199711
5,598.0689464340047,54.14843621655703
5,598.0792597488272,53.78326581529564
5,598.0895717942321,53.50843299690462
5,598.0998825702197,53.708531819338
5,598.1101920767899,52.72455237272569
5,598.1205003139424,52.745473116608395
5,598.1308072816777,52.195861106380015
5,598.1411129799955,52.05825063114967
5,598.1514174088957,51.94681839605425
5,598.1617205683785,51.2212252769532
5,598.172022458444,51.01909897621041
5,598.1823230790918,50.26941142404751
5,598.1926224303223,50.45804392429304
5,598.2029205121354,49.69947349165398
5,598.213217324531,49.977899678019426
5,598.223512867509,49.47390494706854
5,598.2338071410697,48.52892782011508
5,598.244100145213,49.1410602972866
5,598.2543918799388,48.47221566753022
5,598.2646823452471,47.917715012280325
5,598.2749715411379,48.22303490987722
5,598.2852594676114,47.39995029940022
5,598.2955461246673,47.22004155109252
5,598.3058315123059,46.639061532639815
5,598.316115630527,46.412403128097104
5,598.3263984793306,46.13439458013886
5,598.3366800587168,46.29749625157713
5,598.3469603686854,45.45404645824045
5,598.3572394092366,44.979915323541036
5,598.3675171803704,45.11178374158778
5,598.3777936820868,45.140160245913954
5,598.3880689143857,44.90416516250829
5,598.3983428772672,43.939286876374986
5,598.4086155707312,44.28579625530732
5,598.4188869947777,43.96667111914032
5,598.4291571494068,42.882715458664606
5,598.4394260346185,42.871611648501926
5,598.4496936504127,43.02483619051808
5,598.4599599967894,42.61860300900884
5,598.4702250737487,42.394942645164356
5,598.4804888812905,42.04071969309987
5,598.4907514194149,42.3394890191641
5,598.5010126881218,41.809165581878105
5,598.5112726874113,41.76782642389214
5,598.5215314172833,41.50298487691335
5,598.5317888777379,41.091875204276135
5,598.542045068775,41.12020264740584
5,598.5522999903947,40.77071841754653
5,598.562553642597,40.60297780319872
5,598.5728060253817,40.42508189513045
5,598.583057138749,40.225886367742206
5,598.5933069826989,39.821673592004295
5,598.6035555572313,39.868264897892104
5,598.6138028623462,39.55942354585514
5,598.6240488980438,39.27107873954826
5,598.6342936643239,39.72873537925808
5,598.6445371611865,39.05433539186339
5,598.6547793886316,38.78100463030481
5,598.6650203466593,38.44761932281479
5,598.6752600352696,38.18444995769799
5,598.6854984544624,38.445770775406444
5,598.6957356042377,37.92259415681465
5,598.7059714845956,37.668819706356736
5,598.7162060955361,37.55619484102179
5,598.7264394370591,37.488280994551445
5,598.7366715091646,37.39099483270532
5,598.7469023118528,37.59545022948816
5,598.7571318451234,36.84175359185597
5,598.7673601089765,36.55666456044224
5,598.7775871034122,36.6175606102685
5,598.7878128284306,36.40283556833497
5,598.7980372840314,35.64504745180175
5,598.8082604702148,36.053614950522984
5,598.8184823869807,35.85052110841672
5,598.8287030343291,35.96579098468009
5,598.8389224122602,35.66323519155982
5,598.8491405207737,35.506489542514494
5,598.8593573598699,35.243233552923705
5,598.8695729295486,34.88774685119949
5,598.8797872298097,34.87353686548413
5,598.8900002606536,34.60271149444915
5,598.9002120220798,34.451020128272454
5,598.9104225140887,34.15242636677968
5,598.9206317366801,34.34508406382477
5,598.9308396898541,33.83981727603325
5,598.9410463736106,33.549537751897056
5,598.9512517879497,33.77962739994763
5,598.9614559328712,33.36915063737897
5,598.9716588083754,33.127266472359786
5,598.9818604144622,33.42316924425268
5,598.9920607511314,32.99913304940528
5,599.0022598183832,33.10367498266152
5,599.0124576162175,32.88767240301519
5,599.0226541446344,32.67950619101026
5,599.0328494036338,32.37722573907819
5,599.0430433932158,32.74604472123046
5,599.0532361133804,32.248801581127786
5,599.0634275641274,31.9860697013757
5,599.0736177454571,31.880860600049665
5,599.0838066573693,31.7108660925451
5,599.093994299864,31.98182969224888
5,599.1041806729413,31.522262348484414
5,599.1143657766012,31.476634698639987
5,599.1245496108435,31.269185967553174
5,599.1347321756684,31.41125301371723
5,599.1449134710759,31.02432618659051
5,599.155093497066,30.614534754417797
5,599.1652722536385,30.884514291017737
5,599.1754497407936,30.760930657134622
5,599.1856259585313,30.29761780259053
5,599.1958009068516,30.171942400521182
5,599.2059745857542,30.33117134842125
5,599.2161469952396,30.133290317184148
5,599.2263181353075,30.289943996486734
5,599.2364880059579,29.783349136643228
5,599.2466566071909,29.74755074791037
5,599.2568239390064,29.70838814044247
5,599.2669900014043,29.50632467151488
5,599.277154794385,29.719250400556238
5,599.2873183179481,29.436170761666535
5,599.2974805720938,29.245175179867275
5,599.3076415568221,29.150409629114705
5,599.3178012721329,28.95197009242317
5,599.3279597180262,29.3083096630221
5,599.3381168945021,28.79665947649829
5,599.3482728015606,28.632814410636627
5,599.3584274392016,28.695419286696154
5,599.3685808074251,28.613503986743897
5,599.3787329062312,28.74886742690839
5,599.3888837356197,28.480552106739307
5,599.3990332955909,28.185505663675645
5,599.4091815861447,28.19884144507099
5,599.4193286072809,27.79527924259893
5,599.4294743589999,28.15007166936469
5,599.4396188413012,27.933047599681508
5,599.4497620541852,27.835475447361198
5,599.4599039976516,27.600937642857726
5,599.4700446717006,27.6009370514352
5,599.4801840763322,27.58397579934354
5,599.4903222115463,27.175597496270917
5,599.500459077343,27.364804198995927
5,599.5105946737222,27.128671822490315
5,599.5207290006839,26.86384793391598
5,599.5308620582282,26.977146843563084
5,599.5409938463551,26.961824766751892
5,599.5511243650645,26.854633659883635
5,599.5612536143565,26.902646740940114
5,599.571381594231,26.729340038380908
5,599.581508304688,26.664777200432724
5,599.5916337457276,26.207292103055334
5,599.6017579173498,26.506375029310973
5,599.6118808195545,26.306770695868256
5,599.6220024523417,26.30492861283965
5,599.6321228157115,26.14595318705783
5,599.6422419096639,26.316383341714005
5,599.6523597341987,26.07205456750048
5,599.6624762893161,25.742129275321297
5,599.6725915750161,25.756958453916848
5,599.6827055912987,25.653048722508927
5,599.6928183381638,25.6338646121427
5,599.7029298156114,25.464449354242152
5,599.7130400236416,25.161332788552425
5,599.7231489622543,25.344418704411094
5,599.7332566314495,25.147187188788877
5,599.7433630312274,25.12261498579148
5,599.7534681615878,25.007438090163795
5,599.7635720225306,24.97583864429094
5,599.7736746140562,24.78936382448407
5,599.7837759361641,24.696273379464866
5,599.7938759888548,24.969069490478585
5,599.8039747721278,24.70886978390264
5,599.8140722859835,24.510667935021896
5,599.8241685304217,24.49554959401713
5,599.8342635054424,24.54211285007937
5,599.8443572110458,24.409676361879928
5,599.8544496472316,24.300082086637836
5,599.8645408140001,24.106147935236226
5,599.874630711351,24.222921453874825
5,599.8847193392845,23.83980081507613
5,599.8948066978005,24.08839673147021
5,599.9048927868992,24.057548323361885
5,599.9149776065802,23.879061907248673
5,599.925061156844,23.995196871016013
5,599.9351434376902,23.75232926492962
5,599.945224449119,23.687941691458533
5,599.9553041911304,23.665775354898596
5,599.9653826637242,23.67181161050613
5,599.9754598669007,23.56231247304256
5,599.9855358006596,23.488420258957866
5,599.9956104650012,23.373591068851137
5,600.0056838599253,23.240705856011363
5,600.0157559854318,22.89906537688026
5,600.025826841521,23.277919627695443
5,600.0358964281928,23.38887873879857
5,600.045964745447,23.162174575547642
5,600.0560317932839,22.99165986432083
5,600.0660975717033,23.057123651907254
5,600.0761620807051,22.72493725264383
5,600.0862253202896,23.003878176083028
5,600.0962872904566,22.661025731825514
5,600.1063479912062,22.65218608985514
5,600.1164074225383,22.420151688032853
5,600.126465584453,22.511203606016615
5,600.1365224769502,22.504263705923805
5,600.14657810003,22.33712712668124
5,600.1566324536922,22.487047505729393
5,600.166685537937,22.3545957339173
5,600.1767373527645,22.21812622835404
5,600.1867878981744,22.348514742889108
5,600.196837174167,22.02286340628673
5,600.206885180742,22.12689885800338
5,600.2169319178995,22.074742735256237
5,600.2269773856397,21.75185248417926
5,600.2370215839624,21.70293486870471
5,600.2470645128676,21.732336820323145
5,600.2571061723554,21.72020383451697
5,600.2671465624258,21.467025505174618
5,600.2771856830786,21.658460000108292
5,600.2872235343141,21.659013543050325
5,600.2972601161321,21.5740293572611
5,600.3072954285326,21.414799427139528
5,600.3173294715157,21.578397641424537
5,600.3273622450813,21.427337884306183
5,600.3373937492295,21.29109285410415
5,600.3474239839602,21.216532165066727
5,600.3574529492735,21.07639134683834
5,600.3674806451693,21.200814816342533
5,600.3775070716476,21.187021755769933
5,600.3875322287086,21.098461866251366
5,600.397556116352,20.884915061385325
5,600.407578734578,21.013254637442248
5,600.4176000833866,20.69319580620733
5,600.4276201627777,20.828970305654273
5,600.4376389727513,20.972688173471457
5,600.4476565133075,20.57911841380037
5,600.4576727844462,20.654935013065028
5,600.4676877861675,20.587454801567763
5,600.4777015184713,20.636938900699615
5,600.4877139813578,20.428945533713662
5,600.4977251748268,20.709705144526342
5,600.5077350988782,20.288408917060764
5,600.5177437535123,20.561819526981022
5,600.5277511387288,20.127092168226945
5,600.5377572545281,20.250211956012063
5,600.5477621009097,20.232893555249678
5,600.5577656778739,20.18258985774323
5,600.5677679854207,20.266667792820233
5,600.57776902355,19.9426762743046
5,600.587768792262,19.882127977878383
5,600.5977672915564,19.94141885535129
5,600.6077645214333,19.875196392432894
5,600.6177604818929,19.933977216938718
5,600.6277551729349,19.842663863434623
5,600.6377485945595,19.788521975927083
5,600.6477407467667,19.534976997076118
5,600.6577316295565,19.820238761524582
5,600.6677212429287,19.810384787789065
5,600.6777095868835,19.58073295083836
5,600.6876966614209,19.404558323055635
5,600.6976824665408,19.302842705836927
5,600.7076670022433,19.4252448148992
5,600.7176502685282,19.276977819181965
5,600.7276322653958,19.50391876498343
5,600.7376129928459,19.21279488799506
5,600.7475924508785,19.233139209985563
5,600.7575706394938,19.099431435935827
5,600.7675475586915,19.165117046323875
5,600.7775232084718,19.019700730516238
5,600.7874975888346,18.996485247403687
5,600.7974706997801,19.026221278114978
5,600.807442541308,19.021253279365297
5,600.8174131134185,19.033448592644007
5,600.8273824161115,18.891576135731984
5,600.8373504493871,18.891398013919417
5,600.8473172132452,18.918716908681183
5,600.857282707686,18.62109327034694
5,600.8672469327091,18.55354560843694
5,600.877209888315,18.659376639306593
5,600.8871715745032,18.55202528653415
5,600.8971319912741,18.532766352837186
5,600.9070911386275,18.43941614300014
5,600.9170490165635,18.31972111003665
5,600.9270056250821,18.413789132288457
5,600.9369609641831,18.438695321543044
5,600.9469150338667,18.426534072226424
5,600.9568678341329,18.255494183961737
5,600.9668193649816,18.239704602405222
5,600.9767696264129,18.088370977301206
5,600.9867186184267,18.004891589258705
5,600.996666341023,18.227403147823626
5,601.0066127942019,18.047408938600174
5,601.0165579779634,17.976606744948224
5,601.0265018923074,18.0019870727706
5,601.0364445372339,17.989913334405767
5,601.0463859127431,17.861786843486325
5,601.0563260188347,17.83902819168855
5,601.066264855509,17.72755718858082
5,601.0762024227656,17.714521294478736
5,601.0861387206049,17.751027049568375
5,601.0960737490268,17.599812309171654
5,601.1060075080312,17.479106038003813
5,601.1159399976182,17.566838205492893
5,601.1258712177876,17.548187996785913
5,601.1358011685396,17.423960341215295
5,601.1457298498742,17.357080173076753
5,601.1556572617914,17.313254113540516
5,601.165583404291,17.415893543767396
5,601.1755082773733,17.361472590349244
5,601.1854318810381,17.267735639510654
5,601.1953542152853,17.177302395308697
5,601.2052752801152,17.278551456040773
5,601.2151950755276,17.20556636981217
5,601.2251136015226,17.15623639811882
5,601.2350308581001,17.033150501569086
5,601.2449468452602,17.03554780818709
5,601.2548615630028,16.969084900814334
5,601.264775011328,17.048005984897163
5,601.2746871902357,17.058303157711556
5,601.2845980997259,16.921191442624938
5,601.2945077397987,16.766410879483495
5,601.3044161104541,16.696967904092183
5,601.314323211692,16.784722111319322
5,601.3242290435124,16.658227589001484
5,601.3341336059154,16.715176663313986
5,601.344036898901,16.605332909112118
5,601.3539389224691,16.534266622697118
5,601.3638396766198,16.553100048887636
5,601.373739161353,16.556337297626012
5,601.3836373766687,16.578520975874575
5,601.393534322567,16.43847328015053
5,601.4034299990478,16.332157950701777
5,601.4133244061112,16.38564093111557
5,601.4232175437571,16.343963889080495
5,601.4331094119856,16.284082363090285
5,601.4430000107967,16.299984230042796
5,601.4528893401903,16.334612450754822
5,601.4627774001664,16.264752803076878
5,601.472664190725,16.117799098734846
5,601.4825497118662,16.217642449026975
5,601.4924339635901,16.09932271734403
5,601.5023169458964,16.138450678718677
5,601.5121986587852,16.164997925856866
5,601.5220791022566,15.965756054202295
5,601.5319582763107,15.906979871653494
5,601.5418361809471,15.904501024891252
5,601.5517128161662,15.865271637292574
5,601.5615881819679,15.854331002265141
5,601.571462278352,15.70699552228853
5,601.5813351053187,15.756829289255075
5,601.591206662868,15.856296661967745
5,601.6010769509998,15.759285546662865
5,601.6109459697141,15.76705863585392
5,601.620813719011,15.719135177830928
5,601.6306801988904,15.643401443062947
5,601.6405454093524,15.607546875302791
5,601.650409350397,15.600175870897893
5,601.6602720220241,15.371169000378206
5,601.6701334242338,15.449326500172035
5,601.6799935570259,15.6219258703919
5,601.6898524204006,15.480328722618271
5,601.699710014358,15.441537915063819
5,601.7095663388977,15.436360117602845
5,601.7194213940202,15.404313738013798
5,601.729275179725,15.327887543331855
5,601.7391276960126,15.304180587242156
5,601.7489789428826,15.284165026679553
5,601.7588289203352,15.19972044629408
5,601.7686776283703,15.222558022797454
5,601.778525066988,15.21699786900903
5,601.7883712361881,15.15460777918326
5,601.798216135971,15.207949293894073
5,601.8080597663363,15.01965668013726
5,601.8179021272841,15.151145815866997
5,601.8277432188146,15.057477443512724
5,601.8375830409275,15.184443220159963
5,601.847421593623,15.040136193397759
5,601.8572588769011,15.032180885718935
5,601.8670948907617,15.048465908184413
5,601.8769296352049,14.889310163760161
5,601.8867631102306,15.011419395011831
5,601.8965953158388,14.83464409817181
5,601.9064262520296,14.892945840215564
5,601.916255918803,14.910480187778676
5,601.9260843161588,14.822264765028141
5,601.9359114440973,14.801656444661377
5,601.9457373026183,14.724452732390743
5,601.9555618917218,14.898490152768114
5,601.9653852114079,14.678261406054494
5,601.9752072616766,14.742636552491792
5,601.9850280425278,14.698823542638983
5,601.9948475539614,14.68973958918587
5,602.0046657959778,14.593513853613327
5,602.0144827685766,14.715603211241811
5,602.024298471758,14.691878451335834
5,602.034112905522,14.647464077681255
5,602.0439260698683,14.570332744295232
5,602.0537379647974,14.53286044901906
5,602.063548590309,14.42396709162411
5,602.0733579464031,14.493658455329344
5,602.0831660330798,14.47219551744882
5,602.092972850339,14.447085480439648
5,602.1027783981808,14.425522285158452
5,602.1125826766051,14.422814661182946
5,602.1223856856119,14.379795638414889
5,602.1321874252013,14.333620661355182
5,602.1419878953733,14.391688736829968
5,602.1517870961278,14.40645916190632
5,602.1615850274649,14.344435850095785
5,602.1713816893845,14.425706243114316
5,602.1811770818866,14.304691087190351
5,602.1909712049713,14.265926740197443
5,602.2007640586386,14.112482287893675
5,602.2105556428884,14.22717322385643
5,602.2203459577207,14.005723868771929
5,602.2301350031356,14.131392105116298
5,602.239922779133,14.029716354357904
5,602.249709285713,14.15000261763686
5,602.2594945228756,14.121247750768816
5,602.2692784906206,14.151697200751894
5,602.2790611889484,14.080462419727924
5,602.2888426178586,14.0306733826858
5,602.2986227773513,14.048754967662486
5,602.3084016674266,14.030827376685666
5,602.3181792880844,14.04898391438452
5,602.3279556393247,13.910087917764876
5,602.3377307211476,13.98162768798396
5,602.3475045335531,13.839480496196911
5,602.3572770765412,13.933415724324398
5,602.3670483501118,13.819042241358657
5,602.3768183542649,13.929078106172721
5,602.3865870890005,13.863289837182267
5,602.3963545543187,13.880940941356302
5,602.4061207502195,13.847591952336279
5,602.4158856767028,13.688846460857675
5,602.4256493337687,13.734472656105316
5,602.435411721417,13.79757394595781
5,602.4451728396481,13.784625713784386
5,602.4549326884616,13.680731510851126
5,602.4646912678576,13.71895554230075
5,602.4744485778361,13.657682498515232
5,602.4842046183974,13.697585272338488
5,602.493959389541,13.751789062534252
5,602.5037128912672,13.659200021495204
5,602.5134651235761,13.761448544290928
5,602.5232160864674,13.654693351122939
5,602.5329657799413,13.697465254275816
5,602.5427142039978,13.536197835055075
5,602.5524613586367,13.578728595985304
5,602.5622072438583,13.583975240774905
5,602.5719518596624,13.5432885362588
5,602.581695206049,13.533371920166806
5,602.5914372830182,13.548986108993102
5,602.6011780905699,13.481048560251987
5,602.6109176287042,13.501884792846091
5,602.620655897421,13.450733889852188
5,602.6303928967204,13.584405694312364
5,602.6401286266023,13.57876538766176
5,602.6498630870668,13.354881807292161
5,602.6595962781138,13.455770953117822
5,602.6693281997434,13.394732160876933
5,602.6790588519555,13.422173159722446
5,602.6887882347502,13.2572152964519
5,602.6985163481273,13.344726677601269
5,602.7082431920871,13.32353343213262
5,602.7179687666294,13.319281657750208
5,602.7276930717543,13.380905329525834
5,602.7374161074616,13.370409256531577
5,602.7471378737516,13.323972699006355
5,602.7568583706242,13.27310561669239
5,602.7665775980792,13.349594746936695
5,602.7762955561168,13.204721392406858
5,602.786012244737,13.267515107603504
5,602.7957276639396,13.178084262444955
5,602.8054418137249,13.170988906383327
5,602.8151546940927,13.188926191373877
5,602.824866305043,13.21868448529098
5,602.8345766465759,13.1534174309239
5,602.8442857186914,13.174180341430093
5,602.8539935213893,13.138825765147127
5,602.8637000546698,13.175173742859055
5,602.873405318533,13.091631372738988
5,602.8831093129786,13.12008580381413
5,602.8928120380067,13.046290014050497
5,602.9025134936174,13.066385789747205
5,602.9122136798107,13.045830775867831
5,602.9219125965866,13.004331169132165
5,602.9316102439449,13.044912432858865
5,602.9413066218858,13.012546598778096
5,602.9510017304093,13.029265179372338
5,602.9606955695153,13.024951274615253
5,602.9703881392039,13.029069099597171
5,602.980079439475,12.966153993157741
5,602.9897694703286,12.960396558716623
5,602.9994582317648,12.938314386243555
5,603.0091457237836,12.999262530188982
5,603.0188319463849,13.000629874849738
5,603.0285168995688,12.982433707552003
5,603.0382005833352,12.890357764003607
5,603.0478829976842,12.904003725467218
5,603.0575641426157,12.906893438482193
5,603.0672440181297,12.89453138207015
5,603.0769226242263,12.843277180454264
5,603.0865999609055,12.824895290024159
5,603.0962760281672,12.872947255840877
5,603.1059508260114,12.879717246086415
5,603.1156243544382,12.895960677084078
5,603.1252966134475,12.83252396655296
5,603.1349676030394,12.829425441978804
5,603.1446373232138,12.797206257220303
5,603.1543057739708,12.793307356054228
5,603.1639729553103,12.857438829558449
5,603.1736388672324,12.710473234979531
5,603.183303509737,12.678981123508825
5,603.1929668828242,12.807712333093368
5,603.2026289864939,12.6777675402328
5,603.2122898207462,12.69635846886793
5,603.221949385581,12.71176876589699
5,603.2316076809984,12.649298275747823
5,603.2412647069983,12.728471118034566
5,603.2509204635808,12.67115055022343
5,603.2605749507458,12.62739978336272
5,603.2702281684933,12.68774701416457
5,603.2798801168234,12.635526904446035
5,603.2895307957361,12.621737430624814
5,603.2991802052313,12.631684460937459
5,603.308828345309,12.55011799229893
5,603.3184752159693,12.722813597969365
5,603.3281208172122,12.556087858705558
5,603.3377651490376,12.621250189403051
5,603.3474082114456,12.550300688363452
5,603.357050004436,12.681776362199432
5,603.3666905280091,12.559058332839909
5,603.3763297821647,12.523272538763665
5,603.3859677669028,12.618862905609099
5,603.3956044822235,12.610004405597115
5,603.4052399281268,12.525852982227528
5,603.4148741046125,12.549315296981785
5,603.4245070116808,12.528055779873501
5,603.4341386493318,12.544200830424305
5,603.4437690175652,12.538592772400294
5,603.4533981163812,12.5799566830147
5,603.4630259457797,12.474595401429982
5,603.4726525057607,12.485507309056455
5,603.4822777963244,12.513625840828064
5,603.4919018174705,12.451127208698642
5,603.5015245691993,12.460684607303284
5,603.5111460515105,12.481500604018484
5,603.5207662644043,12.47990080719814
5,603.5303852078807,12.484946247152207
5,603.5400028819396,12.499893364060982
5,603.5496192865811,12.45141036471565
5,603.5592344218051,12.44714016364706
5,603.5688482876117,12.405216170667586
5,603.5784608840007,12.440036016450486
5,603.5880722109724,12.403066378334579
5,603.5976822685266,12.490628004009837
5,603.6072910566634,12.400208516409842
5,603.6168985753827,12.42140790516923
5,603.6265048246845,12.372724953065799
5,603.636109804569,12.329970551434348
5,603.6457135150358,12.362659019693101
5,603.6553159560854,12.380195100634465
5,603.6649171277174,12.362874111210877
5,603.674517029932,12.310060355113658
5,603.6841156627291,12.412115991338355
5,603.6937130261088,12.297372303016294
5,603.703309120071,12.402870146298993
5,603.7129039446158,12.252809268791502
5,603.7224974997431,12.293547551093521
5,603.732089785453,12.256718203898375
5,603.7416808017455,12.282575895796201
5,603.7512705486205,12.336638483757945
5,603.7608590260779,12.289978575894821
5,603.770446234118,12.194155838211183
5,603.7800321727407,12.217856842319911
5,603.7896168419458,12.234462207832605
5,603.7992002417335,12.20582638378515
5,603.8087823721038,12.250096817481255
5,603.8183632330566,12.206846190380336
5,603.827942824592,12.22404990526892
5,603.8375211467098,12.269890865138962
5,603.8470981994103,12.17247638385956
5,603.8566739826933,12.217127004332507
5,603.8662484965589,12.222880047627209
5,603.875821741007,12.247602452432227
5,603.8853937160377,12.237790166400831
5,603.8949644216508,12.190361940268563
5,603.9045338578466,12.223428966087594
5,603.9141020246249,12.107567438439407
5,603.9236689219857,12.105906920844651
5,603.9332345499291,12.19279371933121
5,603.9427989084551,12.181080527027994
5,603.9523619975636,12.131674725753061
5,603.9619238172546,12.181639793284546
5,603.9714843675282,12.123770693207383
5,603.9810436483843,12.159076433339887
5,603.990601659823,12.11480828552397
5,604.0001584018443,12.161846558315638
5,604.009713874448,12.11823723734816
5,604.0192680776344,12.14167822926628
5,604.0288210114032,12.11687990906343
5,604.0383726757547,12.149589314961244
5,604.0479230706886,12.107142462453183
5,604.0574721962051,12.114253442882129
5,604.0670200523042,12.151641830955027
5,604.0765666389858,12.088140509365752
5,604.08611195625,12.176364339658756
5,604.0956560040967,12.159019093734559
5,604.1051987825259,12.089673956657991
5,604.1147402915377,12.090595870633207
5,604.1242805311322,12.051078849358301
5,604.1338195013091,11.995915882626097
5,604.1433572020685,12.025525281684747
5,604.1528936334105,12.059067610364252
5,604.162428795335,11.949030791185145
5,604.1719626878421,12.042756859323907
5,604.1814953109317,12.005771074465908
5,604.191026664604,12.031260923567011
5,604.2005567488587,11.990105429844794
5,604.210085563696,12.00546727419996
5,604.2196131091158,12.066942950696848
5,604.2291393851183,11.946830981621021
5,604.2386643917032,12.087782618105033
5,604.2481881288707,12.080198561836161
5,604.2577105966207,11.995948286029753
5,604.2672317949533,11.986005833943539
5,604.2767517238684,11.993577931960992
5,604.2862703833661,11.90472847590361
5,604.2957877734464,11.897163520433699
5,604.3053038941091,11.901098743318869
5,604.3148187453544,12.009796342021765
5,604.3243323271823,11.928181154246975
5,604.3338446395927,11.961598023261576
5,604.3433556825856,11.989692130206981
5,604.3528654561612,11.905101530774889
5,604.3623739603192,11.907465514653257
5,604.3718811950599,12.007082335054672
5,604.381387160383,11.9356600433318
5,604.3908918562887,11.949614299696822
5,604.400395282777,11.845100757203026
5,604.4098974398478,11.927078944150043
5,604.4193983275012,11.83062396028757
5,604.428897945737,11.899208527758999
5,604.4383962945556,11.926565150746262
5,604.4478933739565,11.990588920725079
5,604.4573891839401,11.949261155695988
5,604.4668837245061,11.863930616384133
5,604.4763769956548,11.900058734574428
5,604.485868997386,11.848603134627501
5,604.4953597296998,11.85207348099039
5,604.504849192596,11.819934739298791
5,604.5143373860749,11.923904531982934
5,604.5238243101362,11.89105048268256
5,604.5333099647802,11.887779529137612
5,604.5427943500067,11.90399939018617
5,604.5522774658157,11.839046011691012
5,604.5617593122073,11.909588748976072
5,604.5712398891814,11.973835980881699
5,604.5807191967381,11.87177788730396
5,604.5901972348773,11.8561365188705
5,604.599674003599,11.905034732403074
5,604.6091495029034,11.884008355673867
5,604.6186237327903,11.869575325211239
5,604.6280966932596,11.878880839153
5,604.6375683843116,11.833956680440041
5,604.6470388059462,11.882392710250604
5,604.6565079581633,11.867265299602295
5,604.6659758409628,11.885365505255534
5,604.675442454345,11.871470983998037
5,604.6849077983097,11.827413714906552
5,604.694371872857,11.946754151768882
5,604.7038346779867,11.812833549972881
5,604.7132962136991,11.838531996611929
5,604.722756479994,11.87716440587557
5,604.7322154768715,11.916318150403791
5,604.7416732043315,11.819999840210645
5,604.751129662374,11.848622698851859
5,604.7605848509991,11.853591062228993
5,604.7700387702067,11.865287107559162
5,604.7794914199969,11.90890741588806
5,604.7889428003697,11.786912188173819
5,604.798392911325,11.878030168266488
5,604.8078417528628,11.922118887988978
5,604.8172893249832,11.825735868301647
5,604.826735627686,11.910392224037212
5,604.8361806609715,11.940203526853548
5,604.8456244248396,11.874821873411523
5,604.8550669192902,11.943904117162953
5,604.8645081443233,11.927378114553735
5,604.873948099939,11.872477240417915
5,604.8833867861372,11.88576882253574
5,604.892824202918,11.759168372986764
5,604.9022603502813,11.82492148981414
5,604.9116952282271,11.748513161185981
5,604.9211288367555,11.732849256336973
5,604.9305611758665,11.812304057216792
5,604.93999224556,11.795192536282899
5,604.9494220458361,11.759823750517086
5,604.9588505766947,11.768682562924647
5,604.9682778381359,11.712424933819467
5,604.9777038301596,11.834711200418285
5,604.9871285527659,11.844107721064109
5,604.9965520059546,11.758122965186146
5,605.005974189726,11.806294546192834
5,605.0153951040799,11.858241056646321
5,605.0248147490163,11.79156941390543
5,605.0342331245353,11.730480815291394
5,605.0436502306369,11.794705782393352
5,605.053066067321,11.82936469634613
5,605.0624806345876,11.764084184704478
5,605.0718939324368,11.71989137754005
5,605.0813059608685,11.815142130699908
5,605.0907167198828,11.871022314765256
5,605.1001262094796,11.864218162876888
5,605.109534429659,11.828774667239692
5,605.1189413804209,11.897624366525827
5,605.1283470617653,11.820713370426997
5,605.1377514736924,11.815035049952673
5,605.147154616202,11.878705591504328
5,605.1565564892941,11.932236458284839
5,605.1659570929688,11.932910749517443
5,605.175356427226,11.852714829694671
5,605.1847544920657,11.871159003740711
5,605.1941512874881,11.829273423541663
5,605.203546813493,11.934030986487457
5,605.2129410700803,11.823986456039192
5,605.2223340572504,11.924625234083312
5,605.2317257750028,11.896984587331302
5,605.2411162233378,11.975288541989395
5,605.2505054022555,11.916340948575046
5,605.2598933117556,11.953154832180708
5,605.2692799518384,11.925221988650026
5,605.2786653225036,11.811641021841824
5,605.2880494237514,11.95463361378905
5,605.2974322555817,11.938538082507435
5,605.3068138179946,11.943073242887175
5,605.3161941109901,11.871111569013157
5,605.325573134568,11.9244815899276
5,605.3349508887286,11.909335878045882
5,605.3443273734716,11.983659146842099
5,605.3537025887973,11.965630635969005
5,605.3630765347054,11.951360676304375
5,605.3724492111962,11.922904969258074
5,605.3818206182696,11.934864027930443
5,605.3911907559253,11.971935016169505
5,605.4005596241637,11.94142577887917
5,605.4099272229846,11.93747762701309
5,605.4192935523881,12.028601680790747
5,605.4286586123741,12.052164988391228
5,605.4380224029427,11.998041553591174
5,605.4473849240939,11.965984245513544
5,605.4567461758274,11.996430307049838
5,605.4661061581437,11.991128361651244
5,605.4754648710425,11.997781845140887
5,605.4848223145237,11.925912172897613
5,605.4941784885876,11.94939821278422
5,605.5035333932341,12.041556611488058
5,605.512887028463,11.980100094474095
5,605.5222393942745,12.048333363815233
5,605.5315904906686,12.085808190260131
5,605.5409403176451,12.033500069095492
5,605.5502888752043,12.045502248143766
5,605.559636163346,12.01688895183208
5,605.5689821820703,12.026046250512982
5,605.5783269313771,12.056669793044277
5,605.5876704112663,12.098034024139896
5,605.5970126217383,12.112563426819273
5,605.6063535627927,12.122981575159073
5,605.6156932344297,11.95115919571751
5,605.6250316366493,12.058734328963078
5,605.6343687694513,12.08183716259818
5,605.6437046328359,12.126723955079065
5,605.6530392268031,12.111796625005265
5,605.6623725513529,12.052809844714696
5,605.6717046064852,12.052823542650154
5,605.6810353922,11.982371713847593
5,605.6903649084974,12.111731073821051
5,605.6996931553773,12.082648565094836
5,605.7090201328397,12.125344760406604
5,605.7183458408847,12.091241217494147
5,605.7276702795123,12.1071411265545
5,605.7369934487224,12.18100177510563
5,605.746315348515,12.137884637560983
5,605.7556359788903,12.100145938118459
5,605.764955339848,12.064361665091468
5,605.7742734313883,12.009485380245538
5,605.7835902535112,12.041212294817624
5,605.7929058062166,12.013633547639916
5,605.8022200895045,12.060311916616259
5,605.811533103375,11.999338328197998
5,605.8208448478281,11.999791181721776
5,605.8301553228637,12.028816491136197
5,605.8394645284818,12.030041439485492
5,605.8487724646826,12.004658838201108
5,605.8580791314658,12.094026807122232
5,605.8673845288316,12.078858969326927
5,605.87668865678,12.037423112464216
5,605.8859915153108,12.136399750423713
5,605.8952931044242,12.050144111227734
5,605.9045934241202,12.068695514965684
5,605.9138924743987,12.10439476634567
5,605.9231902552599,12.101951952242223
5,605.9324867667035,12.091939198962708
5,605.9417820087297,12.11407576350122
5,605.9510759813384,12.107778940741964
5,605.9603686845296,12.093638177824776
5,605.9696601183035,12.186159303437558
5,605.9789502826599,12.09093185756074
5,605.9882391775988,12.192898141189637
5,605.9975268031202,12.181378232422631
5,606.0068131592243,12.11894090112232
5,606.0160982459108,12.160768016463198
5,606.0253820631799,12.227398712511523
5,606.0346646110315,12.20668267169666
5,606.0439458894658,12.1794902167474
5,606.0532258984825,12.22712717228551
5,606.0625046380818,12.205054394463057
5,606.0717821082637,12.180071919641241
5,606.0810583090281,12.29626112686226
5,606.090333240375,12.207164872749425
5,606.0996069023046,12.249585808489051
5,606.1088792948166,12.25404051494849
5,606.1181504179112,12.293392183058547
5,606.1274202715883,12.330276977688667
5,606.136688855848,12.319073313317716
5,606.1459561706903,12.21342567330377
5,606.155222216115,12.268970206769477
5,606.1644869921224,12.265253615518162
5,606.1737504987123,12.298282592797511
5,606.1830127358847,12.280601214139605
5,606.1922737036397,12.275674368724426
5,606.2015334019773,12.34716862958961
5,606.2107918308973,12.346413797541054
5,606.2200489904,12.284733095213243
5,606.2293048804851,12.282554595605571
5,606.2385595011528,12.296674885013609
5,606.2478128524031,12.352897844385106
5,606.2570649342359,12.32252803033587
5,606.2663157466512,12.359100637716766
5,606.2755652896492,12.411438176727637
5,606.2848135632297,12.315662489389894
5,606.2940605673926,12.44635064579398
5,606.3033063021383,12.332278729573423
5,606.3125507674663,12.353634250298924
5,606.321793963377,12.34801019888368
5,606.3310358898702,12.386763002297979
5,606.3402765469459,12.41362772368548
5,606.3495159346043,12.370805741131246
5,606.3587540528451,12.312195330572962
5,606.3679909016685,12.322105124027576
5,606.3772264810744,12.359121975810769
5,606.386460791063,12.390700332936541
5,606.3956938316339,12.43981009161769
5,606.4049256027876,12.437570461775074
5,606.4141561045237,12.39873672757611
5,606.4233853368424,12.38898996341634
5,606.4326132997436,12.425812656946299
5,606.4418399932274,12.439305244201504
5,606.4510654172938,12.482099904900634
5,606.4602895719427,12.514176812144758
5,606.469512457174,12.432707073184568
5,606.478734072988,12.495751983156417
5,606.4879544193846,12.499240764568762
5,606.4971734963636,12.52109515109815
5,606.5063913039253,12.539322577851637
5,606.5156078420695,12.535372905188284
5,606.5248231107962,12.471862653467078
5,606.5340371101054,12.565422903552218
5,606.5432498399972,12.532833635162682
5,606.5524613004716,12.502194790870096
5,606.5616714915285,12.57467917852421
5,606.570880413168,12.515653848990961
5,606.58008806539,12.458126641432445
5,606.5892944481946,12.602904567923645
5,606.5984995615817,12.685703327548378
5,606.6077034055513,12.51507353263856
5,606.6169059801035,12.624291607074367
5,606.6261072852383,12.582147387935153
5,606.6353073209556,12.542435011719462
5,606.6445060872554,12.61367094116702
5,606.6537035841378,12.651191550763608
5,606.6628998116028,12.657917811563355
5,606.6720947696502,12.618635293089527
5,606.6812884582803,12.631982489895101
5,606.6904808774929,12.661938127653766
5,606.699672027288,12.607121279901945
5,606.7088619076657,12.637139251387952
5,606.7180505186259,12.70165618888667
5,606.7272378601687,12.73378089114348
5,606.736423932294,12.685300406667988
5,606.7456087350018,12.736260164060393
5,606.7547922682924,12.687825204953755
5,606.7639745321653,12.670370003616531
5,606.7731555266208,12.710167803970496
5,606.7823352516589,12.767311909101164
5,606.7915137072795,12.722205229330628
5,606.8006908934826,12.792035848875901
5,606.8098668102684,12.814199375886057
5,606.8190414576367,12.77265997358803
5,606.8282148355875,12.761945192081676
5,606.8373869441208,12.706103109580642
5,606.8465577832367,12.796071520203553
5,606.8557273529352,12.896640950030813
5,606.8648956532162,12.734622220151875
5,606.8740626840797,12.857049038490803
5,606.8832284455259,12.813622132381706
5,606.8923929375545,12.80414405274395
5,606.9015561601657,12.876543277283366
5,606.9107181133594,12.882864669077167
5,606.9198787971358,12.79574694231885
5,606.9290382114946,12.811190458530852
5,606.9381963564359,12.93221273253242
5,606.9473532319599,12.918633492169556
5,606.9565088380664,12.978514371032443
5,606.9656631747555,12.838882036644938
5,606.974816242027,12.92315889248181
5,606.9839680398811,12.909284932199991
5,606.9931185683179,12.91228566896031
5,607.002267827337,12.882823564987921
5,607.0114158169389,12.936777864662504
5,607.0205625371232,12.946897977820116
5,607.02970798789,12.927717406713429
5,607.0388521692395,12.934336323927194
5,607.0479950811714,13.034888405262977
5,607.057136723686,13.091927931760695
5,607.066277096783,13.030890960910982
5,607.0754162004627,13.057340760354716
5,607.0845540347248,12.968607043341711
5,607.0936905995695,13.039146649410602
5,607.1028258949967,13.016677132090472
5,607.1119599210066,13.116598858622098
5,607.121092677599,13.1209900087719
5,607.1302241647738,13.137724675553427
5,607.1393543825313,13.174186849514625
5,607.1484833308713,13.093936134500444
5,607.1576110097939,13.140867953604944
5,607.166737419299,13.266297928563198
5,607.1758625593866,13.139868745053194
5,607.1849864300568,13.195819867901712
5,607.1941090313095,13.183723027753327
5,607.2032303631448,13.312773009666701
5,607.2123504255627,13.226208516606885
5,607.221469218563,13.235969639829008
5,607.230586742146,13.236851414270165
5,607.2397029963115,13.193903763866498
5,607.2488179810596,13.365522238683281
5,607.2579316963901,13.222336735315565
5,607.2670441423032,13.352854144346331
5,607.2761553187989,13.446982667915535
5,607.2852652258771,13.329243195501238
5,607.2943738635379,13.350808418097035
5,607.3034812317812,13.319735019467265
5,607.3125873306071,13.417332423144902
5,607.3216921600156,13.523417806866444
5,607.3307957200064,13.422808984293475
5,607.33989801058,13.448090763722684
5,607.3489990317361,13.549926794902694
5,607.3580987834747,13.421414273383878
5,607.3671972657959,13.466210919832017
5,607.3762944786996,13.439999024548419
5,607.3853904221858,13.562539457650692
5,607.3944850962546,13.632413817142035
5,607.403578500906,13.597430831598794
5,607.4126706361399,13.525647133127373
5,607.4217615019563,13.536180631714949
5,607.4308510983553,13.67183484056089
5,607.4399394253369,13.601718896384343
5,607.449026482901,13.66604574239374
5,607.4581122710476,13.678136218131499
5,607.4671967897768,13.69053064327052
5,607.4762800390886,13.706071439670412
5,607.4853620189829,13.649902778721838
5,607.4944427294597,13.646524821752282
5,607.5035221705191,13.762560146380894
5,607.512600342161,13.749537559395636
5,607.5216772443855,13.759263901724015
5,607.5307528771925,13.77753775592676
5,607.5398272405821,13.700254685798607
5,607.5489003345542,13.704868806031477
5,607.5579721591089,13.822524292111826
5,607.5670427142461,13.88148719842497
5,607.5761119999659,13.849216330497718
5,607.5851800162682,13.84841359360952
5,607.594246763153,13.81990788735857
5,607.6033122406204,13.940483670466673
5,607.6123764486705,14.063247654191528
5,607.621439387303,13.930337706295452
5,607.630501056518,13.961713304794227
5,607.6395614563156,13.973573007568923
5,607.6486205866958,13.971791807366847
5,607.6576784476584,14.009576358209332
5,607.6667350392038,14.073109981957025
5,607.6757903613316,14.06195424155733
5,607.6848444140419,14.040307232308084
5,607.6938971973348,14.016204214136037
5,607.7029487112103,14.202553616427407
5,607.7119989556683,14.145761150272866
5,607.7210479307088,14.174526976722719
5,607.7300956363318,14.173521311015325
5,607.7391420725376,14.203158966960919
5,607.7481872393257,14.17720215541604
5,607.7572311366964,14.352104350699642
5,607.7662737646498,14.289798185618341
5,607.7753151231856,14.342644210888833
5,607.7843552123039,14.401751246455168
5,607.7933940320049,14.245367414925854
5,607.8024315822884,14.313956507490273
5,607.8114678631543,14.332214535723741
5,607.820502874603,14.22639703513679
5,607.8295366166341,14.311869003662725
5,607.8385690892478,14.341837607944248
5,607.847600292444,14.410638774539162
5,607.8566302262227,14.444245925585008
5,607.8656588905841,14.514026556190197
5,607.8746862855279,14.411882571986862
5,607.8837124110544,14.526295763112804
5,607.8927372671633,14.505261345079017
5,607.9017608538549,14.418617054784617
5,607.9107831711289,14.55548316870833
5,607.9198042189855,14.491670570176543
5,607.9288239974246,14.599848462018343
5,607.9378425064464,14.618015590744601
5,607.9468597460506,14.512207071583058
5,607.9558757162374,14.651969429872745
5,607.9648904170067,14.600580357260457
5,607.9739038483586,14.660318878706386
5,607.982916010293,14.671397906169636
5,607.9919269028101,14.678914265015363
5,608.0009365259097,14.744863779218768
5,608.0099448795917,14.658694430095464
5,608.0189519638564,14.850529275419138
5,608.0279577787035,14.704154178077992
5,608.0369623241332,14.797533233282428
5,608.0459656001456,14.860121596640571
5,608.0549676067403,14.81927896787364
5,608.0639683439177,14.895845268398089
5,608.0729678116777,14.89746761708498
5,608.0819660100201,14.896578392217354
5,608.0909629389452,14.91605537741444
5,608.0999585984528,14.85873629228817
5,608.1089529885429,14.986267252030764
5,608.1179461092155,14.964641515954524
5,608.1269379604707,15.094421044828406
5,608.1359285423085,15.001359829399698
5,608.1449178547289,15.063172105697683
5,608.1539058977316,15.021215389452864
5,608.1628926713171,15.09486319823876
5,608.1718781754851,15.092997501149691
5,608.1808624102356,15.088041372420221
5,608.1898453755687,15.118600228267084
5,608.1988270714842,15.153522166618444
5,608.2078074979823,15.147918666846438
5,608.2167866550631,15.153912517152289
5,608.2257645427263,15.245915243766447
5,608.2347411609721,15.217071188347903
5,608.2437165098005,15.425574380593892
5,608.2526905892114,15.454704464636636
5,608.2616633992048,15.497873098696484
5,608.2706349397807,15.405725216649882
5,608.2796052109393,15.533281129498482
5,608.2885742126804,15.526290014009676
5,608.297541945004,15.581646393743267
5,608.3065084079102,15.592457934559903
5,608.3154736013989,15.634635083883609
5,608.3244375254702,15.64275044363203
5,608.333400180124,15.685844473767864
5,608.3423615653604,15.65678709646192
5,608.3513216811793,15.805147933713087
5,608.3602805275808,15.778083497054691
5,608.3692381045648,15.749150527037354
5,608.3781944121314,15.801565965833909
5,608.3871494502805,15.892871186842944
5,608.3961032190122,15.794321393557237
5,608.4050557183264,15.832379750405286
5,608.4140069482232,15.875459968596326
5,608.4229569087025,15.850618434422596
5,608.4319055997644,15.97730525023909
5,608.4408530214088,15.957895632301154
5,608.4497991736357,15.904922691365359
5,608.4587440564452,16.005789448054454
5,608.4676876698372,15.94608106821359
5,608.4766300138118,15.999402788487567
5,608.485571088369,15.986291638279065
5,608.4945108935087,16.048699730655237
5,608.503449429231,16.029117991038316
5,608.5123866955357,16.141447912109353
5,608.521322692423,16.16717857524908
5,608.530257419893,16.166374095673593
5,608.5391908779454,16.202850687823513
5,608.5481230665804,16.12638731477734
5,608.5570539857979,16.03630442961467
5,608.5659836355981,16.158829849043315
5,608.5749120159807,16.300520834678398
5,608.5838391269458,16.260782352826645
5,608.5927649684936,16.32311289838851
5,608.6016895406239,16.322286665683315
5,608.6106128433366,16.412720122683908
5,608.6195348766321,16.245879821226264
5,608.62845564051,16.454954160419817
5,608.6373751349704,16.364415678647525
5,608.6462933600135,16.469787773808065
5,608.655210315639,16.3743478643597
5,608.6641260018471,16.557270656524658
5,608.6730404186378,16.50663176238706
5,608.681953566011,16.560917877962364
5,608.6908654439668,16.51138839390901
5,608.6997760525051,16.55816664785202
5,608.7086853916259,16.63712137207334
5,608.7175934613293,16.51375361812658
5,608.7265002616152,16.678809458076245
5,608.7354057924838,16.630658516641336
5,608.7443100539348,16.74809452591517
5,608.7532130459684,16.7450979297699
5,608.7621147685845,16.725352615264622
5,608.7710152217833,16.680809842813098
5,608.7799144055645,16.798938710072303
5,608.7888123199283,16.80526573651743
5,608.7977089648746,16.923217679280686
5,608.8066043404035,16.84969636996106
5,608.815498446515,16.71311576979227
5,608.8243912832089,17.02307679341117
5,608.8332828504855,16.96469601666963
5,608.8421731483445,17.015560036870315
5,608.8510621767862,16.936389478811584
5,608.8599499358104,17.14899821685454
5,608.868836425417,17.024329075939086
5,608.8777216456064,17.1157658524028
5,608.8866055963782,17.03337817825638
5,608.8954882777325,17.126669938386282
5,608.9043696896695,17.15511192127223
5,608.913249832189,17.258689038089525
5,608.9221287052909,17.10556334317028
5,608.9310063089755,17.38785081465228
5,608.9398826432426,17.232329397926375
5,608.9487577080922,17.16499030749074
5,608.9576315035245,17.123163522808557
5,608.9665040295392,17.352406135712663
5,608.9753752861366,17.379315319476433
5,608.9842452733163,17.3664245412132
5,608.9931139910788,17.32676895709658
5,609.0019814394237,17.57518042815888
5,609.0108476183512,17.46630422907256
5,609.0197125278613,17.54569911841329
5,609.0285761679538,17.433196651764653
5,609.037438538629,17.492714881323778
5,609.0462996398867,17.55113159506978
5,609.0551594717269,17.541218366913625
5,609.0640180341497,17.49087385734397
5,609.0728753271551,18.002385265963422
5,609.081731350743,18.11217813194987
5,609.0905861049134,17.881599689927143
5,609.0994395896663,18.034040772569796
5,609.1082918050018,17.95014462805728
5,609.1171427509199,18.127913442838317
5,609.1259924274206,18.055261978322516
5,609.1348408345037,18.01947101644137
5,609.1436879721695,18.190890620708597
5,609.1525338404177,18.268799528775478
5,609.1613784392486,18.182346659211245
5,609.1702217686619,18.231417324294014
5,609.1790638286578,18.232178928474774
5,609.1879046192363,18.304387595504444
5,609.1967441403973,18.34943027902629
5,609.2055823921409,18.428045373701703
5,609.214419374467,18.463956467400692
5,609.2232550873756,18.5205917449049
5,609.2320895308668,18.492556779097878
5,609.2409227049407,18.587295963709025
5,609.249754609597,18.4790895125882
5,609.2585852448358,18.459240642121344
5,609.2674146106572,18.485251709916547
5,609.2762427070611,18.696499570032756
5,609.2850695340476,18.7874880547914
5,609.2938950916166,18.566302774706173
5,609.3027193797682,18.686910024671942
5,609.3115423985024,18.785210823209777
5,609.3203641478191,18.904914457153303
5,609.3291846277183,18.982897420716164
5,609.3380038382,18.79857265918195
5,609.3468217792644,18.721287822041276
5,609.3556384509113,19.021338108928553
5,609.3644538531407,18.806771128598694
5,609.3732679859527,18.981600004955634
5,609.3820808493472,19.06319827815602
5,609.3908924433243,19.135458851458655
5,609.3997027678839,19.16364675419138
5,609.4085118230261,19.248612889196092
5,609.4173196087507,19.18194515534076
5,609.4261261250581,19.188550080983394
5,609.4349313719479,19.178997601421138
5,609.4437353494202,19.210491125765692
5,609.4525380574752,19.134064261094085
5,609.4613394961126,19.110445380134248
5,609.4701396653326,19.404662913604138
5,609.4789385651352,19.15007762637852
5,609.4877361955203,19.257963102303844
5,609.496532556488,19.45029232409394
5,609.5053276480381,19.56487997787919
5,609.5141214701708,19.39390765599299
5,609.5229140228862,19.448340877369453
5,609.531705306184,19.554284542615065
5,609.5404953200645,19.56529325592042
5,609.5492840645273,19.59055289885117
5,609.5580715395729,19.681754991404517
5,609.5668577452009,19.585864912867684
5,609.5756426814115,19.68079264721248
5,609.5844263482046,19.690047201685932
5,609.5932087455803,19.842067881770905
5,609.6019898735385,19.851320479757025
5,609.6107697320793,19.725441980277004
5,609.6195483212026,19.796403107302204
5,609.6283256409085,20.0323117855301
5,609.6371016911969,20.057860487061017
5,609.6458764720679,20.28831864926571
5,609.6546499835214,20.379543954908133
5,609.6634222255575,20.48919761328165
5,609.6721931981762,20.236240677192328
5,609.6809629013773,20.553918289916197
5,609.689731335161,20.494624486946787
5,609.6984984995273,20.722820276837837
5,609.707264394476,20.74045023476377
5,609.7160290200075,20.75358788309388
5,609.7247923761213,20.73623837567662
5,609.7335544628178,20.644539200986404
5,609.7423152800968,20.879651877984042
5,609.7510748279584,20.9493833521775
5,609.7598331064024,20.97678325498449
5,609.7685901154291,20.837460066316282
5,609.7773458550383,21.013741792550462
5,609.7861003252301,20.93599691156005
5,609.7948535260043,20.98313549158462
5,609.8036054573612,20.909225634890404
5,609.8123561193006,21.259018509667055
5,609.8211055118226,20.98117703569526
5,609.829853634927,21.30714984019866
5,609.838600488614,21.134290867036775
5,609.8473460728836,21.445217055509705
5,609.8560903877358,21.27894294668425
5,609.8648334331705,21.4251759971192
5,609.8735752091877,21.422129623980638
5,609.8823157157874,21.465752993642603
5,609.8910549529697,21.561836472433004
5,609.8997929207346,21.610045090847592
5,609.9085296190821,21.58632744351616
5,609.917265048012,21.60103846860096
5,609.9259992075246,21.626972648781607
5,609.9347320976196,21.784030363348798
5,609.9434637182973,22.07561075819109
5,609.9521940695574,21.772558520894055
5,609.9609231514002,21.81118032339305
5,609.9696509638254,21.966568790480363
5,609.9783775068332,21.789363399709863
5,609.9871027804236,22.03531204369687
5,609.9958267845965,22.14164830888294
5,610.0045495193519,22.219766189042716
5,610.0132709846899,22.328626923797767
5,610.0219911806105,22.337606642918466
5,610.0307101071136,22.283588503396214
5,610.0394277641992,22.224471523667876
5,610.0481441518674,22.38238460385205
5,610.0568592701181,22.444449930160793
5,610.0655731189514,22.534571002836397
5,610.0742856983672,22.35677213450447
5,610.0829970083656,22.58544859851604
5,610.0917070489465,22.636734541584506
5,610.10041582011,22.82429255857443
5,610.1091233218561,22.97164314923597
5,610.1178295541847,23.044933175801344
5,610.1265345170958,23.20520784352537
5,610.1352382105895,23.39287465856391
5,610.1439406346657,23.33240344962501
5,610.1526417893244,23.278734329821383
5,610.1613416745658,23.509063784490184
5,610.1700402903897,23.508211245980824
5,610.1787376367961,23.518527647557985
5,610.187433713785,23.564320702685652
5,610.1961285213566,23.45327113613093
5,610.2048220595107,23.580269663985337
5,610.2135143282472,23.650542475251605
5,610.2222053275664,23.76910522182638
5,610.2308950574682,23.973467850363132
5,610.2395835179524,23.728109048289394
5,610.2482707090192,23.7831625645854
5,610.2569566306686,23.987100436923146
5,610.2656412829004,23.875039700100917
5,610.2743246657149,24.1488319648932
5,610.2830067791119,24.207149184254703
5,610.2916876230914,24.143278856064956
5,610.3003671976535,24.251385186127372
5,610.3090455027982,24.155606166904878
5,610.3177225385253,24.287833405307808
5,610.3263983048352,24.312504166614033
5,610.3350728017274,24.387597111713294
5,610.3437460292022,24.47725399734805
5,610.3524179872596,24.715575921879772
5,610.3610886758995,24.56930269460432
5,610.369758095122,24.857362196626063
5,610.378426244927,24.517597849818724
5,610.3870931253147,24.865287287034715
5,610.3957587362847,24.795146288595472
5,610.4044230778375,25.19364365148721
5,610.4130861499726,24.84080198382961
5,610.4217479526905,25.166438374144676
5,610.4304084859907,25.201663527753478
5,610.4390677498736,25.286832060956293
5,610.447725744339,24.8503980991259
5,610.456382469387,25.414881729033258
5,610.4650379250176,25.457571735658917
5,610.4736921112305,25.503318614738337
5,610.4823450280262,25.470441093376735
5,610.4909966754043,25.509663543204493
5,610.499647053365,26.05618350438336
5,610.5082961619083,26.167119695597865
5,610.5169440010341,26.03006909563958
5,610.5255905707425,26.104318490516196
5,610.5342358710334,26.444085238353534
5,610.5428799019068,26.436098870673515
5,610.5515226633628,26.479618705161947
5,610.5601641554014,26.626694857502816
5,610.5688043780224,26.45393056504567
5,610.577443331226,26.698068169034077
5,610.5860810150123,26.442129242427953
5,610.594717429381,26.70945924682346
5,610.6033525743322,26.794830128980013
5,610.6119864498661,26.895863630448424
5,610.6206190559825,27.092718006839288
5,610.6292503926815,27.23389160265461
5,610.6378804599628,27.111003743436246
5,610.6465092578269,27.245426100048135
5,610.6551367862735,27.319167796116158
5,610.6637630453026,27.20518935687001
5,610.6723880349143,27.4627696218828
5,610.6810117551086,27.085405792637722
5,610.6896342058852,27.398033607943766
5,610.6982553872446,27.38662904240046
5,610.7068752991864,27.529985930156172
5,610.7154939417109,27.8269311503816
5,610.7241113148178,27.523068727420416
5,610.7327274185074,27.6578432069305
5,610.7413422527794,27.841018622009752
5,610.749955817634,27.716363820499453
5,610.7585681130712,28.01584187185795
5,610.7671791390909,27.944311408968048
5,610.7757888956932,27.82105161876723
5,610.784397382878,28.07944851382463
5,610.7930046006453,28.16214570090125
5,610.8016105489952,28.271551310919822
5,610.8102152279276,28.456551916880564
5,610.8188186374426,28.538426942232814
5,610.8274207775402,28.514786208230053
5,610.8360216482203,28.559503652719034
5,610.8446212494829,28.637981801796137
5,610.8532195813281,29.222263085166283
5,610.8618166437558,29.153626425411655
5,610.8704124367661,29.448023441811696
5,610.8790069603589,29.52979816223721
5,610.8876002145342,29.3976710160124
5,610.8961921992922,29.41284961822767
5,610.9047829146326,29.810951879883156
5,610.9133723605556,29.844144237670868
5,610.9219605370613,29.86742186113145
5,610.9305474441494,30.057631554853657
5,610.93913308182,29.799035773249095
5,610.9477174500732,29.998428235356663
5,610.956300548909,30.01454419037725
5,610.9648823783274,30.14276372505393
5,610.9734629383282,30.209999004008317
5,610.9820422289116,30.416285603545354
5,610.9906202500775,30.131897265356624
5,610.999197001826,30.506908409862024
5,611.0077724841572,30.559381127772753
5,611.0163466970707,30.654020849921803
5,611.0249196405668,30.80752537200648
5,611.0334913146455,30.466617509173446
5,611.0420617193068,30.75975897849502
5,611.0506308545506,30.956768091242772
5,611.0591987203769,30.56584943551584
5,611.0677653167859,31.02113320873147
5,611.0763306437773,31.320279976843683
5,611.0848947013512,30.983784835395095
5,611.0934574895078,31.349821867803865
5,611.1020190082469,31.317926440997656
5,611.1105792575686,31.280990559997726
5,611.1191382374727,30.885172977946503
5,611.1276959479594,31.53865779365891
5,611.1362523890288,31.79009115653685
5,611.1448075606805,31.658733073423747
5,611.153361462915,31.929159474474247
5,611.1619140957318,31.8177701078325
5,611.1704654591314,31.8770396643135
5,611.1790155531133,32.736790104006275
5,611.1875643776779,32.738677393894605
5,611.196111932825,32.44526932314711
5,611.2046582185546,32.73925618170091
5,611.2132032348669,32.85095332739621
5,611.2217469817616,32.952884637461956
5,611.230289459239,32.93699422210397
5,611.2388306672989,32.93040980529399
5,611.2473706059412,33.345110597694585
5,611.2559092751662,33.75719499456164
5,611.2644466749737,33.606587737687036
5,611.2729828053638,33.54261224233443
5,611.2815176663363,33.24010727711286
5,611.2900512578915,33.24491447528188
5,611.2985835800292,33.58287692900012
5,611.3071146327494,33.74948265315366
5,611.3156444160522,33.9984845702182
5,611.3241729299376,33.772522255242535
5,611.3327001744054,33.899857849524444
5,611.3412261494559,34.312970250514624
5,611.3497508550889,34.259818965165465
5,611.3582742913044,34.42566300753091
5,611.3667964581025,34.29709412959326
5,611.3753173554832,34.47080769902828
5,611.3838369834463,33.95846943632471
5,611.392355341992,34.44921027533844
5,611.4008724311203,34.64678207758854
5,611.4093882508312,34.66536812529038
5,611.4179028011245,34.758030989742984
5,611.4264160820004,34.95550053163288
5,611.4349280934589,35.05885602198873
5,611.4434388354999,34.81644409407251
5,611.4519483081235,35.25026683479154
5,611.4604565113295,35.22462159740529
5,611.4689634451182,35.564341556142175
5,611.4774691094894,35.82398233572951
5,611.4859735044432,36.244675426808215
5,611.4944766299795,36.465277875588995
5,611.5029784860984,35.95650440359566
5,611.5114790727998,36.2116232532296
5,611.5199783900837,35.96513283991327
5,611.5284764379502,36.49881987061827
5,611.5369732163992,36.75011186633622
5,611.5454687254309,36.41515990947018
5,611.553962965045,36.7309330570689
5,611.5624559352417,36.57118825437199
5,611.570947636021,36.75545708194577
5,611.5794380673827,36.875181765033616
5,611.5879272293271,37.05024969034725
5,611.596415121854,37.27498942126344
5,611.6049017449634,37.567452552827596
5,611.6133870986554,37.539306633571485
5,611.6218711829299,37.28073607230806
5,611.630353997787,37.705014415590234
5,611.6388355432266,37.44939144869341
5,611.6473158192488,37.963086661850106
5,611.6557948258535,37.9911587145787
5,611.6642725630408,38.00529651655053
5,611.6727490308106,37.850306619281355
5,611.6812242291629,38.35753288935423
5,611.6896981580979,38.47130547828742
5,611.6981708176154,38.53763394738033
5,611.7066422077154,38.14147768872733
5,611.7151123283979,38.17467716186165
5,611.723581179663,38.41314858781036
5,611.7320487615107,38.201586169514485
5,611.7405150739409,38.53953616827791
5,611.7489801169537,39.21918237716756
5,611.757443890549,39.626714842860764
5,611.7659063947268,39.7457220223444
5,611.7743676294872,39.964953559969246
5,611.7828275948301,39.592108301244465
5,611.7912862907557,40.0193050218564
5,611.7997437172637,40.53321295343042
5,611.8081998743543,40.27057184254164
5,611.8166547620274,40.44809852442341
5,611.8251083802832,40.797854124373025
5,611.8335607291214,40.36092868604654
5,611.8420118085421,40.319905342066576
5,611.8504616185455,40.8359184362067
5,611.8589101591314,40.74695745077208
5,611.8673574302998,41.143964135186366
5,611.8758034320508,41.316526206782
5,611.8842481643843,41.246939645066014
5,611.8926916273003,41.17129105246017
5,611.901133820799,41.259120688965425
5,611.9095747448802,41.93428644806474
5,611.918014399544,41.560674603680745
5,611.9264527847902,41.979544262403095
5,611.9348899006189,42.300935654433765
5,611.9433257470304,41.78933325015351
5,611.9517603240242,42.318993586124094
5,611.9601936316008,42.11377752921325
5,611.9686256697597,42.13888613489282
5,611.9770564385013,42.16798596351653
5,611.9854859378254,42.15813260835252
5,611.9939141677321,42.5971456332909
5,612.0023411282212,43.61868359376419
5,612.010766819293,43.590439553072635
5,612.0191912409473,43.6462760822074
5,612.0276143931842,43.88318414029123
5,612.0360362760035,44.07354706364687
5,612.0444568894055,44.067767190463044
5,612.05287623339,44.310705513516936
5,612.061294307957,44.76595762527646
5,612.0697111131067,44.4078622241898
5,612.0781266488387,44.363943892703524
5,612.0865409151535,44.73239506518734
5,612.0949539120506,44.542950203471385
5,612.1033656395305,45.089577039403125
5,612.1117760975928,44.524486852018036
5,612.1201852862376,45.15449892798268
5,612.1285932054651,45.35366716944914
5,612.1369998552751,45.47229445424855
5,612.1454052356676,45.476841178653615
5,612.1538093466427,45.86707314485727
5,612.1622121882003,45.8084980297223
5,612.1706137603404,45.49739837756978
5,612.1790140630632,46.24876484288314
5,612.1874130963685,46.642642966751815
5,612.1958108602563,46.51609983119802
5,612.2042073547266,46.70307751938625
5,612.2126025797795,46.376579435241865
5,612.220996535415,46.94781692671951
5,612.229389221633,46.919087338035844
5,612.2377806384336,46.9500389843508
5,612.2461707858166,48.09806770772191
5,612.2545596637823,48.03446013949476
5,612.2629472723305,47.783883474540495
5,612.2713336114613,48.398194834713195
5,612.2797186811746,48.68920190259875
5,612.2881024814704,49.46107819837534
5,612.2964850123489,49.758559966430745
5,612.3048662738097,49.35015441577196
5,612.3132462658532,49.285869632745595
5,612.3216249884792,49.748687394494155
5,612.3300024416878,49.61293574222925
5,612.338378625479,50.325010670199326
5,612.3467535398527,50.50768673562472
5,612.3551271848089,50.62789453713889
5,612.3634995603477,50.23328486289546
5,612.371870666469,50.300516908170486
5,612.3802405031729,51.278043922194115
5,612.3886090704593,50.61446511313442
5,612.3969763683283,51.991380569936176
5,612.4053423967798,51.2002265421073
5,612.4137071558139,52.81873572311897
5,612.4220706454305,51.59247836280615
5,612.4304328656297,52.883260235613854
5,612.4387938164114,52.29421893977229
5,612.4471534977756,53.00621588834372
5,612.4555119097224,52.204445449365565
5,612.4638690522518,53.232502991510046
5,612.4722249253637,53.63120179631811
5,612.4805795290582,53.91275116461402
5,612.4889328633352,54.75510332528867
5,612.4972849281947,55.16564787661107
5,612.5056357236368,55.44753975699463
5,612.5139852496615,55.28226494060572
5,612.5223335062686,55.758293290070156
5,612.5306804934584,56.195692304803515
5,612.5390262112307,56.80696345415031
5,612.5473706595856,57.67845265423463
5,612.5557138385229,57.47753384710787
5,612.5640557480428,57.86650362959391
5,612.5723963881454,57.72844163485463
5,612.5807357588304,59.319422452503495
5,612.589073860098,58.32872531782903
5,612.5974106919481,59.05058513699554
5,612.6057462543808,58.458845035906464
5,612.614080547396,59.783131380726076
5,612.6224135709938,59.01880735095686
5,612.6307453251741,60.235365746050704
5,612.639075809937,61.049471657991354
5,612.6474050252824,60.271513510398165
5,612.6557329712103,61.07272497712554
5,612.6640596477209,62.2021740202407
5,612.672385054814,62.176937993403634
5,612.6807091924896,62.35561751878016
5,612.6890320607478,62.67325953081521
5,612.6973536595884,62.99266315421796
5,612.7056739890118,64.40297635903043
5,612.7139930490175,64.86155663769196
5,612.7223108396059,66.05399246828208
5,612.7306273607768,66.97049983319239
5,612.7389426125302,65.78937776033382
5,612.7472565948663,67.57492412277301
5,612.7555693077848,67.86074160487452
5,612.7638807512859,68.05277574701874
5,612.7721909253695,69.05048409969162
5,612.7804998300358,69.8259126842545
5,612.7888074652844,69.33505520626142
5,612.7971138311158,72.07833185709812
5,612.8054189275296,70.67886423122685
5,612.813722754526,71.51028285149677
5,612.8220253121049,71.0104896100931
5,612.8303266002664,72.19158524611655
5,612.8386266190105,72.66199658637356
5,612.846925368337,73.13854767037631
5,612.8552228482462,73.6474571095412
5,612.8635190587378,73.64578659539524
5,612.871813999812,74.1882343509237
5,612.8801076714689,76.21917190571882
5,612.8884000737081,77.08513253072823
5,612.89669120653,78.21249577783298
5,612.9049810699345,76.8378737738468
5,612.9132696639214,79.66368026361219
5,612.9215569884909,80.26266314010806
5,612.929843043643,82.19187343805487
5,612.9381278293775,82.40004773844932
5,612.9464113456947,82.2321230415222
5,612.9546935925945,84.06672333919877
5,612.9629745700767,84.90950680844287
5,612.9712542781415,85.64696653657515
5,612.9795327167889,86.72728288781713
5,612.9878098860188,87.44855320795142
5,612.9960857858313,87.26776194837282
5,613.0043604162262,87.03443717809871
5,613.0126337772037,88.47328672624414
5,613.0209058687639,89.54312975860621
5,613.0291766909065,91.14958863054366
5,613.0374462436317,91.8775587813441
5,613.0457145269394,90.93149727274923
5,613.0539815408297,92.72181013612789
5,613.0622472853025,94.66341436230998
5,613.0705117603579,94.06356836849513
5,613.0787749659959,96.48049035590219
5,613.0870369022164,95.72168044549257
5,613.0952975690194,97.58371151914794
5,613.103556966405,96.71748451109838
5,613.1118150943731,99.4201698223733
5,613.1200719529237,100.96415762914127
5,613.1283275420569,103.19479893492648
5,613.1365818617727,103.62919149465117
5,613.144834912071,104.74045022544131
5,613.1530866929519,105.92964796459985
5,613.1613372044153,106.61799737450649
5,613.1695864464613,107.47738827401609
5,613.1778344190898,111.08805457962178
5,613.1860811223008,111.83119346561162
5,613.1943265560944,112.14079085406337
5,613.2025707204706,109.99156857761069
5,613.2108136154293,113.60825204721253
5,613.2190552409706,116.38881970850179
5,613.2272955970944,118.86305078612766
5,613.2355346838008,118.0368332093994
5,613.2437725010897,119.27941656535715
5,613.2520090489611,119.92837996085231
5,613.2602443274151,122.22437532476057
5,613.2684783364516,123.99299277928483
5,613.2767110760707,124.23606688184354
5,613.2849425462723,125.06127835373799
5,613.2931727470566,126.53340697137034
5,613.3014016784233,129.8908233555762
5,613.3096293403726,133.7674838823535
5,613.3178557329044,134.53663579382942
5,613.3260808560187,138.06262986070294
5,613.3343047097158,139.54084584015789
5,613.3425272939952,141.2792589923347
5,613.3507486088572,140.74725566379215
5,613.3589686543017,143.7880877483278
5,613.367187430329,145.32929861851753
5,613.3754049369386,147.3998862662864
5,613.3836211741308,149.1675543319897
5,613.3918361419055,150.44927170857198
5,613.4000498402629,153.61353898691905
5,613.4082622692027,153.2790758965672
5,613.4164734287251,156.82756156670752
5,613.4246833188301,159.82356117773395
5,613.4328919395176,164.61060345790736
5,613.4410992907876,162.56931586979564
5,613.4493053726403,161.86477983529667
5,613.4575101850754,165.9684545101905
5,613.4657137280931,170.0073052750263
5,613.4739160016934,172.7463744906925
5,613.4821170058761,172.038254875311
5,613.4903167406416,179.19457522431435
5,613.4985152059894,183.58663149536918
5,613.5067124019199,191.68994192300934
5,613.5149083284329,192.09032365008284
5,613.5231029855285,193.45502313509857
5,613.5312963732065,198.77227480106117
5,613.5394884914671,200.82760490591545
6,586.8502475911687,120.0791872670058
6,586.8604455242212,119.58616593061367
6,586.8706421167346,115.5470062938736
6,586.8808373687091,115.54147318626502
6,586.8910312801445,113.67902538474327
6,586.9012238510409,114.7141124228484
6,586.9114150813982,110.78981525868736
6,586.9216049712165,109.37258547963086
6,586.9317935204958,109.08682795601239
6,586.9419807292361,105.51445228164597
6,586.9521665974374,105.138916959781
6,586.9623511250996,106.00990739345426
6,586.9725343122228,101.77042808575702
6,586.982716158807,101.8609442500971
6,586.9928966648521,101.33688005928245
6,587.0030758303582,99.84498379825193
6,587.0132536553252,99.56630986781516
6,587.0234301397533,97.35630389741712
6,587.0336052836423,97.61613945369167
6,587.0437790869922,95.9149843166775
6,587.0539515498032,94.56687057900423
6,587.0641226720752,95.64743579221907
6,587.0742924538081,92.94560643196942
6,587.0844608950019,90.74820265974556
6,587.0946279956568,92.28130647167563
6,587.1047937557726,90.44493400069291
6,587.1149581753493,88.3245772012911
6,587.1251212543871,89.15803636306694
6,587.1352829928858,87.78223228893825
6,587.1454433908456,87.92662666066374
6,587.1556024482662,88.08109127252118
6,587.1657601651478,85.37470956381856
6,587.1759165414904,86.51006234355188
6,587.186071577294,84.16350864864143
6,587.1962252725585,82.99669821853254
6,587.206377627284,83.62523045398007
6,587.2165286414706,83.48221753165434
6,587.2266783151181,80.89377583128172
6,587.2368266482265,79.97105987909914
6,587.2469736407959,79.89836436721029
6,587.2571192928262,80.07377073053146
6,587.2672636043176,78.63790154105756
6,587.27740657527,77.925959146381
6,587.2875482056833,77.322953248576
6,587.2976884955575,76.39789759911085
6,587.3078274448927,75.12041259589834
6,587.3179650536889,75.14026289148136
6,587.3281013219462,73.2610140188212
6,587.3382362496643,74.01613255582534
6,587.3483698368434,71.73293348586242
6,587.3585020834835,72.76336851702077
6,587.3686329895845,72.17539521241652
6,587.3787625551466,71.31470080102159
6,587.3888907801696,71.43152410584351
6,587.3990176646536,69.7057508685485
6,587.4091432085985,69.39383701590997
6,587.4192674120045,68.75565316223417
6,587.4293902748714,67.6351247401764
6,587.4395117971992,67.67228410270171
6,587.449631978988,67.46275034402794
6,587.4597508202378,65.8163980895522
6,587.4698683209486,66.80385256087352
6,587.4799844811204,64.67307772663098
6,587.4900993007531,64.80398079993336
6,587.5002127798467,64.66537151585284
6,587.5103249184015,64.03850979181995
6,587.5204357164171,63.33267986262316
6,587.5305451738936,62.66171776668417
6,587.5406532908313,62.19880321405448
6,587.5507600672298,61.714453305298875
6,587.5608655030893,62.21421911882279
6,587.5709695984098,61.02029766744056
6,587.5810723531913,62.032391519834974
6,587.5911737674337,59.782809738103815
6,587.6012738411371,60.44523599452478
6,587.6113725743015,59.555161497031854
6,587.6214699669268,58.28930547567624
6,587.6315660190131,58.753421809575876
6,587.6416607305604,57.64141119453787
6,587.6517541015687,57.6194871305625
6,587.6618461320379,57.45717259841259
6,587.6719368219681,56.98245042077627
6,587.6820261713593,56.48005420934588
6,587.6921141802114,56.631568774488855
6,587.7022008485245,56.79849475203838
6,587.7122861762987,55.615982303069295
6,587.7223701635337,55.17376997006372
6,587.7324528102297,55.530889365338396
6,587.7425341163868,54.890845118720655
6,587.7526140820047,54.34315382655671
6,587.7626927070836,54.2485904555813
6,587.7727699916236,53.23568874360949
6,587.7828459356244,53.179901020958866
6,587.7929205390863,53.364647740114854
6,587.8029938020092,52.090066749024786
6,587.8130657243929,51.85566228449055
6,587.8231363062378,52.69606701168907
6,587.8332055475435,51.74674148770698
6,587.8432734483101,50.94513913653476
6,587.8533400085379,51.21490635341277
6,587.8634052282265,49.83804366367413
6,587.8734691073761,50.37869961179706
6,587.8835316459867,50.24459643407775
6,587.8935928440583,49.64849476338422
6,587.9036527015909,49.25535989496845
6,587.9137112185844,48.85173978689603
6,587.9237683950388,49.05812734889061
6,587.9338242309543,49.28122875944341
6,587.9438787263307,48.53567324347348
6,587.9539318811682,48.446042603780946
6,587.9639836954665,47.59744824571959
6,587.9740341692258,47.049726996244964
6,587.9840833024462,47.561842001051474
6,587.9941310951274,47.1161135766605
6,588.0041775472697,46.29300833304763
6,588.0142226588729,46.088958793819316
6,588.0242664299371,45.45358226037854
6,588.0343088604623,45.847327971629156
6,588.0443499504485,45.412824042897164
6,588.0543896998955,45.473526588173875
6,588.0644281088036,44.65327448305941
6,588.0744651771727,45.208116671889734
6,588.0845009050026,44.45258363454626
6,588.0945352922937,44.017053296417025
6,588.1045683390456,44.522620691637876
6,588.1146000452586,43.52963949819874
6,588.1246304109325,43.4834225967607
6,588.1346594360674,43.41637927178367
6,588.1446871206632,42.90617626162729
6,588.1547134647201,42.58674724496801
6,588.1647384682378,42.54851056906012
6,588.1747621312167,42.542302232715194
6,588.1847844536563,42.1427479357191
6,588.1948054355571,42.02534961653087
6,588.2048250769187,42.0331051087357
6,588.2148433777414,41.23320609600928
6,588.224860338025,41.06259714861884
6,588.2348759577696,41.05134175640548
6,588.2448902369752,40.543838974508674
6,588.2549031756417,40.417141610351926
6,588.2649147737692,40.275913679498196
6,588.2749250313577,40.18934811487679
6,588.2849339484071,39.87263829503621
6,588.2949415249176,39.57183979527193
6,588.3049477608889,39.330766183905965
6,588.3149526563213,39.01434066589052
6,588.3249562112146,38.94438891855152
6,588.334958425569,38.833779505384236
6,588.3449592993842,38.42867599654084
6,588.3549588326605,38.475986890088805
6,588.3649570253978,38.43708072840508
6,588.3749538775959,38.277569852860935
6,588.3849493892551,37.775920491143964
6,588.3949435603752,38.068131048525444
6,588.4049363909563,37.41501371349528
6,588.4149278809983,37.3467615062414
6,588.4249180305014,37.030019660296695
6,588.4349068394655,36.74355264678084
6,588.4448943078904,36.64191151292406
6,588.4548804357764,36.54577272566899
6,588.4648652231233,36.0916638608253
6,588.4748486699312,35.99788826082155
6,588.4848307762002,35.7649680359364
6,588.49481154193,36.12822755393657
6,588.5047909671208,35.581838462167276
6,588.5147690517725,35.3199767382083
6,588.5247457958853,34.97994526221484
6,588.5347211994591,35.09538455222169
6,588.5446952624937,34.873062564442584
6,588.5546679849895,34.5401375740757
6,588.564639366946,34.77875324731181
6,588.5746094083637,34.60853539591852
6,588.5845781092423,34.23590626822551
6,588.5945454695818,33.93252946656997
6,588.6045114893824,33.61318027773892
6,588.6144761686439,33.795021747607514
6,588.6244395073663,34.12480293197144
6,588.6344015055498,33.31333911219335
6,588.6443621631943,33.30440574520402
6,588.6543214802996,33.35467455684697
6,588.664279456866,32.70320686120922
6,588.6742360928934,33.19837296636907
6,588.6841913883816,32.90564087220619
6,588.6941453433309,32.52801538568455
6,588.7040979577412,32.7724906885395
6,588.7140492316123,32.39836740385599
6,588.7239991649445,31.832517939864314
6,588.7339477577377,31.78172710326455
6,588.7438950099918,31.867454677464575
6,588.7538409217069,31.90308421563768
6,588.763785492883,31.68826691280539
6,588.77372872352,31.626468525775568
6,588.783670613618,31.364503936336305
6,588.793611163177,31.31884457865211
6,588.803550372197,31.395623175113254
6,588.8134882406779,31.116458125690308
6,588.8234247686198,30.952536089612142
6,588.8333599560227,31.04647594654354
6,588.8432938028865,30.919687207211027
6,588.8532263092113,30.652803287123508
6,588.8631574749971,30.619985277911944
6,588.8730873002439,30.392657158726678
6,588.8830157849516,30.43952065148277
6,588.8929429291203,30.022426216002913
6,588.90286873275,29.978088689535216
6,588.9127931958407,30.175819068178196
6,588.9227163183922,29.899332299638957
6,588.9326381004048,29.979620554226955
6,588.9425585418784,29.740379196710016
6,588.9524776428129,29.703031880602154
6,588.9623954032083,29.216853719018562
6,588.9723118230648,29.275973335053116
6,588.9822269023823,29.065833707910734
6,588.9921406411607,29.261808779498402
6,589.0020530394,29.12879819578882
6,589.0119640971004,28.7716006301547
6,589.0218738142618,29.06767663155734
6,589.0317821908841,28.826508208463736
6,589.0416892269674,28.70723723572483
6,589.0515949225115,28.47567539303027
6,589.0614992775168,28.38137987967474
6,589.071402291983,28.37015019366707
6,589.0813039659101,28.235070614516125
6,589.0912042992983,28.244841002908334
6,589.1011032921473,28.02071960909411
6,589.1110009444574,28.253616074497938
6,589.1208972562284,28.109644446783136
6,589.1307922274605,27.77550465492543
6,589.1406858581535,27.818495852288265
6,589.1505781483074,27.73799897620696
6,589.1604690979223,27.388995353682727
6,589.1703587069982,27.711276353495826
6,589.180246975535,27.60146495312814
6,589.1901339035329,27.142147348283782
6,589.2000194909917,27.344646682047014
6,589.2099037379115,27.176290979095224
6,589.2197866442922,27.138312660318142
6,589.2296682101339,26.76408318713531
6,589.2395484354366,27.12121045881006
6,589.2494273202003,26.76006832639283
6,589.259304864425,26.750451701339074
6,589.2691810681106,26.66213481869176
6,589.2790559312572,26.425967386155214
6,589.2889294538647,26.34235149169989
6,589.2988016359332,26.36853540349977
6,589.3086724774627,26.212903707483658
6,589.3185419784531,26.12116216614819
6,589.3284101389046,26.31198773497583
6,589.338276958817,25.892397768160066
6,589.3481424381904,25.872759812053854
6,589.3580065770248,25.848237065222627
6,589.3678693753201,25.83221421535179
6,589.3777308330764,25.733136671995332
6,589.3875909502937,25.60478367585017
6,589.3974497269718,25.440106590598763
6,589.407307163111,25.44152133521768
6,589.4171632587112,25.694018403426682
6,589.4270180137723,25.345804408054796
6,589.4368714282945,25.06070036327867
6,589.4467235022776,24.93621826306384
6,589.4565742357216,25.10408967262611
6,589.4664236286267,25.07513593391188
6,589.4762716809927,24.861840834685264
6,589.4861183928197,24.888491544583868
6,589.4959637641076,24.678870785869027
6,589.5058077948565,24.82763825885834
6,589.5156504850664,24.710987840251136
6,589.5254918347373,24.356417569322097
6,589.5353318438691,24.45237355744406
6,589.5451705124619,24.46642448366811
6,589.5550078405157,24.449451108571104
6,589.5648438280305,24.386279156645458
6,589.5746784750062,24.358757301502944
6,589.5845117814429,24.00813853367225
6,589.5943437473405,24.011808740961754
6,589.6041743726992,24.002301569263288
6,589.6140036575188,24.036827387204102
6,589.6238316017993,23.883004327289324
6,589.6336582055409,23.812807493053867
6,589.6434834687434,23.550854557407806
6,589.6533073914069,23.58251722395821
6,589.6631299735313,23.524931802501317
6,589.6729512151168,23.43419039061782
6,589.6827711161632,23.424490461526048
6,589.6925896766705,23.23981834886053
6,589.7024068966389,23.316487167365768
6,589.7122227760682,23.184300354368496
6,589.7220373149585,23.122126365325474
6,589.7318505133097,23.1607476256025
6,589.741662371122,23.105673863357197
6,589.7514728883951,22.80318721517399
6,589.7612820651293,22.704725643718785
6,589.7710899013244,22.471175232905157
6,589.7808963969806,22.576070662083577
6,589.7907015520976,22.61394383256204
6,589.8005053666757,22.56251198451961
6,589.8103078407147,22.483450015648497
6,589.8201089742147,22.44247489715189
6,589.8299087671757,22.538996102493716
6,589.8397072195976,22.251613536412158
6,589.8495043314805,22.061824909009022
6,589.8593001028245,21.925917642957582
6,589.8690945336293,22.000266954314686
6,589.8788876238951,21.955951671511258
6,589.8886793736219,22.03247574808688
6,589.8984697828097,21.852474852860215
6,589.9082588514584,21.91417052802342
6,589.9180465795681,21.649020119836514
6,589.9278329671388,21.605941092159394
6,589.9376180141704,21.64388847683043
6,589.947401720663,21.351186871831594
6,589.9571840866167,21.526932800578226
6,589.9669651120313,21.39405618245155
6,589.9767447969068,21.304729660656548
6,589.9865231412433,21.257507848623042
6,589.9963001450408,21.149624349340442
6,590.0060758082992,21.18727234947607
6,590.0158501310186,21.011348633994196
6,590.025623113199,21.266093376732094
6,590.0353947548405,20.928471159328215
6,590.0451650559428,20.890571247675435
6,590.0549340165061,20.880484281333004
6,590.0647016365303,20.96470046433755
6,590.0744679160156,20.73558781623596
6,590.0842328549618,20.77529468999922
6,590.0939964533691,20.72990633005
6,590.1037587112372,20.618881335384295
6,590.1135196285663,20.649280767867122
6,590.1232792053564,20.431285009022645
6,590.1330374416075,20.349392238994803
6,590.1427943373195,20.32318129941906
6,590.1525498924926,20.275589107388807
6,590.1623041071266,20.177366097216225
6,590.1720569812215,20.172296934084887
6,590.1818085147775,20.174022550143636
6,590.1915587077943,19.931952752386835
6,590.2013075602723,19.87123753869602
6,590.2110550722111,19.938255159428014
6,590.2208012436109,19.95793311075743
6,590.2305460744717,19.870189205159267
6,590.2402895647934,19.782743067135893
6,590.2500317145763,19.829769959512614
6,590.25977252382,19.598742503743505
6,590.2695119925246,19.552353260039762
6,590.2792501206902,19.608146605246777
6,590.2889869083169,19.662837939207595
6,590.2987223554045,19.525588738273132
6,590.308456461953,19.26786772588074
6,590.3181892279625,19.254531027194943
6,590.3279206534331,19.417406777330772
6,590.3376507383646,19.325129821626778
6,590.347379482757,19.16609166157156
6,590.3571068866104,19.231425441566273
6,590.3668329499249,19.2841805548597
6,590.3765576727002,19.1017586074806
6,590.3862810549365,19.12638431937541
6,590.3960030966338,19.16062405086854
6,590.4057237977921,18.90392893224123
6,590.4154431584113,18.9591413627364
6,590.4251611784915,19.08196456630141
6,590.4348778580327,18.873060665353787
6,590.4445931970349,18.911054557251532
6,590.454307195498,18.740236866039233
6,590.4640198534221,18.669640853185538
6,590.4737311708072,18.66522285114122
6,590.4834411476533,18.48048108759741
6,590.4931497839602,18.5360363939318
6,590.5028570797283,18.651558574597313
6,590.5125630349572,18.519250126159342
6,590.5222676496471,18.61326078778482
6,590.5319709237981,18.53218695264007
6,590.5416728574099,18.345046005302322
6,590.5513734504827,18.391113783927363
6,590.5610727030166,18.307346152193446
6,590.5707706150114,18.268323296879856
6,590.5804671864671,18.398223253062294
6,590.5901624173839,18.199260703858805
6,590.5998563077616,18.190913615552425
6,590.6095488576002,18.131397773384624
6,590.6192400668999,18.199108931068583
6,590.6289299356605,18.191569477831493
6,590.638618463882,17.99957918050736
6,590.6483056515647,17.91716212254602
6,590.6579914987082,17.885660284173326
6,590.6676760053126,17.905574043894227
6,590.6773591713782,17.841339339036168
6,590.6870409969046,17.750265164525057
6,590.696721481892,17.925540709804395
6,590.7064006263404,17.741208384849347
6,590.7160784302497,17.79186385822873
6,590.7257548936201,17.640812718063447
6,590.7354300164513,17.64133506990425
6,590.7451037987436,17.70566628023983
6,590.7547762404969,17.727476920001692
6,590.764447341711,17.570517414898212
6,590.7741171023863,17.571288826237105
6,590.7837855225224,17.547269993434508
6,590.7934526021196,17.59970468342198
6,590.8031183411777,17.48539617354654
6,590.8127827396967,17.4747497417334
6,590.8224457976768,17.382407112925485
6,590.8321075151177,17.43200672101751
6,590.8417678920198,17.18012911642277
6,590.8514269283827,17.38886549258335
6,590.8610846242067,17.33810429068125
6,590.8707409794915,17.163474951954928
6,590.8803959942373,17.242665836873638
6,590.8900496684442,17.315157953689393
6,590.899702002112,17.099853162596474
6,590.9093529952409,17.169950197910207
6,590.9190026478306,17.131547910573158
6,590.9286509598813,17.068812918267692
6,590.938297931393,17.064713638052478
6,590.9479435623657,17.07539175003651
6,590.9575878527993,17.04838098885028
6,590.967230802694,16.907035654175463
6,590.9768724120495,17.0070509894194
6,590.9865126808661,16.833459523531605
6,590.9961516091436,16.967796041688224
6,591.0057891968821,16.863028679618346
6,591.0154254440815,16.653026451116112
6,591.025060350742,16.682714867457747
6,591.0346939168634,16.662246648496346
6,591.0443261424458,16.678641238066735
6,591.0539570274891,16.689416566499407
6,591.0635865719935,16.535249813806992
6,591.0732147759587,16.639291569922797
6,591.082841639385,16.368102706942103
6,591.0924671622722,16.550175791463197
6,591.1020913446205,16.48882055818906
6,591.1117141864296,16.408688180579098
6,591.1213356876998,16.540573595826682
6,591.1309558484309,16.34357414672737
6,591.140574668623,16.30280601586894
6,591.150192148276,16.431661731246898
6,591.1598082873901,16.315008389814725
6,591.169423085965,16.15439570224532
6,591.1790365440011,16.201884770486497
6,591.1886486614981,16.223578167613116
6,591.1982594384559,16.15999623396101
6,591.2078688748749,16.10363953540584
6,591.2174769707547,16.093521422262313
6,591.2270837260955,16.0239916847235
6,591.2366891408973,16.076885786695545
6,591.2462932151601,16.073605225184814
6,591.2558959488839,16.06488668646776
6,591.2654973420686,15.989709612593428
6,591.2750973947143,15.886965818366978
6,591.2846961068209,15.762055825510705
6,591.2942934783886,15.82711978532229
6,591.3038895094171,15.942188304895883
6,591.3134841999067,15.891974447608629
6,591.3230775498573,15.706219446659283
6,591.3326695592688,15.802914096106907
6,591.3422602281413,15.678455873552013
6,591.3518495564748,15.744823968862095
6,591.3614375442692,15.680412553567653
6,591.3710241915246,15.807880323263422
6,591.3806094982409,15.666648948187213
6,591.3901934644183,15.568752372821848
6,591.3997760900567,15.651919359719992
6,591.4093573751559,15.496049449381701
6,591.4189373197162,15.563611980655812
6,591.4285159237375,15.418353662493514
6,591.4380931872196,15.470106571813233
6,591.4476691101628,15.48736254329743
6,591.457243692567,15.408908291280003
6,591.466816934432,15.539462684408434
6,591.4763888357581,15.380499425945345
6,591.4859593965452,15.318411979108314
6,591.4955286167932,15.28344334246885
6,591.5050964965022,15.25136649437307
6,591.5146630356722,15.296307671401085
6,591.5242282343031,15.318874586141396
6,591.5337920923951,15.337602062204468
6,591.543354609948,15.295827171066854
6,591.5529157869618,15.238762592019903
6,591.5624756234366,15.161171465800901
6,591.5720341193725,15.147422508693012
6,591.5815912747692,15.138519512732335
6,591.5911470896269,15.132035835741776
6,591.6007015639457,14.943590231463341
6,591.6102546977254,15.058025488817934
6,591.619806490966,14.965687556937425
6,591.6293569436676,14.996018823384826
6,591.6389060558303,14.963897011888921
6,591.6484538274537,14.933538584888867
6,591.6580002585383,14.98750147390623
6,591.6675453490839,14.864970994161517
6,591.6770890990904,14.868828798453558
6,591.6866315085578,14.851607611280215
6,591.6961725774862,14.780254709357722
6,591.7057123058756,14.746780703168543
6,591.715250693726,14.726427296211035
6,591.7247877410373,14.8071184721303
6,591.7343234478096,14.763384642921856
6,591.7438578140429,14.702587573733132
6,591.7533908397372,14.753733475172467
6,591.7629225248924,14.63131748507456
6,591.7724528695086,14.66986417185078
6,591.7819818735858,14.678763576692907
6,591.7915095371239,14.484813292504422
6,591.801035860123,14.470693113799273
6,591.8105608425831,14.514269530152133
6,591.8200844845042,14.5140408166488
6,591.8296067858862,14.494767593515862
6,591.8391277467292,14.513498029701182
6,591.8486473670331,14.489644851069205
6,591.858165646798,14.556491515493908
6,591.867682586024,14.35630661614686
6,591.8771981847109,14.367089503242962
6,591.8867124428588,14.36395275940853
6,591.8962253604675,14.34259337287882
6,591.9057369375373,14.262462904563192
6,591.9152471740681,14.324232813091834
6,591.9247560700599,14.203531134879592
6,591.9342636255126,14.31891308516406
6,591.9437698404263,14.297362991117597
6,591.9532747148008,14.144971631095048
6,591.9627782486365,14.132980191310631
6,591.9722804419331,14.103555688212277
6,591.9817812946907,14.182844920280756
6,591.9912808069092,14.116501113469935
6,592.0007789785888,14.102713228948364
6,592.0102758097293,14.106930991978984
6,592.0197713003306,14.076341342720632
6,592.029265450393,14.101548993446958
6,592.0387582599164,13.986755485952534
6,592.0482497289008,13.952918963399611
6,592.0577398573462,13.901983542457858
6,592.0672286452525,13.92719922471781
6,592.0767160926198,13.95140415634078
6,592.0862021994479,13.88980845711595
6,592.0956869657372,13.99452478564959
6,592.1051703914874,13.845192098537574
6,592.1146524766986,13.84880052819214
6,592.1241332213707,13.859849298399851
6,592.1336126255038,13.735431136899976
6,592.1430906890979,13.794668106254962
6,592.152567412153,13.760094661609807
6,592.162042794669,13.708537130454731
6,592.171516836646,13.802731127706425
6,592.180989538084,13.72792986313776
6,592.1904608989828,13.656348628204086
6,592.1999309193427,13.667095975839342
6,592.2093995991636,13.727096682553755
6,592.2188669384454,13.658693279304565
6,592.2283329371883,13.598877138938272
6,592.2377975953921,13.510366370953745
6,592.2472609130568,13.579620885319352
6,592.2567228901826,13.637944590145786
6,592.2661835267693,13.558938743649021
6,592.275642822817,13.507141272304697
6,592.2851007783256,13.556753982383912
6,592.2945573932952,13.44157860947041
6,592.3040126677258,13.422503423569234
6,592.3134666016174,13.415230445276068
6,592.3229191949699,13.441249594818952
6,592.3323704477834,13.444005717907002
6,592.3418203600579,13.343596469633397
6,592.3512689317934,13.381455695085549
6,592.3607161629898,13.402052082858939
6,592.3701620536472,13.29151686326106
6,592.3796066037655,13.327072708338262
6,592.3890498133449,13.279478735545126
6,592.3984916823852,13.308824218609988
6,592.4079322108864,13.293341515154014
6,592.4173713988487,13.182300006565047
6,592.4268092462719,13.260715429050773
6,592.4362457531561,13.267374908685266
6,592.4456809195012,13.139849147677863
6,592.4551147453074,13.2527652715552
6,592.4645472305745,13.18543902839476
6,592.4739783753025,13.193848356918544
6,592.4834081794916,13.138523319388172
6,592.4928366431416,13.129972461195514
6,592.5022637662526,13.05840198057259
6,592.5116895488245,13.094918444204062
6,592.5211139908574,13.046874408500617
6,592.5305370923513,13.033860230031117
6,592.5399588533062,13.037559578885945
6,592.549379273722,13.033934032408897
6,592.5587983535988,12.926973631856082
6,592.5682160929366,13.043046382898591
6,592.5776324917354,12.973935819552317
6,592.5870475499951,13.00888071687284
6,592.5964612677158,13.031551532423856
6,592.6058736448974,13.017002467184826
6,592.6152846815402,12.92216999999289
6,592.6246943776438,12.98141909271689
6,592.6341027332084,13.008555110550347
6,592.6435097482339,12.91197724201192
6,592.6529154227204,12.924078366050317
6,592.6623197566679,12.903538147261873
6,592.6717227500764,12.765011805110072
6,592.6811244029458,12.873190551201345
6,592.6905247152762,12.800558067416262
6,592.6999236870676,12.864273010105064
6,592.70932131832,12.785755948303137
6,592.7187176090333,12.789453137340688
6,592.7281125592076,12.740928420245337
6,592.7375061688429,12.824264737512113
6,592.7468984379391,12.826392537440382
6,592.7562893664963,12.756272461354373
6,592.7656789545144,12.74980447480641
6,592.7750672019936,12.762257912644694
6,592.7844541089338,12.73108207068349
6,592.7938396753349,12.770215942822912
6,592.8032239011969,12.69319879296523
6,592.81260678652,12.728576742250691
6,592.8219883313039,12.700296333486705
6,592.8313685355489,12.630865818708354
6,592.840747399255,12.674548859924574
6,592.8501249224219,12.52032775096725
6,592.8595011050497,12.59233245796173
6,592.8688759471386,12.646350799891476
6,592.8782494486884,12.5642383855456
6,592.8876216096992,12.66674128738993
6,592.896992430171,12.623024863007673
6,592.9063619101038,12.592673447090698
6,592.9157300494975,12.597922034219783
6,592.9250968483522,12.563884469480673
6,592.9344623066678,12.603126890686967
6,592.9438264244445,12.58089093201653
6,592.9531892016821,12.595563260608035
6,592.9625506383807,12.585827180759921
6,592.9719107345402,12.54666977676727
6,592.9812694901607,12.468007267628739
6,592.9906269052423,12.490756153872598
6,592.9999829797847,12.468424163777708
6,593.0093377137881,12.509892332384188
6,593.0186911072525,12.539738842802347
6,593.028043160178,12.396847626006195
6,593.0373938725643,12.527713855788573
6,593.0467432444116,12.386401939470531
6,593.0560912757198,12.454629202158175
6,593.0654379664891,12.41097693667668
6,593.0747833167194,12.360260893274553
6,593.0841273264106,12.337120828325281
6,593.0934699955627,12.318701907332404
6,593.102811324176,12.337598869362987
6,593.11215131225,12.344171647807821
6,593.1214899597851,12.303249552285266
6,593.1308272667811,12.365010353375077
6,593.1401632332382,12.360367077157893
6,593.1494978591562,12.332648214474556
6,593.1588311445352,12.329923780019573
6,593.1681630893751,12.432603474228749
6,593.1774936936761,12.283066935192222
6,593.1868229574379,12.229331262012488
6,593.1961508806608,12.167201541361463
6,593.2054774633447,12.283872283146126
6,593.2148027054894,12.262783546951402
6,593.2241266070952,12.3112554748623
6,593.233449168162,12.245588780251438
6,593.2427703886897,12.2034271717305
6,593.2520902686783,12.220163589949411
6,593.261408808128,12.253140724552082
6,593.2707260070387,12.221478356981121
6,593.2800418654102,12.244879940732533
6,593.2893563832428,12.256053694155362
6,593.2986695605364,12.213230749850831
6,593.3079813972909,12.14187648977455
6,593.3172918935063,12.193079082747774
6,593.3266010491828,12.127218103883598
6,593.3359088643202,12.198329626714932
6,593.3452153389186,12.165179090095114
6,593.354520472978,12.160813836289421
6,593.3638242664983,12.150879034058661
6,593.3731267194797,12.05327261559038
6,593.382427831922,12.092732671950086
6,593.3917276038252,12.072726237326686
6,593.4010260351895,12.095906046208416
6,593.4103231260146,12.14096043093679
6,593.4196188763008,12.122917114119172
6,593.428913286048,12.074724781381503
6,593.438206355256,12.08265885577033
6,593.4474980839252,12.10105156417211
6,593.4567884720552,12.029595991813716
6,593.4660775196462,12.072335154601337
6,593.4753652266983,12.15412724367485
6,593.4846515932112,12.12176755992736
6,593.4939366191852,12.092983748847216
6,593.5032203046201,12.018913741537059
6,593.5125026495159,12.001415835531402
6,593.5217836538728,11.935493170663928
6,593.5310633176906,12.055273497051655
6,593.5403416409695,11.930138920855578
6,593.5496186237092,12.014733019903327
6,593.5588942659099,11.965415919341194
6,593.5681685675717,11.929103836873809
6,593.5774415286943,11.969963725748125
6,593.586713149278,11.935397157000503
6,593.5959834293226,11.87253595137747
6,593.6052523688282,11.901465947543972
6,593.6145199677948,11.838236578570978
6,593.6237862262224,11.989924820706808
6,593.6330511441108,11.847477468388584
6,593.6423147214604,12.03267173983322
6,593.6515769582708,11.942381924889649
6,593.6608378545421,11.904349413706374
6,593.6700974102746,11.887594977172187
6,593.6793556254679,11.905328821228412
6,593.6886125001223,11.957455562352113
6,593.6978680342376,11.987475951600494
6,593.7071222278139,11.892100139332882
6,593.7163750808511,11.949767229982362
6,593.7256265933494,11.949972086324038
6,593.7348767653085,11.935317211316024
6,593.7441255967287,11.901995711398197
6,593.7533730876098,11.922213862877397
6,593.762619237952,11.914621340368187
6,593.771864047755,11.942246382598702
6,593.7811075170191,11.98672472260836
6,593.7903496457441,11.841752841991779
6,593.7995904339301,11.922040444006397
6,593.808829881577,11.854365018464803
6,593.818067988685,11.87560331612849
6,593.8273047552539,11.883155940656435
6,593.8365401812838,11.915573268596285
6,593.8457742667747,11.927731117610177
6,593.8550070117265,11.839422222168903
6,593.8642384161393,11.901985088625295
6,593.873468480013,11.928000068041545
6,593.8826972033478,11.926722296400545
6,593.8919245861434,11.837712833959907
6,593.9011506284002,11.8632210951424
6,593.9103753301177,11.890082529172638
6,593.9195986912964,11.806370935349252
6,593.928820711936,11.861352608512318
6,593.9380413920366,11.914797750856636
6,593.9472607315981,11.901716367101173
6,593.9564787306206,11.887476588916872
6,593.9656953891041,11.923140330422118
6,593.9749107070485,11.99352057004647
6,593.984124684454,11.822043091768235
6,593.9933373213204,11.871341391991173
6,594.0025486176477,11.861737452955273
6,594.011758573436,11.823379117960263
6,594.0209671886853,11.912586488712515
6,594.0301744633956,11.761897916345957
6,594.0393803975669,11.745405339407442
6,594.048584991199,11.700185836525835
6,594.0577882442923,11.71272698973128
6,594.0669901568465,11.758171284706329
6,594.0761907288615,11.738603460533312
6,594.0853899603377,11.752770933120006
6,594.0945878512747,11.720953433210218
6,594.1037844016728,11.670372882859537
6,594.1129796115318,11.740019873099516
6,594.1221734808518,11.77239908258498
6,594.1313660096328,11.742740426878163
6,594.1405571978747,11.74222548326608
6,594.1497470455776,11.760710432657145
6,594.1589355527415,11.69112607504854
6,594.1681227193664,11.831513687679339
6,594.1773085454521,11.74154395381001
6,594.1864930309989,11.816651784506753
6,594.1956761760067,11.760335445252842
6,594.2048579804754,11.847003496506177
6,594.2140384444051,11.771587954225438
6,594.2232175677958,11.751268514098566
6,594.2323953506474,11.749040661437872
6,594.24157179296,11.774462941216349
6,594.2507468947337,11.77688123751541
6,594.2599206559681,11.746939684631663
6,594.2690930766637,11.786049792716687
6,594.2782641568202,11.748334129653562
6,594.2874338964376,11.718926149110832
6,594.2966022955161,11.835384458101947
6,594.3057693540555,11.82205026806738
6,594.314935072056,11.72309706680003
6,594.3240994495172,11.78503007910294
6,594.3332624864396,11.689595898715448
6,594.3424241828229,11.784541658973298
6,594.3515845386672,11.704376548681497
6,594.3607435539724,11.7687577687731
6,594.3699012287386,11.789304212246858
6,594.3790575629658,11.788670598294088
6,594.3882125566539,11.682993036102664
6,594.3973662098031,11.764355560363969
6,594.4065185224132,11.75726041687397
6,594.4156694944843,11.795078100873459
6,594.4248191260162,11.861958330436826
6,594.4339674170093,11.73944143411877
6,594.4431143674633,11.790230242191289
6,594.4522599773783,11.807054931820621
6,594.4614042467542,11.826160318582227
6,594.470547175591,11.785997051282958
6,594.4796887638889,11.845355869324592
6,594.4888290116478,11.859355325055958
6,594.4979679188676,11.86151926784952
6,594.5071054855483,11.765579645989307
6,594.5162417116901,11.876935223015659
6,594.5253765972928,11.832407607198553
6,594.5345101423566,11.843964722350545
6,594.5436423468813,11.875217869329473
6,594.5527732108668,11.831099477370177
6,594.5619027343134,11.81188040876957
6,594.571030917221,11.887023958775618
6,594.5801577595896,11.857622447355462
6,594.5892832614192,11.86118799612126
6,594.5984074227097,11.844952209377862
6,594.607530243461,11.911322934345042
6,594.6166517236735,11.843385681901097
6,594.6257718633469,11.893168712459822
6,594.6348906624813,11.919447859194172
6,594.6440081210767,11.881491671580534
6,594.653124239133,11.90228747141649
6,594.6622390166502,11.930647735803525
6,594.6713524536285,11.915356170227561
6,594.6804645500678,12.02308126491435
6,594.689575305968,11.965412553582269
6,594.6986847213292,11.746773302158891
6,594.7077927961514,11.721040367100933
6,594.7168995304345,11.762049970852976
6,594.7260049241785,11.797177787885861
6,594.7351089773836,11.782456665269526
6,594.7442116900496,11.846912546025655
6,594.7533130621766,11.823360593883264
6,594.7624130937646,11.779998504915516
6,594.7715117848136,11.807101479851026
6,594.7806091353235,11.823332889959369
6,594.7897051452944,11.84508913170445
6,594.7987998147263,11.876873141735048
6,594.807893143619,11.889851913571269
6,594.8169851319728,11.892358173150235
6,594.8260757797876,11.882408963494449
6,594.8351650870634,11.890434483015436
6,594.8442530538001,11.899091126240851
6,594.8533396799978,11.906176757964914
6,594.8624249656565,11.873789958280108
6,594.8715089107761,11.832698877652316
6,594.8805915153567,11.852911158154543
6,594.8896727793983,11.95974867813266
6,594.8987527029009,11.973985733387584
6,594.9078312858644,11.827393184281675
6,594.9169085282889,11.927969400273954
6,594.9259844301743,11.912360183788147
6,594.9350589915207,11.873146398582687
6,594.9441322123281,11.943311366743801
6,594.9532040925965,11.925168639732753
6,594.9622746323258,12.026705015827526
6,594.9713438315162,12.005778189723465
6,594.9804116901674,12.011199440440778
6,594.9894782082797,11.897046743173345
6,594.9985433858529,11.975071976106648
6,595.0076072228871,11.9694380594529
6,595.0166697193823,12.044304202539582
6,595.0257308753385,12.023953541872553
6,595.0347906907556,12.017063672199747
6,595.0438491656337,12.00311795278656
6,595.0529062999727,11.940330808113156
6,595.0619620937728,12.069350157793378
6,595.0710165470338,12.062581016277504
6,595.0800696597557,11.980680681479011
6,595.0891214319387,12.035723471107513
6,595.0981718635826,12.007018375749732
6,595.1072209546875,11.971541239708529
6,595.1162687052533,12.026378208002665
6,595.1253151152802,12.076137248499899
6,595.134360184768,12.146777497569953
6,595.1434039137167,12.103699601727625
6,595.1524463021265,12.085016510089998
6,595.1614873499972,12.037935701205443
6,595.1705270573289,12.099834841851505
6,595.1795654241215,12.110409121830315
6,595.1886024503752,12.066032560006697
6,595.1976381360898,12.182566534659225
6,595.2066724812654,12.078421091945687
6,595.2157054859019,12.11934410392303
6,595.2247371499994,12.16678514940457
6,595.2337674735579,12.114285319880072
6,595.2427964565774,12.177304551482303
6,595.2518240990578,12.181625213383866
6,595.2608504009992,12.21634465352782
6,595.2698753624015,12.174739424819858
6,595.2788989832649,12.245714266408728
6,595.2879212635892,12.224869882398785
6,595.2969422033744,12.216260581950632
6,595.3059618026207,12.196880309503747
6,595.314980061328,12.286335232761353
6,595.3239969794962,12.296440135315118
6,595.3330125571254,12.243431463135028
6,595.3420267942155,12.321769373257371
6,595.3510396907666,12.274177321329182
6,595.3600512467787,12.311577576999996
6,595.3690614622517,12.276706470420109
6,595.3780703371857,12.245255259946054
6,595.3870778715807,12.246991879537275
6,595.3960840654368,12.263307885829374
6,595.4050889187537,12.323909392314102
6,595.4140924315316,12.399951314997951
6,595.4230946037704,12.344427995373168
6,595.4320954354703,12.325489703082287
6,595.4410949266311,12.276867592770119
6,595.4500930772529,12.3442528584895
6,595.4590898873357,12.282513742610142
6,595.4680853568794,12.243945935283929
6,595.4770794858841,12.430596761781587
6,595.4860722743498,12.3404445677241
6,595.4950637222764,12.403497004462976
6,595.504053829664,12.410718344916704
6,595.5130425965127,12.407472555559451
6,595.5220300228223,12.436979961633218
6,595.5310161085928,12.430708690954818
6,595.5400008538243,12.471813965878725
6,595.5489842585167,12.389990693582849
6,595.5579663226703,12.517977359996744
6,595.5669470462847,12.501301253565634
6,595.57592642936,12.463148642960787
6,595.5849044718964,12.529991103020857
6,595.5938811738937,12.460918834230647
6,595.6028565353521,12.464062852793859
6,595.6118305562713,12.526727394970647
6,595.6208032366516,12.48179772443362
6,595.6297745764928,12.521914289616378
6,595.6387445757949,12.552386335431738
6,595.6477132345582,12.530441976049184
6,595.6566805527823,12.51809468531611
6,595.6656465304674,12.543103805989041
6,595.6746111676134,12.588388217597563
6,595.6835744642206,12.544338033875846
6,595.6925364202885,12.503330440118175
6,595.7014970358175,12.416245098783838
6,595.7104563108074,12.5674213732835
6,595.7194142452585,12.542242499584283
6,595.7283708391703,12.570853867205255
6,595.7373260925432,12.544537752578377
6,595.746280005377,12.628906334970772
6,595.7552325776719,12.588044537844734
6,595.7641838094277,12.661585943793732
6,595.7731337006444,12.56208764703562
6,595.7820822513221,12.595945899127523
6,595.7910294614609,12.609494627072738
6,595.7999753310605,12.649065913840557
6,595.8089198601211,12.68044998892241
6,595.8178630486428,12.623678962154656
6,595.8268048966254,12.631136475351646
6,595.8357454040689,12.63239033400507
6,595.8446845709735,12.727031996731435
6,595.853622397339,12.72071624200028
6,595.8625588831654,12.737229239213347
6,595.8714940284528,12.383029513503839
6,595.8804278332013,12.454712814746644
6,595.8893602974107,12.39197581949903
6,595.898291421081,12.522110172233852
6,595.9072212042124,12.529573320219217
6,595.9161496468047,12.466086029638031
6,595.9250767488579,12.50890327633619
6,595.9340025103722,12.501137112681368
6,595.9429269313474,12.485581677522497
6,595.9518500117836,12.562251783430032
6,595.9607717516808,12.530385749986467
6,595.9696921510389,12.585250913328728
6,595.978611209858,12.509468387558213
6,595.9875289281381,12.594218230384307
6,595.9964453058791,12.565449889707653
6,596.0053603430812,12.605591624059064
6,596.0142740397441,12.581355325202006
6,596.023186395868,12.608527240433327
6,596.032097411453,12.59308206929897
6,596.0410070864989,12.58194429324371
6,596.0499154210057,12.653731519123495
6,596.0588224149736,12.633552338955667
6,596.0677280684024,12.678386652210362
6,596.0766323812923,12.546081434840797
6,596.085535353643,12.622817575542797
6,596.0944369854546,12.663626312862176
6,596.1033372767274,12.656871897019368
6,596.112236227461,12.648983015249115
6,596.1211338376557,12.67675135506389
6,596.1300301073113,12.74740646018753
6,596.1389250364278,12.691067745583688
6,596.1478186250055,12.74511005236502
6,596.156710873044,12.834192877035145
6,596.1656017805435,12.779484258281274
6,596.1744913475039,12.790866488347943
6,596.1833795739254,12.733059953053328
6,596.1922664598078,12.785180325275338
6,596.2011520051511,12.800141856771655
6,596.2100362099555,12.71278657329789
6,596.2189190742208,12.881391480584604
6,596.2278005979472,12.837648355551014
6,596.2366807811344,12.778330070752537
6,596.2455596237827,12.941295235218494
6,596.2544371258919,12.833914653966325
6,596.2633132874621,12.852059560917224
6,596.2721881084932,12.936361213612349
6,596.2810615889854,12.989531123503458
6,596.2899337289384,12.901911808341264
6,596.2988045283525,12.954994877753306
6,596.3076739872275,13.038079252705353
6,596.3165421055636,13.021833522683046
6,596.3254088833605,13.005763409535444
6,596.3342743206185,12.97177786902261
6,596.3431384173374,13.042114261454067
6,596.3520011735174,12.983788187974517
6,596.3608625891582,12.985958870231748
6,596.36972266426,13.007871057798317
6,596.3785813988228,13.037660577836954
6,596.3874387928466,13.006126838878725
6,596.3962948463313,13.169097450236194
6,596.4051495592771,13.12818017394586
6,596.4140029316837,13.128071749978448
6,596.4228549635515,13.083005864683471
6,596.43170565488,13.15157817482306
6,596.4405550056697,13.178713964082789
6,596.4494030159202,13.18624001738875
6,596.4582496856318,13.198048626811255
6,596.4670950148043,13.231329759864375
6,596.4759390034378,13.239259819758754
6,596.4847816515322,13.22645832072536
6,596.4936229590877,13.258137931152376
6,596.5024629261042,13.204244216273862
6,596.5113015525815,13.283629248406248
6,596.5201388385199,13.22496068583644
6,596.5289747839191,13.302907282044727
6,596.5378093887795,13.360895887607787
6,596.5466426531007,13.281480514678716
6,596.555474576883,13.409504722660733
6,596.5643051601262,13.244070633978096
6,596.5731344028303,13.402994342672303
6,596.5819623049955,13.369187423631528
6,596.5907888666216,13.247539571466689
6,596.5996140877087,13.44447117729434
6,596.6084379682568,13.45214317716282
6,596.6172605082658,13.495831689705955
6,596.6260817077358,13.427587760916172
6,596.6349015666667,13.453475345521845
6,596.6437200850587,13.383113229488018
6,596.6525372629117,13.433770213958244
6,596.6613531002255,13.500147483315672
6,596.6701675970004,13.566887462276366
6,596.6789807532363,13.585926394027886
6,596.687792568933,13.477729306120162
6,596.6966030440908,13.473073604519966
6,596.7054121787095,13.54004350520741
6,596.7142199727892,13.610021095434542
6,596.72302642633,13.58035144868036
6,596.7318315393316,13.636826516749041
6,596.7406353117942,13.656422621142475
6,596.7494377437179,13.626551906401506
6,596.7582388351024,13.646853561418487
6,596.767038585948,13.599380399399596
6,596.7758369962545,13.65880462300597
6,596.7846340660219,13.788975945784449
6,596.7934297952504,13.732751692987165
6,596.8022241839399,13.715403820231177
6,596.8110172320902,13.903267158035288
6,596.8198089397016,13.760023570257072
6,596.828599306774,13.759201178465654
6,596.8373883333072,13.771785585942627
6,596.8461760193015,13.8267308502674
6,596.8549623647568,13.787997491159663
6,596.8637473696731,13.824838030179192
6,596.8725310340502,13.813967004202356
6,596.8813133578884,13.884993846819947
6,596.8900943411876,13.938068002711992
6,596.8988739839476,14.003391688114247
6,596.9076522861687,13.895501287865645
6,596.9164292478508,13.93789391120825
6,596.9252048689939,13.99051262019965
6,596.9339791495978,13.913666333384118
6,596.9427520896628,13.965405096926975
6,596.9515236891888,14.023661612477845
6,596.9602939481757,13.99612259938657
6,596.9690628666235,14.333661677466841
6,596.9778304445324,14.34362823186592
6,596.9865966819023,14.382721794316899
6,596.9953615787331,14.397010203312298
6,597.0041251350248,14.391991238109885
6,597.0128873507775,14.430355518449279
6,597.0216482259913,14.354322856437006
6,597.030407760666,14.483873337638755
6,597.0391659548015,14.499435713252689
6,597.0479228083982,14.422681074205302
6,597.0566783214558,14.51558074052753
6,597.0654324939744,14.497183573374322
6,597.074185325954,14.551297910806785
6,597.0829368173944,14.554943811182277
6,597.0916869682959,14.558340097497712
6,597.1004357786584,14.64628333443458
6,597.1091832484818,14.642858174029534
6,597.1179293777661,14.644428597127545
6,597.1266741665115,14.699460374753121
6,597.1354176147179,14.66580293306586
6,597.1441597223852,14.6819987420531
6,597.1529004895135,14.783058010987803
6,597.1616399161028,14.7399211474562
6,597.1703780021529,14.844815734824166
6,597.1791147476641,14.784303782452996
6,597.1878501526363,14.820147028853585
6,597.1965842170695,14.872817629255435
6,597.2053169409636,14.872331970714436
6,597.2140483243187,14.900180101146265
6,597.2227783671347,14.912405396060175
6,597.2315070694117,14.841871963135485
6,597.2402344311497,15.054572782683842
6,597.2489604523487,15.170767407895909
6,597.2576851330086,15.037128786946205
6,597.2664084731296,14.948207601009738
6,597.2751304727115,15.013855365620136
6,597.2838511317542,15.030269268772651
6,597.292570450258,15.06173818729419
6,597.3012884282228,15.075653192984147
6,597.3100050656486,15.055090707457941
6,597.3187203625354,15.162274043958803
6,597.3274343188831,15.211975619874323
6,597.3361469346918,15.021286363079332
6,597.3448582099614,15.176331662728316
6,597.353568144692,15.182446583121658
6,597.3622767388836,15.215818515947099
6,597.3709839925361,15.32407519388561
6,597.3796899056497,15.223541026250345
6,597.3883944782242,15.276757881063968
6,597.3970977102597,15.20524218228867
6,597.4057996017561,15.299843310324215
6,597.4145001527136,15.285110725138606
6,597.423199363132,15.246631669796358
6,597.4318972330113,15.262343200016643
6,597.4405937623517,15.435305305341572
6,597.449288951153,15.32898148447042
6,597.4579827994153,15.269943362212897
6,597.4666753071384,15.403485835563547
6,597.4753664743226,15.394715833446952
6,597.4840563009678,15.471626257751415
6,597.492744787074,15.457594695403827
6,597.5014319326411,15.513754158079431
6,597.5101177376692,15.482053531502691
6,597.5188022021583,15.529541182334272
6,597.5274853261084,15.538968130765063
6,597.5361671095194,15.489748963527004
6,597.5448475523914,15.550798632425202
6,597.5535266547244,15.461650235404303
6,597.5622044165183,15.643420099838684
6,597.5708808377732,15.597374639068528
6,597.5795559184891,15.624365512459212
6,597.5882296586659,15.66535884837204
6,597.5969020583037,15.739583332351184
6,597.6055731174025,15.766374691029316
6,597.6142428359623,15.79581057823691
6,597.622911213983,15.842243227114729
6,597.6315782514647,15.66761111101705
6,597.6402439484074,15.783045797361874
6,597.648908304811,15.887846247840317
6,597.6575713206756,15.797582526305256
6,597.6662329960012,15.811454627215115
6,597.6748933307878,15.871250939228764
6,597.6835523250353,15.945603792703709
6,597.6922099787438,15.892204872994515
6,597.7008662919133,15.923993023533697
6,597.7095212645437,15.87818580946968
6,597.7181748966351,16.019815843034824
6,597.7268271881875,16.04521179859662
6,597.7354781392008,15.980786250181069
6,597.7441277496752,16.01574761598949
6,597.7527760196106,16.039911986429512
6,597.7614229490068,16.059576776378137
6,597.7700685378641,16.12020897416491
6,597.7787127861823,16.13063702595063
6,597.7873556939614,16.245440108405536
6,597.7959972612016,16.09759259122158
6,597.8046374879027,16.092379061901788
6,597.8132763740648,16.112472300945395
6,597.8219139196879,16.295797727338662
6,597.8305501247719,16.401076928219695
6,597.8391849893169,16.2648773912349
6,597.8478185133229,16.30064756332858
6,597.8564506967899,16.232107895391945
6,597.8650815397178,16.282638619811642
6,597.8737110421067,16.369253921487697
6,597.8823392039566,16.410878498422054
6,597.8909660252674,16.520306037796605
6,597.8995915060392,16.44416733923474
6,597.908215646272,16.4134482150289
6,597.9168384459657,16.467337234614256
6,597.9254599051204,16.476274682233576
6,597.9340800237362,16.527131639934954
6,597.9426988018129,16.59074309773822
6,597.9513162393505,16.53835789797365
6,597.9599323363491,16.605303972678826
6,597.9685470928086,16.76481769674391
6,597.9771605087292,16.59894475691061
6,597.9857725841107,16.574993643099578
6,597.9943833189533,16.599415694075915
6,598.0029927132567,16.67908790949149
6,598.0116007670212,16.70271468441945
6,598.0202074802465,16.786254602649613
6,598.0288128529329,16.822079262674087
6,598.0374168850802,16.877298605415504
6,598.0460195766886,16.855772565728014
6,598.0546209277579,16.96456714057138
6,598.0632209382882,16.82813015887375
6,598.0718196082794,16.857977232209738
6,598.0804169377316,16.843974396865544
6,598.0890129266448,16.911234099900764
6,598.097607575019,17.30182975701097
6,598.1062008828541,17.411785318470823
6,598.1147928501501,17.44203726440759
6,598.1233834769072,17.492817158501634
6,598.1319727631253,17.358225497945718
6,598.1405607088043,17.448634279665757
6,598.1491473139442,17.513299386867878
6,598.1577325785452,17.599111426322995
6,598.1663165026071,17.56755814535702
6,598.17489908613,17.546156878860234
6,598.1834803291139,17.765604126581593
6,598.1920602315587,17.54055551617168
6,598.2006387934645,17.724343776174834
6,598.2092160148313,17.627999770379628
6,598.217791895659,17.741342633927623
6,598.2263664359477,17.74558331873612
6,598.2349396356974,17.75415926365489
6,598.2435114949081,17.63499307659752
6,598.2520820135798,17.76066932303854
6,598.2606511917123,17.843748639582085
6,598.2692190293059,17.803468395393114
6,598.2777855263605,17.881161867338655
6,598.286350682876,17.9292994363663
6,598.2949144988524,17.96843026891332
6,598.3034769742899,17.993220245790166
6,598.3120381091884,17.95998961184074
6,598.3205979035478,18.150143965064427
6,598.3291563573681,18.07222259912334
6,598.3377134706495,18.22331659852773
6,598.3462692433918,17.971882035081126
6,598.3548236755951,18.233266714837313
6,598.3633767672594,18.25314831246768
6,598.3719285183846,18.295783264287287
6,598.3804789289708,18.258282396424054
6,598.3890279990179,18.26301069807445
6,598.3975757285261,18.24693146718348
6,598.4061221174952,18.285197803329382
6,598.4146671659253,18.3572978763855
6,598.4232108738164,18.39575611916596
6,598.4317532411684,18.357716327809456
6,598.4402942679814,18.47047022239856
6,598.4488339542554,18.568488976863556
6,598.4573722999903,18.293286429613744
6,598.4659093051862,18.46031742101506
6,598.4744449698431,18.485504983243423
6,598.482979293961,18.466351069268597
6,598.4915122775399,18.698365498027155
6,598.5000439205796,18.493973593482888
6,598.5085742230804,18.62156399072978
6,598.5171031850422,18.513331285044583
6,598.5256308064648,18.63654425572411
6,598.5341570873485,18.697665209576996
6,598.5426820276932,18.818332151199797
6,598.5512056274988,18.71440912791826
6,598.5597278867654,18.87741501744725
6,598.568248805493,18.811780294527754
6,598.5767683836815,18.784737354289568
6,598.5852866213311,18.878082822686096
6,598.5938035184415,19.10101586359746
6,598.6023190750129,19.0146537470097
6,598.6108332910454,18.90352831762562
6,598.6193461665388,19.034355511006687
6,598.6278577014932,18.9874145711854
6,598.6363678959085,19.215223278218836
6,598.6448767497849,19.08674179849616
6,598.6533842631221,19.143184236180907
6,598.6618904359203,19.233267584353356
6,598.6703952681796,19.182455845894587
6,598.6788987598998,19.282228927769527
6,598.687400911081,19.37125849253755
6,598.6959017217231,19.31927711291586
6,598.7044011918263,19.463448765457315
6,598.7128993213903,19.513152509425126
6,598.7213961104153,20.018073675977732
6,598.7298915589014,20.038461087257392
6,598.7383856668483,20.03903159389709
6,598.7468784342564,20.05677776765751
6,598.7553698611252,19.863825401572736
6,598.7638599474552,20.11311374719618
6,598.772348693246,20.155321825128947
6,598.780836098498,19.902875966091152
6,598.7893221632107,19.94732851438911
6,598.7978068873846,20.089738124733923
6,598.8062902710193,20.276799944452645
6,598.8147723141151,20.323730514239017
6,598.8232530166717,20.242234117543116
6,598.8317323786895,20.308541463412464
6,598.8402104001681,20.381301148351294
6,598.8486870811078,20.340124127565094
6,598.8571624215083,20.433044540336137
6,598.8656364213699,20.364972201759183
6,598.8741090806924,20.472882711509477
6,598.882580399476,20.57927946682112
6,598.8910503777204,20.777043869102304
6,598.8995190154259,20.51592065713079
6,598.9079863125922,20.620420275506717
6,598.9164522692197,20.68433025984182
6,598.924916885308,20.82582381878412
6,598.9333801608574,20.787400121279386
6,598.9418420958676,20.905444554797683
6,598.950302690339,20.781287088600177
6,598.9587619442711,20.961713892757064
6,598.9672198576644,20.92004466993743
6,598.9756764305187,21.16603533291364
6,598.9841316628338,20.97345550294744
6,598.99258555461,21.033994033222783
6,599.001038105847,20.960334242097833
6,599.0094893165451,21.13265082614468
6,599.0179391867041,21.059864166850698
6,599.0263877163242,21.327799185038096
6,599.0348349054052,21.065204529987724
6,599.0432807539471,21.126257197972564
6,599.0517252619501,21.404110861661255
6,599.0601684294139,21.222578711479645
6,599.0686102563388,21.41875631298222
6,599.0770507427247,21.20173375321872
6,599.0854898885715,21.445115353224498
6,599.0939276938793,21.22810451928558
6,599.102364158648,21.597881893086367
6,599.1107992828778,21.534390134049286
6,599.1192330665685,21.637669612764284
6,599.1276655097201,21.608067888150686
6,599.1360966123328,21.744754004921678
6,599.1445263744064,21.64458630741677
6,599.152954795941,21.702541346188593
6,599.1613818769366,21.78622169651306
6,599.1698076173931,21.681817282210453
6,599.1782320173106,21.83619312414587
6,599.1866550766891,21.62228043585047
6,599.1950767955285,22.607200858204504
6,599.203497173829,22.339447876195187
6,599.2119162115904,22.656524162124736
6,599.2203339088127,22.801660107799805
6,599.228750265496,22.87103522023933
6,599.2371652816404,22.799227388863848
6,599.2455789572456,22.57193145252664
6,599.2539912923119,22.69015437775859
6,599.2624022868391,22.732130482087808
6,599.2708119408272,22.760470925770655
6,599.2792202542764,22.749740854410692
6,599.2876272271866,22.781775839233816
6,599.2960328595576,23.016196928960248
6,599.3044371513897,23.05541800895847
6,599.3128401026828,22.901770589689825
6,599.3212417134367,23.25946627827386
6,599.3296419836518,23.205836275452583
6,599.3380409133277,23.15581112678953
6,599.3464385024646,23.363122646442864
6,599.3548347510625,23.234893819042423
6,599.3632296591214,23.26298937631236
6,599.3716232266413,23.332373314485277
6,599.380015453622,23.56496077991697
6,599.3884063400639,23.242648652858712
6,599.3967958859666,23.48657625987343
6,599.4051840913303,23.635865821332192
6,599.413570956155,23.555087068885896
6,599.4219564804407,23.54010328882042
6,599.4303406641874,23.5797840427815
6,599.4387235073949,23.851259772974203
6,599.4471050100635,23.922366431908724
6,599.4554851721931,24.01574028979966
6,599.4638639937837,23.774236479229103
6,599.4722414748351,23.856439799034337
6,599.4806176153476,23.953774762657655
6,599.488992415321,23.97100978630634
6,599.4973658747555,24.071762991974925
6,599.5057379936509,24.028767675774642
6,599.5141087720071,24.256710661895806
6,599.5224782098245,24.005907572199064
6,599.5308463071028,24.05437165859827
6,599.5392130638421,24.166070313789675
6,599.5475784800423,24.034170492881184
6,599.5559425557035,24.42820313772561
6,599.5643052908257,24.51611334002263
6,599.5726666854089,24.36366877909845
6,599.581026739453,24.041425213440363
6,599.5893854529581,24.560128466980796
6,599.5977428259241,25.223104398311406
6,599.6060988583512,25.151637493888135
6,599.6144535502392,25.342502552303834
6,599.6228069015882,25.282836410462767
6,599.6311589123982,25.291475927879173
6,599.639509582669,25.421700211023765
6,599.6478589124009,25.575979423562586
6,599.6562069015938,25.202302996771227
6,599.6645535502477,25.57600460499976
6,599.6728988583625,25.35105291347852
6,599.6812428259383,25.62875684789273
6,599.6895854529749,25.64275273578706
6,599.6979267394727,25.703885686162888
6,599.7062666854314,25.731395710667822
6,599.7146052908511,25.8606563624458
6,599.7229425557317,25.84174154048411
6,599.7312784800733,26.065133670870818
6,599.7396130638759,25.826112338477184
6,599.7479463071395,26.143329937024387
6,599.7562782098639,26.203355877487805
6,599.7646087720494,26.150249482401613
6,599.7729379936959,26.132767396876783
6,599.7812658748034,26.211496747231138
6,599.7895924153718,26.360756305504797
6,599.7979176154012,26.343527298751145
6,599.8062414748915,26.608465731847932
6,599.8145639938429,26.4127373158281
6,599.8228851722552,26.71716422066701
6,599.8312050101283,26.588365789203642
6,599.8395235074626,26.789718773782383
6,599.8478406642578,26.614543004057023
6,599.856156480514,26.8151561811551
6,599.8644709562311,26.99120044558192
6,599.8727840914092,26.910811808285633
6,599.8810958860483,27.128528650559417
6,599.8894063401484,26.882788156954906
6,599.8977154537095,26.96575379245574
6,599.9060232267315,27.112742345809686
6,599.9143296592144,26.974179806798176
6,599.9226347511584,27.31137727879695
6,599.9309385025633,27.345842702478436
6,599.9392409134292,27.29962964636851
6,599.9475419837561,27.36849468421414
6,599.9558417135439,28.21088090670111
6,599.9641401027926,28.093787605575326
6,599.9724371515024,28.416730227823308
6,599.9807328596731,28.321680743877724
6,599.9890272273049,28.24592749829169
6,599.9973202543976,28.362516871920374
6,600.0056119409512,28.325604405586688
6,600.0139022869658,28.325660453654226
6,600.0221912924414,28.587471061955508
6,600.030478957378,28.58019129513172
6,600.0387652817756,28.570369233695008
6,600.0470502656341,28.93560502161024
6,600.0553339089536,28.704753962590395
6,600.063616211734,28.93796121354168
6,600.0718971739755,28.74826987227917
6,600.0801767956779,28.919435759537276
6,600.0884550768412,28.76188952421296
6,600.0967320174656,29.269587884695326
6,600.1050076175509,29.048886193559984
6,600.1132818770972,29.270636392208853
6,600.1215547961044,29.395750566573955
6,600.1298263745728,29.209700953929172
6,600.138096612502,29.05887695874051
6,600.1463655098921,29.630366709202825
6,600.1546330667433,29.56176422012222
6,600.1628992830554,29.650586427393904
6,600.1711641588284,29.75614533522694
6,600.1794276940625,29.799686944959777
6,600.1876898887575,29.911527334487786
6,600.1959507429135,29.842313579999086
6,600.2042102565305,30.18983308151828
6,600.2124684296084,30.00243269239467
6,600.2207252621473,30.08506888889411
6,600.2289807541472,30.22392579110088
6,600.237234905608,30.18623802833797
6,600.2454877165299,30.4205360172153
6,600.2537391869126,30.493871383621293
6,600.2619893167565,30.52866072260859
6,600.2702381060612,31.11207547627846
6,600.278485554827,31.320401584868687
6,600.2867316630536,31.0807220727008
6,600.2949764307413,31.661716791214392
6,600.3032198578899,31.32252976494472
6,600.3114619444995,31.43367357282096
6,600.31970269057,31.818047833732688
6,600.3279420961015,31.86574819755992
6,600.3361801610941,31.579221407889133
6,600.3444168855476,31.95202463302642
6,600.352652269462,31.923347118478077
6,600.3608863128375,31.744129103769115
6,600.3691190156738,32.137693911066876
6,600.3773503779712,32.3203979770358
6,600.3855803997295,32.350424721169325
6,600.3938090809488,32.637238440374276
6,600.4020364216292,32.784587189481094
6,600.4102624217704,32.84609338082199
6,600.4184870813726,32.6410546522669
6,600.4267104004358,32.69120347080562
6,600.43493237896,32.92276377314375
6,600.4431530169451,32.9454385842775
6,600.4513723143913,32.90902307970712
6,600.4595902712983,32.69865446243938
6,600.4678068876664,33.071004044517146
6,600.4760221634954,33.011391580339435
6,600.4842360987853,33.26855650915528
6,600.4924486935363,33.77965390527042
6,600.5006599477483,33.7604098783778
6,600.5088698614212,33.70003946362028
6,600.5170784345551,33.67294614388377
6,600.5252856671499,33.85063707879988
6,600.5334915592057,33.796166871413114
6,600.5416961107226,33.9594352983932
6,600.5498993217003,34.07903272121995
6,600.558101192139,33.990977707761544
6,600.5663017220387,34.541659105357574
6,600.5745009113995,34.992860605063164
6,600.5826987602211,35.223748886365165
6,600.5908952685037,35.040595351023185
6,600.5990904362473,35.480935194737086
6,600.6072842634518,35.503230699984755
6,600.6154767501174,35.691753303152375
6,600.6236678962439,35.78987110063412
6,600.6318577018313,35.56240336353094
6,600.6400461668798,35.813280279193336
6,600.6482332913893,35.67489144891751
6,600.6564190753596,35.910283076432215
6,600.664603518791,35.94967648398532
6,600.6727866216834,36.02494850461886
6,600.6809683840366,36.47584742624042
6,600.6891488058509,36.103295846259904
6,600.6973278871261,36.287928316992215
6,600.7055056278624,36.679390515876364
6,600.7136820280596,36.47156457183948
6,600.7218570877177,36.343983401524376
6,600.7300308068368,36.84924159148824
6,600.738203185417,36.74470565885823
6,600.746374223458,36.70769278182206
6,600.75454392096,37.05796573855811
6,600.7627122779231,36.96711443554118
6,600.7708792943471,37.26989982525457
6,600.779044970232,37.50480889406993
6,600.787209305578,37.91174889352714
6,600.7953723003849,37.641824546386296
6,600.8035339546527,37.492826462646015
6,600.8116942683816,37.75321826025991
6,600.8198532415714,37.74676156287969
6,600.8280108742222,37.90206573622087
6,600.836167166334,38.85743281050414
6,600.8443221179067,38.95464303467574
6,600.8524757289404,39.355708641611514
6,600.8606279994351,39.57370886470877
6,600.8687789293907,39.40299820710645
6,600.8769285188073,39.35494421833362
6,600.885076767685,39.68762557731664
6,600.8932236760235,39.73800370315392
6,600.901369243823,40.12341058357369
6,600.9095134710835,39.79171466595763
6,600.917656357805,39.683887581552845
6,600.9257979039874,40.4649788231061
6,600.9339381096308,40.34334317082693
6,600.9420769747352,40.28790423991857
6,600.9502144993006,40.74000897290393
6,600.9583506833269,41.443083436236385
6,600.9664855268142,40.80284174213917
6,600.9746190297625,40.87224541691727
6,600.9827511921717,41.72741266921262
6,600.990882014042,41.52294030068855
6,600.9990114953731,41.37225561712281
6,601.0071396361652,41.60830262957808
6,601.0152664364184,42.08226827263872
6,601.0233918961325,41.43707650352125
6,601.0315160153076,41.64890378524991
6,601.0396387939436,41.880591383732046
6,601.0477602320406,42.24887067860013
6,601.0558803295986,42.283603844821876
6,601.0639990866175,42.16529993438832
6,601.0721165030975,42.67953531798098
6,601.0802325790384,42.912060058913305
6,601.0883473144403,43.7962922124237
6,601.0964607093031,43.744239793249
6,601.1045727636268,44.31154103211284
6,601.1126834774117,44.11048286606275
6,601.1207928506574,44.755642760273425
6,601.1289008833642,44.3633772051233
6,601.1370075755318,45.169839247963225
6,601.1451129271605,44.44751899190644
6,601.1532169382501,44.654692927400035
6,601.1613196088008,44.80450986201634
6,601.1694209388123,45.24896478533788
6,601.1775209282849,45.0811091084217
6,601.1856195772184,44.930949061645336
6,601.193716885613,45.592207791761936
6,601.2018128534684,45.68103196316232
6,601.2099074807849,45.9742981579188
6,601.2180007675622,45.854808382036566
6,601.2260927138007,45.46489414235091
6,601.2341833195,45.74480383215946
6,601.2422725846603,45.8390924245752
6,601.2503605092816,45.79748601574366
6,601.2584470933639,46.43757835177138
6,601.2665323369071,46.073981184249796
6,601.2746162399113,46.785414569002135
6,601.2826988023764,46.768329640541204
6,601.2907800243026,47.04727625711638
6,601.2988599056897,47.244562960375475
6,601.3069384465379,47.482812290895694
6,601.3150156468469,47.55184672354699
6,601.323091506617,48.565480705604614
6,601.3311660258479,49.2450950786521
6,601.3392392045399,48.78560662622346
6,601.3473110426929,48.951166159868414
6,601.3553815403068,49.60818856626373
6,601.3634506973817,49.761098968144054
6,601.3715185139175,49.905286075921225
6,601.3795849899144,49.782714357070454
6,601.3876501253721,50.06753785580468
6,601.395713920291,50.35856858538086
6,601.4037763746708,50.61422089727987
6,601.4118374885114,51.14580405466596
6,601.4198972618132,50.66436335494852
6,601.4279556945758,51.09050738958557
6,601.4360127867994,50.44980779646454
6,601.444068538484,50.92251760947545
6,601.4521229496296,50.53622480908322
6,601.4601760202362,51.72845227959256
6,601.4682277503036,51.6060422055932
6,601.4762781398322,52.266351766383586
6,601.4843271888216,51.5065075072689
6,601.492374897272,51.44970695419347
6,601.5004212651835,51.26847059738335
6,601.5084662925558,52.537314309189064
6,601.5165099793892,52.184255342898915
6,601.5245523256835,53.1008222316305
6,601.5325933314388,52.85141829474839
6,601.5406329966551,53.04001155376755
6,601.5486713213322,55.317614800595884
6,601.5567083054705,54.89943539796323
6,601.5647439490697,54.49791163857422
6,601.5727782521298,55.409886847445094
6,601.5808112146509,55.69508512426075
6,601.588842836633,55.81979708538957
6,601.596873118076,56.44534488159726
6,601.6049020589801,56.39299021960413
6,601.6129296593451,56.29528181912683
6,601.620955919171,57.07371960488357
6,601.628980838458,57.34054994193798
6,601.637004417206,57.59701767430489
6,601.6450266554148,57.50403003067828
6,601.6530475530847,57.76323393459021
6,601.6610671102155,58.18426925968232
6,601.6690853268074,58.54900242392936
6,601.67710220286,58.67068279756182
6,601.6851177383738,58.30836319534219
6,601.6931319333486,58.78947858589602
6,601.7011447877842,59.23234400577463
6,601.7091563016809,60.09571314970904
6,601.7171664750385,59.59301769741147
6,601.7251753078571,60.03129729063527
6,601.7331828001367,61.23007411642624
6,601.7411889518772,60.625679946602475
6,601.7491937630788,61.69630627661681
6,601.7571972337412,61.39776752876451
6,601.7651993638647,64.39489708473258
6,601.7732001534491,63.98081398997816
6,601.7811996024946,64.18801135028671
6,601.7891977110008,64.59617990845527
6,601.7971944789682,64.700246557412
6,601.8051899063965,66.41368096789843
6,601.8131839932859,65.84219595821064
6,601.821176739636,66.55497017976836
6,601.8291681454473,66.7566403306017
6,601.8371582107195,67.04986262711506
6,601.8451469354527,66.65262029585037
6,601.8531343196468,67.70961437996094
6,601.8611203633019,67.77579731435983
6,601.869105066418,68.28482615300851
6,601.8770884289951,69.6807172236822
6,601.885070451033,69.16282246734913
6,601.893051132532,69.73800463260676
6,601.901030473492,70.45888912564179
6,601.909008473913,70.06590156082692
6,601.9169851337949,71.4885501564439
6,601.9249604531377,71.91453030541085
6,601.9329344319416,72.08938686693452
6,601.9409070702064,72.3844564609796
6,601.9488783679323,73.8149276024947
6,601.956848325119,73.4149486111398
6,601.9648169417668,75.49016523208827
6,601.9727842178754,76.13732286261774
6,601.9807501534451,78.08030852153333
6,601.9887147484758,78.75111207442853
6,601.9966780029674,78.05957009307413
6,602.00463991692,79.2074288097937
6,602.0126004903336,80.34950697755077
6,602.0205597232081,80.74604586937487
6,602.0285176155436,80.55757539087395
6,602.0364741673401,81.50464172633858
6,602.0444293785976,83.55049317068388
6,602.052383249316,81.76772425865401
6,602.0603357794954,85.4495791044266
6,602.0682869691358,83.79429801990266
6,602.076236818237,83.46990203246008
6,602.0841853267993,86.31636540245117
6,602.0921324948226,84.95294862558289
6,602.1000783223069,86.94874286458824
6,602.1080228092521,88.25675725090458
6,602.1159659556583,88.22356448636859
6,602.1239077615255,89.50840328708856
6,602.1318482268537,89.66025164328637
6,602.1397873516427,91.0899514766098
6,602.1477251358928,92.89487577042838
6,602.1556615796038,90.45591466233095
6,602.1635966827758,95.70818552131534
6,602.1715304454088,96.0060646531846
6,602.1794628675028,96.13406421062501
6,602.1873939490578,96.71928124660512
6,602.1953236900737,100.25566646785306
6,602.2032520905506,98.57501201110476
6,602.2111791504884,103.37371132222334
6,602.2191048698872,101.57188855454072
6,602.227029248747,104.6427017793044
6,602.2349522870678,103.98197515946589
6,602.2428739848494,104.63691706442515
6,602.2507943420921,104.27366777270667
6,602.2587133587958,106.52991416919414
6,602.2666310349605,107.6990097162574
6,602.2745473705861,107.36311396397866
6,602.2824623656727,111.04132132143451
6,602.2903760202203,110.99261580872087
6,602.2982883342288,111.51255580545228
6,602.3061993076983,115.02355740578363
6,602.3141089406288,114.63522894970303
6,602.3220172330202,116.56909091160472
6,602.3299241848727,117.46126293867626
6,602.337829796186,119.80736540477554
6,602.3457340669604,120.68791998067421
6,602.3536369971957,125.51769272092619
6,602.361538586892,125.36384646506707
6,602.3694388360493,128.1088607399158
6,602.3773377446676,129.49014869929158
6,602.3852353127468,135.42544464268235
6,602.393131540287,134.36207788349196
6,602.4010264272881,137.13363353752277
6,602.4089199737502,137.91206162986816
6,602.4168121796733,139.55862981089498
6,602.4247030450574,142.05814338446396
6,602.4325925699025,142.6651964437741
6,602.4404807542085,142.30938121073194
6,602.4483675979754,147.34841897949786
6,602.4562531012034,149.72909154813937
6,602.4641372638923,149.21660519694424
6,602.4720200860422,150.6793468475286
6,602.4799015676531,147.9229860935368
6,602.4877817087249,151.22566849561912
6,602.4956605092577,154.7251430144916
6,602.5035379692516,160.09276234040104
6,602.5114140887064,164.24809076347327
6,602.5192888676221,161.5705231542065
6,602.5271623059988,166.8819053436611
6,602.5350344038364,168.8333510421493
6,602.5429051611351,182.49862955762956
6,602.5507745778947,180.54682957482316
6,602.5586426541153,183.38863853440222
6,602.5665093897968,185.69379840861467
6,602.5743747849393,184.69429499100525
6,602.5822388395428,190.69215180852234
6,602.5901015536073,188.46628690989954
6,602.5979629271327,202.43935846336046
6,602.6058229601192,195.23481103955973
6,602.6136816525666,201.5554435500441
6,602.6215390044749,203.3484131962733
6,602.6293950158442,208.05463403949008
6,602.6372496866745,213.82660513181247
7,576.516663180065,132.41766615873743
7,576.5270537217016,132.47799648633884
7,576.5374427120879,126.4893887554314
7,576.5478301512242,127.66838192573948
7,576.5582160391101,123.01235712940415
7,576.568600375746,124.81406234740817
7,576.5789831611316,122.97264022275205
7,576.589364395267,120.85396107928196
7,576.5997440781524,118.75820657065212
7,576.6101222097875,116.33869742882449
7,576.6204987901724,116.8706433841207
7,576.6308738193072,113.08634571851319
7,576.6412472971919,113.62826875661537
7,576.6516192238263,114.07349579822504
7,576.6619895992105,112.63916050330468
7,576.6723584233446,110.40824711777648
7,576.6827256962284,107.71708495355541
7,576.6930914178622,109.47463407852062
7,576.7034555882457,106.2321113253914
7,576.7138182073791,106.6658574178009
7,576.7241792752623,104.60691141683925
7,576.7345387918953,104.191081499691
7,576.7448967572782,102.03123993997974
7,576.7552531714108,100.32076612430798
7,576.7656080342933,102.02380267037198
7,576.7759613459257,98.4484649093974
7,576.7863131063078,99.74982492945517
7,576.7966633154398,98.0062763284313
7,576.8070119733216,96.12584125695925
7,576.8173590799531,97.72956348610333
7,576.8277046353346,96.51849869879292
7,576.8380486394659,93.48415403656911
7,576.848391092347,94.43552225006398
7,576.8587319939779,92.41390019719118
7,576.8690713443586,91.72704069357896
7,576.8794091434892,91.93309969497733
7,576.8897453913696,91.41996289177894
7,576.9000800879998,91.22205773259917
7,576.9104132333798,88.68180173589597
7,576.9207448275097,87.90504831057368
7,576.9310748703894,87.78907784906978
7,576.9414033620188,87.46383832929006
7,576.9517303023982,85.990291001019
7,576.9620556915274,86.28444232250891
7,576.9723795294063,86.23405174420787
7,576.9827018160352,85.84037576374412
7,576.9930225514138,85.88640209834882
7,577.0033417355422,84.75739213105233
7,577.0136593684206,83.45492963707247
7,577.0239754500486,83.37778122531053
7,577.0342899804266,82.11140694187426
7,577.0446029595544,80.21908281036319
7,577.054914387432,81.6171681862625
7,577.0652242640593,79.7061701157664
7,577.0755325894365,79.00047709742402
7,577.0858393635637,77.77653227220489
7,577.0961445864406,77.77531482088301
7,577.1064482580672,77.28944184498562
7,577.1167503784437,75.91992437591887
7,577.1270509475701,75.69220310445493
7,577.1373499654463,76.15332374626722
7,577.1476474320723,74.16233542406212
7,577.1579433474482,73.65012480868548
7,577.1682377115737,73.32861003690557
7,577.1785305244492,73.67419979859953
7,577.1888217860745,72.08101350088523
7,577.1991114964497,71.60614064290817
7,577.2093996555747,70.72121638891205
7,577.2196862634494,69.59890042274446
7,577.229971320074,70.71985248335398
7,577.2402548254485,69.85039960217097
7,577.2505367795727,68.80882796787576
7,577.2608171824468,68.0337143658236
7,577.2710960340706,66.43006059428092
7,577.2813733344444,67.17762806386452
7,577.2916490835679,66.16278800887491
7,577.3019232814413,65.47393824592264
7,577.3121959280645,65.57026984415467
7,577.3224670234375,64.9211007912728
7,577.3327365675603,64.09561464258232
7,577.3430045604331,64.14163752248372
7,577.3532710020555,62.63341688381068
7,577.3635358924279,62.32062725750349
7,577.37379923155,61.78706314822432
7,577.384061019422,61.724204176440516
7,577.3943212560438,60.72149259251157
7,577.4045799414155,60.78052843287473
7,577.4148370755369,60.049074618130675
7,577.4250926584082,59.175532577204876
7,577.4353466900292,59.18463684072909
7,577.4455991704001,58.13934412594092
7,577.455850099521,58.35521501304196
7,577.4660994773915,58.07810213081938
7,577.4763473040118,56.567149405503756
7,577.4865935793821,57.03630544621946
7,577.4968383035022,57.74891002273263
7,577.5070814763719,56.23179143750784
7,577.5173230979917,55.647178071174615
7,577.5275631683612,54.63730477476445
7,577.5378016874805,54.99362956719796
7,577.5480386553497,54.58485524374747
7,577.5582740719686,54.24698447536868
7,577.5685079373375,54.187469633686106
7,577.5787402514561,53.857046960710576
7,577.5889710143246,53.37252150073873
7,577.5992002259429,52.41473718431014
7,577.609427886311,51.84750007156598
7,577.619653995429,51.678691018285456
7,577.6298785532966,51.321266869469184
7,577.6401015599142,50.99688072100582
7,577.6503230152816,50.96128908473165
7,577.660542919399,50.20951364572249
7,577.670761272266,50.59643531801635
7,577.6809780738829,49.80281270990737
7,577.6911933242495,49.29495269275838
7,577.7014070233661,48.9491456299437
7,577.7116191712324,48.64906878016711
7,577.7218297678487,48.227720399015716
7,577.7320388132147,49.0614732579737
7,577.7422463073304,47.9220334876712
7,577.7524522501961,47.94334162345092
7,577.7626566418116,47.96069050410159
7,577.772859482177,46.59405825114049
7,577.7830607712921,47.08551656077817
7,577.793260509157,46.08211782350783
7,577.8034586957718,46.23264260275525
7,577.8136553311364,45.78241375079151
7,577.8238504152508,45.85366123849468
7,577.8340439481151,44.954101682565735
7,577.8442359297292,44.96337515331361
7,577.854426360093,45.51004957811124
7,577.8646152392068,44.71441259925195
7,577.8748025670703,44.567810608275096
7,577.8849883436837,44.48874147104946
7,577.895172569047,43.89652086533764
7,577.90535524316,43.58074834410026
7,577.9155363660228,43.687359671819614
7,577.9257159376355,43.81519192263649
7,577.935893957998,42.79347722355621
7,577.9460704271103,43.21315086236527
7,577.9562453449724,42.75833217305316
7,577.9664187115844,42.55864044355138
7,577.9765905269462,42.418989392106035
7,577.9867607910578,42.09438779601164
7,577.9969295039193,41.85095056581941
7,578.0070966655305,42.12774273478673
7,578.0172622758917,41.23630679802538
7,578.0274263350026,41.85807670425748
7,578.0375888428633,40.703092955863895
7,578.0477497994739,41.07593794648739
7,578.0579092048343,41.098413351365885
7,578.0680670589445,40.29460399825015
7,578.0782233618046,40.497980920101874
7,578.0883781134145,40.828848524487725
7,578.0985313137742,40.463911120036975
7,578.1086829628837,40.05420461645675
7,578.118833060743,39.70911606479927
7,578.1289816073521,39.58503059703711
7,578.1391286027111,38.98538453713139
7,578.14927404682,39.14596484220448
7,578.1594179396786,39.18498641661271
7,578.1695602812871,39.02344686599202
7,578.1797010716454,38.923905070391974
7,578.1898403107534,38.81383470190732
7,578.1999779986114,38.609693127367095
7,578.2101141352192,38.53275391927371
7,578.2202487205767,37.5869257913581
7,578.2303817546841,37.661438415179504
7,578.2405132375414,38.12003744650756
7,578.2506431691485,37.602366351728335
7,578.2607715495053,37.218226299182696
7,578.2708983786121,37.072036882953334
7,578.2810236564686,36.8906087503812
7,578.291147383075,36.878398320485545
7,578.3012695584312,37.318517386675424
7,578.3113901825371,36.54585277948419
7,578.321509255393,36.577068367004856
7,578.3316267769986,36.26401898394769
7,578.3417427473541,36.16245313354967
7,578.3518571664595,35.75761469735878
7,578.3619700343146,36.0285788889829
7,578.3720813509195,35.83850159735163
7,578.3821911162743,35.55979655483185
7,578.3922993303789,35.350963297312276
7,578.4024059932334,35.065507331850135
7,578.4125111048377,34.8865603790975
7,578.4226146651918,34.9045709077807
7,578.4327166742956,34.54030574214449
7,578.4428171321493,34.70774907512736
7,578.4529160387528,34.210998861578666
7,578.4630133941063,34.17596778770986
7,578.4731091982095,33.94393579011857
7,578.4832034510625,33.701359402252294
7,578.4932961526654,33.87210438278527
7,578.503387303018,33.61160026346524
7,578.5134769021205,32.947341854734624
7,578.5235649499729,33.06717023464108
7,578.533651446575,32.78466147552312
7,578.543736391927,33.06107552462607
7,578.5538197860288,32.753286607723545
7,578.5639016288804,32.63670075400892
7,578.5739819204819,32.576113642847986
7,578.5840606608332,32.792414418944425
7,578.5941378499342,32.15656080555983
7,578.6042134877852,32.02127098639221
7,578.6142875743859,31.804229374140185
7,578.6243601097365,31.760625018864648
7,578.6344310938368,31.792187084767402
7,578.6445005266871,31.377945285227376
7,578.6545684082871,31.567844450535294
7,578.664634738637,31.33962895678755
7,578.6746995177367,31.280898901442878
7,578.6847627455862,30.641831956779644
7,578.6948244221855,30.581300072092453
7,578.7048845475348,30.79260149184625
7,578.7149431216337,30.67674400881381
7,578.7250001444826,30.441356146167365
7,578.7350556160812,29.885442904636104
7,578.7451095364297,29.849346116699323
7,578.755161905528,29.72532848090619
7,578.7652127233761,29.868040418374278
7,578.7752619899741,29.333926019733465
7,578.7853097053218,29.55490190861714
7,578.7953558694194,29.62374214903636
7,578.8054004822668,29.228111672164864
7,578.815443543864,29.481789759054188
7,578.8254850542111,29.202775642447165
7,578.835525013308,29.092137860599642
7,578.8455634211547,28.90530538356097
7,578.8556002777513,28.79799978871513
7,578.8656355830976,28.701405790550815
7,578.8756693371938,28.523082910270695
7,578.8857015400398,28.154954538843292
7,578.8957321916357,28.341485811132124
7,578.9057612919813,27.875186104819633
7,578.9157888410768,28.206582102475
7,578.9258148389222,27.940861723705865
7,578.9358392855173,28.06418341231078
7,578.9458621808623,27.749467354428877
7,578.955883524957,27.71055188642629
7,578.9659033178016,27.50991636460954
7,578.975921559396,27.372543703894387
7,578.9859382497403,27.23527518528847
7,578.9959533888344,27.131593405086853
7,579.0059669766783,27.00081845137718
7,579.015979013272,27.149151497177336
7,579.0259894986156,26.69492958269484
7,579.035998432709,26.951091479868353
7,579.0460058155522,26.890509968483922
7,579.0560116471452,26.762392945762553
7,579.066015927488,26.605084193517516
7,579.0760186565808,26.346731969861406
7,579.0860198344233,26.240315651054356
7,579.0960194610155,26.25640083082332
7,579.1060175363577,26.535501225794214
7,579.1160140604497,26.112748771859934
7,579.1260090332916,26.064677480760437
7,579.1360024548832,25.98951335090466
7,579.1459943252246,25.8541278784889
7,579.1559846443159,25.804450534979356
7,579.165973412157,25.902949254923016
7,579.1759606287479,25.516295478428066
7,579.1859462940887,25.717160649233783
7,579.1959304081793,25.544823495988734
7,579.2059129710196,25.377559481018146
7,579.2158939826098,25.272890902206225
7,579.2258734429499,25.61710316516312
7,579.2358513520398,25.276481835668893
7,579.2458277098794,25.2974750800617
7,579.255802516469,25.205743142320728
7,579.2657757718084,25.193369677904936
7,579.2757474758976,25.033688755328384
7,579.2857176287365,24.8236070373434
7,579.2956862303254,24.88655147215153
7,579.305653280664,24.652081552975886
7,579.3156187797525,24.40003958169666
7,579.3255827275908,24.55019690975748
7,579.3355451241789,24.584525621234516
7,579.3455059695168,24.456603143919747
7,579.3554652636046,24.28291362539799
7,579.3654230064423,24.285119583974197
7,579.3753791980296,24.09071776917058
7,579.3853338383668,24.146254064168286
7,579.395286927454,24.080655187962023
7,579.4052384652908,24.125908448733053
7,579.4151884518775,24.257760379161812
7,579.4251368872141,23.816786663854394
7,579.4350837713005,24.249053174351257
7,579.4450291041367,23.894477262430108
7,579.4549728857227,23.632178325297772
7,579.4649151160585,23.869942555439387
7,579.4748557951442,23.56078674866119
7,579.4847949229796,23.510212626674225
7,579.494732499565,23.445487999153187
7,579.5046685249001,23.461246293089417
7,579.5146029989851,23.629566352075276
7,579.5245359218198,23.412492224594104
7,579.5344672934045,23.426089450183788
7,579.5443971137389,23.163704497299126
7,579.5543253828232,22.83659260633948
7,579.5642521006573,23.03277049629381
7,579.5741772672412,23.03707929661974
7,579.584100882575,22.862305086802525
7,579.5940229466585,23.063905209196115
7,579.6039434594918,22.827896027903048
7,579.613862421075,22.96208803343851
7,579.6237798314081,22.68117083612678
7,579.633695690491,22.56201523999615
7,579.6436099983237,22.623203298710663
7,579.6535227549061,22.66579178946184
7,579.6634339602385,22.52572981286944
7,579.6733436143206,22.50448315650962
7,579.6832517171526,22.394932086803905
7,579.6931582687345,22.45520842471267
7,579.7030632690661,22.31030779254687
7,579.7129667181475,22.198651964109096
7,579.7228686159788,22.198048470157246
7,579.7327689625599,22.208201491684896
7,579.7426677578908,22.217729037590434
7,579.7525650019716,21.988485625625596
7,579.7624606948021,21.919863466606323
7,579.7723548363825,21.96954989772114
7,579.7822474267128,21.810741788919366
7,579.7921384657928,21.72202892842581
7,579.8020279536228,21.869178199749257
7,579.8119158902024,21.55750295640456
7,579.8218022755319,21.639954523184482
7,579.8316871096113,21.453583135800585
7,579.8415703924405,21.413959945523892
7,579.8514521240195,21.43462954171769
7,579.8613323043483,21.352887829921197
7,579.8712109334269,21.24993586377161
7,579.8810880112554,21.35282006524857
7,579.8909635378337,21.295535400839867
7,579.9008375131618,21.164006281574743
7,579.9107099372397,21.022573789126913
7,579.9205808100676,21.229061525932828
7,579.9304501316452,21.03633679059551
7,579.9403179019725,20.960463269743133
7,579.9501841210498,20.908097422310046
7,579.9600487888769,20.75572732957077
7,579.9699119054538,20.768156115919144
7,579.9797734707805,20.771744529833455
7,579.9896334848571,20.724187803305195
7,579.9994919476834,20.637469300001744
7,580.0093488592596,20.59488382156312
7,580.0192042195856,20.48251376217245
7,580.0290580286614,20.34569843819034
7,580.0389102864872,20.459790331282917
7,580.0487609930626,20.379732559770975
7,580.058610148388,20.21214550261005
7,580.0684577524631,20.158473664853883
7,580.0783038052881,20.307906832264035
7,580.0881483068629,20.0900196418377
7,580.0979912571875,19.99713483356613
7,580.107832656262,19.917642814593165
7,580.1176725040862,19.95254920003528
7,580.1275108006603,20.02860138356464
7,580.1373475459842,19.8605599728011
7,580.1471827400579,19.643625471550866
7,580.1570163828815,19.81676841861069
7,580.1668484744549,19.800135233955363
7,580.1766790147781,19.68328710390714
7,580.1865080038511,19.636220954753608
7,580.196335441674,19.587418171613084
7,580.2061613282467,19.574615043096387
7,580.2159856635692,19.518641818332327
7,580.2258084476415,19.392915565240916
7,580.2356296804637,19.251553483285445
7,580.2454493620356,19.365612602665195
7,580.2552674923575,19.201976205305538
7,580.2650840714291,19.256077633840587
7,580.2748990992505,19.192660208729865
7,580.2847125758218,19.188555877284152
7,580.294524501143,19.164061055259445
7,580.3043348752138,18.95834683760978
7,580.3141436980346,18.90787258708555
7,580.3239509696052,18.947604482459838
7,580.3337566899256,18.654035764600955
7,580.3435608589958,18.747276752430192
7,580.353363476816,18.643219938191432
7,580.3631645433858,18.69257493198685
7,580.3729640587055,18.71495979146848
7,580.3827620227751,18.70018631273185
7,580.3925584355944,18.550329171237323
7,580.4023532971636,18.461836406418882
7,580.4121466074826,18.38355460783665
7,580.4219383665514,18.348478111759285
7,580.43172857437,18.25765272106209
7,580.4415172309385,18.228870414515118
7,580.4513043362568,18.235839354929574
7,580.461089890325,18.32547554199936
7,580.4708738931429,18.220306441687082
7,580.4806563447107,18.12740660166007
7,580.4904372450283,18.02589597877965
7,580.5002165940957,17.993992160143463
7,580.509994391913,17.988231946499447
7,580.51977063848,17.808051653032745
7,580.5295453337969,17.87919613621871
7,580.5393184778636,17.717777434727463
7,580.5490900706802,17.702185210038625
7,580.5588601122465,17.781097260044078
7,580.5686286025627,17.81244919706281
7,580.5783955416288,17.54852040976447
7,580.5881609294446,17.523548057743238
7,580.5979247660104,17.54849291300563
7,580.6076870513258,17.481891088845842
7,580.6174477853912,17.47895144693686
7,580.6272069682062,17.497244437773873
7,580.6369645997712,17.427936170648128
7,580.646720680086,17.411835886299354
7,580.6564752091507,17.29402958014937
7,580.6662281869651,17.34980643605135
7,580.6759796135293,17.29822869493488
7,580.6857294888434,17.243795204592516
7,580.6954778129074,17.18015069003086
7,580.7052245857211,17.109497875787863
7,580.7149698072847,17.148042534567423
7,580.724713477598,17.169544764470814
7,580.7344555966613,16.952254247347955
7,580.7441961644744,16.847154691918323
7,580.7539351810371,16.957908406040474
7,580.7636726463498,16.905870267607263
7,580.7734085604123,16.86734547794695
7,580.7831429232248,16.751721754996225
7,580.7928757347869,16.780517202007385
7,580.8026069950989,16.73982829164273
7,580.8123367041607,16.799872185480694
7,580.8220648619723,16.69526929155352
7,580.8317914685338,16.531391638862125
7,580.841516523845,16.58444536477351
7,580.8512400279062,16.482523808159826
7,580.8609619807171,16.537122404727956
7,580.8706823822779,16.530812676285734
7,580.8804012325885,16.498874076529034
7,580.8901185316489,16.45599440968196
7,580.8998342794591,16.366259908058765
7,580.9095484760192,16.30528063609302
7,580.9192611213291,16.308769096553196
7,580.9289722153887,16.244071054367048
7,580.9386817581983,16.199399117529147
7,580.9483897497577,16.30780875208891
7,580.9580961900668,16.261999696458034
7,580.9678010791258,16.101965651326058
7,580.9775044169346,16.02067086565272
7,580.9872062034933,16.08245731109862
7,580.9969064388018,16.07684222578694
7,581.0066051228602,16.060257132268006
7,581.0163022556683,15.954684768669562
7,581.0259978372262,15.881322691556045
7,581.035691867534,15.844844487859929
7,581.0453843465916,15.867291082570295
7,581.055075274399,15.902688811774693
7,581.0647646509562,15.923354336696205
7,581.0744524762633,15.813329725186446
7,581.0841387503202,15.713950537246227
7,581.0938234731269,15.839736883247616
7,581.1035066446835,15.7267791977579
7,581.1131882649898,15.712294805665659
7,581.1228683340461,15.758808940371326
7,581.1325468518521,15.672547273590546
7,581.142223818408,15.591466491811723
7,581.1518992337136,15.525962217546084
7,581.1615730977691,15.606688795453223
7,581.1712454105744,15.706256757566308
7,581.1809161721296,15.497081230104744
7,581.1905853824345,15.47682209466433
7,581.2002530414893,15.362810945755035
7,581.209919149294,15.373165800605024
7,581.2195837058484,15.385041405924946
7,581.2292467111527,15.433873921393038
7,581.2389081652068,15.416208660857427
7,581.2485680680107,15.303213562143737
7,581.2582264195645,15.329438015441905
7,581.267883219868,15.348543904766194
7,581.2775384689214,15.280348495479306
7,581.2871921667246,15.266110271020763
7,581.2968443132777,15.275937815760573
7,581.3064949085806,15.173225149538546
7,581.3161439526332,15.150124674972542
7,581.3257914454357,15.111860383709187
7,581.3354373869881,15.107821130602636
7,581.3450817772903,15.207524021558148
7,581.3547246163422,15.133504003906477
7,581.364365904144,14.929182229946523
7,581.3740056406957,15.064670138992595
7,581.3836438259972,14.965195671224118
7,581.3932804600485,15.073697580760362
7,581.4029155428495,14.989924811811443
7,581.4125490744005,14.925307379952729
7,581.4221810547012,14.955844476521067
7,581.4318114837519,14.816259339284528
7,581.4414403615523,14.911162491952409
7,581.4510676881025,14.902056034973848
7,581.4606934634025,14.896632113890416
7,581.4703176874525,14.85527037982301
7,581.4799403602522,14.773385068006258
7,581.4895614818017,14.76658067041223
7,581.4991810521011,14.89697360591632
7,581.5087990711503,14.729489297395158
7,581.5184155389493,14.654008759499373
7,581.5280304554981,14.756588135623852
7,581.5376438207967,14.69794788446507
7,581.5472556348452,14.740808643382366
7,581.5568658976435,14.70472939179289
7,581.5664746091917,14.569238237171867
7,581.5760817694896,14.60167085587881
7,581.5856873785374,14.66098935124984
7,581.595291436335,14.600684044685883
7,581.6048939428824,14.558827957459425
7,581.6144948981797,14.437868388270848
7,581.6240943022268,14.438983787848922
7,581.6336921550237,14.454166402658892
7,581.6432884565704,14.488929047096716
7,581.6528832068669,14.50242982049951
7,581.6624764059134,14.388220010132954
7,581.6720680537095,14.348204308247817
7,581.6816581502555,14.370019232726545
7,581.6912466955514,14.3952345992838
7,581.7008336895971,14.28609763520224
7,581.7104191323926,14.325962476237732
7,581.7200030239379,14.33132699601399
7,581.7295853642331,14.232776999222036
7,581.739166153278,14.324918867740742
7,581.7487453910728,14.294960049933609
7,581.7583230776174,14.255394283278285
7,581.7678992129119,14.333354432720478
7,581.7774737969562,14.16620775646511
7,581.7870468297502,14.189856140534136
7,581.7966183112942,14.194013113487008
7,581.806188241588,14.165037124666744
7,581.8157566206315,14.185694482136471
7,581.8253234484249,14.144289793278354
7,581.8348887249681,14.141303878646728
7,581.8444524502612,14.166647415360845
7,581.854014624304,14.071998235510316
7,581.8635752470967,14.084820027978212
7,581.8731343186392,14.089506349675844
7,581.8826918389316,14.042077370651889
7,581.8922478079738,14.152358111382647
7,581.9018022257658,13.963354403102732
7,581.9113550923076,14.041274707567538
7,581.9209064075992,14.019509138650534
7,581.9304561716407,13.93103748317618
7,581.940004384432,13.94294612833016
7,581.9495510459731,13.826662504780627
7,581.9590961562641,13.933793472798977
7,581.9686397153048,13.854697379957168
7,581.9781817230954,13.869325149671724
7,581.9877221796359,13.75708761830527
7,581.9972610849261,13.903248005488525
7,582.0067984389661,13.789747380418328
7,582.016334241756,13.91755148584137
7,582.0258684932958,13.835339778399739
7,582.0354011935852,13.760346353761877
7,582.0449323426246,13.86095801601405
7,582.0544619404138,13.694887708556259
7,582.0639899869528,13.730997706413186
7,582.0735164822416,13.770262141370901
7,582.0830414262804,13.694006877943956
7,582.0925648190688,13.782691207291858
7,582.1020866606071,13.7238861755472
7,582.1116069508953,13.68488358298987
7,582.1211256899333,13.707647842136156
7,582.130642877721,13.627388803709785
7,582.1401585142586,13.657056724340075
7,582.1496725995461,13.58121710273221
7,582.1591851335833,13.56073896980448
7,582.1686961163704,13.640117426641353
7,582.1782055479073,13.572648700501366
7,582.187713428194,13.62149879710628
7,582.1972197572305,13.59605398691702
7,582.206724535017,13.601760697750262
7,582.2162277615531,13.665715520118209
7,582.2257294368392,13.506098317082946
7,582.235229560875,13.516209628506282
7,582.2447281336607,13.52393837402807
7,582.2542251551962,13.54065753487198
7,582.2637206254816,13.542829382465104
7,582.2732145445167,13.465232190853936
7,582.2827069123017,13.48872231711262
7,582.2921977288365,13.532148279884593
7,582.3016869941212,13.440395863390792
7,582.3111747081556,13.447961915299022
7,582.3206608709398,13.373883767066156
7,582.3301454824739,13.33884854207161
7,582.3396285427579,13.356997472537946
7,582.3491100517916,13.392218751811516
7,582.3585900095752,13.417881602520069
7,582.3680684161086,13.31817853518639
7,582.3775452713918,13.337395280269096
7,582.3870205754248,13.318274524234278
7,582.3964943282077,13.302123916009986
7,582.4059665297405,13.297802224586503
7,582.415437180023,13.327374766009912
7,582.4249062790553,13.349998379180898
7,582.4343738268375,13.250960796309416
7,582.4438398233694,13.27191348768351
7,582.4533042686513,13.276909810077136
7,582.4627671626829,13.22805773158348
7,582.4722285054644,13.26719078475158
7,582.4816882969957,13.168520327468572
7,582.4911465372768,13.251776824026571
7,582.5006032263077,13.230844133593253
7,582.5100583640885,13.23033975617671
7,582.5195119506191,13.184704691011998
7,582.5289639858995,13.12759389334511
7,582.5384144699298,13.190165048482324
7,582.5478634027098,13.151379811232681
7,582.5573107842397,13.129317318949266
7,582.5667566145195,13.135010033116284
7,582.576200893549,13.00314049053887
7,582.5856436213284,13.161813077498296
7,582.5950847978576,13.151822109004936
7,582.6045244231366,13.126926656394435
7,582.6139624971654,13.167121306661304
7,582.623399019944,13.029120713612361
7,582.6328339914726,13.077297535081819
7,582.6422674117508,12.974467839861749
7,582.651699280779,13.06695393391919
7,582.661129598557,12.98467323726078
7,582.6705583650847,13.071600566091451
7,582.6799855803623,13.05714971827811
7,582.6894112443898,13.005533053138008
7,582.698835357167,12.938777005764306
7,582.7082579186941,12.918711386163082
7,582.717678928971,12.932190462806114
7,582.7270983879978,12.89775194120716
7,582.7365162957743,12.84413331870382
7,582.7459326523007,12.866525536088828
7,582.7553474575769,12.889974411748335
7,582.764760711603,12.812161073439642
7,582.7741724143788,12.835412164702756
7,582.7835825659045,12.825515244074595
7,582.7929911661801,12.776982532611095
7,582.8023982152054,12.843968332295635
7,582.8118037129805,12.750809033045934
7,582.8212076595055,12.824096113231802
7,582.8306100547803,12.852184518677925
7,582.840010898805,12.846712680584261
7,582.8494101915794,12.697300364232316
7,582.8588079331037,12.773122350069416
7,582.8682041233777,12.825543085151489
7,582.8775987624017,12.713649535776069
7,582.8869918501754,12.792137574581204
7,582.896383386699,12.846792092864204
7,582.9057733719724,12.734542916986241
7,582.9151618059956,12.779201873368587
7,582.9245486887687,12.73241499178556
7,582.9339340202915,12.734834303401392
7,582.9433178005643,12.735067823556816
7,582.9527000295868,12.741930952135888
7,582.9620807073592,12.745173723440951
7,582.9714598338813,12.695251907450913
7,582.9808374091533,12.678403419298597
7,582.9902134331751,12.767253326544436
7,582.9995879059468,12.687540701695864
7,583.0089608274683,12.707461908227579
7,583.0183321977396,12.728262386767415
7,583.0277020167607,12.603737508256499
7,583.0370702845316,12.70238309612707
7,583.0464370010524,12.71186096321211
7,583.055802166323,12.729532734766462
7,583.0651657803434,12.67474869002184
7,583.0745278431136,12.616417444336856
7,583.0838883546337,12.623018652874539
7,583.0932473149036,12.597415152674305
7,583.1026047239234,12.666487026009031
7,583.1119605816929,12.629553626083762
7,583.1213148882123,12.481445123655233
7,583.1306676434814,12.469103039265262
7,583.1400188475004,12.369510896196966
7,583.1493685002692,12.505001431377663
7,583.158716601788,12.397532133638997
7,583.1680631520564,12.40611379222472
7,583.1774081510748,12.437183808254161
7,583.1867515988429,12.395774794240255
7,583.1960934953609,12.445138043222729
7,583.2054338406286,12.441592553484051
7,583.2147726346462,12.478660242106956
7,583.2241098774138,12.399357070252133
7,583.233445568931,12.42200613258688
7,583.2427797091981,12.460127913939155
7,583.252112298215,12.42876934659174
7,583.2614433359817,12.389108710109905
7,583.2707728224983,12.468794669516933
7,583.2801007577647,12.47340824768533
7,583.2894271417808,12.407646581000897
7,583.2987519745469,12.44247925410365
7,583.3080752560628,12.438740803542654
7,583.3173969863284,12.362548201157244
7,583.326717165344,12.458880885820458
7,583.3360357931093,12.340241700547427
7,583.3453528696244,12.379650174801494
7,583.3546683948895,12.372862668603547
7,583.3639823689042,12.33703200567391
7,583.3732947916689,12.360274657565833
7,583.3826056631833,12.416758334755567
7,583.3919149834476,12.404623677176941
7,583.4012227524618,12.295938334152371
7,583.4105289702256,12.313795893921021
7,583.4198336367394,12.300595543879133
7,583.4291367520029,12.377604535027064
7,583.4384383160163,12.349764093481557
7,583.4477383287796,12.37787152768206
7,583.4570367902927,12.42839078811935
7,583.4663337005555,12.325638346877904
7,583.4756290595683,12.331743537060909
7,583.4849228673307,12.282276201539135
7,583.4942151238431,12.288656866157945
7,583.5035058291053,12.294281506671897
7,583.5127949831173,12.440222898461053
7,583.5220825858792,12.253355862702453
7,583.5313686373908,12.310418837899666
7,583.5406531376523,12.287902692343591
7,583.5499360866636,12.352903434223387
7,583.5592174844247,12.305444142780328
7,583.5684973309357,12.270543464491125
7,583.5777756261964,12.23678629326831
7,583.587052370207,12.331109434807974
7,583.5963275629674,12.357892586830976
7,583.6056012044777,12.264003061584008
7,583.6148732947378,12.132909886532966
7,583.6241438337477,12.102192259557729
7,583.6334128215074,12.139861850403932
7,583.6426802580169,12.140091119286875
7,583.6519461432763,12.168225919225979
7,583.6612104772855,12.127261837636567
7,583.6704732600444,12.081060003981113
7,583.6797344915533,12.074921315323849
7,583.688994171812,12.131159512936748
7,583.6982523008205,12.14926473135187
7,583.7075088785788,12.065580497068815
7,583.716763905087,12.12289581616931
7,583.726017380345,12.079677405862018
7,583.7352693043528,12.14782419545129
7,583.7445196771104,12.079399621062768
7,583.7537684986178,12.184300868503657
7,583.763015768875,12.12132353048539
7,583.7722614878821,12.095041017690766
7,583.7815056556391,12.11297044711417
7,583.7907482721458,12.114367708753237
7,583.7999893374024,12.14217733670194
7,583.8092288514088,12.10252224806053
7,583.8184668141649,12.066425623154645
7,583.827703225671,12.060854213957661
7,583.8369380859268,12.093872596769694
7,583.8461713949325,12.101526755793964
7,583.855403152688,12.121870770029346
7,583.8646333591934,12.109355095330134
7,583.8738620144486,12.066201280319893
7,583.8830891184535,12.037254919227157
7,583.8923146712084,12.104011536080176
7,583.901538672713,12.091290069032343
7,583.9107611229674,12.130319532464714
7,583.9199820219717,12.097507301881523
7,583.9292013697259,12.04659577231626
7,583.9384191662298,12.161053006347666
7,583.9476354114836,12.130729100855403
7,583.9568501054871,12.109833499591653
7,583.9660632482405,12.06834222585896
7,583.9752748397437,12.128876694405283
7,583.9844848799968,12.167078359001495
7,583.9936933689997,12.112210300864685
7,584.0029003067524,12.091138193086707
7,584.012105693255,12.092404896188096
7,584.0213095285072,12.141727360801685
7,584.0305118125094,12.146092209476777
7,584.0397125452615,12.099516840652132
7,584.0489117267633,12.058172889456815
7,584.0581093570149,12.07425759887621
7,584.0673054360165,12.048883025388319
7,584.0764999637677,12.146842010142272
7,584.0856929402688,12.086363380406443
7,584.0948843655198,12.006890885434396
7,584.1040742395206,12.153759071452805
7,584.1132625622712,12.11064079584383
7,584.1224493337717,12.125379766421357
7,584.1316345540218,12.12172490682927
7,584.1408182230219,12.078962136296825
7,584.1500003407718,12.103799152510689
7,584.1591809072715,12.10899390540356
7,584.1683599225211,12.162315923009999
7,584.1775373865205,12.103977609873692
7,584.1867132992696,12.086742133385274
7,584.1958876607687,12.12242413669278
7,584.2050604710175,12.106056942191666
7,584.2142317300162,12.098920866769108
7,584.2234014377647,11.878631607183786
7,584.232569594263,11.928980125596611
7,584.2417361995111,11.903287732589146
7,584.2509012535091,11.906892769828865
7,584.260064756257,11.916737460913602
7,584.2692267077546,11.961407897003996
7,584.278387108002,11.915816588696236
7,584.2875459569993,11.888056821750217
7,584.2967032547464,11.951844540639524
7,584.3058590012433,11.932908515726456
7,584.31501319649,11.856049047579605
7,584.3241658404866,11.971491414739521
7,584.333316933233,11.982096895407919
7,584.3424664747292,11.937016116496196
7,584.3516144649752,11.995830899616033
7,584.3607609039711,11.988711914724815
7,584.3699057917169,11.992662572319212
7,584.3790491282123,11.976600594337599
7,584.3881909134577,11.994007577759032
7,584.3973311474529,11.975903059821988
7,584.4064698301978,11.888462850173626
7,584.4156069616927,12.020903711497455
7,584.4247425419372,12.117688017262239
7,584.4338765709317,12.00643507662272
7,584.443009048676,12.035481605899768
7,584.4521399751701,12.05056134029621
7,584.4612693504141,12.058619975723593
7,584.4703971744078,11.928143214622551
7,584.4795234471515,12.084345953839158
7,584.4886481686448,11.98206903646445
7,584.497771338888,11.990638547997932
7,584.5068929578811,12.054065383238987
7,584.516013025624,12.041905206768952
7,584.5251315421167,12.048553563247935
7,584.5342485073593,12.066640338138898
7,584.5433639213516,11.951836736495473
7,584.5524777840938,12.02365595000528
7,584.5615900955858,12.07692040883638
7,584.5707008558276,12.051771739333669
7,584.5798100648193,12.08174771547136
7,584.5889177225607,12.065091393115082
7,584.5980238290521,12.060931117766554
7,584.6071283842932,12.033493193541563
7,584.6162313882842,12.028147002684738
7,584.6253328410249,12.101593763394199
7,584.6344327425155,12.015599658019829
7,584.643531092756,12.073154363446001
7,584.6526278917462,12.107755248169184
7,584.6617231394863,12.102646263749381
7,584.6708168359762,11.9971388358291
7,584.6799089812159,12.204707268934847
7,584.6889995752055,12.09247579111678
7,584.6980886179448,12.083293414428235
7,584.707176109434,12.13544763753762
7,584.7162620496731,12.180360998496695
7,584.725346438662,12.124142873599052
7,584.7344292764006,12.111480657979115
7,584.7435105628891,12.141788281024983
7,584.7525902981274,12.114792381917043
7,584.7616684821155,12.20888701163802
7,584.7707451148535,12.158524049954655
7,584.7798201963413,12.151829921016958
7,584.788893726579,12.234540585311981
7,584.7979657055664,12.194516428742945
7,584.8070361333037,12.257571144353877
7,584.8161050097908,12.144926402525671
7,584.8251723350277,12.11866052558994
7,584.8342381090144,12.136803047565815
7,584.843302331751,12.202918194541176
7,584.8523650032374,12.172751728349388
7,584.8614261234736,12.332362280005361
7,584.8704856924596,12.244845262101608
7,584.8795437101955,12.196505623439965
7,584.8886001766813,12.274061089651244
7,584.8976550919167,12.232608002303559
7,584.906708455902,12.308909010512503
7,584.9157602686372,12.259754860865632
7,584.9248105301223,12.219712024595323
7,584.933859240357,12.250404383837225
7,584.9429063993417,12.285277195923356
7,584.9519520070762,12.282467542356025
7,584.9609960635605,12.37698407901079
7,584.9700385687946,12.340494572721537
7,584.9790795227785,12.296396757356797
7,584.9881189255123,12.289611383716348
7,584.9971567769959,12.308498748116236
7,585.0061930772292,12.366482395816892
7,585.0152278262125,12.354776912891218
7,585.0242610239455,12.40875873577101
7,585.0332926704284,12.310859483125098
7,585.0423227656612,12.375174137234891
7,585.0513513096437,12.355236511925552
7,585.0603783023761,12.324017996513419
7,585.0694037438583,12.488189367104072
7,585.0784276340903,12.392831796774088
7,585.0874499730721,12.345773143073403
7,585.0964707608038,12.347381042261835
7,585.1054899972852,12.080750509861673
7,585.1145076825165,12.09003441000651
7,585.1235238164977,12.245833793613592
7,585.1325383992287,12.196859035405707
7,585.1415514307095,12.167994805405513
7,585.15056291094,12.092525121804716
7,585.1595728399204,12.18528668933938
7,585.1685812176507,12.172453491948497
7,585.1775880441307,12.138734070229756
7,585.1865933193607,12.10520369733093
7,585.1955970433404,12.143700374703267
7,585.2045992160699,12.135558857501369
7,585.2135998375494,12.156484592949685
7,585.2225989077785,12.219329655594755
7,585.2315964267576,12.243474596044203
7,585.2405923944865,12.197640968426617
7,585.2495868109652,12.203803532580674
7,585.2585796761937,12.206867206302794
7,585.267570990172,12.25099531272364
7,585.2765607529001,12.315687285388718
7,585.2855489643781,12.206313996545392
7,585.2945356246059,12.25399611721872
7,585.3035207335835,12.211324953412129
7,585.3125042913109,12.299671683376758
7,585.3214862977883,12.294777740452869
7,585.3304667530153,12.216981781660255
7,585.3394456569922,12.312086359398743
7,585.348423009719,12.30402954491948
7,585.3573988111956,12.303921211116362
7,585.366373061422,12.352603036300351
7,585.3753457603982,12.286333088913862
7,585.3843169081242,12.326073285073532
7,585.3932865046002,12.292468252885824
7,585.4022545498258,12.390321108053898
7,585.4112210438013,12.310709301463516
7,585.4201859865267,12.440653548592808
7,585.4291493780019,12.429272613269497
7,585.4381112182268,12.326360145484314
7,585.4470715072017,12.28019536686321
7,585.4560302449263,12.276385519003286
7,585.4649874314008,12.323878440596012
7,585.4739430666251,12.339842473083877
7,585.4828971505992,12.349560080085386
7,585.4918496833232,12.413879206163985
7,585.5008006647969,12.376172692678917
7,585.5097500950204,12.356206141344764
7,585.5186979739939,12.471307942557075
7,585.5276443017171,12.392227919670633
7,585.5365890781902,12.462854962559163
7,585.5455323034131,12.493892879598025
7,585.5544739773858,12.438367929303785
7,585.5634141001084,12.469217382635339
7,585.5723526715807,12.470454937149118
7,585.5812896918029,12.466648130680296
7,585.5902251607749,12.500751832498745
7,585.5991590784968,12.484401683514488
7,585.6080914449684,12.599811794467493
7,585.6170222601899,12.621441042097013
7,585.6259515241612,12.491557958356196
7,585.6348792368823,12.552269105184061
7,585.6438053983533,12.514518334044798
7,585.652730008574,12.549330246188735
7,585.6616530675446,12.543967355429078
7,585.6705745752652,12.522093442042982
7,585.6794945317354,12.604584466794224
7,585.6884129369555,12.62363747403077
7,585.6973297909253,12.631261316733958
7,585.7062450936451,12.644872917694274
7,585.7151588451146,12.59917730527403
7,585.7240710453341,12.56115572321324
7,585.7329816943032,12.707653763484487
7,585.7418907920223,12.649990133658557
7,585.7507983384911,12.62496529433019
7,585.7597043337098,12.68667189398792
7,585.7686087776783,12.616955228683809
7,585.7775116703966,12.682119700565627
7,585.7864130118649,12.689406123008808
7,585.7953128020828,12.69248149833788
7,585.8042110410506,12.73573339223525
7,585.8131077287683,12.753747324021795
7,585.8220028652356,12.744489258340746
7,585.830896450453,12.714794091337719
7,585.8397884844201,12.883081286271814
7,585.848678967137,12.818239761723245
7,585.8575678986037,12.795133791859206
7,585.8664552788204,12.818835056491922
7,585.8753411077867,12.747826128124716
7,585.8842253855029,12.811312258955352
7,585.893108111969,12.820034288237569
7,585.9019892871848,12.759627729727928
7,585.9108689111506,12.831354624502833
7,585.919746983866,12.912674227734653
7,585.9286235053314,12.880198583898748
7,585.9374984755466,12.771777566995759
7,585.9463718945116,12.88623716362129
7,585.9552437622264,12.90984724485368
7,585.9641140786911,12.933958643231698
7,585.9729828439055,12.91570199565041
7,585.9818500578698,12.972866944873356
7,585.9907157205839,12.93502191137462
7,585.9995798320479,13.021428274619922
7,586.0084423922616,12.897868729522667
7,586.0173034012253,13.009012268418232
7,586.0261628589386,12.969005667323387
7,586.0350207654019,12.930565998347037
7,586.043877120615,12.935200527715088
7,586.0527319245779,13.055736496371765
7,586.0615851772906,12.994319840002346
7,586.0704368787531,13.088808966041714
7,586.0792870289655,13.103303674928357
7,586.0881356279277,12.99573181631192
7,586.0969826756397,13.107030797332088
7,586.1058281721015,13.063384670326643
7,586.1146721173131,13.098432423399522
7,586.1235145112747,12.960013380073839
7,586.132355353986,13.111206798974045
7,586.1411946454472,13.211714993470293
7,586.1500323856582,13.106165044061596
7,586.1588685746189,13.189101681204573
7,586.1677032123295,13.160488296845106
7,586.17653629879,13.146680954533055
7,586.1853678340002,13.204180730807883
7,586.1941978179603,13.125440859971812
7,586.2030262506702,13.336675864606754
7,586.2118531321299,13.3802275548299
7,586.2206784623395,13.255227025246912
7,586.2295022412989,13.23148371256449
7,586.2383244690081,13.332987298836944
7,586.2471451454671,13.296709231451924
7,586.255964270676,13.337336222113546
7,586.2647818446346,13.395669876485835
7,586.2735978673431,13.36549225056225
7,586.2824123388015,13.46686173408934
7,586.2912252590097,13.375492381669392
7,586.3000366279676,13.288142750029097
7,586.3088464456755,13.365778285644081
7,586.317654712133,13.51292236222034
7,586.3264614273405,13.465060598085891
7,586.3352665912978,13.412393807517631
7,586.3440702040049,13.538560693566467
7,586.3528722654619,13.461620519188399
7,586.3616727756686,13.498324127462512
7,586.3704717346252,13.537731096863919
7,586.3792691423316,13.572783543699733
7,586.3880649987879,13.459037598445464
7,586.3968593039939,13.563071116677786
7,586.4056520579497,13.50541552354043
7,586.4144432606554,13.595133265096912
7,586.423232912111,13.517194321447578
7,586.4320210123163,13.61750101391718
7,586.4408075612715,13.65704787936126
7,586.4495925589765,13.585207244438312
7,586.4583760054313,13.613807669086823
7,586.4671579006359,13.588314319159661
7,586.4759382445905,13.750944484184927
7,586.4847170372948,13.628939030421162
7,586.4934942787488,13.683336798435908
7,586.5022699689528,13.716548080130213
7,586.5110441079066,13.716021301567864
7,586.5198166956102,13.767495404792312
7,586.5285877320636,13.686440635143486
7,586.5373572172668,13.708212967680488
7,586.5461251512199,13.744977929632725
7,586.5548915339228,13.806518525989157
7,586.5636563653756,13.893897498568675
7,586.5724196455781,13.846993477308772
7,586.5811813745304,13.881861973186231
7,586.5899415522326,13.817079141727529
7,586.5987001786847,13.831174521688432
7,586.6074572538865,13.971493513476945
7,586.6162127778382,13.965201182856944
7,586.6249667505397,13.876972970448243
7,586.633719171991,13.934689456455283
7,586.6424700421921,13.904225799911735
7,586.651219361143,13.983900017172639
7,586.6599671288438,14.05524144802783
7,586.6687133452945,13.98415502900428
7,586.6774580104949,14.016442897955724
7,586.6862011244452,14.10850423110156
7,586.6949426871453,14.014338575351749
7,586.7036826985952,14.186683148068704
7,586.7124211587949,14.160415520335059
7,586.7211580677445,14.057468420189311
7,586.7298934254438,14.102086139633004
7,586.7386272318931,14.143259383777602
7,586.7473594870921,14.081139742438333
7,586.756090191041,14.15476727320752
7,586.7648193437396,14.221712769329512
7,586.7735469451882,14.20783395398202
7,586.7822729953865,14.240046674617224
7,586.7909974943346,14.30592852656375
7,586.7997204420327,14.234334014178213
7,586.8084418384805,14.32820516461981
7,586.8171616836781,14.32369686043585
7,586.8258799776256,14.413671985260022
7,586.8345967203228,14.45985207166492
7,586.84331191177,14.333683980278959
7,586.8520255519669,14.320602848948008
7,586.8607376409136,14.345819914557604
7,586.8694481786102,14.366514323203909
7,586.8781571650567,14.406289667613388
7,586.8868646002528,14.425003745727079
7,586.895570484199,14.515963748652908
7,586.9042748168948,14.50697840973787
7,586.9129775983405,14.623853404042322
7,586.9216788285361,14.51878023493678
7,586.9303785074814,14.579303055808898
7,586.9390766351765,14.569535669648891
7,586.9477732116216,14.460239273520122
7,586.9564682368164,14.654108203942062
7,586.9651617107611,14.680397204504532
7,586.9738536334555,14.643414763009295
7,586.9825440048999,14.65695819665674
7,586.9912328250939,14.686550670777205
7,586.9999200940379,14.687146468874577
7,587.0086058117316,14.708539612835452
7,587.0172899781753,14.743182657403034
7,587.0259725933687,14.720735874539042
7,587.034653657312,14.735850734924544
7,587.043333170005,14.650027750674472
7,587.0520111314479,14.748627025341609
7,587.0606875416406,14.863140324114084
7,587.0693624005831,14.891169534580806
7,587.0780357082756,14.840108190830666
7,587.0867074647177,14.881848316124902
7,587.0953776699098,14.904620375343864
7,587.1040463238517,14.978709774578808
7,587.1127134265433,14.893357739358592
7,587.1213789779848,14.961318380339632
7,587.1300429781761,15.000105470225447
7,587.1387054271172,14.966966326930457
7,587.1473663248082,14.997787539466769
7,587.156025671249,15.008710038337835
7,587.1646834664397,14.999649158534014
7,587.1733397103801,15.038998927610837
7,587.1819944030703,15.11053373187701
7,587.1906475445104,15.141463598982515
7,587.1992991347004,15.088222271131258
7,587.20794917364,15.17503054500955
7,587.2165976613296,15.082018105420001
7,587.225244597769,15.258164509775677
7,587.2338899829582,15.208017091202402
7,587.2425338168973,15.225449963891304
7,587.2511760995861,15.622068147685301
7,587.2598168310249,15.647615798730115
7,587.2684560112134,15.716549068974112
7,587.2770936401517,15.638575001770773
7,587.2857297178399,15.725667658779502
7,587.2943642442779,15.882542012490743
7,587.3029972194656,15.669788068130345
7,587.3116286434033,15.823157109061395
7,587.3202585160908,15.787204903978616
7,587.328886837528,15.709563300644396
7,587.3375136077151,15.9191190844548
7,587.3461388266521,15.769182405802491
7,587.3547624943388,15.875878719474994
7,587.3633846107754,15.939670282215353
7,587.3720051759618,16.013273420826145
7,587.3806241898981,15.983090075595877
7,587.3892416525841,15.922640659185815
7,587.39785756402,16.05422326316813
7,587.4064719242057,16.0136222332834
7,587.4150847331413,16.125873106525116
7,587.4236959908266,16.105634140510098
7,587.4323056972618,15.971563811756582
7,587.4409138524468,16.072339626964357
7,587.4495204563816,16.12802899443957
7,587.4581255090662,16.18302112045645
7,587.4667290105008,16.2574323475623
7,587.475330960685,16.161563484174696
7,587.4839313596192,16.257752951787328
7,587.4925302073032,16.18928472144155
7,587.5011275037369,16.200528049894913
7,587.5097232489205,16.323707248617236
7,587.5183174428539,16.368746755684654
7,587.5269100855372,16.36719238976026
7,587.5355011769702,16.487302688213685
7,587.5440907171532,16.48639290665906
7,587.5526787060859,16.514318453569548
7,587.5612651437684,16.457963616747747
7,587.5698500302008,16.38826088100908
7,587.578433365383,16.478612937359678
7,587.587015149315,16.57731644299284
7,587.5955953819969,16.702911553271576
7,587.6041740634286,16.537406901670348
7,587.61275119361,16.595510524774756
7,587.6213267725414,16.810772267422838
7,587.6299008002226,16.661313253010125
7,587.6384732766535,16.75097156556068
7,587.6470442018343,16.582282369422234
7,587.655613575765,16.714243469016186
7,587.6641813984454,16.818780002194064
7,587.6727476698757,16.695458090149156
7,587.6813123900557,16.880814588204665
7,587.6898755589856,16.904640629826993
7,587.6984371766654,16.91603059309174
7,587.706997243095,16.923659557939487
7,587.7155557582744,17.009213033835568
7,587.7241127222036,16.905681384959408
7,587.7326681348826,16.93452959614586
7,587.7412219963114,17.1034892806555
7,587.7497743064902,16.893583222720178
7,587.7583250654187,16.89954380430086
7,587.7668742730971,17.051966443772585
7,587.7754219295252,17.078781897913437
7,587.7839680347032,17.072137111674163
7,587.792512588631,17.079896816590146
7,587.8010555913087,17.094877678124462
7,587.8095970427361,17.138249103371745
7,587.8181369429134,17.134455933473674
7,587.8266752918405,17.287665627899543
7,587.8352120895174,17.275811872560233
7,587.8437473359442,17.244370928264814
7,587.8522810311208,17.136204222020197
7,587.8608131750472,17.206170847311398
7,587.8693437677234,17.390081625579576
7,587.8778728091495,17.414448286125122
7,587.8864002993254,17.34317741483102
7,587.8949262382511,17.465012254031286
7,587.9034506259267,17.39743981941876
7,587.911973462352,17.459617840319115
7,587.9204947475272,17.588296715338277
7,587.9290144814522,17.44245353292134
7,587.937532664127,17.57366344780737
7,587.9460492955517,17.61128105731916
7,587.9545643757261,17.539672730717808
7,587.9630779046505,17.634262463571122
7,587.9715898823246,17.77095298744089
7,587.9801003087485,17.592903640726856
7,587.9886091839223,17.788999026132025
7,587.9971165078459,17.67358177647462
7,588.0056222805193,17.668114168274155
7,588.0141265019427,17.787068754344062
7,588.0226291721157,17.816440889819614
7,588.0311302910386,17.76728621715331
7,588.0396298587114,17.84019555634432
7,588.0481278751339,17.85347107528866
7,588.0566243403063,17.879768546098134
7,588.0651192542284,17.819557156880997
7,588.0736126169005,17.92862446379545
7,588.0821044283223,18.50465484742621
7,588.090594688494,18.425484477134162
7,588.0990833974155,18.52541790219502
7,588.1075705550868,18.62957120145274
7,588.116056161508,18.5925722752077
7,588.124540216679,18.609089073294456
7,588.1330227205998,18.7448826189535
7,588.1415036732703,18.735081629984872
7,588.1499830746908,18.812883520160664
7,588.1584609248611,18.80707835810563
7,588.1669372237811,18.60164421040085
7,588.1754119714511,18.812480093117497
7,588.1838851678708,18.922492498818343
7,588.1923568130404,18.834194295366984
7,588.2008269069598,18.951385047672098
7,588.209295449629,19.021149644722016
7,588.2177624410481,18.98110088611776
7,588.2262278812169,19.078853021031698
7,588.2346917701357,18.946978190116305
7,588.2431541078041,19.01372809735564
7,588.2516148942225,19.09741054313073
7,588.2600741293907,18.996816905623568
7,588.2685318133086,19.122007108465578
7,588.2769879459765,19.066893996693132
7,588.2854425273941,19.08213562513383
7,588.2938955575617,19.20510457335387
7,588.3023470364789,19.344401165693757
7,588.310796964146,19.320904441144325
7,588.3192453405629,19.27974310003643
7,588.3276921657297,19.399686919795254
7,588.3361374396463,19.369429144385865
7,588.3445811623127,19.47022477429127
7,588.353023333729,19.492490261553417
7,588.361463953895,19.58164280054177
7,588.369903022811,19.60762952901555
7,588.3783405404766,19.643500128466002
7,588.3867765068921,19.633024349658683
7,588.3952109220576,19.65549371768663
7,588.4036437859727,19.756531285356893
7,588.4120750986377,19.58779840003416
7,588.4205048600526,19.81463653995129
7,588.4289330702172,19.737870017281573
7,588.4373597291317,19.684894672272694
7,588.445784836796,19.950003926365316
7,588.4542083932101,19.898318055592345
7,588.4626303983741,20.04016360153356
7,588.4710508522879,19.876816382154082
7,588.4794697549515,19.95294481831472
7,588.487887106365,20.05041663457464
7,588.4963029065282,20.239027544476876
7,588.5047171554413,20.1376331929294
7,588.5131298531041,20.342468768865945
7,588.5215409995169,20.114101865472716
7,588.5299505946795,20.263038428976365
7,588.5383586385918,20.205203662624438
7,588.546765131254,20.33476562740066
7,588.5551700726661,20.357631479424885
7,588.5635734628279,20.225494214981733
7,588.5719753017396,20.379122366559905
7,588.5803755894011,20.401912512639793
7,588.5887743258124,20.593646878413168
7,588.5971715109736,20.595836578390145
7,588.6055671448845,20.4996634892293
7,588.6139612275454,20.63508234826814
7,588.622353758956,20.59301119883447
7,588.6307447391164,20.603204001099233
7,588.6391341680267,21.09118713217515
7,588.6475220456869,21.143386895178224
7,588.6559083720967,21.21187976559891
7,588.6642931472564,21.392244838269647
7,588.6726763711661,21.4094089752024
7,588.6810580438255,21.513721449745784
7,588.6894381652347,21.395663919104205
7,588.6978167353938,21.527156125431905
7,588.7061937543026,21.591247502659332
7,588.7145692219613,21.412793205816627
7,588.7229431383698,21.55856859584405
7,588.7313155035282,21.84099458562124
7,588.7396863174363,21.663223979477646
7,588.7480555800943,21.617992491046632
7,588.7564232915022,21.521956944183014
7,588.7647894516598,21.7992844694022
7,588.7731540605672,21.971879793373763
7,588.7815171182245,21.890729959293836
7,588.7898786246317,22.00170428924367
7,588.7982385797886,21.889863933563554
7,588.8065969836954,22.03080902823371
7,588.814953836352,21.97967425416597
7,588.8233091377584,22.20306682713825
7,588.8316628879146,22.24864967255355
7,588.8400150868207,22.26960161702558
7,588.8483657344766,22.354893990873503
7,588.8567148308823,22.35595834346425
7,588.8650623760378,22.437160388133268
7,588.8734083699433,22.54639996671179
7,588.8817528125984,22.25986975887683
7,588.8900957040034,22.34261670235635
7,588.8984370441583,22.470554864383416
7,588.906776833063,22.668145555192467
7,588.9151150707174,22.622391087746674
7,588.9234517571217,22.80410843694546
7,588.9317868922758,22.811800433203892
7,588.9401204761798,22.60489011646014
7,588.9484525088336,22.893534039559285
7,588.9567829902372,22.741346025631785
7,588.9651119203907,22.897006423115123
7,588.9734392992939,22.838147989473523
7,588.981765126947,22.91938844502797
7,588.9900894033499,22.97221571912105
7,588.9984121285027,23.164370796194724
7,589.0067333024052,23.21655538766346
7,589.0150529250576,23.2944878357035
7,589.0233709964598,23.1354379583671
7,589.0316875166118,23.136980290705548
7,589.0400024855137,23.240429132130377
7,589.0483159031653,23.177601192075013
7,589.0566277695668,23.294055861766235
7,589.0649380847182,23.502200447329916
7,589.0732468486193,23.47013976087748
7,589.0815540612704,24.32183559974143
7,589.0898597226711,24.369576701492058
7,589.0981638328218,24.488948013706207
7,589.1064663917222,24.391625957832666
7,589.1147673993725,24.144833352006444
7,589.1230668557725,24.610371737218195
7,589.1313647609226,24.590264047734852
7,589.1396611148223,24.4771859250284
7,589.1479559174718,24.70947417127374
7,589.1562491688712,24.693691477597994
7,589.1645408690205,24.673197543209675
7,589.1728310179195,24.765873031586633
7,589.1811196155684,24.80929095292249
7,589.189406661967,25.004602702313665
7,589.1976921571156,24.746139742575192
7,589.205976101014,25.003948782968962
7,589.2142584936621,25.090599168912277
7,589.2225393350601,25.053248523085173
7,589.2308186252079,25.31172193344358
7,589.2390963641056,25.18183425731882
7,589.2473725517531,25.316266723616135
7,589.2556471881504,25.516662204051173
7,589.2639202732975,25.588916535519868
7,589.2721918071944,25.299770975620838
7,589.2804617898412,25.245369497018622
7,589.2887302212378,25.373608318487875
7,589.2969971013842,25.7403876001288
7,589.3052624302804,25.571299679034567
7,589.3135262079265,25.660252843458625
7,589.3217884343225,25.65449831625341
7,589.3300491094682,25.73264890761644
7,589.3383082333637,25.97073504137176
7,589.346565806009,25.825327018932928
7,589.3548218274043,25.908896170873152
7,589.3630762975492,25.916463869608688
7,589.3713292164441,25.866485922693258
7,589.3795805840888,26.063912916509874
7,589.3878304004833,26.00589888640245
7,589.3960786656276,26.106762071463347
7,589.4043253795218,26.347223834527096
7,589.4125705421657,26.113472791913733
7,589.4208141535595,26.2951461087777
7,589.4290562137031,26.53734455446207
7,589.4372967225966,26.528280376728667
7,589.4455356802398,26.756345870575668
7,589.4537730866329,26.63188678242205
7,589.4620089417758,27.473100508010873
7,589.4702432456685,27.49666503218922
7,589.4784759983111,27.34902340944103
7,589.4867071997035,27.60384769070477
7,589.4949368498457,27.60488899672112
7,589.5031649487378,27.650512093881446
7,589.5113914963796,27.740526830644196
7,589.5196164927713,27.526076734101775
7,589.5278399379127,27.893678171876232
7,589.5360618318041,27.974075973858103
7,589.5442821744452,27.953734138455463
7,589.5525009658362,27.94521695713887
7,589.5607182059771,27.8870797152677
7,589.5689338948677,28.22983181512413
7,589.5771480325081,28.103265337094125
7,589.5853606188984,28.261925995738856
7,589.5935716540386,28.189478034186358
7,589.6017811379285,28.482273877486058
7,589.6099890705682,28.634506365261352
7,589.6181954519578,28.566126485263243
7,589.6264002820972,28.41049563810802
7,589.6346035609864,28.690724091476806
7,589.6428052886255,28.787547634544264
7,589.6510054650144,28.5980976731726
7,589.659204090153,28.953690919756706
7,589.6674011640416,29.263586886164042
7,589.6755966866799,28.915543287013644
7,589.6837906580681,28.8856087068875
7,589.6919830782061,29.314143697504225
7,589.700173947094,29.06525259620885
7,589.7083632647316,29.17534200210538
7,589.716551031119,29.427623960863418
7,589.7247372462564,29.41742306237786
7,589.7329219101434,29.42700170208695
7,589.7411050227804,29.465957454686333
7,589.7492865841672,29.6474047991496
7,589.7574665943038,29.7164462060658
7,589.7656450531903,29.35141256455755
7,589.7738219608265,29.929841673442645
7,589.7819973172126,29.77103054792702
7,589.7901711223484,29.892299351809598
7,589.7983433762341,30.718545602460214
7,589.8065140788697,30.897384753635976
7,589.8146832302551,30.738171970045652
7,589.8228508303903,31.00754119608167
7,589.8310168792752,31.006346335373173
7,589.8391813769101,31.08414993115618
7,589.8473443232948,31.426311420306025
7,589.8555057184293,31.354754659488663
7,589.8636655623136,31.364345458225547
7,589.8718238549477,31.306658936310306
7,589.8799805963317,31.527969318299675
7,589.8881357864656,31.449905170845646
7,589.8962894253491,31.789400971727115
7,589.9044415129825,31.835145702115046
7,589.9125920493658,32.191883528384054
7,589.920741034499,31.813981481210025
7,589.9288884683818,31.926546599677064
7,589.9370343510146,32.13432994922125
7,589.9451786823971,32.39778364266845
7,589.9533214625295,32.150618168690485
7,589.9614626914117,32.27319086713962
7,589.9696023690437,32.68453819585538
7,589.9777404954257,32.44030094278521
7,589.9858770705573,32.68653226315129
7,589.9940120944389,32.85448955434217
7,590.0021455670702,32.56446517385776
7,590.0102774884514,32.81255884801327
7,590.0184078585823,32.776526410398574
7,590.0265366774631,32.49392658125747
7,590.0346639450938,32.875994083917966
7,590.0427896614742,33.05298260744683
7,590.0509138266045,33.01730413997514
7,590.0590364404846,33.34008492005653
7,590.0671575031146,33.11373799700437
7,590.0752770144943,33.3135973803306
7,590.0833949746238,33.38914246078926
7,590.0915113835033,32.89774522337886
7,590.0996262411326,34.58402209899585
7,590.1077395475116,34.6790970346324
7,590.1158513026405,34.76877948966496
7,590.1239615065192,34.714516473474255
7,590.1320701591477,35.065313525216965
7,590.1401772605261,34.63286493365887
7,590.1482828106542,35.1804441188345
7,590.1563868095323,35.192836682120735
7,590.1644892571601,35.098066346093105
7,590.1725901535377,35.03577091919872
7,590.1806894986652,35.15139971236983
7,590.1887872925425,35.3347600940694
7,590.1968835351696,35.17866675378411
7,590.2049782265466,35.39184989793338
7,590.2130713666734,35.72361548838329
7,590.22116295555,35.81922185865598
7,590.2292529931764,35.83099244749698
7,590.2373414795526,36.13112700128928
7,590.2454284146787,35.87392516920071
7,590.2535137985546,35.96557868987288
7,590.2615976311803,36.21288208114334
7,590.2696799125558,35.61835426499807
7,590.2777606426813,36.479551242464545
7,590.2858398215565,36.406303362209
7,590.2939174491814,36.543545287505395
7,590.3019935255563,37.024475932685085
7,590.310068050681,36.87361231215996
7,590.3181410245555,37.20827691179954
7,590.3262124471798,36.741805601949984
7,590.334282318554,36.884321235126
7,590.3423506386779,37.28916281292192
7,590.3504174075517,37.501618869187695
7,590.3584826251754,37.52188871285388
7,590.3665462915487,37.66182220440213
7,590.374608406672,38.21891841079746
7,590.3826689705452,38.82762540112072
7,590.3907279831681,38.70616763443321
7,590.3987854445407,38.60728997545312
7,590.4068413546634,38.42886672611601
7,590.4148957135358,39.12936394579847
7,590.422948521158,39.1551016413469
7,590.43099977753,39.13908440756771
7,590.4390494826519,39.4539038455113
7,590.4470976365236,39.17125796260663
7,590.455144239145,39.331207708798914
7,590.4631892905164,39.76514017440788
7,590.4712327906376,40.070483917881496
7,590.4792747395086,39.880258818996154
7,590.4873151371294,40.20903398521438
7,590.4953539835,40.13832047070275
7,590.5033912786205,40.30686732850934
7,590.5114270224908,40.198329301229194
7,590.5194612151108,40.11130170311989
7,590.5274938564808,40.692053732917465
7,590.5355249466006,40.4067870452256
7,590.5435544854702,40.271334833231265
7,590.5515824730895,40.89812390308382
7,590.5596089094588,40.18940544740325
7,590.5676337945779,41.417511255942365
7,590.5756571284468,41.101436285934376
7,590.5836789110655,41.368998391060984
7,590.591699142434,41.417859856372125
7,590.5997178225523,41.45146531771586
7,590.6077349514205,41.04777420226629
7,590.6157505290386,41.66363626845496
7,590.6237645554064,41.28629720150981
7,590.6317770305241,41.838800770719224
7,590.6397879543915,43.02376653960518
7,590.6477973270088,43.191441876326536
7,590.655805148376,43.33140887967675
7,590.6638114184929,43.49532127656322
7,590.6718161373597,43.78083267441693
7,590.6798193049763,43.93637347702119
7,590.6878209213427,43.33237244012577
7,590.6958209864589,43.54550814634551
7,590.703819500325,44.31928527910091
7,590.711816462941,44.07729094781641
7,590.7198118743066,44.73890159471949
7,590.7278057344222,44.53819362874217
7,590.7357980432876,44.41287272291882
7,590.7437888009027,44.81870074712311
7,590.7517780072678,44.34171163243438
7,590.7597656623826,44.74295444736818
7,590.7677517662473,44.62214891417095
7,590.7757363188618,45.180468634417075
7,590.7837193202262,45.26764679354956
7,590.7917007703403,45.06551306545489
7,590.7996806692042,45.23102002626251
7,590.8076590168181,45.168785352489834
7,590.8156358131816,44.74942536746469
7,590.8236110582951,45.24174903556034
7,590.8315847521584,45.38091676459451
7,590.8395568947715,45.92403576249905
7,590.8475274861345,46.27074333577753
7,590.8554965262472,45.92393282888045
7,590.8634640151097,46.41707194830332
7,590.8714299527221,46.304462746727275
7,590.8793943390843,47.857708880466305
7,590.8873571741964,47.865945961853654
7,590.8953184580582,47.73229012946357
7,590.90327819067,47.44906721890245
7,590.9112363720315,48.1752971906735
7,590.9191930021428,48.44602236166643
7,590.927148081004,48.90251178104604
7,590.935101608615,49.06590398601138
7,590.9430535849758,48.882758264451795
7,590.9510040100864,48.566631878211865
7,590.958952883947,49.2801954057052
7,590.9669002065572,49.78163876861579
7,590.9748459779173,49.551248090157536
7,590.9827901980273,49.749052471893805
7,590.990732866887,50.474114405881366
7,590.9986739844966,49.56556805929567
7,591.006613550856,49.426233255852075
7,591.0145515659652,49.93560715768368
7,591.0224880298243,50.84262224429112
7,591.0304229424332,50.42331163536319
7,591.0383563037919,50.579253632020304
7,591.0462881139005,50.08278129023987
7,591.0542183727588,50.87826181839787
7,591.062147080367,51.51036438884162
7,591.070074236725,51.5768590315214
7,591.0779998418328,51.43348227718171
7,591.0859238956905,51.94124256989914
7,591.093846398298,51.08239092152391
7,591.1017673496552,50.856690942059814
7,591.1096867497624,53.78892730643684
7,591.1176045986193,53.76037230413683
7,591.1255208962261,53.469771053864356
7,591.1334356425828,53.43809305017172
7,591.1413488376892,54.58349522275508
7,591.1492604815454,53.763391141113246
7,591.1571705741515,53.57615410938304
7,591.1650791155074,54.87470998563659
7,591.1729861056132,55.107119620756926
7,591.1808915444687,55.06358345758257
7,591.1887954320741,54.84156534088
7,591.1966977684293,55.511056210954834
7,591.2045985535343,54.971341853406614
7,591.2124977873891,55.49629703404402
7,591.2203954699938,55.259658274399904
7,591.2282916013484,56.18899326219388
7,591.2361861814527,57.02064170990432
7,591.2440792103068,56.307113547324924
7,591.2519706879108,56.472760683696606
7,591.2598606142645,57.150878216118684
7,591.2677489893682,57.41349519085054
7,591.2756358132217,57.161574673205926
7,591.283521085825,57.74669718914438
7,591.2914048071781,58.34387906665246
7,591.299286977281,58.10561464791069
7,591.3071675961337,58.83055216176664
7,591.3150466637363,58.42468765254701
7,591.3229241800886,60.218179025800836
7,591.3308001451909,60.64784807928184
7,591.3386745590429,61.358429701854035
7,591.3465474216448,62.073319834007314
7,591.3544187329965,62.585324590262374
7,591.362288493098,61.981125116648066
7,591.3701567019493,62.61675870938417
7,591.3780233595505,62.73989882005041
7,591.3858884659015,62.817141235750896
7,591.3937520210023,62.089687119969156
7,591.401614024853,64.01023677904169
7,591.4094744774535,63.966088473424605
7,591.4173333788037,64.55353834710975
7,591.4251907289039,65.40891552168695
7,591.4330465277538,65.39391918461499
7,591.4409007753536,66.29845034984662
7,591.4487534717032,65.81501088410396
7,591.4566046168026,66.0408125378034
7,591.4644542106519,66.97240628175642
7,591.4723022532509,66.69812208481636
7,591.4801487445998,68.52845386674892
7,591.4879936846985,67.24203411521957
7,591.495837073547,68.62277317060436
7,591.5036789111454,70.21660263926202
7,591.5115191974936,69.03605048112634
7,591.5193579325916,69.72815792912117
7,591.5271951164394,69.84099270694756
7,591.5350307490371,71.69558052808304
7,591.5428648303846,73.29514075888005
7,591.5506973604819,74.09769543836084
7,591.558528339329,74.17593166948868
7,591.566357766926,75.57814822600469
7,591.5741856432728,74.90054971771815
7,591.5820119683693,75.330091576137
7,591.5898367422158,76.47719401293573
7,591.597659964812,76.5343582056143
7,591.6054816361582,78.4835345476005
7,591.613301756254,77.36861512731862
7,591.6211203250998,77.83419352137346
7,591.6289373426954,80.7242122322029
7,591.6367528090407,80.54558413598784
7,591.6445667241359,80.29988957127156
7,591.652379087981,80.85419474907604
7,591.6601899005758,81.33314220846287
7,591.6679991619205,81.41099057443296
7,591.675806872015,82.50864790287544
7,591.6836130308593,83.959959016775
7,591.6914176384535,82.69657685216144
7,591.6992206947974,83.84345627891439
7,591.7070221998913,85.71798998204913
7,591.7148221537349,84.4304484394372
7,591.7226205563284,85.38367890268215
7,591.7304174076717,89.51864241176436
7,591.7382127077647,90.41517327048973
7,591.7460064566077,90.2171780090742
7,591.7537986542004,90.82325095125466
7,591.7615893005429,93.49730092362944
7,591.7693783956354,93.88026269878974
7,591.7771659394776,92.43476943496428
7,591.7849519320696,94.66283490328574
7,591.7927363734115,93.97216929530187
7,591.8005192635032,96.31314448044412
7,591.8083006023447,97.04184148464923
7,591.8160803899361,98.54098157135552
7,591.8238586262772,97.34645537658632
7,591.8316353113682,98.61465327414582
7,591.8394104452091,98.83079870014268
7,591.8471840277997,101.42268848973654
7,591.8549560591401,100.97102271722744
7,591.8627265392305,101.9815138171872
7,591.8704954680705,102.59812521920085
7,591.8782628456605,103.98548539915012
7,591.8860286720003,105.89787267437104
7,591.8937929470899,108.64894442822518
7,591.9015556709293,107.58543515487302
7,591.9093168435186,108.1769334373198
7,591.9170764648576,115.45667238498642
7,591.9248345349465,115.53614774915212
7,591.9325910537852,115.29265686155618
7,591.9403460213738,116.54506804017184
7,591.9480994377121,116.16087473410415
7,591.9558513028003,118.20028128657765
7,591.9636016166384,118.23827321739189
7,591.9713503792262,123.65140687373827
7,591.9790975905638,122.3421158175863
7,591.9868432506513,122.42501599676311
7,591.9945873594886,124.33493903374213
7,592.0023299170758,126.61524178185253
7,592.0100709234127,127.65746339872715
7,592.0178103784996,125.99915272980412
7,592.0255482823361,133.10042145793778
7,592.0332846349226,131.8227441964795
7,592.0410194362588,131.19189970826102
7,592.048752686345,133.1357778948176
7,592.0564843851809,137.69980709657113
7,592.0642145327666,139.15118414063556
7,592.0719431291021,136.52536973427254
7,592.0796701741875,140.3116606495709
7,592.0873956680227,142.00564114743688
7,592.0951196106078,142.74701420951178
7,592.1028420019426,151.96346894046667
7,592.1105628420273,156.38114103446145
7,592.1182821308619,154.4658591910658
7,592.1259998684461,158.68568759990242
7,592.1337160547803,160.9486360305519
7,592.1414306898643,159.15538300097953
7,592.1491437736981,161.06441631078755
7,592.1568553062817,164.92924543686522
7,592.1645652876152,165.23188166329416
7,592.1722737176984,165.64625295324765
7,592.1799805965315,169.48091365877852
7,592.1876859241145,177.10484430352747
7,592.1953897004472,177.0477150288199
7,592.2030919255299,181.39466590660246
7,592.2107925993622,180.54209687251029
7,592.2184917219445,184.4443903366466
7,592.2261892932765,185.5275695129831
7,592.2338853133584,188.87005954670735
7,592.2415797821901,187.2360413593389
7,592.2492726997716,192.9103435067495
7,592.2569640661029,195.5803441128571
7,592.2646538811841,200.21497539423697
7,592.2723421450152,198.2367969458979
7,592.280028857596,211.84494012839627
7,592.2877140189266,216.627531005481
7,592.2953976290071,218.81435238982445
7,592.3030796878373,226.33166698084594
7,592.3107601954175,228.15118468777086
7,592.3184391517474,231.87103226465103
8,567.5023243243243,153.2108096910985
8,567.511027027027,154.2735589234709
8,567.5197297297296,150.2872233409275
8,567.5284324324324,148.76616738892554
8,567.537135135135,144.04739849116265
8,567.5458378378378,143.24565374994324
8,567.5545405405405,141.90032272868842
8,567.5632432432432,138.27773420147986
8,567.5719459459459,136.21630472112142
8,567.5806486486485,134.51166604992687
8,567.5893513513513,134.23832678654756
8,567.598054054054,132.53475587738544
8,567.6067567567567,130.83504322564585
8,567.6154594594594,129.69737880908335
8,567.6241621621621,129.5198507337204
8,567.6328648648648,126.64258787297787
8,567.6415675675676,128.1786841984134
8,567.6502702702702,122.10543296458862
8,567.658972972973,124.05621534716603
8,567.6676756756756,121.04012752046393
8,567.6763783783783,118.81306159686612
8,567.6850810810811,119.21198218662127
8,567.6937837837837,117.66580406417857
8,567.7024864864865,117.60202391068002
8,567.7111891891891,116.67686629679491
8,567.7198918918918,113.4820053009501
8,567.7285945945945,113.49318291354325
8,567.7372972972972,113.50436159173418
8,567.746,109.24876118105148
8,567.7547027027026,109.38984636838441
8,567.7634054054054,106.64496420136716
8,567.772108108108,109.5855704143811
8,567.7808108108107,107.8429718885926
8,567.7895135135135,104.6139662723565
8,567.7982162162161,104.57406551453417
8,567.8069189189189,104.29116525067185
8,567.8156216216215,104.56395618550496
8,567.8243243243243,102.02572975538195
8,567.833027027027,100.00679000803088
8,567.8417297297296,98.21533867370705
8,567.8504324324324,98.6297170183722
8,567.859135135135,99.47327971357174
8,567.8678378378378,96.1921768846465
8,567.8765405405405,96.09158131439078
8,567.8852432432432,95.79883808801333
8,567.8939459459459,94.46986003927803
8,567.9026486486486,94.79599434384589
8,567.9113513513513,92.57377370197266
8,567.920054054054,92.90660284538258
8,567.9287567567567,91.69852725528371
8,567.9374594594594,89.9404538189869
8,567.9461621621621,89.95937349558508
8,567.9548648648648,88.84807387599686
8,567.9635675675676,87.32503650928385
8,567.9722702702702,87.35339196554094
8,567.980972972973,86.82312674925198
8,567.9896756756756,86.63572551832888
8,567.9983783783783,84.0709054319179
8,568.0070810810811,85.71899442647391
8,568.0157837837837,82.28972122036159
8,568.0244864864865,82.4600847469506
8,568.0331891891891,82.14075568797028
8,568.0418918918919,83.19100243446043
8,568.0505945945945,81.13993772079978
8,568.0592972972972,81.74950416768314
8,568.068,81.10565930967567
8,568.0767027027026,78.88014491723294
8,568.0854054054054,79.37018779071241
8,568.094108108108,78.61987039570573
8,568.1028108108108,78.9251388034838
8,568.1115135135135,77.44347852114005
8,568.1202162162161,77.0837614476631
8,568.1289189189189,75.15859857455236
8,568.1376216216215,76.62951549360542
8,568.1463243243243,75.06824673877755
8,568.155027027027,74.71263003288473
8,568.1637297297297,73.3547927806431
8,568.1724324324324,72.18487072299479
8,568.181135135135,72.3875376623084
8,568.1898378378378,72.05699068682928
8,568.1985405405405,71.2999335121644
8,568.2072432432432,71.5766581937925
8,568.2159459459459,71.01465067994918
8,568.2246486486486,71.16019350491015
8,568.2333513513513,69.32720986886382
8,568.242054054054,69.11729445836515
8,568.2507567567567,68.07408018757437
8,568.2594594594594,68.51332334580343
8,568.2681621621621,67.89373829932357
8,568.2768648648648,67.2339915319967
8,568.2855675675676,66.59505202836368
8,568.2942702702702,66.40751097247443
8,568.302972972973,65.79795342131032
8,568.3116756756756,65.6481469875479
8,568.3203783783783,63.78734809372404
8,568.3290810810811,64.56955243575936
8,568.3377837837837,63.80622326742112
8,568.3464864864865,63.2489707396841
8,568.3551891891891,62.892820877870825
8,568.3638918918919,61.962392801635424
8,568.3725945945946,61.584489178851186
8,568.3812972972972,61.35769709948768
8,568.39,60.28352637773888
8,568.3987027027026,59.87219398463635
8,568.4074054054054,60.82126550023933
8,568.4161081081081,59.014091467065526
8,568.4248108108108,59.947301733006384
8,568.4335135135135,57.9236795958994
8,568.4422162162161,58.35088796552685
8,568.4509189189189,58.003724406330846
8,568.4596216216215,58.06139466901484
8,568.4683243243243,57.902539398437185
8,568.477027027027,56.36934370664754
8,568.4857297297297,56.31728404356696
8,568.4944324324324,55.22311396091878
8,568.503135135135,56.30240782850306
8,568.5118378378378,55.564845921261565
8,568.5205405405405,54.93928710621439
8,568.5292432432432,54.977436563735374
8,568.5379459459459,55.11181661658897
8,568.5466486486486,53.32318180446489
8,568.5553513513513,53.40955031148391
8,568.564054054054,53.66660239777926
8,568.5727567567567,52.602318827982046
8,568.5814594594594,53.10470437660517
8,568.5901621621621,52.304295179432245
8,568.5988648648648,51.62534009942256
8,568.6075675675676,51.636196143162024
8,568.6162702702702,51.07469978721121
8,568.624972972973,51.35749121198132
8,568.6336756756756,50.61108128273671
8,568.6423783783783,50.39164489567982
8,568.6510810810811,49.61491678428975
8,568.6597837837837,49.794009706567756
8,568.6684864864865,48.89440642701785
8,568.6771891891891,48.770335528443816
8,568.6858918918919,47.94042257262907
8,568.6945945945946,48.944578551337436
8,568.7032972972972,47.77376496184283
8,568.712,47.930463872390604
8,568.7207027027026,47.31053681077247
8,568.7294054054054,46.79158293747199
8,568.7381081081081,46.55706774236239
8,568.7468108108108,46.930139387827985
8,568.7555135135135,46.490849133058894
8,568.7642162162161,46.42950191107503
8,568.7729189189189,45.527519973404836
8,568.7816216216216,46.00648048837522
8,568.7903243243243,44.42055184054087
8,568.799027027027,45.07687612359754
8,568.8077297297297,44.57612325043298
8,568.8164324324324,44.35719154556891
8,568.825135135135,44.09462465752675
8,568.8338378378378,43.63870250892992
8,568.8425405405405,44.154222056664366
8,568.8512432432432,43.885375894690284
8,568.8599459459459,43.37331068784809
8,568.8686486486486,42.98063622520968
8,568.8773513513513,42.75485933946168
8,568.8860540540541,42.01097274834121
8,568.8947567567567,42.36229356279549
8,568.9034594594594,42.30265890649188
8,568.9121621621621,41.70143408399468
8,568.9208648648648,41.37097934115927
8,568.9295675675676,41.269433165632634
8,568.9382702702702,41.34233371031997
8,568.946972972973,41.494748023833075
8,568.9556756756756,40.91400886912296
8,568.9643783783783,40.31845935524193
8,568.9730810810811,40.417587559205124
8,568.9817837837837,40.5350153023181
8,568.9904864864865,40.39476564410894
8,568.9991891891891,39.4563456087252
8,569.0078918918919,39.58951779133318
8,569.0165945945946,39.70504336038822
8,569.0252972972972,40.11873638745995
8,569.034,39.433424794094876
8,569.0427027027026,38.87063646260397
8,569.0514054054054,38.447593108839236
8,569.0601081081081,38.48682544984309
8,569.0688108108108,38.21741419855691
8,569.0775135135135,38.209948300473485
8,569.0862162162161,38.219639032305345
8,569.0949189189189,38.393134910166694
8,569.1036216216216,37.82084817251099
8,569.1123243243243,37.7632358064651
8,569.121027027027,37.500752682529054
8,569.1297297297297,37.561671562184564
8,569.1384324324324,37.3807398149725
8,569.1471351351352,37.19718388058594
8,569.1558378378378,37.038970303830446
8,569.1645405405405,36.941803101457914
8,569.1732432432432,36.57250572240134
8,569.1819459459459,36.57903416309932
8,569.1906486486486,35.79949664268337
8,569.1993513513513,36.071157053970516
8,569.2080540540541,35.87763796619841
8,569.2167567567567,35.906058472197024
8,569.2254594594594,35.59608309623902
8,569.2341621621621,35.462084795379454
8,569.2428648648648,35.438194842972784
8,569.2515675675676,35.50573181286206
8,569.2602702702702,35.583234606061254
8,569.268972972973,35.43234832443502
8,569.2776756756756,35.315371340496114
8,569.2863783783783,34.690463730384174
8,569.2950810810811,34.942657049958065
8,569.3037837837837,34.57295660979946
8,569.3124864864865,34.64970881588636
8,569.3211891891891,33.87060839675956
8,569.3298918918919,34.05488375078026
8,569.3385945945946,34.06431246346705
8,569.3472972972972,33.89655493339881
8,569.356,33.643923911437994
8,569.3647027027026,33.66387768436256
8,569.3734054054054,33.513241508052765
8,569.3821081081081,33.27081609746359
8,569.3908108108108,33.85934444496077
8,569.3995135135135,33.42641721154862
8,569.4082162162161,33.2330353578265
8,569.4169189189189,33.07294875980001
8,569.4256216216216,32.63054561280489
8,569.4343243243243,32.986941258109226
8,569.443027027027,32.642692301677755
8,569.4517297297297,32.319239771215685
8,569.4604324324324,32.08968837896205
8,569.4691351351352,32.25969494245729
8,569.4778378378378,32.190945815753516
8,569.4865405405405,32.090425406895214
8,569.4952432432432,31.41241954838729
8,569.5039459459459,31.661394684364335
8,569.5126486486486,31.868931091360725
8,569.5213513513513,31.459103338461123
8,569.5300540540541,31.238604991500605
8,569.5387567567567,31.58744228832223
8,569.5474594594594,31.477751050822196
8,569.5561621621621,31.01755777432943
8,569.5648648648648,31.005553885353997
8,569.5735675675676,30.680719197320013
8,569.5822702702702,31.07268290358714
8,569.590972972973,30.353253810139382
8,569.5996756756756,30.599505813565926
8,569.6083783783783,30.685965524745196
8,569.6170810810811,30.47417385759421
8,569.6257837837837,30.286367137549977
8,569.6344864864865,30.04831116243145
8,569.6431891891891,29.881014562685447
8,569.6518918918919,30.236102250676684
8,569.6605945945946,29.618233206845318
8,569.6692972972972,29.857019831082606
8,569.678,29.755950465714047
8,569.6867027027026,29.8124653103438
8,569.6954054054054,29.2340518251445
8,569.7041081081081,29.093286793733228
8,569.7128108108108,29.110268023744563
8,569.7215135135135,28.932584773288646
8,569.7302162162161,28.693536357504456
8,569.7389189189189,28.462074440709124
8,569.7476216216216,28.919635411943283
8,569.7563243243243,28.559132508714107
8,569.765027027027,28.32480492590139
8,569.7737297297297,28.30950535597688
8,569.7824324324324,28.11765787976173
8,569.7911351351352,27.865351602300297
8,569.7998378378378,28.138060854139592
8,569.8085405405405,27.977064150906635
8,569.8172432432432,27.71243259603334
8,569.8259459459459,27.597362143249143
8,569.8346486486487,27.59212338926619
8,569.8433513513513,27.15768055722455
8,569.8520540540541,27.428453972972452
8,569.8607567567567,27.55966426961615
8,569.8694594594594,27.03291569674249
8,569.8781621621622,27.185948412543596
8,569.8868648648648,26.891481380693197
8,569.8955675675676,26.626616054316777
8,569.9042702702702,26.7644294470955
8,569.912972972973,26.547338893950073
8,569.9216756756756,26.55046505700032
8,569.9303783783784,26.298214283509626
8,569.9390810810811,26.231469126175405
8,569.9477837837837,26.19342787055642
8,569.9564864864865,26.12599568344643
8,569.9651891891891,25.938837179182734
8,569.9738918918919,25.65896043408595
8,569.9825945945946,25.872111213395222
8,569.9912972972973,25.62908878236408
8,570.0,25.769856528050187
8,570.0087027027026,25.515003621441068
8,570.0174054054054,25.272629180192798
8,570.0261081081081,25.31204672175036
8,570.0348108108108,25.18082059291797
8,570.0435135135135,24.99017032721653
8,570.0522162162162,25.24372431705736
8,570.0609189189189,24.61418350916904
8,570.0696216216216,25.015824666198284
8,570.0783243243243,24.854878762952556
8,570.087027027027,24.649766109393102
8,570.0957297297297,24.871615705307434
8,570.1044324324324,24.45264769387029
8,570.1131351351352,24.265775986270953
8,570.1218378378378,24.42483672350465
8,570.1305405405406,24.07635033673401
8,570.1392432432432,24.264892832007074
8,570.1479459459459,24.074919887383004
8,570.1566486486487,24.059111576716777
8,570.1653513513513,23.96179369297181
8,570.1740540540541,23.678676560844806
8,570.1827567567567,23.764452060043396
8,570.1914594594595,23.76732138436486
8,570.2001621621622,23.441068090397874
8,570.2088648648648,23.530596941495762
8,570.2175675675676,23.33193635767888
8,570.2262702702702,23.255269264221337
8,570.234972972973,23.197705425956293
8,570.2436756756757,23.259351597843985
8,570.2523783783784,23.21580191310946
8,570.2610810810811,23.286787247856722
8,570.2697837837837,22.942637553810297
8,570.2784864864865,22.650388985493976
8,570.2871891891891,22.882044860870117
8,570.2958918918919,22.999823065563294
8,570.3045945945946,22.615562830593145
8,570.3132972972973,22.644651161836464
8,570.322,22.66020405993688
8,570.3307027027026,22.4871744821283
8,570.3394054054054,22.429795718632658
8,570.3481081081081,22.155356547794447
8,570.3568108108108,22.41899169965568
8,570.3655135135135,22.240104780003264
8,570.3742162162162,22.113112402780516
8,570.3829189189189,22.021469744014443
8,570.3916216216217,22.103299347113463
8,570.4003243243243,21.801157354069467
8,570.409027027027,21.953346294291872
8,570.4177297297297,21.64183854217501
8,570.4264324324324,21.81333680021718
8,570.4351351351352,21.806869053804967
8,570.4438378378378,21.767834435839955
8,570.4525405405406,21.734874810190302
8,570.4612432432432,21.43699007248147
8,570.4699459459459,21.65158570485591
8,570.4786486486487,21.323110869107982
8,570.4873513513513,21.29862745072307
8,570.4960540540541,21.416214330868204
8,570.5047567567567,21.28005166350071
8,570.5134594594595,21.01826487651275
8,570.5221621621622,21.12515786858028
8,570.5308648648648,21.176880841621415
8,570.5395675675676,20.98200114360115
8,570.5482702702702,21.116264061581976
8,570.556972972973,20.916039034188422
8,570.5656756756757,21.13621153884706
8,570.5743783783784,20.964156763495016
8,570.5830810810811,20.768566146557955
8,570.5917837837837,20.87641682787718
8,570.6004864864865,20.72358757770463
8,570.6091891891892,20.769296919690003
8,570.6178918918919,20.516802255593056
8,570.6265945945946,20.62489870451994
8,570.6352972972973,20.503412226182622
8,570.644,20.471809600380013
8,570.6527027027026,20.597463327890576
8,570.6614054054054,20.43862327104454
8,570.6701081081081,20.334155570221885
8,570.6788108108108,20.20603384786156
8,570.6875135135135,20.337131488550803
8,570.6962162162162,20.318809321198337
8,570.7049189189189,19.99108701092946
8,570.7136216216217,20.153178024830183
8,570.7223243243243,20.115964236541522
8,570.731027027027,19.99759630637067
8,570.7397297297297,19.98079384972677
8,570.7484324324324,19.97509488239811
8,570.7571351351352,19.95619215938117
8,570.7658378378378,19.903738430584824
8,570.7745405405406,19.888517517988333
8,570.7832432432432,19.790894407147864
8,570.7919459459459,19.892997091148025
8,570.8006486486487,19.658382984601445
8,570.8093513513513,19.52625165175953
8,570.8180540540541,19.742380387780738
8,570.8267567567567,19.571672831475794
8,570.8354594594595,19.811608107400225
8,570.8441621621622,19.225761852133513
8,570.8528648648648,19.51417333338594
8,570.8615675675676,19.57062712570475
8,570.8702702702702,19.420788253226107
8,570.878972972973,19.31890186514615
8,570.8876756756757,19.31310627023416
8,570.8963783783784,19.428352609107982
8,570.9050810810811,19.32439496858436
8,570.9137837837837,19.27527162161582
8,570.9224864864865,19.200632277024113
8,570.9311891891892,19.13886015726797
8,570.9398918918919,19.33127550542767
8,570.9485945945946,19.066807122346418
8,570.9572972972973,19.05223899554402
8,570.966,19.04402010507826
8,570.9747027027028,18.98988272682224
8,570.9834054054054,18.82998755846876
8,570.9921081081081,18.957960099041596
8,571.0008108108108,18.87925825638766
8,571.0095135135135,18.94202464429136
8,571.0182162162162,18.912127089142345
8,571.0269189189189,18.68071726925562
8,571.0356216216217,18.8251644199351
8,571.0443243243243,18.83458750142058
8,571.053027027027,18.911746634333998
8,571.0617297297297,18.753227135463163
8,571.0704324324324,18.624614375187424
8,571.0791351351352,18.627327042937836
8,571.0878378378378,18.461507992924986
8,571.0965405405406,18.457476582029127
8,571.1052432432432,18.56355540550117
8,571.1139459459459,18.53594594466282
8,571.1226486486487,18.622897803598807
8,571.1313513513513,18.452932230766837
8,571.1400540540541,18.471753495683057
8,571.1487567567567,18.36584820625243
8,571.1574594594595,18.343348569058982
8,571.1661621621622,18.301725438861332
8,571.1748648648648,18.3230929888781
8,571.1835675675676,18.10262378386794
8,571.1922702702702,18.137342714575986
8,571.200972972973,18.239428818722402
8,571.2096756756757,18.064479559396293
8,571.2183783783784,18.027182981065266
8,571.2270810810811,17.879822328580957
8,571.2357837837837,18.016639824721253
8,571.2444864864865,17.89088700598952
8,571.2531891891892,17.891274679971684
8,571.2618918918919,17.83905529890819
8,571.2705945945946,17.866349318971857
8,571.2792972972973,17.84807903319422
8,571.288,17.680607453271143
8,571.2967027027028,17.83193930378944
8,571.3054054054054,17.642377684652566
8,571.3141081081081,17.458181609244892
8,571.3228108108108,17.609026164766046
8,571.3315135135135,17.629930129730095
8,571.3402162162163,17.57911735071593
8,571.3489189189189,17.56750936146826
8,571.3576216216217,17.5202140416657
8,571.3663243243243,17.437403045485826
8,571.375027027027,17.37651515600001
8,571.3837297297297,17.349046090326702
8,571.3924324324324,17.42242839855616
8,571.4011351351352,17.421190557528167
8,571.4098378378378,17.292226925758733
8,571.4185405405406,17.175301784374437
8,571.4272432432432,17.0660646805775
8,571.435945945946,17.115989425711685
8,571.4446486486487,17.110104247379805
8,571.4533513513513,17.01797774107486
8,571.4620540540541,17.0930007678674
8,571.4707567567567,17.06579492897543
8,571.4794594594595,16.946180120507545
8,571.4881621621622,17.042823025171703
8,571.4968648648648,16.756418041099266
8,571.5055675675676,16.983681359205058
8,571.5142702702702,16.846478033868777
8,571.522972972973,16.837628830113196
8,571.5316756756757,16.919982009649775
8,571.5403783783784,16.707652937463333
8,571.5490810810811,16.73660114611174
8,571.5577837837837,16.648135903446484
8,571.5664864864865,16.632839573078435
8,571.5751891891892,16.52377596904735
8,571.5838918918919,16.533787667732387
8,571.5925945945946,16.62475318670924
8,571.6012972972973,16.437733158306088
8,571.61,16.50817403551855
8,571.6187027027028,16.42502448159834
8,571.6274054054054,16.526950659735704
8,571.6361081081081,16.395423324224367
8,571.6448108108108,16.314605479328016
8,571.6535135135135,16.38434146680014
8,571.6622162162163,16.303995803807677
8,571.6709189189189,16.289348205547434
8,571.6796216216217,16.12373740175965
8,571.6883243243243,16.20798493367655
8,571.697027027027,16.16272162004626
8,571.7057297297297,16.147870752770512
8,571.7144324324324,16.126787771390056
8,571.7231351351352,16.040030913210735
8,571.7318378378378,16.020035570371373
8,571.7405405405406,16.11995259063242
8,571.7492432432432,15.926224932582077
8,571.757945945946,15.9733064754944
8,571.7666486486487,15.816007838554007
8,571.7753513513513,15.953528716770876
8,571.7840540540541,15.933305169574162
8,571.7927567567567,15.861416427375833
8,571.8014594594595,15.816544154001683
8,571.8101621621622,15.776029547811959
8,571.8188648648648,15.694368777678108
8,571.8275675675676,15.803003377411972
8,571.8362702702702,15.708532487232654
8,571.844972972973,15.601740037995999
8,571.8536756756757,15.71182886008516
8,571.8623783783784,15.584534425980998
8,571.8710810810811,15.633737283927513
8,571.8797837837838,15.510177912813427
8,571.8884864864865,15.480201850688038
8,571.8971891891892,15.452682512230714
8,571.9058918918919,15.51711397632546
8,571.9145945945946,15.413897510318954
8,571.9232972972973,15.23304162088942
8,571.932,15.228467202832439
8,571.9407027027028,15.268591155082873
8,571.9494054054054,15.312992552804994
8,571.9581081081081,15.118735110302282
8,571.9668108108108,15.22308173154024
8,571.9755135135135,15.204819186894163
8,571.9842162162163,15.2600280542057
8,571.9929189189189,15.172219152772483
8,572.0016216216217,15.101945967589659
8,572.0103243243243,15.226228150796782
8,572.019027027027,15.088514109436352
8,572.0277297297298,15.135429347764493
8,572.0364324324324,15.09677527110994
8,572.0451351351352,14.997540577409605
8,572.0538378378378,14.823273547897887
8,572.0625405405406,14.900681888671803
8,572.0712432432433,15.026349317243124
8,572.079945945946,14.876397842044135
8,572.0886486486487,14.85093486164081
8,572.0973513513513,14.825658936315891
8,572.1060540540541,14.752116628734722
8,572.1147567567567,14.753850470975614
8,572.1234594594595,14.77885727316854
8,572.1321621621622,14.783607996083814
8,572.1408648648649,14.766902748707233
8,572.1495675675676,14.660055300058731
8,572.1582702702702,14.611292258397565
8,572.166972972973,14.608538437423904
8,572.1756756756757,14.689624684029715
8,572.1843783783784,14.634765064687901
8,572.1930810810811,14.511099429676454
8,572.2017837837838,14.450146650602104
8,572.2104864864865,14.443658282991503
8,572.2191891891893,14.441346204165207
8,572.2278918918919,14.402989002518765
8,572.2365945945946,14.48532991746848
8,572.2452972972973,14.44201191959329
8,572.254,14.35972339964984
8,572.2627027027028,14.359274509263015
8,572.2714054054054,14.40044519382912
8,572.2801081081082,14.364608395449256
8,572.2888108108108,14.364159003139957
8,572.2975135135135,14.182789881171523
8,572.3062162162163,14.29866417372145
8,572.3149189189189,14.227643515247271
8,572.3236216216217,14.171858402258
8,572.3323243243243,14.203527097437151
8,572.341027027027,14.220947989850673
8,572.3497297297298,14.257163686316504
8,572.3584324324324,14.295920566105298
8,572.3671351351352,14.18265631546831
8,572.3758378378378,14.12502426795681
8,572.3845405405406,14.049344957002676
8,572.3932432432433,14.045073909934588
8,572.401945945946,14.026901188131292
8,572.4106486486487,13.986940408303603
8,572.4193513513513,13.961994537354862
8,572.4280540540541,13.893125442062559
8,572.4367567567568,13.93001297389769
8,572.4454594594595,13.887444432685742
8,572.4541621621622,13.969371169178384
8,572.4628648648649,13.878861351430121
8,572.4715675675676,13.809303148543442
8,572.4802702702702,13.859198649310683
8,572.488972972973,13.882540985090257
8,572.4976756756757,13.806184334063603
8,572.5063783783784,13.870464770187432
8,572.5150810810811,13.751485230726892
8,572.5237837837838,13.807296187496085
8,572.5324864864865,13.671054211886409
8,572.5411891891893,13.725292000188562
8,572.5498918918919,13.754476291655168
8,572.5585945945946,13.717677850783526
8,572.5672972972973,13.586247384661087
8,572.576,13.587189141445162
8,572.5847027027028,13.623359723943112
8,572.5934054054054,13.709395125302175
8,572.6021081081082,13.589277363466172
8,572.6108108108108,13.59964653542311
8,572.6195135135135,13.6149617038373
8,572.6282162162163,13.609741913098608
8,572.6369189189189,13.594356078075323
8,572.6456216216217,13.508560729692771
8,572.6543243243243,13.503912788689567
8,572.663027027027,13.494502618034971
8,572.6717297297298,13.467712279528008
8,572.6804324324324,13.528994195731942
8,572.6891351351352,13.413977935389285
8,572.6978378378378,13.455315266178802
8,572.7065405405406,13.457849672281432
8,572.7152432432433,13.433931682274885
8,572.723945945946,13.403567150474911
8,572.7326486486487,13.38127461000907
8,572.7413513513513,13.316006831766293
8,572.7500540540541,13.264544756612239
8,572.7587567567568,13.28036870629386
8,572.7674594594595,13.362291653822842
8,572.7761621621622,13.249593422940142
8,572.7848648648649,13.311077560733503
8,572.7935675675676,13.308695165575005
8,572.8022702702704,13.155908724164432
8,572.810972972973,13.298367798497265
8,572.8196756756757,13.135502611358133
8,572.8283783783784,13.192450662512142
8,572.8370810810811,13.291709591249777
8,572.8457837837838,13.224946690319028
8,572.8544864864865,13.242534245126421
8,572.8631891891893,13.147265259075414
8,572.8718918918919,13.219765940173666
8,572.8805945945946,13.091726355165003
8,572.8892972972973,13.173364160723018
8,572.898,13.0798618309795
8,572.9067027027028,13.122336489092653
8,572.9154054054054,13.083694238845046
8,572.9241081081082,13.046488214187978
8,572.9328108108108,12.931575259978963
8,572.9415135135135,13.061322791977263
8,572.9502162162163,13.070831620291818
8,572.9589189189189,13.056912482047425
8,572.9676216216217,13.095352370907165
8,572.9763243243243,13.006360069444476
8,572.9850270270271,13.013090452820375
8,572.9937297297298,12.930103115509139
8,573.0024324324324,12.983970673958114
8,573.0111351351352,12.984705001928994
8,573.0198378378378,12.934664434731445
8,573.0285405405406,13.039383720068795
8,573.0372432432433,12.96909282123895
8,573.045945945946,13.03762424100175
8,573.0546486486487,12.980990272490704
8,573.0633513513513,12.993069184458989
8,573.0720540540541,12.942013742241107
8,573.0807567567568,12.791187387812698
8,573.0894594594595,12.812647837124002
8,573.0981621621622,12.80995699506679
8,573.1068648648649,12.760632795534791
8,573.1155675675676,12.849415801905634
8,573.1242702702704,12.803052716876392
8,573.132972972973,12.800076868887656
8,573.1416756756757,12.823888205897054
8,573.1503783783784,12.827958176076628
8,573.1590810810811,12.774681387615573
8,573.1677837837839,12.741492914413614
8,573.1764864864865,12.79274483426218
8,573.1851891891893,12.769768494840225
8,573.1938918918919,12.748313769160246
8,573.2025945945946,12.766231765803193
8,573.2112972972973,12.738330357210739
8,573.22,12.652884224550156
8,573.2287027027028,12.786071705291187
8,573.2374054054054,12.756431553288134
8,573.2461081081082,12.671179747643253
8,573.2548108108108,12.66600259210512
8,573.2635135135135,12.66806184127933
8,573.2722162162163,12.679353034071331
8,573.2809189189189,12.624098844799281
8,573.2896216216217,12.777457304297805
8,573.2983243243243,12.644495929068913
8,573.3070270270271,12.586472030281083
8,573.3157297297298,12.62193249028382
8,573.3244324324324,12.592226791567107
8,573.3331351351352,12.57655666093407
8,573.3418378378378,12.624057321730692
8,573.3505405405406,12.588111025065336
8,573.3592432432433,12.566101305297671
8,573.367945945946,12.53180775399339
8,573.3766486486487,12.584628636262108
8,573.3853513513513,12.551140893693004
8,573.3940540540541,12.587369275967614
8,573.4027567567568,12.624085696064759
8,573.4114594594595,12.612274532755235
8,573.4201621621622,12.49651003680107
8,573.4288648648649,12.477443379118666
8,573.4375675675676,12.65854322441383
8,573.4462702702704,12.636434477654985
8,573.454972972973,12.50151564039252
8,573.4636756756757,12.546963640015374
8,573.4723783783784,12.533152716865118
8,573.4810810810811,12.525120160460965
8,573.4897837837839,12.415069157647803
8,573.4984864864865,12.467018101446682
8,573.5071891891893,12.337597590313257
8,573.5158918918919,12.386052485550053
8,573.5245945945946,12.440689896261798
8,573.5332972972974,12.355411066902523
8,573.542,12.379935661325119
8,573.5507027027028,12.386244674562558
8,573.5594054054054,12.410140530870429
8,573.5681081081082,12.438358702697581
8,573.5768108108108,12.319280685366932
8,573.5855135135135,12.375477637689215
8,573.5942162162163,12.376708860869412
8,573.6029189189189,12.253982097401808
8,573.6116216216217,12.327255678560258
8,573.6203243243243,12.332907087071197
8,573.6290270270271,12.300661401164824
8,573.6377297297298,12.378200691215111
8,573.6464324324324,12.343701944500147
8,573.6551351351352,12.343717779724935
8,573.6638378378378,12.348507701277786
8,573.6725405405406,12.32690223188437
8,573.6812432432433,12.391804354802511
8,573.689945945946,12.343041776398788
8,573.6986486486487,12.348032047563198
8,573.7073513513513,12.273520068197127
8,573.7160540540541,12.329799918252736
8,573.7247567567568,12.350903535658706
8,573.7334594594595,12.28514571135637
8,573.7421621621622,12.338569806694638
8,573.7508648648649,12.341540103805844
8,573.7595675675676,12.300991920437772
8,573.7682702702704,12.279564807160583
8,573.776972972973,12.318530205143052
8,573.7856756756757,12.263336378789237
8,573.7943783783784,12.388395327295525
8,573.8030810810811,12.28216464523638
8,573.8117837837839,12.299562747281096
8,573.8204864864865,12.27548897940843
8,573.8291891891893,12.306135633910072
8,573.8378918918919,12.340019399238402
8,573.8465945945946,12.305836276098765
8,573.8552972972974,12.319215359617816
8,573.864,12.334097074977407
8,573.8727027027028,12.319984228044015
8,573.8814054054054,12.325621392196581
8,573.8901081081082,12.264558015894933
8,573.8988108108109,12.355916697516443
8,573.9075135135135,12.409909848887276
8,573.9162162162163,12.359849008047409
8,573.9249189189189,12.26980431726867
8,573.9336216216217,12.274865296999742
8,573.9423243243243,12.292031521557167
8,573.9510270270271,12.145402865787997
8,573.9597297297298,12.084850045830978
8,573.9684324324325,12.100914197990193
8,573.9771351351352,12.14612358380863
8,573.9858378378378,12.192453517550623
8,573.9945405405406,12.044953786727243
8,574.0032432432433,12.165911396801867
8,574.011945945946,12.112013310401485
8,574.0206486486487,12.092432718897536
8,574.0293513513514,12.197407535454484
8,574.0380540540541,12.10672944745504
8,574.0467567567568,12.091930515118467
8,574.0554594594595,12.147374986866842
8,574.0641621621622,12.19363015958414
8,574.0728648648649,12.126088561402662
8,574.0815675675676,12.136542790204688
8,574.0902702702704,12.063486257843188
8,574.098972972973,12.16896325122654
8,574.1076756756758,12.127674421388534
8,574.1163783783784,12.211912862080526
8,574.1250810810811,12.173072711980994
8,574.1337837837839,12.198580758583427
8,574.1424864864865,12.089575254380048
8,574.1511891891893,12.10305759095833
8,574.1598918918919,12.166124005154392
8,574.1685945945947,12.070903180695991
8,574.1772972972974,12.158619553677187
8,574.186,12.119485170129854
8,574.1947027027028,12.138277960023892
8,574.2034054054054,12.128975264843893
8,574.2121081081082,12.12272528174972
8,574.2208108108109,12.178860753443177
8,574.2295135135136,12.188938186601913
8,574.2382162162163,12.043427221729125
8,574.2469189189189,12.19846346134869
8,574.2556216216217,12.082327668803932
8,574.2643243243244,12.132443617394243
8,574.2730270270271,12.088481155066905
8,574.2817297297298,12.164811621203711
8,574.2904324324325,12.129279557625274
8,574.2991351351352,12.222649906742944
8,574.3078378378378,12.195209759841553
8,574.3165405405406,12.1780582245323
8,574.3252432432433,12.162712108359157
8,574.333945945946,12.172562612233474
8,574.3426486486487,12.11901894797551
8,574.3513513513514,12.178015210539249
8,574.3600540540541,12.169698583447117
8,574.3687567567569,12.253949096103996
8,574.3774594594595,12.18297134134432
8,574.3861621621622,12.122045502556041
8,574.3948648648649,12.208769592427672
8,574.4035675675676,12.153819035745551
8,574.4122702702704,12.22652151462176
8,574.420972972973,12.219647845708723
8,574.4296756756758,12.199100436386207
8,574.4383783783784,12.253306323179167
8,574.4470810810811,12.163155679383955
8,574.4557837837839,12.313733859763303
8,574.4644864864865,12.2487464435064
8,574.4731891891893,12.231521104628733
8,574.4818918918919,12.197460467284039
8,574.4905945945947,12.282705212148167
8,574.4992972972974,12.261157397466816
8,574.508,12.31382996391821
8,574.5167027027028,12.355878647023824
8,574.5254054054054,12.301620689588763
8,574.5341081081082,12.28756387726455
8,574.5428108108109,12.247926504969662
8,574.5515135135136,12.079481609042737
8,574.5602162162163,11.99356123375947
8,574.5689189189189,12.09582840589608
8,574.5776216216217,12.120378428299226
8,574.5863243243244,12.086955705370196
8,574.5950270270271,12.118169226530744
8,574.6037297297298,12.123223841479494
8,574.6124324324325,12.13933436526937
8,574.6211351351352,12.109222774844016
8,574.629837837838,12.111113923274399
8,574.6385405405406,12.14212080221182
8,574.6472432432433,12.111484173661152
8,574.655945945946,12.106424364917633
8,574.6646486486487,12.085002489361909
8,574.6733513513514,12.055424904965504
8,574.6820540540541,12.203423992263373
8,574.6907567567569,12.132367531880622
8,574.6994594594595,12.235043694527182
8,574.7081621621622,12.19147334122314
8,574.7168648648649,12.15462980970578
8,574.7255675675676,12.236414386544581
8,574.7342702702704,12.115008114131054
8,574.742972972973,12.193708608791738
8,574.7516756756758,12.202998389877227
8,574.7603783783784,12.108387442432715
8,574.7690810810811,12.210032123779838
8,574.7777837837839,12.204430954510723
8,574.7864864864865,12.229654759089076
8,574.7951891891893,12.261637079356193
8,574.8038918918919,12.225824174413729
8,574.8125945945947,12.21713154925816
8,574.8212972972974,12.130907542046142
8,574.83,12.349891280024993
8,574.8387027027028,12.266408398036232
8,574.8474054054054,12.265370434065325
8,574.8561081081082,12.252473518400045
8,574.8648108108109,12.266131103062769
8,574.8735135135136,12.244879844295303
8,574.8822162162163,12.354189177693494
8,574.8909189189189,12.327831346405853
8,574.8996216216217,12.257435464052682
8,574.9083243243244,12.277440410837377
8,574.9170270270271,12.342347895942611
8,574.9257297297298,12.336689607152357
8,574.9344324324325,12.321448164327895
8,574.9431351351352,12.381368040848765
8,574.951837837838,12.43820595449816
8,574.9605405405406,12.28639985183321
8,574.9692432432433,12.307487444851878
8,574.977945945946,12.332376400304533
8,574.9866486486487,12.40950363111429
8,574.9953513513515,12.323549465037711
8,575.0040540540541,12.407637419770802
8,575.0127567567569,12.337300527676069
8,575.0214594594595,12.313689080457072
8,575.0301621621622,12.302887237248314
8,575.0388648648649,12.386678399816331
8,575.0475675675676,12.411741436652294
8,575.0562702702704,12.45406774890618
8,575.064972972973,12.409604985238557
8,575.0736756756758,12.520671514836781
8,575.0823783783784,12.475461125889874
8,575.0910810810811,12.447723402112398
8,575.0997837837839,12.490079812664217
8,575.1084864864865,12.458947478001882
8,575.1171891891893,12.482176572287706
8,575.1258918918919,12.530051828547172
8,575.1345945945947,12.570953163958961
8,575.1432972972974,12.50037145185
8,575.152,12.427878790304161
8,575.1607027027028,12.540806645177842
8,575.1694054054054,12.46982389612598
8,575.1781081081082,12.628092812283247
8,575.1868108108109,12.561784963427694
8,575.1955135135136,12.547646786784657
8,575.2042162162163,12.551236114319492
8,575.212918918919,12.555793012606948
8,575.2216216216217,12.557867807667154
8,575.2303243243244,12.615483700270142
8,575.2390270270271,12.678055094304803
8,575.2477297297298,12.689317519312072
8,575.2564324324325,12.649424282181746
8,575.2651351351352,12.584095957520088
8,575.273837837838,12.730305487208089
8,575.2825405405406,12.66449432807716
8,575.2912432432433,12.686353504898342
8,575.299945945946,12.671865416331778
8,575.3086486486487,12.725899409245223
8,575.3173513513515,12.701786243002076
8,575.3260540540541,12.7200876895454
8,575.3347567567569,12.6734086417546
8,575.3434594594595,12.729359239108227
8,575.3521621621622,12.72390187505165
8,575.360864864865,12.767163299932689
8,575.3695675675676,12.842227338837356
8,575.3782702702704,12.75675568736052
8,575.386972972973,12.733312481836782
8,575.3956756756758,12.727640213029341
8,575.4043783783784,12.833331174802737
8,575.4130810810811,12.853660785592783
8,575.4217837837839,12.837060551267868
8,575.4304864864865,12.830212301699827
8,575.4391891891893,12.844540589495208
8,575.4478918918919,12.819053104032285
8,575.4565945945947,12.8059863107039
8,575.4652972972974,12.857652886395721
8,575.474,12.873125100496564
8,575.4827027027028,12.941265167970533
8,575.4914054054054,12.869630143150136
8,575.5001081081082,12.932024115142337
8,575.5088108108109,12.99192177566532
8,575.5175135135136,12.634002695125332
8,575.5262162162163,12.490307651795435
8,575.534918918919,12.508814825024203
8,575.5436216216217,12.421923235426494
8,575.5523243243244,12.474672162354093
8,575.5610270270271,12.564932777688554
8,575.5697297297298,12.566316189820839
8,575.5784324324325,12.59217220494006
8,575.5871351351352,12.61764570724218
8,575.595837837838,12.599453981045231
8,575.6045405405406,12.659159455363628
8,575.6132432432433,12.516051320186065
8,575.621945945946,12.594263241880052
8,575.6306486486487,12.685317211547314
8,575.6393513513515,12.687705409686163
8,575.6480540540541,12.673519880662832
8,575.6567567567569,12.71687023166413
8,575.6654594594595,12.704592442931762
8,575.6741621621622,12.6993066877668
8,575.682864864865,12.783009221894499
8,575.6915675675676,12.771100561734356
8,575.7002702702704,12.7447329402326
8,575.708972972973,12.72434006112024
8,575.7176756756758,12.810148490911875
8,575.7263783783785,12.766097099612287
8,575.7350810810811,12.890644692671195
8,575.7437837837839,12.747760735813973
8,575.7524864864865,12.655306748653501
8,575.7611891891893,12.905205050339307
8,575.7698918918919,12.805737969999972
8,575.7785945945947,12.828600044676962
8,575.7872972972974,12.794141674428367
8,575.796,12.84944300283634
8,575.8047027027028,12.827929345064529
8,575.8134054054054,12.774297849531324
8,575.8221081081082,12.877932833671702
8,575.8308108108109,12.872281377574629
8,575.8395135135136,12.922997984179256
8,575.8482162162163,12.90203774828397
8,575.856918918919,12.869504736310985
8,575.8656216216217,12.911679003829613
8,575.8743243243244,12.960497924546894
8,575.8830270270271,13.037943896785212
8,575.8917297297298,12.896536993766878
8,575.9004324324325,12.994240957148218
8,575.9091351351352,13.065376582491078
8,575.917837837838,13.082575857141501
8,575.9265405405406,12.921852728124637
8,575.9352432432433,12.919656262907756
8,575.943945945946,13.039597244525618
8,575.9526486486487,12.99797464715042
8,575.9613513513515,13.017876819628292
8,575.9700540540541,13.028655326237848
8,575.9787567567569,13.07945132794744
8,575.9874594594595,12.966171577597775
8,575.9961621621622,13.136783730691741
8,576.004864864865,13.030804934030595
8,576.0135675675676,13.185813968256262
8,576.0222702702704,13.144090858440158
8,576.030972972973,13.103457700892688
8,576.0396756756758,13.099023062614682
8,576.0483783783785,13.174887516953925
8,576.0570810810812,13.187734378419401
8,576.0657837837839,13.267919763265738
8,576.0744864864865,13.240181119718535
8,576.0831891891893,13.165644152871545
8,576.0918918918919,13.20964451013419
8,576.1005945945947,13.154277806769105
8,576.1092972972974,13.237779208656193
8,576.118,13.197338207615697
8,576.1267027027028,13.256223225303309
8,576.1354054054054,13.279813116187402
8,576.1441081081082,13.241791429126637
8,576.1528108108109,13.292208885218026
8,576.1615135135136,13.286409517612778
8,576.1702162162163,13.354459986733241
8,576.178918918919,13.422028073514678
8,576.1876216216217,13.441869311201176
8,576.1963243243245,13.340317734415821
8,576.2050270270271,13.411022622778534
8,576.2137297297298,13.422665315988212
8,576.2224324324325,13.395775052712692
8,576.2311351351352,13.53076622511726
8,576.239837837838,13.476896706025153
8,576.2485405405406,13.548319276295809
8,576.2572432432434,13.513048506842441
8,576.265945945946,13.505380432166913
8,576.2746486486487,13.53844890418682
8,576.2833513513515,13.524936568047151
8,576.2920540540541,13.576604723535164
8,576.3007567567569,13.547341127424632
8,576.3094594594595,13.62320328835936
8,576.3181621621623,13.742437489628829
8,576.326864864865,13.54577406958959
8,576.3355675675676,13.655443266977802
8,576.3442702702704,13.640076092037699
8,576.352972972973,13.57364587100821
8,576.3616756756758,13.698678257346504
8,576.3703783783785,13.68256211374729
8,576.3790810810812,13.764778787671666
8,576.3877837837839,13.742669235117102
8,576.3964864864865,13.745574348345249
8,576.4051891891893,13.801555709624932
8,576.413891891892,13.821496979763465
8,576.4225945945947,13.713601302285753
8,576.4312972972974,13.854030091598599
8,576.44,13.757808908400188
8,576.4487027027028,13.83041230527976
8,576.4574054054056,13.834348503117923
8,576.4661081081082,13.84120192387592
8,576.4748108108109,13.837562108192458
8,576.4835135135136,13.836255012482493
8,576.4922162162163,13.88523286962473
8,576.500918918919,13.976131070675066
8,576.5096216216217,13.831503991584098
8,576.5183243243245,14.081842918607038
8,576.5270270270271,13.878371333464147
8,576.5357297297298,13.908183199071173
8,576.5444324324325,13.994592633334397
8,576.5531351351352,14.02883275343677
8,576.561837837838,13.850890936344864
8,576.5705405405406,13.954499076049048
8,576.5792432432434,14.016235465845993
8,576.587945945946,14.026933753083222
8,576.5966486486487,14.016611994994326
8,576.6053513513515,14.106940141834809
8,576.6140540540541,14.154764899435758
8,576.6227567567569,14.135127902077027
8,576.6314594594595,14.169341884410475
8,576.6401621621623,14.067073687817544
8,576.648864864865,14.238700415393364
8,576.6575675675676,14.203124433962072
8,576.6662702702704,14.232641700955357
8,576.674972972973,14.171141467827749
8,576.6836756756758,14.331811210095593
8,576.6923783783785,14.200534233706225
8,576.7010810810812,14.231179112924092
8,576.7097837837839,14.361593204238874
8,576.7184864864865,14.34897599191534
8,576.7271891891893,14.356673443414612
8,576.735891891892,14.378460753404369
8,576.7445945945947,14.483185209126562
8,576.7532972972974,14.32497806556137
8,576.7620000000001,14.362683804558648
8,576.7707027027028,14.429547712835214
8,576.7794054054056,14.455449081938752
8,576.7881081081082,14.38278169252888
8,576.7968108108109,14.473339975117367
8,576.8055135135136,14.550500953831156
8,576.8142162162163,14.520411303148014
8,576.822918918919,14.625872342892752
8,576.8316216216217,14.56686028920597
8,576.8403243243245,14.629476022766086
8,576.8490270270271,14.587229642018363
8,576.8577297297298,14.565090944999818
8,576.8664324324325,14.581952610437984
8,576.8751351351352,14.651391099099659
8,576.883837837838,14.72421581999515
8,576.8925405405406,14.804701472516424
8,576.9012432432434,14.77061928129091
8,576.909945945946,14.798012373728195
8,576.9186486486487,14.73592846744994
8,576.9273513513515,14.738741054880233
8,576.9360540540541,14.687354457176355
8,576.9447567567569,14.734660865801546
8,576.9534594594595,14.706820674007623
8,576.9621621621623,14.693309282548874
8,576.970864864865,14.87244984874012
8,576.9795675675676,14.857190109239875
8,576.9882702702704,14.848462834821227
8,576.996972972973,14.910956303491721
8,577.0056756756758,14.851005749745958
8,577.0143783783785,14.909561423727428
8,577.0230810810812,15.001977265545216
8,577.0317837837839,15.44691413871977
8,577.0404864864865,15.34888981048138
8,577.0491891891893,15.518013001232994
8,577.057891891892,15.520467102631605
8,577.0665945945947,15.55317290075014
8,577.0752972972974,15.420544482097055
8,577.0840000000001,15.66470682801166
8,577.0927027027028,15.534890864676616
8,577.1014054054056,15.476681844920584
8,577.1101081081082,15.575689524564146
8,577.1188108108109,15.639089899916488
8,577.1275135135136,15.605287960291799
8,577.1362162162163,15.647670180573591
8,577.1449189189191,15.523598573043039
8,577.1536216216217,15.581829565415733
8,577.1623243243245,15.649191494546082
8,577.1710270270271,15.580771729885829
8,577.1797297297298,15.774761655169138
8,577.1884324324326,15.753483812077766
8,577.1971351351352,15.701441056514625
8,577.205837837838,15.750237589195837
8,577.2145405405406,15.796955215257075
8,577.2232432432434,15.858641791882205
8,577.231945945946,15.883341712623418
8,577.2406486486487,15.89508183052699
8,577.2493513513515,15.837652487319609
8,577.2580540540541,15.937732269640836
8,577.2667567567569,15.981787242792048
8,577.2754594594595,16.04780324060075
8,577.2841621621623,15.999574293830872
8,577.292864864865,16.097763461707324
8,577.3015675675676,15.83050803524725
8,577.3102702702704,15.953251900950145
8,577.318972972973,16.112340262606658
8,577.3276756756758,16.11787907312349
8,577.3363783783785,16.13198017043054
8,577.3450810810812,16.054301716510707
8,577.3537837837839,16.011819873152273
8,577.3624864864865,16.2912368735822
8,577.3711891891893,16.23241629409823
8,577.379891891892,16.26043331105878
8,577.3885945945947,16.280165324873792
8,577.3972972972974,16.218813431480893
8,577.4060000000001,16.214740146286132
8,577.4147027027028,16.36394127132755
8,577.4234054054056,16.352031645131003
8,577.4321081081082,16.321442834535095
8,577.440810810811,16.32965201718625
8,577.4495135135136,16.535317571634025
8,577.4582162162163,16.404456554774477
8,577.4669189189191,16.458562936394845
8,577.4756216216217,16.413460407678482
8,577.4843243243245,16.46468844749344
8,577.4930270270271,16.356348463919655
8,577.5017297297298,16.5616859835944
8,577.5104324324326,16.46684202783822
8,577.5191351351352,16.703874827954134
8,577.527837837838,16.52359959935613
8,577.5365405405406,16.587392449926035
8,577.5452432432434,16.581334297407107
8,577.5539459459461,16.495930513512267
8,577.5626486486487,16.62104365703461
8,577.5713513513515,16.7601973252389
8,577.5800540540541,16.685581569695294
8,577.5887567567569,16.64283649598495
8,577.5974594594595,16.755587059832244
8,577.6061621621623,16.917746591061803
8,577.614864864865,16.834130653219166
8,577.6235675675676,16.77819939048542
8,577.6322702702704,16.754500867548725
8,577.640972972973,16.842705191543306
8,577.6496756756758,16.972707962692812
8,577.6583783783785,16.87759878105639
8,577.6670810810812,17.001255279017002
8,577.6757837837839,16.887323484121563
8,577.6844864864865,16.85484069446
8,577.6931891891893,16.93663760711184
8,577.701891891892,17.059629923407115
8,577.7105945945947,17.033622505989108
8,577.7192972972974,17.078869967806327
8,577.7280000000001,17.218642456434996
8,577.7367027027028,17.060587753260243
8,577.7454054054056,17.27451089627663
8,577.7541081081082,17.098374970505496
8,577.762810810811,17.282077154897355
8,577.7715135135136,17.275089793534203
8,577.7802162162163,17.185799606013077
8,577.7889189189191,17.202384483539976
8,577.7976216216217,17.26342944066611
8,577.8063243243245,17.26701328074683
8,577.8150270270271,17.260812291763983
8,577.8237297297298,17.363834995908732
8,577.8324324324326,17.358731773145063
8,577.8411351351352,17.33648090960161
8,577.849837837838,17.349055535173765
8,577.8585405405406,17.415705365063232
8,577.8672432432434,17.375299139123157
8,577.8759459459461,17.44963533255699
8,577.8846486486487,17.515458618013014
8,577.8933513513515,17.56670558789957
8,577.9020540540541,17.386930927566954
8,577.9107567567569,17.45727360015355
8,577.9194594594596,17.564733211616403
8,577.9281621621623,17.721106389702705
8,577.936864864865,17.69642514437332
8,577.9455675675677,17.53949214143993
8,577.9542702702704,17.722467691068655
8,577.962972972973,17.66890265689909
8,577.9716756756758,17.62182801485447
8,577.9803783783785,17.808559363523067
8,577.9890810810812,17.816316622792154
8,577.9977837837839,17.85828359210312
8,578.0064864864866,18.471020933368333
8,578.0151891891893,18.5735298475019
8,578.023891891892,18.574634246239757
8,578.0325945945947,18.558484366224405
8,578.0412972972974,18.53569097188111
8,578.0500000000001,18.616743628468722
8,578.0587027027028,18.680418174295944
8,578.0674054054056,18.568398717646623
8,578.0761081081082,18.69937052337653
8,578.084810810811,18.650835878045573
8,578.0935135135136,18.684264553566873
8,578.1022162162163,18.856190151583203
8,578.1109189189191,18.780332326391726
8,578.1196216216217,18.790431730895374
8,578.1283243243245,18.923285082840703
8,578.1370270270271,18.7489113785581
8,578.1457297297299,18.906103841508894
8,578.1544324324326,18.91031594886606
8,578.1631351351352,19.01424294337566
8,578.171837837838,19.03551264480744
8,578.1805405405406,18.90645632699252
8,578.1892432432434,19.0643902973088
8,578.1979459459461,18.979418668622845
8,578.2066486486488,19.07356913557372
8,578.2153513513515,19.053559428729102
8,578.2240540540541,19.08055781849138
8,578.2327567567569,19.193626811454724
8,578.2414594594596,19.322667248881103
8,578.2501621621623,19.52826969811237
8,578.258864864865,19.506951419480263
8,578.2675675675677,19.24025235398359
8,578.2762702702704,19.478347551422456
8,578.2849729729732,19.423106158742517
8,578.2936756756758,19.40754158352687
8,578.3023783783785,19.51725079158182
8,578.3110810810812,19.617911095726804
8,578.3197837837839,19.49467844872156
8,578.3284864864866,19.571800256150855
8,578.3371891891893,19.576279877822362
8,578.345891891892,19.330465781585193
8,578.3545945945947,19.61735291377156
8,578.3632972972974,19.702117387749603
8,578.3720000000001,19.832405218889647
8,578.3807027027028,19.765892082098777
8,578.3894054054056,19.794892056788402
8,578.3981081081082,19.66680815920511
8,578.406810810811,19.68533419480182
8,578.4155135135136,19.847890915061342
8,578.4242162162163,19.932231531878895
8,578.4329189189191,19.969604294119595
8,578.4416216216217,19.901671920756073
8,578.4503243243245,20.202384702931532
8,578.4590270270271,20.078381791575787
8,578.4677297297299,20.11176332216603
8,578.4764324324326,20.12640130324787
8,578.4851351351352,19.938614894204473
8,578.493837837838,20.140883223106357
8,578.5025405405406,20.098364699048833
8,578.5112432432434,20.417546525052877
8,578.5199459459461,20.188132317915173
8,578.5286486486488,20.31700001674714
8,578.5373513513515,20.433486028676867
8,578.5460540540541,20.314849925483536
8,578.5547567567569,20.16079353132226
8,578.5634594594596,20.38236347635638
8,578.5721621621623,20.28839629610791
8,578.580864864865,20.58964394934458
8,578.5895675675677,20.468310681614255
8,578.5982702702704,21.03686858816512
8,578.6069729729732,21.16478773217002
8,578.6156756756758,21.302066887155785
8,578.6243783783785,21.342302115010877
8,578.6330810810812,21.24957573153918
8,578.6417837837839,21.323394917898586
8,578.6504864864867,21.238017388674717
8,578.6591891891893,21.458293704558546
8,578.667891891892,21.504872823413493
8,578.6765945945947,21.474419449747796
8,578.6852972972974,21.563175186935155
8,578.6940000000001,21.573910489855656
8,578.7027027027028,21.43938338798398
8,578.7114054054056,21.5142959465212
8,578.7201081081082,21.653450567605528
8,578.728810810811,21.744887742036493
8,578.7375135135136,21.820907066653444
8,578.7462162162163,21.912099970275907
8,578.7549189189191,21.774783501156918
8,578.7636216216217,22.050057057431005
8,578.7723243243245,21.700079177981618
8,578.7810270270271,21.92228838471663
8,578.7897297297299,22.11160341630685
8,578.7984324324326,22.11297862306524
8,578.8071351351352,22.00413241708645
8,578.815837837838,22.106063535138368
8,578.8245405405406,22.2178411982716
8,578.8332432432434,22.019894476674963
8,578.8419459459461,22.054446515908037
8,578.8506486486488,22.097913857599096
8,578.8593513513515,22.123026579117248
8,578.8680540540541,22.404479368745864
8,578.8767567567569,22.345429420298547
8,578.8854594594596,22.3672242468518
8,578.8941621621623,22.397677363742904
8,578.902864864865,22.30591892956033
8,578.9115675675677,22.665033823517742
8,578.9202702702704,22.684343821029497
8,578.9289729729732,22.7847902817435
8,578.9376756756758,22.73171046583806
8,578.9463783783785,22.588668062483045
8,578.9550810810812,22.727014373358795
8,578.9637837837839,22.828715757650507
8,578.9724864864867,22.74251639659928
8,578.9811891891893,22.93027908607579
8,578.9898918918921,23.12459527126341
8,578.9985945945947,22.855286192912743
8,579.0072972972974,23.21441900046527
8,579.0160000000002,23.084033109073445
8,579.0247027027028,23.24932880682425
8,579.0334054054056,23.21464473803471
8,579.0421081081082,23.195994466273646
8,579.050810810811,23.22358998001283
8,579.0595135135136,23.189218952244133
8,579.0682162162163,24.12363844982137
8,579.0769189189191,24.162459264212682
8,579.0856216216217,24.18331484716449
8,579.0943243243245,24.221566687854683
8,579.1030270270271,23.820695508690314
8,579.1117297297299,24.172640877731318
8,579.1204324324326,24.135874106820506
8,579.1291351351352,24.19706439377164
8,579.137837837838,24.690606170231806
8,579.1465405405406,24.448441537586774
8,579.1552432432434,24.714204391811766
8,579.1639459459461,24.46748819283837
8,579.1726486486488,24.70716319686486
8,579.1813513513515,24.586776200769826
8,579.1900540540541,24.646328445948107
8,579.1987567567569,24.82773253440026
8,579.2074594594596,24.83223964922287
8,579.2161621621623,24.927837930963236
8,579.224864864865,25.048632789159292
8,579.2335675675677,24.982608298096984
8,579.2422702702704,25.035188614792723
8,579.2509729729732,24.79796242382365
8,579.2596756756758,25.138833943448645
8,579.2683783783785,25.113653621022774
8,579.2770810810812,25.362748680327254
8,579.2857837837839,25.024722851679407
8,579.2944864864867,25.342055181993832
8,579.3031891891893,25.261347348120186
8,579.3118918918921,25.175451071171043
8,579.3205945945947,25.445415528860345
8,579.3292972972974,25.338431700140262
8,579.3380000000002,25.579312852993624
8,579.3467027027028,25.57312209636062
8,579.3554054054056,25.71120250706334
8,579.3641081081082,25.379181256445776
8,579.372810810811,25.685389089174482
8,579.3815135135137,25.702622202981082
8,579.3902162162163,25.89743456244944
8,579.3989189189191,25.80917446787292
8,579.4076216216217,25.88816812766632
8,579.4163243243245,25.836827116057467
8,579.4250270270271,26.183193373408784
8,579.4337297297299,26.300875813937918
8,579.4424324324326,26.017599957160968
8,579.4511351351352,26.282995418668346
8,579.459837837838,26.051200098578022
8,579.4685405405406,26.216468721719984
8,579.4772432432434,26.971576727238773
8,579.4859459459461,27.08162781290481
8,579.4946486486488,27.224599249279496
8,579.5033513513515,27.141259978691235
8,579.5120540540541,27.53617480466451
8,579.5207567567569,27.195125219234473
8,579.5294594594596,27.351440351481365
8,579.5381621621623,27.304638111524028
8,579.546864864865,27.44025572550836
8,579.5555675675677,27.63530567106525
8,579.5642702702704,27.527038302587396
8,579.5729729729732,27.713767047353656
8,579.5816756756758,27.697208629958983
8,579.5903783783785,27.878248863824968
8,579.5990810810812,27.769402189651853
8,579.6077837837839,28.046686302368506
8,579.6164864864867,27.90548787946901
8,579.6251891891893,28.07505072486471
8,579.6338918918921,28.209834256579867
8,579.6425945945947,28.184498447131535
8,579.6512972972974,28.224525111281483
8,579.6600000000002,28.257483519860596
8,579.6687027027028,28.160948011226942
8,579.6774054054056,28.34836417376277
8,579.6861081081082,28.471860210507206
8,579.694810810811,28.45643880747747
8,579.7035135135137,28.7294911228502
8,579.7122162162163,28.529404590065116
8,579.7209189189191,28.52575304908936
8,579.7296216216217,28.578251347297595
8,579.7383243243245,28.697024410015768
8,579.7470270270272,28.933061494489227
8,579.7557297297299,28.921772276742317
8,579.7644324324326,28.933393906605147
8,579.7731351351352,29.110100635283573
8,579.781837837838,29.452795227846504
8,579.7905405405406,29.09194781435937
8,579.7992432432434,29.240920385208423
8,579.8079459459461,29.2718270344023
8,579.8166486486488,29.423371902914134
8,579.8253513513515,29.515628513291592
8,579.8340540540541,30.53878472542377
8,579.8427567567569,30.21534149156243
8,579.8514594594596,30.77774264973282
8,579.8601621621623,30.567061091810118
8,579.868864864865,30.59076042600356
8,579.8775675675677,30.47329621728616
8,579.8862702702704,30.705833523018402
8,579.8949729729732,30.907583955152123
8,579.9036756756758,30.79943596785281
8,579.9123783783785,30.88533793685079
8,579.9210810810812,30.91850048719016
8,579.9297837837839,30.939451779768444
8,579.9384864864867,30.937094503919866
8,579.9471891891893,31.24414297106059
8,579.9558918918921,31.142761103150274
8,579.9645945945947,31.184770403801302
8,579.9732972972974,31.588140151048126
8,579.9820000000002,31.243652808859608
8,579.9907027027028,31.431734151245823
8,579.9994054054056,31.42506022143862
8,580.0081081081082,31.574794958243018
8,580.016810810811,31.871539767292685
8,580.0255135135137,31.8416850746024
8,580.0342162162164,31.8049728692625
8,580.0429189189191,32.04406163120304
8,580.0516216216217,32.05947632854911
8,580.0603243243245,32.2792286204606
8,580.0690270270272,32.21752937666835
8,580.0777297297299,32.45787385044288
8,580.0864324324326,32.46601361394004
8,580.0951351351353,32.289204286876355
8,580.103837837838,32.52335951690274
8,580.1125405405407,32.66585663031885
8,580.1212432432434,32.367889522297304
8,580.1299459459461,32.709260400339915
8,580.1386486486488,32.55152950733994
8,580.1473513513515,32.86629910322192
8,580.1560540540542,33.94719256898135
8,580.1647567567569,33.75490318433106
8,580.1734594594597,33.7417582492742
8,580.1821621621623,34.330206516141885
8,580.190864864865,34.209841442461325
8,580.1995675675677,34.28942069465036
8,580.2082702702704,34.27382946059852
8,580.2169729729732,34.576779920997446
8,580.2256756756758,34.3304990207631
8,580.2343783783786,34.885039489294705
8,580.2430810810812,34.91147974093406
8,580.2517837837839,35.093886449073295
8,580.2604864864867,34.986398666068034
8,580.2691891891893,35.04178028384294
8,580.2778918918921,35.57145543029898
8,580.2865945945947,35.57081511997954
8,580.2952972972975,35.39879763403691
8,580.3040000000002,35.233216353981575
8,580.3127027027028,35.65058368251476
8,580.3214054054056,35.434908996483465
8,580.3301081081082,35.748780015204744
8,580.338810810811,35.75085153251407
8,580.3475135135137,36.06256028927219
8,580.3562162162164,35.59755541635878
8,580.3649189189191,35.537561433278825
8,580.3736216216217,35.99574979071845
8,580.3823243243245,36.14043416325058
8,580.3910270270272,36.39327807852815
8,580.3997297297299,36.730031006025996
8,580.4084324324326,36.91024391661026
8,580.4171351351353,36.17169235767647
8,580.425837837838,36.47932128599883
8,580.4345405405408,37.19539491673987
8,580.4432432432434,37.30940404536858
8,580.4519459459461,37.926973384443485
8,580.4606486486488,38.055352161022846
8,580.4693513513515,38.109529167592974
8,580.4780540540543,38.52106635755326
8,580.4867567567569,38.38278709209642
8,580.4954594594597,38.442918592307535
8,580.5041621621623,38.592535927382755
8,580.512864864865,38.59989599517297
8,580.5215675675677,38.58821013969477
8,580.5302702702704,38.86662947647123
8,580.5389729729732,39.12687692459312
8,580.5476756756758,38.80566580697302
8,580.5563783783786,38.99626536491306
8,580.5650810810812,39.162571871068664
8,580.5737837837839,39.621107594004435
8,580.5824864864867,39.09870783371868
8,580.5911891891893,39.38908782835337
8,580.5998918918921,39.76446110371026
8,580.6085945945947,40.17725960140019
8,580.6172972972975,39.90915348122396
8,580.6260000000002,40.54361543905733
8,580.6347027027028,40.19409040494185
8,580.6434054054056,40.49322067340918
8,580.6521081081082,40.20577519534612
8,580.660810810811,40.773042979596795
8,580.6695135135137,40.83647464425418
8,580.6782162162164,41.10990136291806
8,580.6869189189191,41.30037029367186
8,580.6956216216217,41.09182050775263
8,580.7043243243245,41.45627361591449
8,580.7130270270272,41.53943251916114
8,580.7217297297299,41.497896095173694
8,580.7304324324326,42.93494950476726
8,580.7391351351353,42.84357941499011
8,580.747837837838,43.01566430797196
8,580.7565405405408,43.67655879575575
8,580.7652432432434,43.430511007347434
8,580.7739459459461,43.55233156394342
8,580.7826486486488,43.86318947035635
8,580.7913513513515,43.65071832975035
8,580.8000540540543,44.05775906854753
8,580.8087567567569,44.276328506437046
8,580.8174594594597,42.980723739154016
8,580.8261621621623,44.34945985252094
8,580.834864864865,44.34046740590835
8,580.8435675675678,44.39093408947279
8,580.8522702702704,44.41631402405288
8,580.8609729729732,44.31769426780281
8,580.8696756756758,44.5607340033085
8,580.8783783783786,44.59306504437162
8,580.8870810810812,44.82286405040836
8,580.8957837837839,45.03258222830666
8,580.9044864864867,45.018972817805604
8,580.9131891891893,44.87307727467424
8,580.9218918918921,45.31525799695269
8,580.9305945945947,46.249666015737404
8,580.9392972972975,45.84310755998355
8,580.9480000000002,45.80665089492319
8,580.9567027027028,45.652952553462114
8,580.9654054054056,46.063611697183
8,580.9741081081082,46.49823376883529
8,580.982810810811,46.755375085714185
8,580.9915135135137,46.72206263638078
8,581.0002162162164,47.89733499122794
8,581.0089189189191,47.54882056640737
8,581.0176216216217,48.63536271116271
8,581.0263243243245,48.085589366927984
8,581.0350270270272,48.80297517977914
8,581.0437297297299,48.129030807087524
8,581.0524324324326,48.955412077990005
8,581.0611351351353,48.92694551627215
8,581.069837837838,48.7223108445938
8,581.0785405405408,48.94026134844471
8,581.0872432432434,49.30747353609998
8,581.0959459459461,49.233217236019236
8,581.1046486486488,49.73271784058379
8,581.1133513513515,50.01920934195721
8,581.1220540540543,50.70137443211819
8,581.1307567567569,49.51197071614383
8,581.1394594594597,50.261689841577905
8,581.1481621621623,50.21342083572455
8,581.156864864865,51.04763113315343
8,581.1655675675678,51.11076624548217
8,581.1742702702704,50.809525404900874
8,581.1829729729732,51.27320317019981
8,581.1916756756758,51.04079767284982
8,581.2003783783786,51.635210107249534
8,581.2090810810813,51.180511897301905
8,581.217783783784,51.85455216906977
8,581.2264864864867,51.67805301392086
8,581.2351891891893,52.02854836613381
8,581.2438918918921,53.85138513705581
8,581.2525945945947,52.880118386231175
8,581.2612972972975,53.57170703579389
8,581.2700000000002,54.369288876995796
8,581.2787027027028,54.17024102302642
8,581.2874054054056,54.06062381144548
8,581.2961081081082,54.471782275463454
8,581.304810810811,55.00071841767479
8,581.3135135135137,54.71684182357658
8,581.3222162162164,55.011804244254456
8,581.3309189189191,55.15195455278433
8,581.3396216216217,55.01518256870881
8,581.3483243243245,56.126410400145424
8,581.3570270270272,55.353361695610474
8,581.3657297297299,55.68804029144857
8,581.3744324324326,55.540743826827516
8,581.3831351351353,56.5508870158207
8,581.391837837838,56.431389021676864
8,581.4005405405408,56.21970414851853
8,581.4092432432434,55.8357710363427
8,581.4179459459461,57.59442132069622
8,581.4266486486488,57.242922066956616
8,581.4353513513515,58.11772630987071
8,581.4440540540543,57.22414206750023
8,581.4527567567569,57.38819073127379
8,581.4614594594597,58.73193735385219
8,581.4701621621623,58.11610600354758
8,581.478864864865,59.63589201007076
8,581.4875675675678,60.577833608988385
8,581.4962702702704,60.58818246752151
8,581.5049729729732,60.480389950866915
8,581.5136756756758,60.895354923812434
8,581.5223783783786,60.602106063688346
8,581.5310810810813,60.92568671136883
8,581.539783783784,61.56938069898718
8,581.5484864864867,61.06179583835074
8,581.5571891891893,61.13403171418639
8,581.5658918918921,62.613701077156314
8,581.5745945945948,63.81591651297304
8,581.5832972972975,62.65726050345661
8,581.5920000000002,63.78679641328929
8,581.6007027027028,63.920873143786594
8,581.6094054054056,63.3876308436568
8,581.6181081081082,63.049758675689965
8,581.626810810811,64.992793712988
8,581.6355135135137,65.58641071751288
8,581.6442162162164,65.36023247500306
8,581.6529189189191,65.93105231596157
8,581.6616216216217,64.73448366536886
8,581.6703243243245,66.8558131058127
8,581.6790270270272,65.57657674598532
8,581.6877297297299,67.46938407310542
8,581.6964324324326,65.9468324575696
8,581.7051351351353,70.13823506299993
8,581.713837837838,69.6773326877277
8,581.7225405405408,69.49561772518632
8,581.7312432432434,70.57080010349779
8,581.7399459459461,70.90663732141476
8,581.7486486486488,72.0063413149662
8,581.7573513513515,71.54017468581783
8,581.7660540540543,72.4433600631266
8,581.7747567567569,72.18281779229228
8,581.7834594594597,73.49143252934267
8,581.7921621621623,74.3298334239159
8,581.800864864865,73.38342193418586
8,581.8095675675678,75.27458581860398
8,581.8182702702704,75.19865118562167
8,581.8269729729732,76.37666522881905
8,581.8356756756758,77.3582214611849
8,581.8443783783786,76.02900021129996
8,581.8530810810813,77.58332722062336
8,581.861783783784,77.30470961413847
8,581.8704864864867,77.82509173719718
8,581.8791891891893,78.96281032536207
8,581.8878918918921,80.19676361173701
8,581.8965945945948,79.93147579362085
8,581.9052972972975,80.42745103815432
8,581.9140000000002,80.01674470825176
8,581.9227027027028,84.05144773164689
8,581.9314054054056,84.15679573099422
8,581.9401081081083,84.73383099055697
8,581.948810810811,86.19338575273432
8,581.9575135135137,84.62564982588313
8,581.9662162162164,86.9684374351478
8,581.9749189189191,88.13337756330394
8,581.9836216216218,88.21935233998228
8,581.9923243243245,88.33189283187427
8,582.0010270270272,90.31033391821465
8,582.0097297297299,90.3037900648191
8,582.0184324324326,88.74443196918666
8,582.0271351351353,91.105076992073
8,582.035837837838,93.43544059282267
8,582.0445405405408,92.771955751161
8,582.0532432432434,93.65433567406672
8,582.0619459459461,96.04016813917414
8,582.0706486486488,95.71757514592282
8,582.0793513513515,96.09511181965394
8,582.0880540540543,97.89771361247462
8,582.0967567567569,98.18642600376565
8,582.1054594594597,98.44812080623855
8,582.1141621621623,99.14161268864652
8,582.122864864865,99.2831573068546
8,582.1315675675678,101.21665275711685
8,582.1402702702704,103.92992779979798
8,582.1489729729732,104.21367484514408
8,582.1576756756758,107.11130676015647
8,582.1663783783786,106.24014688002373
8,582.1750810810813,107.8529940810868
8,582.183783783784,109.19187712586863
8,582.1924864864867,109.85572158761805
8,582.2011891891893,110.84873574326559
8,582.2098918918921,113.21413111744629
8,582.2185945945948,113.00798165490181
8,582.2272972972975,115.53480348873303
8,582.2360000000002,116.5298125256472
8,582.2447027027029,116.99569417427027
8,582.2534054054056,117.07008322881482
8,582.2621081081084,118.66012051157735
8,582.270810810811,119.63094494937096
8,582.2795135135137,121.7282711087421
8,582.2882162162164,123.69303888498725
8,582.2969189189191,122.75510918710872
8,582.3056216216219,125.66063684882857
8,582.3143243243245,125.69261763830002
8,582.3230270270273,129.83474676236148
8,582.3317297297299,129.67661068703208
8,582.3404324324326,136.5570483135565
8,582.3491351351353,136.6652817993209
8,582.357837837838,136.58429515477908
8,582.3665405405408,137.47837885634576
8,582.3752432432434,142.03699888591888
8,582.3839459459462,141.3054609901331
8,582.3926486486488,145.1222034842059
8,582.4013513513515,146.51116430652988
8,582.4100540540543,148.13969351090526
8,582.4187567567569,152.4078106447035
8,582.4274594594597,152.01310229143775
8,582.4361621621623,154.6804047530671
8,582.444864864865,156.17614451204142
8,582.4535675675678,154.63281214667214
8,582.4622702702704,157.39320443552592
8,582.4709729729732,160.8740750627521
8,582.4796756756758,160.90269166359727
8,582.4883783783786,165.63480421567004
8,582.4970810810813,168.9494017177818
8,582.505783783784,167.35716654800981
8,582.5144864864867,171.75638583394158
8,582.5231891891893,174.45748623117518
8,582.5318918918921,184.20326926764807
8,582.5405945945948,186.1355995636925
8,582.5492972972975,190.7895096677381
8,582.5580000000002,191.73923743604072
8,582.5667027027029,186.33470346296377
8,582.5754054054056,196.21661529910097
8,582.5841081081084,199.29396218411577
8,582.592810810811,197.24561541067274
8,582.6015135135137,203.17185230804782
8,582.6102162162164,207.66622928389438
8,582.6189189189191,213.24233994569317
8,582.6276216216219,210.43065764717542
8,582.6363243243245,219.45943933746807
8,582.6450270270273,222.66369557806388
8,582.6537297297299,220.66268314262788
8,582.6624324324326,220.037064159359
8,582.6711351351354,224.54767143832967
8,582.679837837838,229.557397316781
8,582.6885405405408,235.30791394461056
8,582.6972432432434,239.5733823521617
8,582.7059459459462,239.05209939414183
8,582.7146486486488,246.72246267423236
8,582.7233513513515,263.9799414765536
9,556.4335752874232,178.96549946517024
9,556.4447773663248,173.54042767196358
9,556.4559780498566,170.21452633484034
9,556.4671773380185,173.78248965996195
9,556.4783752308103,167.2010460386035
9,556.4895717282324,163.78675833361024
9,556.5007668302845,160.44712385090105
9,556.5119605369667,157.8187100717046
9,556.5231528482791,155.70891676776088
9,556.5343437642215,155.54301948148824
9,556.5455332847939,153.68798077181108
9,556.5567214099965,150.31708938994643
9,556.5679081398292,143.3818329634525
9,556.579093474292,144.6777560736926
9,556.5902774133849,147.73172156089097
9,556.6014599571079,142.80472778834425
9,556.6126411054609,140.71140670317556
9,556.623820858444,134.33834827788544
9,556.6349992160573,137.85447058537284
9,556.6461761783006,138.26041627227357
9,556.657351745174,135.29784355220687
9,556.6685259166776,131.02279684082123
9,556.6796986928111,130.83211243288886
9,556.6908700735748,129.73112245785055
9,556.7020400589687,126.87064037689143
9,556.7132086489926,124.83160465180869
9,556.7243758436465,125.64461286067052
9,556.7355416429306,123.22443059601919
9,556.7467060468448,123.61587140988831
9,556.757869055389,121.05264353386417
9,556.7690306685635,121.22387573071487
9,556.7801908863679,120.32114736553049
9,556.7913497088024,117.81140122641843
9,556.802507135867,118.32498419795304
9,556.8136631675618,115.20616165674089
9,556.8248178038866,114.41010114437343
9,556.8359710448415,113.57512172849583
9,556.8471228904265,111.08014640918704
9,556.8582733406416,110.04662061766278
9,556.8694223954868,111.88214114423226
9,556.8805700549622,109.1948422771202
9,556.8917163190675,106.92065628330172
9,556.902861187803,108.52696474445365
9,556.9140046611685,105.5751981647584
9,556.9251467391642,104.27251981923335
9,556.93628742179,103.62100779412329
9,556.9474267090458,105.67666959994088
9,556.9585646009317,100.77675015208268
9,556.9697010974478,99.38398626935245
9,556.9808361985939,100.63292906920923
9,556.9919699043702,99.7707391834013
9,557.0031022147765,98.30759073127435
9,557.0142331298129,97.25120490808236
9,557.0253626494793,96.37873841792165
9,557.036490773776,96.3804899099673
9,557.0476175027027,93.82608791169004
9,557.0587428362594,94.13088029830729
9,557.0698667744463,93.28002369879717
9,557.0809893172633,92.00078385722108
9,557.0921104647103,91.71731552579806
9,557.1032302167876,90.12996960002224
9,557.1143485734948,90.76407240921004
9,557.1254655348321,88.71644418248162
9,557.1365811007995,89.24989900685239
9,557.1476952713971,86.2913869479023
9,557.1588080466247,86.41218735409653
9,557.1699194264824,86.27018125195895
9,557.1810294109702,85.60537224790852
9,557.1921380000881,84.03065731422639
9,557.2032451938361,83.85917760053898
9,557.2143509922141,83.79674332240567
9,557.2254553952223,82.88353147623671
9,557.2365584028606,81.1328816297524
9,557.247660015129,81.18262056238225
9,557.2587602320274,80.95314419987332
9,557.269859053556,79.87246947737616
9,557.2809564797146,78.79942167805373
9,557.2920525105034,79.09320488136285
9,557.3031471459223,77.04315029274652
9,557.3142403859712,77.491696324222
9,557.3253322306501,78.11285246303295
9,557.3364226799592,77.84800425789525
9,557.3475117338985,76.56212597024756
9,557.3585993924678,76.40622221202798
9,557.3696856556671,75.13471260570465
9,557.3807705234966,74.96298397262414
9,557.3918539959562,74.64399404502983
9,557.4029360730459,73.00126028738924
9,557.4140167547656,70.72794112287396
9,557.4250960411155,72.85677292870835
9,557.4361739320955,71.54954201529101
9,557.4472504277055,71.18337992109882
9,557.4583255279456,70.46736833539478
9,557.4693992328158,70.50781889431742
9,557.4804715423162,69.56200084401887
9,557.4915424564466,70.06682678536708
9,557.5026119752071,68.2685945093968
9,557.5136800985977,67.56610568573637
9,557.5247468266184,67.8310407371679
9,557.5358121592692,65.90117659857977
9,557.54687609655,66.55203187878917
9,557.557938638461,66.60328132306378
9,557.5689997850021,65.67612446951959
9,557.5800595361733,65.28377357829093
9,557.5911178919746,63.99201819707811
9,557.6021748524059,63.60793021327528
9,557.6132304174673,63.71545793663415
9,557.6242845871589,63.26141783432818
9,557.6353373614805,61.959274492539556
9,557.6463887404323,61.91890363915906
9,557.657438724014,61.63436618777205
9,557.6684873122259,61.23850986704016
9,557.679534505068,61.38721746513308
9,557.6905803025401,60.27779161827156
9,557.7016247046422,60.182108387497586
9,557.7126677113745,59.85650278227707
9,557.7237093227369,60.10101017182601
9,557.7347495387294,59.47859781790097
9,557.7457883593519,58.1589025448549
9,557.7568257846045,58.74131782825593
9,557.7678618144873,57.19310576723863
9,557.7788964490001,57.31347324214118
9,557.789929688143,56.546833096952675
9,557.8009615319161,56.41997582564349
9,557.8119919803191,56.27693843234861
9,557.8230210333523,56.18015049865829
9,557.8340486910157,54.53751352749658
9,557.8450749533091,55.065327292296715
9,557.8560998202325,55.379771401360024
9,557.8671232917861,54.284513050521326
9,557.8781453679699,53.738065249451274
9,557.8891660487836,54.109218279567
9,557.9001853342274,53.587056438339374
9,557.9112032243014,53.481613450895246
9,557.9222197190055,53.0214972513854
9,557.9332348183397,52.85109197032244
9,557.9442485223038,52.23865067080318
9,557.9552608308982,52.19610325964238
9,557.9662717441227,51.46985949134616
9,557.9772812619772,51.49224065800382
9,557.9882893844617,51.34051616219497
9,557.9992961115764,51.09669363157166
9,558.0103014433213,50.991019390209544
9,558.0213053796962,50.83359602482985
9,558.0323079207011,50.49888485405493
9,558.0433090663362,50.03233498937727
9,558.0543088166014,49.32302373114043
9,558.0653071714967,49.821944263751554
9,558.076304131022,48.72550182449407
9,558.0872996951774,48.79711624265577
9,558.098293863963,49.35309235387559
9,558.1092866373785,47.303358936271835
9,558.1202780154243,47.89826109131754
9,558.1312679981002,48.67034435769874
9,558.142256585406,48.05132763036466
9,558.153243777342,47.23917329082318
9,558.1642295739082,47.2721870131127
9,558.1752139751044,46.554650693896
9,558.1861969809306,46.47347571860134
9,558.197178591387,46.43395140239219
9,558.2081588064735,46.71068785547447
9,558.2191376261901,46.3067003096987
9,558.2301150505367,46.1567953493613
9,558.2410910795135,45.689133556670185
9,558.2520657131204,45.066594463913624
9,558.2630389513573,45.00521567723015
9,558.2740107942243,44.8386268235724
9,558.2849812417214,44.54060365087512
9,558.2959502938486,44.5891528971913
9,558.3069179506059,43.67644101832041
9,558.3178842119934,43.81321544512917
9,558.3288490780109,44.067875020204006
9,558.3398125486584,43.79298501047788
9,558.3507746239361,43.26060450429693
9,558.361735303844,42.82445798717816
9,558.3726945883818,42.93207467025897
9,558.3836524775497,42.67213611947663
9,558.3946089713478,42.46457891937532
9,558.4055640697759,42.3663434848463
9,558.4165177728341,41.6891005965106
9,558.4274700805225,42.38976943467835
9,558.438420992841,41.146712982092744
9,558.4493705097894,41.1265969258018
9,558.4603186313681,41.49479344085702
9,558.4712653575768,41.09937772335287
9,558.4822106884156,40.53434481352632
9,558.4931546238845,40.786446728731725
9,558.5040971639835,40.23156555758714
9,558.5150383087125,39.88429106647594
9,558.5259780580717,40.47615969864595
9,558.536916412061,39.47743793013298
9,558.5478533706804,39.82181840434742
9,558.5587889339298,39.060621149493805
9,558.5697231018094,39.636303359820026
9,558.5806558743191,39.213733563367754
9,558.5915872514588,39.063607425393386
9,558.6025172332286,39.24814864934298
9,558.6134458196285,38.84831877805312
9,558.6243730106585,38.09744310856028
9,558.6352988063186,38.00209712095301
9,558.6462232066089,37.77425011887833
9,558.6571462115292,37.9041167648066
9,558.6680678210795,37.37481866795631
9,558.67898803526,36.93183712992736
9,558.6899068540706,37.61368851569613
9,558.7008242775112,37.12745951339004
9,558.711740305582,37.26220865729939
9,558.7226549382829,37.29314165332409
9,558.7335681756138,36.58129797188238
9,558.7444800175748,35.959199642759465
9,558.755390464166,36.51430123326186
9,558.7662995153872,36.54595849023436
9,558.7772071712385,35.83156725190379
9,558.7881134317199,36.333285936255265
9,558.7990182968314,35.57748893846803
9,558.809921766573,35.57487400149968
9,558.8208238409447,35.4336114337932
9,558.8317245199465,35.866150520677465
9,558.8426238035784,35.48615621349866
9,558.8535216918403,34.81198576318061
9,558.8644181847324,35.369956280826536
9,558.8753132822545,34.59349187947596
9,558.8862069844068,34.77105753693908
9,558.8970992911892,34.34447513527819
9,558.9079902026016,34.26280452507063
9,558.9188797186441,33.86669042966503
9,558.9297678393167,34.144616615900816
9,558.9406545646194,33.83094417405968
9,558.9515398945523,33.81610762709535
9,558.9624238291152,33.52457656069409
9,558.9733063683082,33.587472622968576
9,558.9841875121313,33.397677782971016
9,558.9950672605844,33.453145298762806
9,559.0059456136677,33.07147953353225
9,559.0168225713811,32.900959662543116
9,559.0276981337246,32.723511693408845
9,559.0385723006981,32.44559086579026
9,559.0494450723018,32.67447397237424
9,559.0603164485354,32.825585048451835
9,559.0711864293993,32.13392950192157
9,559.0820550148933,32.02731110710946
9,559.0929222050173,32.17892058668738
9,559.1037879997714,32.37994086575195
9,559.1146523991556,31.751155607870267
9,559.1255154031699,31.6361123897149
9,559.1363770118143,31.715683252982334
9,559.1472372250888,31.186912201253346
9,559.1580960429934,31.198606227742577
9,559.168953465528,31.07098795754721
9,559.1798094926928,31.48332870766901
9,559.1906641244876,30.926708496056076
9,559.2015173609126,30.86212659545801
9,559.2123692019677,30.728277067694354
9,559.2232196476527,30.64481104910526
9,559.234068697968,30.199826789210974
9,559.2449163529134,29.95096390817894
9,559.2557626124888,30.797327689199523
9,559.2666074766943,30.108707541386433
9,559.2774509455298,30.340667683758745
9,559.2882930189955,29.68438686861536
9,559.2991336970914,30.173252335662877
9,559.3099729798173,29.70573515865898
9,559.3208108671732,29.724421889014582
9,559.3316473591593,29.524540917956646
9,559.3424824557754,29.19751488450279
9,559.3533161570217,29.311546503890835
9,559.3641484628981,29.52878399469389
9,559.3749793734045,29.143704753484773
9,559.3858088885411,29.326011617245673
9,559.3966370083077,29.20452785106304
9,559.4074637327044,29.083254672689634
9,559.4182890617312,28.91430366149454
9,559.4291129953881,28.69739143170795
9,559.4399355336751,28.629078495389383
9,559.4507566765923,28.678977283461336
9,559.4615764241395,28.465235118124493
9,559.4723947763167,28.168219572660078
9,559.4832117331241,28.20744082823707
9,559.4940272945615,28.083127601578706
9,559.5048414606291,28.09689241383079
9,559.5156542313267,27.76967872642585
9,559.5264656066545,28.080819629289557
9,559.5372755866124,27.92901779811205
9,559.5480841712003,27.651556385692196
9,559.5588913604183,27.674037366011305
9,559.5696971542665,27.450357107957625
9,559.5805015527446,27.584748114296602
9,559.591304555853,27.298161175629495
9,559.6021061635913,26.874382077142826
9,559.6129063759598,27.17015426769669
9,559.6237051929585,26.90110303568294
9,559.6345026145872,27.20940517039463
9,559.6452986408459,27.073967767542538
9,559.6560932717348,26.86582262181705
9,559.6668865072537,26.692377558581942
9,559.6776783474028,26.676737671682197
9,559.6884687921819,26.41943876440619
9,559.6992578415911,26.49167615297456
9,559.7100454956305,26.359062657100036
9,559.7208317543,26.45791520151512
9,559.7316166175995,26.270378771730144
9,559.7424000855291,26.06189453101888
9,559.7531821580887,25.852266291188826
9,559.7639628352786,26.035724780965946
9,559.7747421170984,26.000616468374545
9,559.7855200035484,25.991928368633726
9,559.7962964946286,25.784422350201194
9,559.8070715903386,25.719773012595397
9,559.817845290679,25.51754224079498
9,559.8286175956493,25.679587410848857
9,559.8393885052498,25.508604677242964
9,559.8501580194803,25.207493667605846
9,559.8609261383409,25.172235400533552
9,559.8716928618317,25.029702310177832
9,559.8824581899524,25.13021349494946
9,559.8932221227034,25.01313006224246
9,559.9039846600845,25.010501007473717
9,559.9147458020956,24.495749104168617
9,559.9255055487367,24.724940707028416
9,559.936263900008,24.74651989928895
9,559.9470208559094,24.46635741179532
9,559.9577764164409,24.426678516199996
9,559.9685305816024,24.40692885884952
9,559.9792833513941,24.424284541626736
9,559.9900347258158,24.500266124128245
9,560.0007847048677,24.236037169756994
9,560.0115332885497,23.845485691268713
9,560.0222804768616,23.8056893911786
9,560.0330262698038,23.960490246974
9,560.0437706673761,24.096873873692694
9,560.0545136695783,23.85267150939926
9,560.0652552764108,23.73529335307438
9,560.0759954878732,23.920074871231996
9,560.0867343039658,23.692797550887843
9,560.0974717246885,23.525136650295483
9,560.1082077500413,23.63507139212796
9,560.1189423800242,23.404884743641883
9,560.1296756146371,23.378001450494306
9,560.1404074538802,23.475297211100738
9,560.1511378977534,23.357268164033407
9,560.1618669462566,23.127680766696525
9,560.17259459939,23.059738427408703
9,560.1833208571534,22.850836688234757
9,560.1940457195469,23.062046620343715
9,560.2047691865705,22.748292563783245
9,560.2154912582242,22.710947660058764
9,560.226211934508,22.61777021103548
9,560.2369312154219,22.618177576858443
9,560.247649100966,22.501249861048272
9,560.25836559114,22.218035248563808
9,560.2690806859442,22.36434186326638
9,560.2797943853785,22.403251751328884
9,560.2905066894429,22.180717770720115
9,560.3012175981373,22.240322060958206
9,560.3119271114618,22.176185662843714
9,560.3226352294165,22.033416398951104
9,560.3333419520012,21.914100243620982
9,560.344047279216,21.96152681185371
9,560.354751211061,21.840290167875555
9,560.365453747536,21.97060224527435
9,560.3761548886412,21.803888493627344
9,560.3868546343763,21.460306328669883
9,560.3975529847417,21.584563845606752
9,560.408249939737,21.460293735648932
9,560.4189454993625,21.505561557747594
9,560.4296396636181,21.49109684154222
9,560.4403324325037,21.455037174301875
9,560.4510238060195,21.088856710875245
9,560.4617137841653,21.109753287503242
9,560.4724023669413,21.297417794525437
9,560.4830895543473,20.957204250308305
9,560.4937753463835,21.044765882931078
9,560.5044597430497,21.063470210810575
9,560.515142744346,21.03557353098099
9,560.5258243502724,20.92592814814537
9,560.5365045608289,20.679406942349672
9,560.5471833760156,20.802901200151155
9,560.5578607958322,20.85511372495532
9,560.5685368202791,20.61472200298109
9,560.579211449356,20.52102255198679
9,560.5898846830629,20.64744909746909
9,560.6005565214,20.398837707657123
9,560.6112269643671,20.34231503131917
9,560.6218960119644,20.38555592446446
9,560.6325636641917,20.33361415868652
9,560.6432299210492,20.270461751618313
9,560.6538947825367,20.333919669209507
9,560.6645582486543,20.12942000530017
9,560.675220319402,20.204159696135054
9,560.6858809947798,20.157968164236653
9,560.6965402747877,20.043897298778823
9,560.7071981594257,19.984267688716017
9,560.7178546486938,20.03130924254002
9,560.728509742592,19.765959922156146
9,560.7391634411204,19.909386437128784
9,560.7498157442786,19.799819815520145
9,560.7604666520672,19.505432887342533
9,560.7711161644856,19.488449374333324
9,560.7817642815344,19.54186035783606
9,560.7924110032131,19.575060034636927
9,560.803056329522,19.635314337934645
9,560.8137002604609,19.631940270293864
9,560.8243427960299,19.27613749277563
9,560.834983936229,19.148153672942207
9,560.8456236810582,19.464913908845425
9,560.8562620305175,19.163123981580824
9,560.8668989846069,19.224186438931
9,560.8775345433264,19.13976898956817
9,560.888168706676,18.991100191832356
9,560.8988014746557,18.89522737991517
9,560.9094328472654,19.00498496671307
9,560.9200628245053,18.845999804054706
9,560.9306914063752,18.895092356829405
9,560.9413185928753,18.78469286414384
9,560.9519443840054,18.941334770486527
9,560.9625687797657,18.75166515550665
9,560.973191780156,18.77641250524854
9,560.9838133851764,18.961887527017012
9,560.994433594827,18.550923545947338
9,561.0050524091075,18.621223352093146
9,561.0156698280183,18.623978954564688
9,561.026285851559,18.780549215919194
9,561.03690047973,18.383491584250827
9,561.0475137125309,18.436613939715063
9,561.058125549962,18.55028737158129
9,561.0687359920231,18.416377551223402
9,561.0793450387145,18.3954069089511
9,561.0899526900358,18.32710890059911
9,561.1005589459872,18.227899393999802
9,561.1111638065688,18.20189438474038
9,561.1217672717804,18.142500628460883
9,561.1323693416222,18.162251405449055
9,561.142970016094,18.02366226543126
9,561.1535692951959,18.033024634966953
9,561.1641671789279,18.057309064839778
9,561.17476366729,17.81054428775735
9,561.1853587602822,17.81610168997006
9,561.1959524579045,17.967610898632575
9,561.2065447601568,17.95970202615853
9,561.2171356670393,17.945417602671085
9,561.2277251785519,17.675042889138616
9,561.2383132946945,17.748465595074443
9,561.2489000154673,17.747148517333965
9,561.2594853408701,17.66289406146626
9,561.270069270903,17.62064398621013
9,561.2806518055661,17.53020613900031
9,561.2912329448592,17.725124240985583
9,561.3018126887824,17.571084704642377
9,561.3123910373357,17.49299562604476
9,561.3229679905191,17.549334478928298
9,561.3335435483326,17.33720753710152
9,561.3441177107762,17.515918887300426
9,561.3546904778499,17.393442344355616
9,561.3652618495537,17.48479898206194
9,561.3758318258875,17.30484811279209
9,561.3864004068515,17.192848492182613
9,561.3969675924455,17.248523287484556
9,561.4075333826697,17.17277038868087
9,561.4180977775239,17.18116230974725
9,561.4286607770083,17.076005253367754
9,561.4392223811227,17.015819932009656
9,561.4497825898673,17.09275390514072
9,561.4603414032418,17.048188813944417
9,561.4708988212466,16.872621900106484
9,561.4814548438814,16.873491095919483
9,561.4920094711463,16.918199065356134
9,561.5025627030412,16.93742668375033
9,561.5131145395663,16.960623783436844
9,561.5236649807215,16.916631823348446
9,561.5342140265068,17.003931826969172
9,561.5447616769221,16.77589854759647
9,561.5553079319676,16.85746316763555
9,561.5658527916431,16.834677810251417
9,561.5763962559488,16.737764292245036
9,561.5869383248845,16.753808688836514
9,561.5974789984504,16.784988146278078
9,561.6080182766462,16.609070910986258
9,561.6185561594723,16.636590757624337
9,561.6290926469284,16.58886202864491
9,561.6396277390146,16.57871290927609
9,561.6501614357309,16.56276553124474
9,561.6606937370773,16.678542728305533
9,561.6712246430537,16.637482309308574
9,561.6817541536603,16.602073631581106
9,561.692282268897,16.41950471449044
9,561.7028089887638,16.558378009862945
9,561.7133343132606,16.40168158801123
9,561.7238582423876,16.37964922543075
9,561.7343807761446,16.38756341124071
9,561.7449019145317,16.16338204771279
9,561.7554216575489,16.26250898142683
9,561.7659400051963,16.265087924674706
9,561.7764569574737,16.269285327745287
9,561.7869725143812,16.096226336425374
9,561.7974866759188,16.21339950483214
9,561.8079994420865,16.15756821188919
9,561.8185108128843,16.223354883476876
9,561.829020788312,16.207499427201885
9,561.8395293683701,15.951978058765494
9,561.8500365530581,16.202129023104508
9,561.8605423423763,16.04979117231425
9,561.8710467363245,16.07596548505901
9,561.8815497349029,15.928508244709132
9,561.8920513381113,15.912888179149087
9,561.9025515459499,16.044015958463692
9,561.9130503584184,15.975339410360972
9,561.9235477755171,16.01969650078578
9,561.934043797246,16.010396265769465
9,561.9445384236049,15.90984443027712
9,561.9550316545939,15.766757458036746
9,561.965523490213,15.806206916678068
9,561.9760139304622,15.928610888280243
9,561.9865029753414,15.870646159392297
9,561.9969906248508,15.705090246779399
9,562.0074768789902,15.590774258624846
9,562.0179617377598,15.755054355198812
9,562.0284452011595,15.688304036705208
9,562.0389272691892,15.690498256953056
9,562.049407941849,15.625335657307518
9,562.059887219139,15.666024991570925
9,562.070365101059,15.514930292780646
9,562.0808415876091,15.580420814216419
9,562.0913166787893,15.472458822699876
9,562.1017903745997,15.428987297470464
9,562.11226267504,15.384208792442292
9,562.1227335801104,15.485983309713458
9,562.1332030898111,15.44602474897124
9,562.1436712041417,15.448947172620596
9,562.1541379231026,15.403616288532179
9,562.1646032466933,15.372959382811116
9,562.1750671749143,15.31255288509968
9,562.1855297077653,15.356262122324956
9,562.1959908452465,15.29731165601563
9,562.2064505873577,15.35916914788485
9,562.216908934099,15.358409124128789
9,562.2273658854705,15.202888659609608
9,562.237821441472,15.334575647997244
9,562.2482756021036,15.397385290013489
9,562.2587283673653,15.197322673059867
9,562.2691797372571,15.22643048647248
9,562.279629711779,15.20918377102774
9,562.290078290931,15.178029253758751
9,562.300525474713,15.166934593520025
9,562.3109712631252,15.123293644038185
9,562.3214156561675,15.225231134962065
9,562.3318586538397,15.219168251253814
9,562.3423002561423,15.039987071032586
9,562.3527404630747,15.024023045270804
9,562.3631792746373,15.027652633416162
9,562.3736166908301,14.994203569385292
9,562.3840527116529,15.017348774941436
9,562.3944873371058,14.919724131620006
9,562.4049205671888,14.92195152838458
9,562.4153524019019,14.851266860614817
9,562.4257828412451,14.813679161433042
9,562.4362118852184,14.885840207056285
9,562.4466395338218,14.823845202633573
9,562.4570657870553,14.84027341567024
9,562.4674906449188,14.976503022333024
9,562.4779141074124,14.836124231602849
9,562.4883361745362,14.747919395360107
9,562.49875684629,14.836100551893399
9,562.509176122674,14.895759535550248
9,562.519594003688,14.885826442409353
9,562.5300104893321,14.853349857086508
9,562.5404255796063,14.78162361598298
9,562.5508392745106,14.619959062514472
9,562.5612515740451,14.83252318431452
9,562.5716624782095,14.769176382947556
9,562.5820719870042,14.59752798993276
9,562.5924801004288,14.636888766702269
9,562.6028868184836,14.681601856970248
9,562.6132921411685,14.59857796904413
9,562.6236960684834,14.665267287489101
9,562.6340986004285,14.729107588546716
9,562.6444997370036,14.675231782591103
9,562.6548994782088,14.580947516556538
9,562.6652978240442,14.59673463596545
9,562.6756947745096,14.620051472603826
9,562.6860903296051,14.651370584001551
9,562.6964844893307,14.652421789818066
9,562.7068772536865,14.593146247069487
9,562.7172686226722,14.587817873961681
9,562.7276585962882,14.443667410501078
9,562.7380471745341,14.483551041677172
9,562.7484343574101,14.348780926755339
9,562.7588201449164,14.429313328789302
9,562.7692045370526,14.43609246503686
9,562.7795875338189,14.49211269501932
9,562.7899691352154,14.446836187990549
9,562.8003493412419,14.474858087820577
9,562.8107281518986,14.415397888865165
9,562.8211055671853,14.258046710852435
9,562.8314815871022,14.346765097147241
9,562.8418562116491,14.249343067668795
9,562.852229440826,14.219288276383093
9,562.8626012746332,14.247859608343854
9,562.8729717130703,14.301928828449011
9,562.8833407561376,14.294060285906632
9,562.893708403835,14.141643374986971
9,562.9040746561625,14.199614239746012
9,562.9144395131201,14.201000123857886
9,562.9248029747077,14.142879707011323
9,562.9351650409255,14.298285892960921
9,562.9455257117734,14.211760307168214
9,562.9558849872512,14.16489450229389
9,562.9662428673594,14.134656788450846
9,562.9765993520974,14.163998748082449
9,562.9869544414656,14.141984414603193
9,562.997308135464,14.143641063378645
9,563.0076604340924,14.16354483143167
9,563.0180113373509,13.98342412829
9,563.0283608452395,14.046886308067808
9,563.0387089577582,14.115198178229411
9,563.049055674907,14.070750670068783
9,563.0594009966858,14.10009537499379
9,563.0697449230948,13.914212123158824
9,563.0800874541338,14.162138705126189
9,563.090428589803,14.067337634134432
9,563.1007683301023,14.082760086124805
9,563.1111066750316,14.00073251806402
9,563.121443624591,13.943036608550944
9,563.1317791787806,13.87332270022746
9,563.1421133376001,13.9494522596356
9,563.1524461010499,13.931026785895746
9,563.1627774691297,13.824334139758005
9,563.1731074418395,13.89757121863657
9,563.1834360191796,13.802060378968587
9,563.1937632011496,13.91857480946628
9,563.2040889877499,13.85504148597161
9,563.2144133789801,13.822153151304716
9,563.2247363748405,13.842405663444161
9,563.235057975331,13.780730492346779
9,563.2453781804514,13.787902976570765
9,563.2556969902021,13.773192766329533
9,563.2660144045828,13.749868866357643
9,563.2763304235937,13.694452807938823
9,563.2866450472346,13.688943462554464
9,563.2969582755056,13.715732580925614
9,563.3072701084068,13.808455626164507
9,563.317580545938,13.730037932535728
9,563.3278895880992,13.632209966378582
9,563.3381972348906,13.63065179159616
9,563.3485034863121,13.654687026802048
9,563.3588083423637,13.686571377346903
9,563.3691118030454,13.744704897891033
9,563.3794138683571,13.648170795429277
9,563.3897145382989,13.684032591525288
9,563.400013812871,13.671649211155435
9,563.4103116920729,13.632042439192773
9,563.420608175905,13.597750454993017
9,563.4309032643673,13.677393627776995
9,563.4411969574596,13.50551341330419
9,563.4514892551821,13.564413358468329
9,563.4617801575346,13.59181664807246
9,563.4720696645171,13.466728669886123
9,563.4823577761299,13.535259469763213
9,563.4926444923726,13.664056724386601
9,563.5029298132455,13.47224752929412
9,563.5132137387485,13.505814698980657
9,563.5234962688816,13.524195296076158
9,563.5337774036448,13.597852176887768
9,563.544057143038,13.483022008763083
9,563.5543354870613,13.421096825800804
9,563.5646124357147,13.410882892438021
9,563.5748879889983,13.468838148268464
9,563.5851621469119,13.427755910755053
9,563.5954349094557,13.333662866901706
9,563.6057062766295,13.320035876203674
9,563.6159762484333,13.256187986669064
9,563.6262448248673,13.316021132386474
9,563.6365120059314,13.319421031074103
9,563.6467777916256,13.168420216363032
9,563.6570421819499,13.266410699420765
9,563.6673051769043,13.254645112914035
9,563.6775667764887,13.235968695070378
9,563.6878269807033,13.282944243601692
9,563.6980857895479,13.272707194363399
9,563.7083432030227,13.25970518970932
9,563.7185992211275,13.056754170221542
9,563.7288538438625,13.259985408572735
9,563.7391070712275,13.257304142998068
9,563.7493589032226,13.108586164566084
9,563.7596093398478,13.187730421087908
9,563.7698583811031,13.302384726328622
9,563.7801060269885,13.158637864177878
9,563.790352277504,13.276706547771735
9,563.8005971326496,13.193962079094833
9,563.8108405924253,13.163697474752913
9,563.821082656831,13.145053404487754
9,563.8313233258668,13.230869207863334
9,563.8415625995328,13.13682898290006
9,563.8518004778289,13.192685161433584
9,563.8620369607551,13.121249169074579
9,563.8722720483113,13.112155504569506
9,563.8825057404975,13.164731409877
9,563.892738037314,13.119958116346425
9,563.9029689387605,13.090766773128754
9,563.9131984448371,13.0963681459378
9,563.9234265555439,13.151698703775574
9,563.9336532708807,13.081529289942573
9,563.9438785908475,13.20524101115994
9,563.9541025154444,13.099332495042496
9,563.9643250446716,13.06508633272008
9,563.9745461785287,13.058374345635015
9,563.984765917016,13.101873513830476
9,563.9949842601334,13.001406478580579
9,564.0052012078808,13.03220642286042
9,564.0154167602583,13.057603349994327
9,564.025630917266,12.993957765474462
9,564.0358436789037,12.898327303701906
9,564.0460550451714,13.046997125056647
9,564.0562650160695,13.024769706316784
9,564.0664735915974,13.046177636733134
9,564.0766807717555,13.000763686925744
9,564.0868865565437,12.863978755241602
9,564.097090945962,12.95297232598146
9,564.1072939400103,12.883049508390007
9,564.1174955386888,12.83992859460523
9,564.1276957419974,12.863346120787725
9,564.137894549936,12.848038059180057
9,564.1480919625049,12.922664255372323
9,564.1582879797037,12.761135079397738
9,564.1684826015326,12.787071475383923
9,564.1786758279916,12.817378173577842
9,564.1888676590808,12.774336071251135
9,564.1990580948,12.814857641046352
9,564.2092471351493,12.817941332347303
9,564.2194347801287,12.865640752493938
9,564.2296210297382,12.716758113537953
9,564.2398058839777,12.725806461389745
9,564.2499893428475,12.764574944065144
9,564.2601714063472,12.743863115628857
9,564.270352074477,12.726524999268383
9,564.280531347237,12.81193855204249
9,564.2907092246271,12.782505248494905
9,564.3008857066473,12.73746626988104
9,564.3110607932975,12.746463264950332
9,564.3212344845779,12.72551706598248
9,564.3314067804882,12.70075153414897
9,564.3415776810288,12.707824924734
9,564.3517471861994,12.672402010846113
9,564.3619152960001,12.771780318868233
9,564.3720820104309,12.847802461778954
9,564.3822473294917,12.736489120986487
9,564.3924112531828,12.75241056154036
9,564.4025737815039,12.74792619963059
9,564.4127349144551,12.685608148425771
9,564.4228946520363,12.66219986275209
9,564.4330529942476,12.733742941987197
9,564.4432099410891,12.822754112240409
9,564.4533654925607,12.748634156156903
9,564.4635196486623,12.678948208120197
9,564.473672409394,12.714761957194085
9,564.4838237747558,12.840196352215159
9,564.4939737447478,12.667235957143118
9,564.5041223193698,12.725891131382959
9,564.5142694986218,12.702342673805513
9,564.5244152825042,12.71105471699493
9,564.5345596710164,12.757202889110394
9,564.5447026641588,12.748651133429332
9,564.5548442619313,12.675352235591644
9,564.5649844643339,12.696479712583985
9,564.5751232713665,12.737176291616715
9,564.5852606830292,12.626116911489182
9,564.5953966993221,12.765324542431177
9,564.6055313202451,12.684996268772483
9,564.615664545798,12.77769899008121
9,564.6257963759812,12.733371188621852
9,564.6359268107944,12.755809907319707
9,564.6460558502378,12.677180693922397
9,564.6561834943111,12.706218031240555
9,564.6663097430146,12.456045820833191
9,564.6764345963483,12.566852162037991
9,564.686558054312,12.426988549896825
9,564.6966801169058,12.455830047524628
9,564.7068007841297,12.669079374152663
9,564.7169200559836,12.546740686965263
9,564.7270379324676,12.49261509797285
9,564.7371544135818,12.462195173316195
9,564.7472694993261,12.512880642706216
9,564.7573831897004,12.449012445029107
9,564.7674954847048,12.471752775448365
9,564.7776063843394,12.551220819734406
9,564.787715888604,12.566508396152331
9,564.7978239974987,12.494807491487373
9,564.8079307110235,12.458930103402146
9,564.8180360291784,12.525218233379263
9,564.8281399519634,12.485563292834918
9,564.8382424793784,12.541427413177233
9,564.8483436114236,12.5037690591752
9,564.858443348099,12.51307114563964
9,564.8685416894043,12.559027675143764
9,564.8786386353397,12.59966471321315
9,564.8887341859053,12.448542455632907
9,564.898828341101,12.526355410038796
9,564.9089211009267,12.523932097404101
9,564.9190124653825,12.482719668424803
9,564.9291024344684,12.670459892614124
9,564.9391910081845,12.528625402635397
9,564.9492781865306,12.563432421891392
9,564.9593639695067,12.601436886440368
9,564.969448357113,12.51896606678661
9,564.9795313493495,12.51206037166021
9,564.989612946216,12.57278433362343
9,564.9996931477125,12.637486407280484
9,565.0097719538392,12.609403647970645
9,565.019849364596,12.552124924776694
9,565.0299253799828,12.509231497333055
9,565.0399999999997,12.634161128053695
9,565.0500732246468,12.541700656603968
9,565.060145053924,12.603860835671927
9,565.0702154878312,12.651020013118291
9,565.0802845263685,12.502937118694621
9,565.0903521695359,12.530828294027602
9,565.1004184173335,12.513059277413781
9,565.1104832697611,12.539830176887863
9,565.1205467268187,12.613617977835256
9,565.1306087885065,12.676910722580418
9,565.1406694548244,12.593743834404224
9,565.1507287257724,12.529469657785246
9,565.1607866013504,12.567882503021403
9,565.1708430815586,12.605867145673843
9,565.1808981663969,12.619042600976675
9,565.1909518558653,12.579520186764794
9,565.2010041499636,12.634928853683615
9,565.2110550486922,12.638203941152488
9,565.2211045520509,12.666302962529407
9,565.2311526600396,12.691327812161191
9,565.2411993726583,12.613298318445901
9,565.2512446899073,12.70999085354617
9,565.2612886117863,12.631150944047725
9,565.2713311382954,12.580389494452865
9,565.2813722694345,12.653552968324975
9,565.2914120052038,12.638390518042371
9,565.3014503456033,12.634077850275686
9,565.3114872906327,12.62043335998186
9,565.3215228402922,12.585747967809326
9,565.3315569945819,12.64706749895719
9,565.3415897535017,12.65418253454139
9,565.3516211170515,12.64882605825404
9,565.3616510852314,12.714474538464215
9,565.3716796580414,12.762527793134314
9,565.3817068354816,12.70819811632689
9,565.3917326175518,12.736352898135781
9,565.4017570042521,12.706615581436361
9,565.4117799955825,12.686137107988111
9,565.4218015915429,12.705182137856625
9,565.4318217921335,12.70141652000581
9,565.4418405973543,12.533666067817567
9,565.451858007205,12.430891037099547
9,565.4618740216858,12.326857326152604
9,565.4718886407968,12.449225616497545
9,565.4819018645379,12.47904052943238
9,565.4919136929091,12.463529357838606
9,565.5019241259103,12.481412097000568
9,565.5119331635416,12.499488091138721
9,565.5219408058031,12.562451086350746
9,565.5319470526946,12.616359538011082
9,565.5419519042161,12.545314420348427
9,565.5519553603679,12.540928346513194
9,565.5619574211496,12.444795260445135
9,565.5719580865615,12.594821159728602
9,565.5819573566035,12.513858289267313
9,565.5919552312756,12.64025871764985
9,565.6019517105777,12.65523866220302
9,565.61194679451,12.573363833046942
9,565.6219404830724,12.613845608483812
9,565.6319327762649,12.557799602213372
9,565.6419236740874,12.569821055139244
9,565.65191317654,12.63925204973214
9,565.6619012836228,12.602622136516226
9,565.6718879953356,12.55263179419615
9,565.6818733116785,12.659881595803872
9,565.6918572326515,12.619031626201025
9,565.7018397582546,12.620819108904058
9,565.7118208884878,12.605474319801768
9,565.7218006233511,12.661536287005315
9,565.7317789628445,12.635358031103296
9,565.7417559069679,12.78965855355421
9,565.7517314557215,12.718287814244063
9,565.7617056091052,12.700773952680278
9,565.771678367119,12.671703015505262
9,565.7816497297628,12.631529091283348
9,565.7916196970367,12.680399910808829
9,565.8015882689407,12.585738381969401
9,565.8115554454748,12.759246533483976
9,565.8215212266391,12.675224802024768
9,565.8314856124334,12.661227486932429
9,565.8414486028578,12.780677106239354
9,565.8514101979123,12.698535796214525
9,565.8613703975969,12.79597832920111
9,565.8713292019115,12.73106150074094
9,565.8812866108564,12.671750796278786
9,565.8912426244312,12.819709562167057
9,565.9011972426362,12.785519873235666
9,565.9111504654712,12.746510091852372
9,565.9211022929364,12.799395048355683
9,565.9310527250317,12.768615917897739
9,565.941001761757,12.756657077755214
9,565.9509494031124,12.940640531447968
9,565.9608956490979,12.707233617950255
9,565.9708404997135,12.837909627188424
9,565.9807839549593,12.80062369931773
9,565.9907260148351,12.906605259041187
9,566.000666679341,12.904473241634356
9,566.010605948477,12.868780139194392
9,566.0205438222431,12.927253899258877
9,566.0304803006392,12.931563147065583
9,566.0404153836655,12.929344757134787
9,566.0503490713219,12.948500000858237
9,566.0602813636083,12.925294272667527
9,566.0702122605248,12.876233499980184
9,566.0801417620715,12.9865153083335
9,566.0900698682483,12.916580465942667
9,566.0999965790551,12.979559891627453
9,566.109921894492,12.891444536356506
9,566.119845814559,12.986148513689255
9,566.1297683392561,12.962350919200345
9,566.1396894685834,12.9411794733374
9,566.1496092025407,12.95165045631772
9,566.159527541128,12.97572518861678
9,566.1694444843455,12.982843926559502
9,566.179360032193,12.89372425462357
9,566.1892741846707,12.915132676642491
9,566.1991869417785,12.917207645285716
9,566.2090983035164,12.950609120424973
9,566.2190082698843,12.937851742645002
9,566.2289168408823,12.958166696023978
9,566.2388240165104,12.924054548017407
9,566.2487297967687,12.945477720155296
9,566.258634181657,13.07250023444151
9,566.2685371711755,13.103145078767161
9,566.2784387653239,13.059418999630658
9,566.2883389641025,13.057697250505317
9,566.2982377675112,13.018010372267659
9,566.30813517555,13.068104466547528
9,566.3180311882189,13.041917318000747
9,566.3279258055179,13.049487768217187
9,566.3378190274469,13.0426184533603
9,566.3477108540061,13.094619416873527
9,566.3576012851953,13.179924323034971
9,566.3674903210147,13.075535453773847
9,566.3773779614642,13.150822596607513
9,566.3872642065436,13.104831803165125
9,566.3971490562533,13.145974033556621
9,566.407032510593,13.132118148263906
9,566.4169145695628,13.228944350576223
9,566.4267952331627,13.165229497066447
9,566.4366745013926,13.131940832589699
9,566.4465523742527,13.183508219522135
9,566.456428851743,13.219279533444269
9,566.4663039338633,13.147348711024915
9,566.4761776206136,13.248709450424673
9,566.4860499119941,13.168593635528302
9,566.4959208080046,13.199724691307306
9,566.5057903086453,13.376224331760028
9,566.5156584139161,13.289470177606823
9,566.5255251238169,13.24470177921897
9,566.5353904383478,13.347698919624662
9,566.5452543575088,13.382453241410891
9,566.5551168812999,13.332009689593784
9,566.5649780097211,13.403276351899692
9,566.5748377427724,13.360441957511497
9,566.5846960804538,13.336674905557926
9,566.5945530227654,13.30658585326332
9,566.604408569707,13.312164667904153
9,566.6142627212786,13.367553992278332
9,566.6241154774804,13.309531513070953
9,566.6339668383122,13.365219978781514
9,566.6438168037741,13.438959020258409
9,566.6536653738663,13.449938242530038
9,566.6635125485883,13.457451286151434
9,566.6733583279406,13.522313184375552
9,566.683202711923,13.415664652347392
9,566.6930457005353,13.425284237918415
9,566.7028872937778,13.49657613805848
9,566.7127274916504,13.539699034552765
9,566.7225662941531,13.44933345473876
9,566.732403701286,13.52061756099901
9,566.7422397130489,13.532390206110511
9,566.7520743294418,13.541161007517871
9,566.7619075504649,13.620279025261597
9,566.771739376118,13.770229788505317
9,566.7815698064013,13.606976430201478
9,566.7913988413146,13.466452911051094
9,566.8012264808581,13.649805385353051
9,566.8110527250317,13.647464497851015
9,566.8208775738353,13.605047516634693
9,566.830701027269,13.599170973004899
9,566.8405230853328,13.701131294408727
9,566.8503437480267,13.692679814901565
9,566.8601630153507,13.783861959035839
9,566.8699808873048,13.664958041529449
9,566.879797363889,13.723049303759446
9,566.8896124451034,13.746809079968253
9,566.8994261309476,13.682440386167984
9,566.9092384214222,13.726615205421146
9,566.9190493165268,13.792169838994115
9,566.9288588162614,13.797860939442307
9,566.9386669206261,13.804688311215225
9,566.9484736296209,13.799325994906395
9,566.9582789432459,13.851954029868768
9,566.968082861501,13.891913823315743
9,566.977885384386,13.838880251947879
9,566.9876865119013,13.823091771300923
9,566.9974862440466,13.848405498544032
9,567.007284580822,13.949948637143581
9,567.0170815222275,13.971615889608628
9,567.026877068263,14.021495461021582
9,567.0366712189287,13.942390936586094
9,567.0464639742245,13.965100308130511
9,567.0562553341504,14.010709610048629
9,567.0660452987064,14.003743721144321
9,567.0758338678924,14.000276021241612
9,567.0856210417086,13.99815257066007
9,567.0954068201548,14.100399830932368
9,567.1051912032311,14.114324997132284
9,567.1149741909376,13.976248617856045
9,567.124755783274,14.153769769833877
9,567.1345359802407,14.098026439138433
9,567.1443147818374,14.23401337894854
9,567.1540921880642,14.09860909615608
9,567.1638681989211,14.117164335106382
9,567.173642814408,14.08568275146085
9,567.1834160345252,14.14618926560467
9,567.1931878592724,14.199292164772173
9,567.2029582886496,14.119600410427713
9,567.212727322657,14.118889733939673
9,567.2224949612944,14.242989590485049
9,567.232261204562,14.165015236343244
9,567.2420260524596,14.386072146157517
9,567.2517895049873,14.212446617176317
9,567.2615515621452,14.214763090782244
9,567.271312223933,14.296277025947672
9,567.2810714903511,14.341465695875847
9,567.2908293613992,14.284738755833375
9,567.3005858370774,14.306002139478833
9,567.3103409173857,14.363186168988568
9,567.320094602324,14.481981432314114
9,567.3298468918925,14.330333707616862
9,567.3395977860911,14.446764009949819
9,567.3493472849198,14.38959224122709
9,567.3590953883785,14.45095036850802
9,567.3688420964673,14.444570825245462
9,567.3785874091864,14.465435567818718
9,567.3883313265353,14.447802879237809
9,567.3980738485145,14.543125082556573
9,567.4078149751238,14.531940553893497
9,567.417554706363,14.662296412997094
9,567.4272930422325,14.582355157666866
9,567.4370299827319,14.517782517973242
9,567.4467655278615,14.565876030382244
9,567.4564996776212,14.548866454032147
9,567.466232432011,14.658699033247123
9,567.4759637910308,14.688811876324632
9,567.4856937546808,14.743572680828706
9,567.4954223229608,14.701671449425847
9,567.505149495871,14.790137407599431
9,567.5148752734113,14.630091649653677
9,567.5245996555816,14.781526505588173
9,567.5343226423821,14.620806192064125
9,567.5440442338127,14.8721224535989
9,567.5537644298732,14.725039492706996
9,567.563483230564,14.855059612548567
9,567.5732006358847,14.955016672172654
9,567.5829166458357,14.798930399914996
9,567.5926312604166,14.88398343100863
9,567.6023444796277,14.897386471072718
9,567.6120563034689,15.047844829195089
9,567.6217667319402,15.002057928320326
9,567.6314757650415,15.064801913632634
9,567.641183402773,14.946646337502948
9,567.6508896451346,15.03697727646432
9,567.6605944921262,15.106441426761839
9,567.670297943748,15.051224315663859
9,567.6799999999997,15.067188201151478
9,567.6897006608817,15.149864561029059
9,567.6993999263938,15.083143197656154
9,567.7090977965358,15.091598441217272
9,567.7187942713081,15.066407744102015
9,567.7284893507103,15.14028875716666
9,567.7381830347427,15.10880307543888
9,567.7478753234052,15.088321986153494
9,567.7575662166978,15.148399246398402
9,567.7672557146204,15.170942168204338
9,567.7769438171732,15.222701574049896
9,567.786630524356,15.181536883941432
9,567.796315836169,15.266162690537943
9,567.805999752612,15.304269066268736
9,567.8156822736852,15.444214799529421
9,567.8253633993885,15.235848252038773
9,567.8350431297217,15.348551926102846
9,567.8447214646852,15.361255379182847
9,567.8543984042786,15.535846367342566
9,567.8640739485023,15.356630500552278
9,567.8737480973559,15.505141598481456
9,567.8834208508398,15.39715707171868
9,567.8930922089537,15.519448613976353
9,567.9027621716976,15.395200595576835
9,567.9124307390717,15.463984674907856
9,567.9220979110759,15.461961444399817
9,567.9317636877101,15.466243943224269
9,567.9414280689745,15.619492466098157
9,567.9510910548689,15.600252876010574
9,567.9607526453934,15.601615933907711
9,567.9704128405481,15.633803707438185
9,567.9800716403328,15.613422604999522
9,567.9897290447476,15.52203232522671
9,567.9993850537925,15.622470652483113
9,568.0090396674675,15.73590112334068
9,568.0186928857726,15.697651030640023
9,568.0283447087078,15.744513437116968
9,568.037995136273,15.820712978041373
9,568.0476441684684,15.654752115738397
9,568.0572918052939,15.927115546022545
9,568.0669380467494,15.736742707540342
9,568.0765828928352,15.864362632382745
9,568.0862263435508,15.848507611938967
9,568.0958683988968,15.867606012913846
9,568.1055090588726,15.802818819485374
9,568.1151483234787,15.927567610911082
9,568.1247861927147,15.817396961142224
9,568.134422666581,16.0766873661464
9,568.1440577450772,15.977660340366496
9,568.1536914282037,15.99612827000459
9,568.1633237159601,16.119313082983446
9,568.1729546083468,16.019658092359784
9,568.1825841053635,16.09423773002137
9,568.1922122070102,16.13740262826635
9,568.2018389132871,16.045248881704847
9,568.2114642241941,16.06573789580965
9,568.2210881397311,16.183654321294018
9,568.2307106598983,16.092159946618803
9,568.2403317846955,16.259982092003174
9,568.2499515141228,16.18021581282062
9,568.2595698481803,16.128815790274803
9,568.2691867868677,16.16716225407341
9,568.2788023301854,16.352401768220883
9,568.2884164781331,16.338210561307225
9,568.2980292307109,16.31522337124649
9,568.3076405879187,16.34607456731359
9,568.3172505497567,16.258767822791302
9,568.3268591162248,16.423400406740345
9,568.336466287323,16.324868618661654
9,568.3460720630512,16.36765009722081
9,568.3556764434096,16.342646165913898
9,568.365279428398,16.41980771489021
9,568.3748810180166,16.5184586609602
9,568.3844812122652,16.43287885675798
9,568.394080011144,16.532172014610335
9,568.4036774146527,16.598857162145478
9,568.4132734227917,16.439701325253765
9,568.4228680355607,16.62960467949534
9,568.4324612529598,16.531356019894012
9,568.442053074989,16.69905915490393
9,568.4516435016483,16.807319708778287
9,568.4612325329376,16.680818885432227
9,568.4708201688571,16.72594560648194
9,568.4804064094067,16.79161025788881
9,568.4899912545864,16.827054393737555
9,568.4995747043961,16.667982112437894
9,568.509156758836,16.746519881011686
9,568.5187374179059,16.867339087055726
9,568.5283166816059,16.901279565141863
9,568.537894549936,17.02997878122734
9,568.5474710228963,16.979484085351977
9,568.5570461004866,16.962864721937752
9,568.566619782707,16.941986550157576
9,568.5761920695575,17.02519031427397
9,568.5857629610381,17.141627226367177
9,568.5953324571487,17.09259331936367
9,568.6049005578896,17.207526517607473
9,568.6144672632604,17.16185167234931
9,568.6240325732614,17.05322437552222
9,568.6335964878924,17.230044905813166
9,568.6431590071536,17.258536841180877
9,568.6527201310448,17.108702125699914
9,568.6622798595662,17.161302724185372
9,568.6718381927176,17.271443161110923
9,568.6813951304991,17.376019399177338
9,568.6909506729107,17.375539614324154
9,568.7005048199525,17.54538859624351
9,568.7100575716242,17.282540782643583
9,568.7196089279262,17.3676791503826
9,568.7291588888581,17.41073001197025
9,568.7387074544203,17.515158522867885
9,568.7482546246124,17.390711635536345
9,568.7578003994347,17.52194643130247
9,568.767344778887,17.507565747817114
9,568.7768877629694,17.561617768274967
9,568.786429351682,17.654141226868298
9,568.7959695450246,18.02280900525403
9,568.8055083429974,18.148956552028178
9,568.8150457456002,18.175555643764373
9,568.8245817528332,18.232262413870497
9,568.8341163646961,18.047087397333893
9,568.8436495811893,18.235021020962446
9,568.8531814023124,18.26156091795564
9,568.8627118280658,18.272906445997368
9,568.8722408584491,18.418937530864074
9,568.8817684934626,18.436003051069644
9,568.8912947331062,18.43156056018065
9,568.9008195773798,18.34973547031791
9,568.9103430262836,18.492171629727004
9,568.9198650798174,18.598416275810745
9,568.9293857379814,18.57732897785075
9,568.9389050007754,18.51388006091632
9,568.9484228681996,18.613461439759536
9,568.9579393402538,18.700975383251862
9,568.9674544169382,18.8246492601976
9,568.9769680982525,18.70176639411067
9,568.9864803841971,18.9136485656977
9,568.9959912747717,18.764111128317705
9,569.0055007699764,18.878762078783236
9,569.0150088698111,18.937576359370123
9,569.024515574276,18.789597489121366
9,569.034020883371,18.969373737759753
9,569.0435247970961,18.92878902224051
9,569.0530273154512,18.79516696788796
9,569.0625284384364,18.960064607834315
9,569.0720281660518,19.037361888076116
9,569.0815264982972,18.999099546325564
9,569.0910234351728,19.125336881117168
9,569.1005189766784,19.053364969481283
9,569.110013122814,19.18912377189055
9,569.1195058735799,18.9674469228947
9,569.1289972289758,19.20388401404166
9,569.1384871890018,19.214522831634653
9,569.1479757536579,19.228678802541694
9,569.1574629229441,19.357090411758342
9,569.1669486968603,19.296993341805585
9,569.1764330754067,19.245132700603094
9,569.1859160585832,19.442126070849493
9,569.1953976463898,19.427073771630436
9,569.2048778388264,19.502136717877324
9,569.2143566358932,19.60654587360275
9,569.22383403759,19.445197693376453
9,569.233310043917,19.64609271010551
9,569.242784654874,19.725995178882453
9,569.252257870461,19.555620353540633
9,569.2617296906783,19.725349208522278
9,569.2712001155255,19.748324422633562
9,569.280669145003,19.79838394494506
9,569.2901367791104,19.938541304697928
9,569.299603017848,19.71808769901133
9,569.3090678612157,19.877046945064908
9,569.3185313092134,19.900898849309403
9,569.3279933618413,19.75640583455417
9,569.3374540190993,19.937460364045908
9,569.3469132809873,19.948154603502147
9,569.3563711475055,20.015817953634294
9,569.3658276186537,20.05903349918633
9,569.375282694432,20.03991073177237
9,569.3847363748405,20.072494893171104
9,569.394188659879,20.13714283830776
9,569.4036395495475,20.310291406705975
9,569.4130890438463,20.302011738918562
9,569.422537142775,20.212888665285682
9,569.4319838463339,20.331792735410605
9,569.4414291545229,20.196689701831943
9,569.450873067342,20.225152453139593
9,569.4603155847911,20.673240963851647
9,569.4697567068704,20.4032292508354
9,569.4791964335798,20.312493982078916
9,569.4886347649192,20.486700984759956
9,569.4980717008888,20.60248240455293
9,569.5075072414884,20.508456574729024
9,569.5169413867181,21.26589068842294
9,569.5263741365779,21.403615640177026
9,569.5358054910678,21.38158220061638
9,569.5452354501879,21.372147738182807
9,569.5546640139379,21.378160533136597
9,569.5640911823181,21.43499619605299
9,569.5735169553284,21.508170188513844
9,569.5829413329687,21.576801406108974
9,569.5923643152393,21.423312715994395
9,569.6017859021398,21.61405814461002
9,569.6112060936705,21.683351542527433
9,569.6206248898312,21.85547513685268
9,569.630042290622,21.879836909634964
9,569.639458296043,21.765711091249813
9,569.648872906094,21.9202705746042
9,569.6582861207751,21.899523556890067
9,569.6676979400863,21.76299770837901
9,569.6771083640276,21.975419615982155
9,569.6865173925991,22.08999827191948
9,569.6959250258005,22.094618044698038
9,569.7053312636322,22.15325745772615
9,569.7147361060938,22.15988984100144
9,569.7241395531856,22.190669478320263
9,569.7335416049075,22.239779403610708
9,569.7429422612594,22.107168322572978
9,569.7523415222415,22.194210397728426
9,569.7617393878536,22.53444436872661
9,569.7711358580958,22.248669529667335
9,569.7805309329682,22.567140915477747
9,569.7899246124706,22.34578762613952
9,569.7993168966032,22.300465231096464
9,569.8087077853658,22.677411335265486
9,569.8180972787585,22.743309922309393
9,569.8274853767813,22.597092872471237
9,569.8368720794341,22.737426691789693
9,569.8462573867172,22.708813307345775
9,569.8556412986302,22.705533763269425
9,569.8650238151733,22.905359316573094
9,569.8744049363467,22.96994676968595
9,569.88378466215,22.957563390215377
9,569.8931629925835,22.92602389360198
9,569.902539927647,22.946334114744136
9,569.9119154673407,23.11474702412594
9,569.9212896116644,23.01394762133638
9,569.9306623606182,23.36461711842032
9,569.9400337142021,23.164679163698512
9,569.9494036724161,23.367181603289954
9,569.9587722352602,23.279769649337155
9,569.9681394027344,23.46023689158941
9,569.9775051748387,23.614379511892825
9,569.9868695515731,23.625837008701332
9,569.9962325329376,23.687911420268897
9,570.0055941189321,23.480496418657964
9,570.0149543095569,23.524378904043807
9,570.0243131048115,23.714165823317067
9,570.0336705046964,23.65959159031593
9,570.0430265092114,23.558772600550594
9,570.0523811183564,23.859125393536424
9,570.0617343321316,24.461641261924164
9,570.0710861505368,24.590748108701206
9,570.080436573572,24.6265343890701
9,570.0897856012375,24.710353557634523
9,570.0991332335329,24.906585946627615
9,570.1084794704585,25.02434367448391
9,570.1178243120142,24.82651271316482
9,570.1271677582,24.858245818702333
9,570.1365098090159,25.27448541014016
9,570.1458504644619,25.192763056067694
9,570.1551897245379,25.164383163399705
9,570.1645275892441,25.01179034226033
9,570.1738640585803,25.201629324682827
9,570.1831991325466,25.285319507683468
9,570.1925328111431,25.25157426718974
9,570.2018650943696,25.19138441263702
9,570.2111959822263,25.43990114986551
9,570.220525474713,25.614423658491756
9,570.2298535718297,25.675944610756336
9,570.2391802735767,25.64645320066067
9,570.2485055799536,26.023575671841375
9,570.2578294909607,25.778430676496928
9,570.2671520065979,25.787760097960167
9,570.2764731268652,25.928337565415365
9,570.2857928517626,26.091514636040763
9,570.29511118129,26.11727499207692
9,570.3044281154475,25.655294468774233
9,570.3137436542352,25.978202369582252
9,570.323057797653,26.2068636494568
9,570.3323705457008,26.2643857863542
9,570.3416818983787,26.43929376131711
9,570.3509918556867,26.236346790332174
9,570.3603004176248,26.404917255268337
9,570.3696075841931,26.50074348812193
9,570.3789133553913,26.616637083394462
9,570.3882177312197,26.618898125971484
9,570.3975207116782,26.46844740808931
9,570.4068222967668,26.565029774102904
9,570.4161224864855,26.764123186700758
9,570.4254212808343,26.984158649047846
9,570.434718679813,26.86838196443464
9,570.444014683422,26.956455912649684
9,570.4533092916611,26.671370340959804
9,570.4626025045302,27.265404120885577
9,570.4718943220295,27.359763416985132
9,570.4811847441588,26.931779487902613
9,570.4904737709181,27.252414360536388
9,570.4997614023077,27.202878545167803
9,570.5090476383273,27.672113859347796
9,570.518332478977,28.407061378039643
9,570.5276159242568,28.388923761172276
9,570.5368979741667,28.255073217198927
9,570.5461786287066,28.419558925204385
9,570.5554578878767,28.526361407829903
9,570.5647357516768,28.449890448802602
9,570.5740122201071,28.52988132443781
9,570.5832872931675,28.50794089387017
9,570.5925609708579,28.751468143305853
9,570.6018332531785,28.8655944698723
9,570.6111041401291,28.844612435924933
9,570.6203736317098,29.174545688293165
9,570.6296417279206,29.176733413243653
9,570.6389084287615,29.189608421535965
9,570.6481737342325,28.905180277640397
9,570.6574376443336,29.45912600940767
9,570.6667001590648,29.437636251836135
9,570.675961278426,29.632156350003015
9,570.6852210024174,29.409086787016324
9,570.6944793310389,29.620888628821273
9,570.7037362642905,29.621939515889455
9,570.7129918021722,29.80214230505798
9,570.7222459446839,29.9929927288559
9,570.7314986918257,29.783177442470183
9,570.7407500435976,29.73227065220242
9,570.7499999999997,29.781708079304934
9,570.7592485610318,30.00609242193452
9,570.7684957266939,30.30772622847124
9,570.7777414969863,29.852954484539524
9,570.7869858719087,30.23393778515323
9,570.7962288514611,30.66341681440008
9,570.8054704356438,30.156448578960386
9,570.8147106244564,30.59247166912904
9,570.8239494178991,30.419379016063967
9,570.8331868159721,30.63194821706953
9,570.842422818675,30.910234549088848
9,570.851657426008,30.876701401282556
9,570.8608906379712,31.050297348194988
9,570.8701224545645,31.032396074141563
9,570.8793528757877,31.04554564665186
9,570.8885819016411,30.934862181957484
9,570.8978095321247,30.955220676879033
9,570.9070357672383,31.83479911868021
9,570.9162606069821,32.19687410883352
9,570.9254840513559,32.96306340314994
9,570.9347061003597,32.478893772112855
9,570.9439267539937,32.73785690201758
9,570.9531460122578,32.68247530432956
9,570.9623638751519,32.80686448585022
9,570.9715803426761,32.83495951674762
9,570.9807954148306,32.624731924820374
9,570.990009091615,33.03661751374492
9,570.9992213730295,33.13320624124959
9,571.0084322590742,33.12695460522981
9,571.0176417497489,33.14279856716327
9,571.0268498450537,33.35801345901526
9,571.0360565449886,33.389514542661345
9,571.0452618495536,33.41557832714617
9,571.0544657587487,33.38028251489349
9,571.063668272574,33.69726552684308
9,571.0728693910293,33.563362018012576
9,571.0820691141146,33.53730257345634
9,571.09126744183,34.06918620577741
9,571.1004643741757,33.7704349465979
9,571.1096599111513,34.06417485718532
9,571.118854052757,34.03938343555582
9,571.1280467989928,34.251580648276274
9,571.1372381498588,34.11794411607351
9,571.1464281053549,34.17692065609877
9,571.1556166654809,34.62818258365896
9,571.1648038302372,34.012402050330024
9,571.1739895996235,34.34924287115001
9,571.1831739736399,34.44660398113243
9,571.1923569522864,35.066852516314306
9,571.201538535563,34.98248210888128
9,571.2107187234697,35.2031688887996
9,571.2198975160064,35.0537939200373
9,571.2290749131733,34.75070807782341
9,571.2382509149703,35.01713491735721
9,571.2474255213973,34.76376792920453
9,571.2565987324544,34.89930590724977
9,571.2657705481417,36.20241363480755
9,571.2749409684591,36.50759255641793
9,571.2841099934066,36.577938596752645
9,571.2932776229841,36.648549153345314
9,571.3024438571916,36.88394036272044
9,571.3116086960293,36.846868937059504
9,571.3207721394972,37.185779315269876
9,571.3299341875951,36.97940530677225
9,571.339094840323,37.31140309594922
9,571.3482540976811,37.71658699060281
9,571.3574119596693,37.82860115565009
9,571.3665684262876,37.708142446838515
9,571.3757234975359,37.9469482666599
9,571.3848771734143,38.000266249693375
9,571.3940294539229,38.33502948995951
9,571.4031803390616,38.38415797015458
9,571.4123298288303,38.54647609426091
9,571.4214779232291,38.43920561201566
9,571.430624622258,38.683274041245824
9,571.4397699259171,38.69447918571095
9,571.4489138342062,38.80757296698764
9,571.4580563471254,39.13883580580676
9,571.4671974646747,39.52310871003228
9,571.476337186854,39.71269098237018
9,571.4854755136636,39.070080604425705
9,571.4946124451031,39.65676389424809
9,571.5037479811728,40.038345570686445
9,571.5128821218725,40.310987286186865
9,571.5220148672024,39.93091041331547
9,571.5311462171624,39.78047666553528
9,571.5402761717523,40.35450261044284
9,571.5494047309725,40.53078635187677
9,571.5585318948227,40.07702984816959
9,571.5676576633031,40.74531178146456
9,571.5767820364134,40.5329296900442
9,571.5859050141539,42.07649291055567
9,571.5950265965246,41.99183374305813
9,571.6041467835253,41.718872530323246
9,571.613265575156,42.10147454772153
9,571.6223829714169,41.88491009291068
9,571.6314989723079,42.226765225385456
9,571.640613577829,42.321994957687096
9,571.6497267879801,42.43048250984456
9,571.6588386027613,43.27224950683748
9,571.6679490221727,43.20014977286496
9,571.6770580462141,42.42932420168557
9,571.6861656748856,42.78655744381313
9,571.6952719081872,42.80247013395782
9,571.704376746119,43.531091272180696
9,571.7134801886808,43.159739115123294
9,571.7225822358727,43.27331738899459
9,571.7316828876947,43.29374176518129
9,571.7407821441468,43.233250111589406
9,571.749880005229,43.38657739991585
9,571.7589764709412,43.63239143619622
9,571.7680715412836,43.65822784874922
9,571.7771652162561,43.81540098424841
9,571.7862574958586,43.517641879600546
9,571.7953483800912,43.49694245575513
9,571.804437868954,44.3260471772988
9,571.8135259624469,43.78441213139119
9,571.8226126605698,44.11945750679114
9,571.8316979633228,44.249363972431205
9,571.8407818707059,44.31521352466964
9,571.8498643827191,44.48675699319934
9,571.8589454993624,44.29494071783803
9,571.8680252206358,44.47071332079063
9,571.8771035465393,44.18932073067284
9,571.8861804770729,46.286921141397116
9,571.8952560122366,45.661474689283295
9,571.9043301520303,46.35244132485589
9,571.9134028964542,46.566999103923315
9,571.9224742455082,46.41333821131344
9,571.9315441991922,46.077583465686295
9,571.9406127575063,46.294349170040284
9,571.9496799204505,46.08950673263391
9,571.9587456880249,46.220633358373505
9,571.9678100602293,46.15920124889696
9,571.9768730370638,46.354687083498405
9,571.9859346185284,46.53350167317593
9,571.9949948046232,46.47891728293845
9,572.004053595348,46.68386860190762
9,572.0131109907028,46.970971318886086
9,572.0221669906878,47.19015609054018
9,572.0312215953029,46.99308565780818
9,572.040274804548,47.411612954214156
9,572.0493266184233,47.19684012587992
9,572.0583770369286,47.816475138070814
9,572.067426060064,47.8849338370168
9,572.0764736878295,47.95153646620524
9,572.0855199202252,47.93130782037346
9,572.094564757251,48.20279392915823
9,572.1036081989067,47.78303236138073
9,572.1126502451926,48.08672681953635
9,572.1216908961087,48.25202007676692
9,572.1307301516548,48.84433212479114
9,572.1397680118309,48.519955600744574
9,572.1488044766372,48.087560966332696
9,572.1578395460737,49.444006126264355
9,572.1668732201401,50.73904054588065
9,572.1759054988366,50.70825702504489
9,572.1849363821633,51.17438558463195
9,572.19396587012,51.29113845012209
9,572.2029939627068,50.71083991494692
9,572.2120206599238,50.68580467487332
9,572.2210459617709,51.833715817825755
9,572.2300698682479,51.074876185430476
9,572.2390923793552,50.83725427784967
9,572.2481134950925,51.61865084240084
9,572.2571332154599,52.13289694609317
9,572.2661515404574,51.75884692379502
9,572.275168470085,51.83399505619318
9,572.2841840043427,52.33665130127855
9,572.2931981432304,51.924962967354126
9,572.3022108867483,52.64761739756418
9,572.3112222348963,52.072785643520604
9,572.3202321876743,52.172986023974225
9,572.3292407450824,52.91741374537844
9,572.3382479071207,52.868942480872605
9,572.347253673789,53.06831994227456
9,572.3562580450874,53.65380719091069
9,572.365261021016,53.60777747524697
9,572.3742626015746,53.71387141478325
9,572.3832627867632,53.238884562864804
9,572.3922615765821,54.231174268223725
9,572.401258971031,54.333151452777095
9,572.4102549701099,54.335693471814324
9,572.419249573819,54.07211414822617
9,572.4282427821582,56.55097094372583
9,572.4372345951275,56.640360187147216
9,572.4462250127268,55.798364606103696
9,572.4552140349563,57.352301544849055
9,572.4642016618159,57.59545721295218
9,572.4731878933054,57.44833992980387
9,572.4821727294252,57.38079120866897
9,572.491156170175,57.2842643131415
9,572.5001382155549,57.67108984385184
9,572.5091188655649,57.89456646600466
9,572.5180981202051,58.51212479764401
9,572.5270759794753,58.21405740636602
9,572.5360524433755,59.453074628464776
9,572.5450275119059,58.75831767890942
9,572.5540011850663,58.629603936272666
9,572.5629734628569,59.47080337401456
9,572.5719443452776,59.80176570927832
9,572.5809138323284,59.725325828001765
9,572.5898819240092,59.93454316908675
9,572.5988486203202,60.884275503887295
9,572.6078139212611,60.452831987562874
9,572.6167778268323,60.67854941406001
9,572.6257403370336,61.1288541862756
9,572.6347014518649,61.03902694546201
9,572.6436611713262,61.29906985737592
9,572.6526194954178,61.912869747272254
9,572.6615764241394,62.41613316783866
9,572.670531957491,63.48916563879155
9,572.6794860954728,64.08566924691925
9,572.6884388380847,66.48406058792791
9,572.6973901853266,65.01344713026891
9,572.7063401371987,65.63509458734764
9,572.7152886937009,67.16047511860536
9,572.7242358548331,66.98012952907708
9,572.7331816205955,66.27094378857902
9,572.7421259909879,66.73667857831713
9,572.7510689660104,67.26907648310126
9,572.760010545663,68.33367079941154
9,572.7689507299458,68.87080269408766
9,572.7778895188586,68.8613849328917
9,572.7868269124015,69.5265526304007
9,572.7957629105745,69.9608734923903
9,572.8046975133775,69.79966150446035
9,572.8136307208107,70.94162935389792
9,572.822562532874,70.83136729226358
9,572.8314929495673,71.05540587211327
9,572.8404219708908,70.75355009755859
9,572.8493495968444,72.25848195438468
9,572.858275827428,73.30127692346593
9,572.8672006626417,72.81994246287645
9,572.8761241024856,72.91974641393078
9,572.8850461469594,73.80754046667576
9,572.8939667960635,75.1098446058438
9,572.9028860497976,74.60455283766191
9,572.9118039081618,77.76312884293243
9,572.9207203711561,78.28162568607577
9,572.9296354387805,78.66428726002594
9,572.938549111035,78.7831801725139
9,572.9474613879196,80.44533957828396
9,572.9563722694343,80.30603221925642
9,572.965281755579,81.26615044055389
9,572.9741898463539,81.02792969814844
9,572.9830965417588,79.93346739982117
9,572.9920018417938,83.59943612302031
9,573.000905746459,82.01292814883897
9,573.0098082557543,83.83051043912229
9,573.0187093696795,83.18923287147683
9,573.027609088235,86.9818477230832
9,573.0365074114204,86.7787295118617
9,573.045404339236,85.95087954668507
9,573.0542998716818,84.87971562982256
9,573.0631940087575,87.00122028188724
9,573.0720867504634,89.37950192250611
9,573.0809780967994,89.41897911291095
9,573.0898680477654,90.50449164007861
9,573.0987566033616,89.10638745003733
9,573.1076437635878,90.39698300617479
9,573.1165295284442,92.23062865737137
9,573.1254138979307,92.20101056940906
9,573.1342968720472,92.05881248530203
9,573.1431784507938,97.02554057536878
9,573.1520586341705,97.0175062382675
9,573.1609374221773,98.44987335591713
9,573.1698148148142,100.23510946420389
9,573.1786908120813,100.42223159310404
9,573.1875654139783,100.68619083474921
9,573.1964386205055,101.26796439126495
9,573.2053104316628,101.4361357871123
9,573.2141808474502,103.60157414636755
9,573.2230498678676,101.98061419183983
9,573.2319174929152,103.7155970821961
9,573.2407837225928,104.6125891444659
9,573.2496485569006,106.46884333457372
9,573.2585119958384,105.29910488216707
9,573.2673740394064,107.66951961228347
9,573.2762346876044,107.66932536919144
9,573.2850939404325,108.16845641784042
9,573.2939517978907,110.6005272478138
9,573.302808259979,110.27675792361838
9,573.3116633266974,112.82782517782499
9,573.320516998046,113.092384951904
9,573.3293692740244,115.06427054260239
9,573.3382201546332,116.14434019595036
9,573.347069639872,115.68654656102605
9,573.3559177297408,119.76290262079759
9,573.3647644242398,122.11398644630808
9,573.3736097233688,121.85658818505354
9,573.3824536271279,123.4438290883697
9,573.3912961355172,123.58425747400022
9,573.4001372485365,129.20473580341474
9,573.408976966186,128.55030887371692
9,573.4178152884655,127.70773831463569
9,573.426652215375,130.2932647645245
9,573.4354877469148,131.64007677263473
9,573.4443218830845,133.61140974042942
9,573.4531546238844,131.8437137093958
9,573.4619859693144,137.21031184885692
9,573.4708159193744,135.34677099305028
9,573.4796444740647,138.21942871321272
9,573.488471633385,138.827294862373
9,573.4972973973353,144.12546096169078
9,573.5061217659157,142.66138006872063
9,573.5149447391262,144.90390387665076
9,573.5237663169669,143.0256914484059
9,573.5325864994376,144.55643919542305
9,573.5414052865384,145.4167146681907
9,573.5502226782694,148.72645038489964
9,573.5590386746303,155.52258520896655
9,573.5678532756215,159.71775029252058
9,573.5766664812427,161.20226036497604
9,573.5854782914939,162.87822882735716
9,573.5942887063753,167.2866417332465
9,573.6030977258868,170.4398134858314
9,573.6119053500283,168.96075844437368
9,573.6207115788,170.51941371148675
9,573.6295164122017,169.3295766890575
9,573.6383198502336,172.42900129677074
9,573.6471218928955,175.87539120339994
9,573.6559225401876,180.6203062416892
9,573.6647217921097,181.5979833820681
9,573.6735196486619,179.66321061225747
9,573.6823161098442,183.3327784388917
9,573.6911111756566,186.4163679138489
9,573.6999048460991,188.439043939918
9,573.7086971211717,185.19980956679925
9,573.7174880008744,190.08332149323422
9,573.7262774852071,192.2841174751877
9,573.73506557417,200.68223313305197
9,573.743852267763,203.39119759185198
9,573.752637565986,204.0041786113487
9,573.7614214688392,205.47354917774967
9,573.7702039763225,221.8209877510489
9,573.7789850884358,227.02653842603843
9,573.7877648051792,227.01407854331268
9,573.7965431265527,240.40135459155601
9,573.8053200525563,229.37610442652823
9,573.81409558319,234.9453340268423
9,573.8228697184538,237.04258694814033
9,573.8316424583477,246.66634439349062
9,573.8404138028717,245.21122376702056
9,573.8491837520259,246.95710198473085
9,573.8579523058099,251.3451743786647
9,573.8667194642243,260.8329422162353
9,573.8754852272687,261.44573064614644
9,573.8842495949431,263.552580243062
9,573.8930125672476,260.210224337919
10,548.8793750000006,200.07448885126843
10,548.8878125000006,204.6559044365629
10,548.8962500000006,200.54324413189232
10,548.9046875000006,193.18255865893252
10,548.9131250000005,193.7052169546138
10,548.9215625000005,191.5505712299333
10,548.9300000000005,186.46893382405653
10,548.9384375000005,182.1202962874843
10,548.9468750000005,181.89453319486756
10,548.9553125000006,177.62680021161063
10,548.9637500000006,175.7831967960237
10,548.9721875000006,175.19882306842104
10,548.9806250000005,172.66135958942948
10,548.9890625000005,170.35832940290393
10,548.9975000000005,166.44194898524157
10,549.0059375000005,166.2822093368905
10,549.0143750000005,164.36465961867415
10,549.0228125000006,160.10377800026697
10,549.0312500000006,163.56394473981007
10,549.0396875000006,158.55037785086495
10,549.0481250000005,152.59796008182255
10,549.0565625000005,148.90852545201918
10,549.0650000000005,153.07562095958667
10,549.0734375000005,151.18338077086116
10,549.0818750000005,153.91551680114068
10,549.0903125000006,146.50675977416083
10,549.0987500000006,146.74317136100106
10,549.1071875000006,144.50500026243373
10,549.1156250000005,140.79094077341304
10,549.1240625000005,136.74033712037786
10,549.1325000000005,136.64331210003994
10,549.1409375000005,137.00133673166923
10,549.1493750000005,137.16077508545143
10,549.1578125000005,136.1180782930827
10,549.1662500000006,131.61487353291338
10,549.1746875000006,131.41145604079503
10,549.1831250000005,128.43480954750774
10,549.1915625000005,128.07491326745094
10,549.2000000000005,125.50902863838802
10,549.2084375000005,125.32437369702096
10,549.2168750000005,122.47821658228126
10,549.2253125000005,125.77642154206411
10,549.2337500000006,120.50298822367105
10,549.2421875000006,119.2721365923946
10,549.2506250000005,118.33508183591745
10,549.2590625000005,113.80065612922417
10,549.2675000000005,115.025875813871
10,549.2759375000005,115.61754505845904
10,549.2843750000005,113.66123533828934
10,549.2928125000005,110.55070456221968
10,549.3012500000006,111.20981540332441
10,549.3096875000006,110.0756162695363
10,549.3181250000005,110.60505899959368
10,549.3265625000005,106.13741766834914
10,549.3350000000005,107.01078482213612
10,549.3434375000005,101.8856463383258
10,549.3518750000005,102.3870887014964
10,549.3603125000005,102.57838766740328
10,549.3687500000005,102.77038279501784
10,549.3771875000006,100.68188511977291
10,549.3856250000005,101.6657609282493
10,549.3940625000005,100.28372268963227
10,549.4025000000005,96.4342940202047
10,549.4109375000005,97.6105095747449
10,549.4193750000005,98.5006011225531
10,549.4278125000005,95.5913976102941
10,549.4362500000005,95.24642298636387
10,549.4446875000006,95.28348909480526
10,549.4531250000005,92.7544975764803
10,549.4615625000005,91.46383543894153
10,549.4700000000005,91.68906716020834
10,549.4784375000005,89.9017877952343
10,549.4868750000005,91.59243007840412
10,549.4953125000005,89.10117506428915
10,549.5037500000005,87.99994947701377
10,549.5121875000004,86.54925581385524
10,549.5206250000005,86.32715267445248
10,549.5290625000005,85.67001146011769
10,549.5375000000005,85.19858584541583
10,549.5459375000005,83.84203571207621
10,549.5543750000005,84.82393041286893
10,549.5628125000005,85.2779275747413
10,549.5712500000005,82.54702339674995
10,549.5796875000004,82.25967331914264
10,549.5881250000004,82.18537475259795
10,549.5965625000005,80.41008776003333
10,549.6050000000005,79.74691593575388
10,549.6134375000005,77.89031543888194
10,549.6218750000005,78.74638316505329
10,549.6303125000005,78.23081160688125
10,549.6387500000005,77.50902095037017
10,549.6471875000004,77.93098627374245
10,549.6556250000004,76.44865482759961
10,549.6640625000005,77.26698718173365
10,549.6725000000005,75.40276312258618
10,549.6809375000005,76.05240681451771
10,549.6893750000005,74.42164656731903
10,549.6978125000005,72.51275245721428
10,549.7062500000005,72.83649147545758
10,549.7146875000004,72.34809850308
10,549.7231250000004,71.20241130710204
10,549.7315625000005,70.7306950191173
10,549.7400000000005,71.273827579479
10,549.7484375000005,69.99085533045947
10,549.7568750000005,71.14044518146034
10,549.7653125000005,69.36832573864523
10,549.7737500000005,70.79955587143017
10,549.7821875000004,68.85245336936006
10,549.7906250000004,69.449602449482
10,549.7990625000004,68.10709268555519
10,549.8075000000005,67.5327587934974
10,549.8159375000005,67.44203734399346
10,549.8243750000005,66.40838943610757
10,549.8328125000005,66.17239890660801
10,549.8412500000005,64.99767510951372
10,549.8496875000004,65.58376481732377
10,549.8581250000004,64.15046144803166
10,549.8665625000004,64.7276278202564
10,549.8750000000005,63.39202750388499
10,549.8834375000005,63.64558223855898
10,549.8918750000005,63.22676607515003
10,549.9003125000005,63.3552750994613
10,549.9087500000005,62.55123163347643
10,549.9171875000004,61.73857986627131
10,549.9256250000004,62.28855337944273
10,549.9340625000004,61.80267740594373
10,549.9425000000005,61.600504827338774
10,549.9509375000005,61.16680995868572
10,549.9593750000005,59.68304764542059
10,549.9678125000005,60.42968614755702
10,549.9762500000005,59.438871992510336
10,549.9846875000004,59.098471058915955
10,549.9931250000004,58.831670617179185
10,550.0015625000004,58.513758878376755
10,550.0100000000004,57.293634614140494
10,550.0184375000005,58.37177971230936
10,550.0268750000005,56.693937034548696
10,550.0353125000005,55.91107265327337
10,550.0437500000005,56.693315857558154
10,550.0521875000004,56.08590059559512
10,550.0606250000004,55.30898290070273
10,550.0690625000004,56.28252482757149
10,550.0775000000004,55.2638827849355
10,550.0859375000005,54.99576836188917
10,550.0943750000005,54.32446143854121
10,550.1028125000005,54.54665259106299
10,550.1112500000005,54.12865621208133
10,550.1196875000004,53.303241381765616
10,550.1281250000004,53.23882797791153
10,550.1365625000004,53.579120614106344
10,550.1450000000004,51.75691263330118
10,550.1534375000005,51.63176235393584
10,550.1618750000005,51.277196623701926
10,550.1703125000005,51.1267409015141
10,550.1787500000004,51.96666654185767
10,550.1871875000004,51.229589689245934
10,550.1956250000004,50.77267452689207
10,550.2040625000004,50.56208802466658
10,550.2125000000004,49.71699593732007
10,550.2209375000004,49.63386709681721
10,550.2293750000005,49.17944679220742
10,550.2378125000005,49.20146615079342
10,550.2462500000004,49.150460196557624
10,550.2546875000004,48.59058716827055
10,550.2631250000004,48.180807818706604
10,550.2715625000004,48.6217507565887
10,550.2800000000004,47.94866018748469
10,550.2884375000004,47.73236665096582
10,550.2968750000005,47.3471461492921
10,550.3053125000005,47.08047240401793
10,550.3137500000004,46.94282789999236
10,550.3221875000004,46.67853200848967
10,550.3306250000004,46.79959871876406
10,550.3390625000004,46.390374898171615
10,550.3475000000004,45.75865220476544
10,550.3559375000004,45.392298381737696
10,550.3643750000005,45.092040818447295
10,550.3728125000005,44.94659740566021
10,550.3812500000004,44.742642036945824
10,550.3896875000004,44.421186342112634
10,550.3981250000004,44.17585009549917
10,550.4065625000004,44.310973067213986
10,550.4150000000004,44.10498148393893
10,550.4234375000004,43.48257559459447
10,550.4318750000004,43.286142017683495
10,550.4403125000005,43.052334660102055
10,550.4487500000004,43.438975802959646
10,550.4571875000004,42.22534544763562
10,550.4656250000004,42.605422915311216
10,550.4740625000004,42.22879785462211
10,550.4825000000004,42.095201219659984
10,550.4909375000004,42.78053218633075
10,550.4993750000004,41.62760513252948
10,550.5078125000005,41.256143226436194
10,550.5162500000004,41.162714151535155
10,550.5246875000004,41.408867672362014
10,550.5331250000004,40.75735514332147
10,550.5415625000004,41.011334081354164
10,550.5500000000004,40.20188745904651
10,550.5584375000004,40.343250557801774
10,550.5668750000004,39.7430010830444
10,550.5753125000005,40.66793355076566
10,550.5837500000004,39.60086868097872
10,550.5921875000004,39.29503439505621
10,550.6006250000004,39.66962875334008
10,550.6090625000004,39.44539605038704
10,550.6175000000004,39.40138615204504
10,550.6259375000004,39.23113183886033
10,550.6343750000004,38.39677652876912
10,550.6428125000004,38.27554576654334
10,550.6512500000003,38.48454736558563
10,550.6596875000004,38.07465389432933
10,550.6681250000004,38.235169713487075
10,550.6765625000004,38.38741148384577
10,550.6850000000004,37.6509741301836
10,550.6934375000004,37.65789037346141
10,550.7018750000004,37.251536108275914
10,550.7103125000004,37.16591663532176
10,550.7187500000003,37.14358351028737
10,550.7271875000004,37.31657050714666
10,550.7356250000004,36.558073736544195
10,550.7440625000004,36.36520073185561
10,550.7525000000004,36.26452626323644
10,550.7609375000004,36.43074579441215
10,550.7693750000004,35.84763611174786
10,550.7778125000003,36.07781841463035
10,550.7862500000003,36.1804932450125
10,550.7946875000004,35.540038633839906
10,550.8031250000004,35.868546298025905
10,550.8115625000004,35.89298513818484
10,550.8200000000004,35.37214090041781
10,550.8284375000004,35.195424090304954
10,550.8368750000004,35.32377296566894
10,550.8453125000003,35.177932232779824
10,550.8537500000003,35.04992625884373
10,550.8621875000003,34.69508783379071
10,550.8706250000004,34.41613362985477
10,550.8790625000004,34.64742884988479
10,550.8875000000004,34.65342019563273
10,550.8959375000004,34.06878557276023
10,550.9043750000004,34.00028693011777
10,550.9128125000003,34.06181399859445
10,550.9212500000003,33.96962565604852
10,550.9296875000003,34.04729361305285
10,550.9381250000004,33.7501982901574
10,550.9465625000004,33.30584701098984
10,550.9550000000004,33.098772660730546
10,550.9634375000004,33.53084534212084
10,550.9718750000004,33.14614177251953
10,550.9803125000003,33.13518737419362
10,550.9887500000003,33.04364572478498
10,550.9971875000003,32.98909930194989
10,551.0056250000004,32.957027784024426
10,551.0140625000004,32.50902975782109
10,551.0225000000004,32.60945072411418
10,551.0309375000004,32.50389668211411
10,551.0393750000004,32.26711189586484
10,551.0478125000003,32.295901847797204
10,551.0562500000003,32.08276294328054
10,551.0646875000003,31.79379924200469
10,551.0731250000003,32.03613363321543
10,551.0815625000004,31.415986444664753
10,551.0900000000004,31.452719048124226
10,551.0984375000004,31.569153410010863
10,551.1068750000004,31.608233764488627
10,551.1153125000003,31.2729048831093
10,551.1237500000003,31.31568268421736
10,551.1321875000003,30.92181080895068
10,551.1406250000003,30.7067024320721
10,551.1490625000004,30.909194540751475
10,551.1575000000004,30.85208135086055
10,551.1659375000004,30.56113859931991
10,551.1743750000004,30.4611576645072
10,551.1828125000003,29.96042473287287
10,551.1912500000003,30.070138281546786
10,551.1996875000003,30.179279956186935
10,551.2081250000003,29.989303353240032
10,551.2165625000004,29.823507532480825
10,551.2250000000004,29.85175491084025
10,551.2334375000004,29.853729253472913
10,551.2418750000004,29.546430121527756
10,551.2503125000003,29.406280315998487
10,551.2587500000003,29.43722433000723
10,551.2671875000003,29.10326550460274
10,551.2756250000003,29.16502765296447
10,551.2840625000003,29.06859365340075
10,551.2925000000004,29.18333493891013
10,551.3009375000004,28.965056918216195
10,551.3093750000004,28.76368477774172
10,551.3178125000003,28.730865287809323
10,551.3262500000003,28.686189707443774
10,551.3346875000003,28.328554022210195
10,551.3431250000003,28.457340174509657
10,551.3515625000003,28.39578769767925
10,551.3600000000004,27.958772552191842
10,551.3684375000004,27.694729667211433
10,551.3768750000004,27.761466511873746
10,551.3853125000003,28.052042685066976
10,551.3937500000003,27.6568728107723
10,551.4021875000003,27.391792579496727
10,551.4106250000003,27.496306894381846
10,551.4190625000003,27.394594189336868
10,551.4275000000004,27.36827646953731
10,551.4359375000004,27.277184241535704
10,551.4443750000003,27.038724251434182
10,551.4528125000003,27.170384095210423
10,551.4612500000003,26.834534109994536
10,551.4696875000003,27.009673656771103
10,551.4781250000003,26.611853119414313
10,551.4865625000003,26.68698814624513
10,551.4950000000003,26.634396775429398
10,551.5034375000004,26.221432450052585
10,551.5118750000003,26.366041739100115
10,551.5203125000003,25.93714076112286
10,551.5287500000003,26.286372921531463
10,551.5371875000003,26.293582298640434
10,551.5456250000003,25.99632906389464
10,551.5540625000003,25.966317192013747
10,551.5625000000003,25.777189084716294
10,551.5709375000004,25.624200738537116
10,551.5793750000003,25.24450909530764
10,551.5878125000003,25.492160015727627
10,551.5962500000003,25.53407057769367
10,551.6046875000003,25.409417044083543
10,551.6131250000003,25.040170093056133
10,551.6215625000003,25.126218944358275
10,551.6300000000003,25.04429196425956
10,551.6384375000004,24.873682843382934
10,551.6468750000003,24.655559620057435
10,551.6553125000003,24.487531567538618
10,551.6637500000003,24.484892977679433
10,551.6721875000003,24.691531030991207
10,551.6806250000003,24.459905790016098
10,551.6890625000003,24.484754335794502
10,551.6975000000003,24.466880257093795
10,551.7059375000003,24.273516500951818
10,551.7143750000002,24.06643938241558
10,551.7228125000003,24.336981265539183
10,551.7312500000003,24.31048877684293
10,551.7396875000003,23.913413729404848
10,551.7481250000003,24.087540988184625
10,551.7565625000003,23.85980592031485
10,551.7650000000003,23.762649150334823
10,551.7734375000003,23.498556239862857
10,551.7818750000002,23.72263555246896
10,551.7903125000003,23.597430579311407
10,551.7987500000003,23.506833069469124
10,551.8071875000003,23.59706161557082
10,551.8156250000003,23.400651614970077
10,551.8240625000003,23.09823605296825
10,551.8325000000003,23.04555900047643
10,551.8409375000003,23.17957497761863
10,551.8493750000002,23.082371506480108
10,551.8578125000003,23.078239167873736
10,551.8662500000003,22.94327709409332
10,551.8746875000003,22.778316329703973
10,551.8831250000003,22.97713560874407
10,551.8915625000003,22.605927365005716
10,551.9000000000003,22.689357508210165
10,551.9084375000003,22.695387541780462
10,551.9168750000002,22.48631070969328
10,551.9253125000002,22.402645386130082
10,551.9337500000003,22.45665833612349
10,551.9421875000003,22.21308549008473
10,551.9506250000003,22.30626113188807
10,551.9590625000003,22.360802350208303
10,551.9675000000003,22.273893338783004
10,551.9759375000003,22.151691182938286
10,551.9843750000002,22.04655386459667
10,551.9928125000002,21.98300647224188
10,552.0012500000003,21.82266755672775
10,552.0096875000003,21.965772056244713
10,552.0181250000003,21.8681300635245
10,552.0265625000003,21.517420397188566
10,552.0350000000003,21.65256300491699
10,552.0434375000002,21.48417398712978
10,552.0518750000002,21.66877956371594
10,552.0603125000002,21.7352810114373
10,552.0687500000003,21.36886323942254
10,552.0771875000003,21.679803870502838
10,552.0856250000003,21.303753968165694
10,552.0940625000003,21.383950549965544
10,552.1025000000003,21.33079530676687
10,552.1109375000002,21.276107170152862
10,552.1193750000002,21.23470719309542
10,552.1278125000002,20.9833050894586
10,552.1362500000002,21.144614186690596
10,552.1446875000003,20.820913913341414
10,552.1531250000003,20.87862610339783
10,552.1615625000003,20.90682734689099
10,552.1700000000003,20.871429826380602
10,552.1784375000002,20.78489596335474
10,552.1868750000002,20.835272023944587
10,552.1953125000002,20.908471496371636
10,552.2037500000002,20.49403296412795
10,552.2121875000003,20.6773404843396
10,552.2206250000003,20.6281288702183
10,552.2290625000003,20.571368500281945
10,552.2375000000003,20.51136910517972
10,552.2459375000002,20.373428318632136
10,552.2543750000002,20.522243459100615
10,552.2628125000002,20.325682030342588
10,552.2712500000002,20.297390336910574
10,552.2796875000003,20.292689533061637
10,552.2881250000003,20.18662876083208
10,552.2965625000003,20.348316278449673
10,552.3050000000003,20.269003006491573
10,552.3134375000002,20.105392185826325
10,552.3218750000002,20.007867441529136
10,552.3303125000002,19.99258558410391
10,552.3387500000002,19.924329412516112
10,552.3471875000002,19.985286018221057
10,552.3556250000003,19.739159802999193
10,552.3640625000003,19.86012895275787
10,552.3725000000003,19.775877338070647
10,552.3809375000002,19.696199096723692
10,552.3893750000002,19.623286735009454
10,552.3978125000002,19.596397390476575
10,552.4062500000002,19.62700112564448
10,552.4146875000002,19.478761210024846
10,552.4231250000003,19.45265329416384
10,552.4315625000003,19.479231461524854
10,552.4400000000003,19.40607599308235
10,552.4484375000002,19.369732519735248
10,552.4568750000002,19.297038688305378
10,552.4653125000002,19.21975941168415
10,552.4737500000002,19.440549750368653
10,552.4821875000002,19.287965186714164
10,552.4906250000003,19.190640573684785
10,552.4990625000003,19.02865701294071
10,552.5075000000003,19.20374683771621
10,552.5159375000002,18.96824178598449
10,552.5243750000002,19.089067770472134
10,552.5328125000002,19.07702370320077
10,552.5412500000002,18.972735920228047
10,552.5496875000002,18.958704726406452
10,552.5581250000002,18.835277806570915
10,552.5665625000003,18.68864646229406
10,552.5750000000003,18.848285652312534
10,552.5834375000002,18.61597161679856
10,552.5918750000002,18.563083627546504
10,552.6003125000002,18.556676750247203
10,552.6087500000002,18.596819172048356
10,552.6171875000002,18.54268429924367
10,552.6256250000002,18.666893590704976
10,552.6340625000003,18.379411821669805
10,552.6425000000002,18.41290436559622
10,552.6509375000002,18.487950757160636
10,552.6593750000002,18.191839272810206
10,552.6678125000002,18.21576645698087
10,552.6762500000002,18.221627020530768
10,552.6846875000002,18.2768774506921
10,552.6931250000002,18.289404843786333
10,552.7015625000003,18.03618548533122
10,552.7100000000002,18.011170633151995
10,552.7184375000002,17.967644786895946
10,552.7268750000002,18.04844802119854
10,552.7353125000002,18.08560490830671
10,552.7437500000002,17.950550165898914
10,552.7521875000002,17.975287709365013
10,552.7606250000002,17.773682741094326
10,552.7690625000002,17.907234791721045
10,552.7775000000001,17.95179077709382
10,552.7859375000002,17.941527651548228
10,552.7943750000002,17.705077631751376
10,552.8028125000002,17.629112498750782
10,552.8112500000002,17.796953378724822
10,552.8196875000002,17.627971930017132
10,552.8281250000002,17.813361894586627
10,552.8365625000002,17.41816894856726
10,552.8450000000001,17.56453759535361
10,552.8534375000002,17.42745032536132
10,552.8618750000002,17.402945104578514
10,552.8703125000002,17.364910731037806
10,552.8787500000002,17.404556288673042
10,552.8871875000002,17.234017659550496
10,552.8956250000002,17.34025646802341
10,552.9040625000002,17.084417074643852
10,552.9125000000001,17.263447693745118
10,552.9209375000002,17.16528366368599
10,552.9293750000002,17.174179437747842
10,552.9378125000002,17.114223079884454
10,552.9462500000002,17.155932594872684
10,552.9546875000002,17.132937530356553
10,552.9631250000002,16.977438615685863
10,552.9715625000002,17.067940354694223
10,552.9800000000001,17.041019205786853
10,552.9884375000001,16.9493908073329
10,552.9968750000002,17.031107360806416
10,553.0053125000002,17.007313377300065
10,553.0137500000002,16.830687363042816
10,553.0221875000002,16.874401099625757
10,553.0306250000002,16.704123451075258
10,553.0390625000002,16.82525232606874
10,553.0475000000001,16.674253496033426
10,553.0559375000001,16.70334285178483
10,553.0643750000002,16.6948061332855
10,553.0728125000002,16.671142793434214
10,553.0812500000002,16.620041024086017
10,553.0896875000002,16.478506937733087
10,553.0981250000002,16.501395940776263
10,553.1065625000002,16.35725411727895
10,553.1150000000001,16.476706978205527
10,553.1234375000001,16.29838930425464
10,553.1318750000002,16.37867959421835
10,553.1403125000002,16.33716671260048
10,553.1487500000002,16.174151899459506
10,553.1571875000002,16.39776144377357
10,553.1656250000002,16.167252304559852
10,553.1740625000002,16.20654023279995
10,553.1825000000001,16.160876354425
10,553.1909375000001,16.066200633298102
10,553.1993750000001,16.119112027018765
10,553.2078125000002,16.018210995551865
10,553.2162500000002,16.08907723240673
10,553.2246875000002,15.92376348483188
10,553.2331250000002,15.962377777561432
10,553.2415625000002,16.013838029844713
10,553.2500000000001,15.974573786739194
10,553.2584375000001,15.896578923980432
10,553.2668750000001,16.037456011256655
10,553.2753125000002,15.798292032211362
10,553.2837500000002,15.740853292073375
10,553.2921875000002,15.754879132437074
10,553.3006250000002,15.881005327246534
10,553.3090625000001,15.772058218230985
10,553.3175000000001,15.717018433316326
10,553.3259375000001,15.90986827782064
10,553.3343750000001,15.732649133465518
10,553.3428125000002,15.67935056070776
10,553.3512500000002,15.648515536805416
10,553.3596875000002,15.566542828295336
10,553.3681250000002,15.746834291073833
10,553.3765625000001,15.621427539593313
10,553.3850000000001,15.468542572981749
10,553.3934375000001,15.488248373701582
10,553.4018750000001,15.583523780988667
10,553.4103125000001,15.309991093993178
10,553.4187500000002,15.331736044118315
10,553.4271875000002,15.367749442335988
10,553.4356250000002,15.359668961570579
10,553.4440625000001,15.353226385443781
10,553.4525000000001,15.2580353270709
10,553.4609375000001,15.349888319275008
10,553.4693750000001,15.25945794242415
10,553.4778125000001,15.271036166395122
10,553.4862500000002,15.21253908843631
10,553.4946875000002,15.171964870519645
10,553.5031250000002,15.060998250149384
10,553.5115625000001,15.167702492995119
10,553.5200000000001,15.111699267730453
10,553.5284375000001,15.078512080469691
10,553.5368750000001,15.074337763011576
10,553.5453125000001,15.087100702994759
10,553.5537500000002,15.042969658277944
10,553.5621875000002,15.054673691421538
10,553.5706250000002,15.014850628503217
10,553.5790625000001,14.936963534389893
10,553.5875000000001,14.82881017875017
10,553.5959375000001,15.029694602720372
10,553.6043750000001,14.929211701713443
10,553.6128125000001,14.993205048913751
10,553.6212500000001,14.927747453610841
10,553.6296875000002,14.86667817043772
10,553.6381250000002,14.908292746340901
10,553.6465625000001,14.735226060033668
10,553.6550000000001,14.68497940875298
10,553.6634375000001,14.76351881450575
10,553.6718750000001,14.713936603497203
10,553.6803125000001,14.777586115140291
10,553.6887500000001,14.667761182101257
10,553.6971875000002,14.566570015645693
10,553.7056250000002,14.4837091879948
10,553.7140625000001,14.57127787326414
10,553.7225000000001,14.599685189114448
10,553.7309375000001,14.530905483790347
10,553.7393750000001,14.458862530975061
10,553.7478125000001,14.511276316740092
10,553.7562500000001,14.537468832934026
10,553.7646875000002,14.513254244462773
10,553.7731250000002,14.494501971725816
10,553.7815625000001,14.50289310013325
10,553.7900000000001,14.447580497597537
10,553.7984375000001,14.406684534394717
10,553.8068750000001,14.447490670813146
10,553.8153125000001,14.430248734700083
10,553.8237500000001,14.455010950870049
10,553.8321875000001,14.340693260759286
10,553.8406250000002,14.36962297484576
10,553.8490625000001,14.301032480763228
10,553.8575000000001,14.322222944647066
10,553.8659375000001,14.361627368413616
10,553.8743750000001,14.322450011307753
10,553.8828125000001,14.368962723916367
10,553.8912500000001,14.308654848827887
10,553.8996875000001,14.221726646642372
10,553.9081250000002,14.246774902525393
10,553.9165625,14.199002062870862
10,553.9250000000001,14.156187090461355
10,553.9334375000001,14.16923725690753
10,553.9418750000001,14.148934234585914
10,553.9503125000001,14.253150497732632
10,553.9587500000001,14.003519082505596
10,553.9671875000001,14.01126963372219
10,553.975625,14.094172273897419
10,553.9840625,14.009875400741322
10,553.9925000000001,13.941011387619893
10,554.0009375000001,14.058276023025844
10,554.0093750000001,13.977880009016449
10,554.0178125000001,13.955073666439956
10,554.0262500000001,14.022185969366088
10,554.0346875000001,13.925218236230242
10,554.043125,13.9385177144812
10,554.0515625,13.933008879669101
10,554.0600000000001,13.79963168796148
10,554.0684375000001,13.99934557987736
10,554.0768750000001,13.932719107818848
10,554.0853125000001,13.895530799533626
10,554.0937500000001,13.93984657203046
10,554.1021875000001,13.808433798874743
10,554.110625,13.830250886679393
10,554.1190625,13.776524674986108
10,554.1275,13.74965337771985
10,554.1359375000001,13.8714705012659
10,554.1443750000001,13.850068840698892
10,554.1528125000001,13.864259259382186
10,554.1612500000001,13.808593801936448
10,554.1696875000001,13.814911045151998
10,554.178125,13.702299070298476
10,554.1865625,13.72433262856807
10,554.195,13.721411591087952
10,554.2034375000001,13.686112997628392
10,554.2118750000001,13.676774346993751
10,554.2203125000001,13.716538635159974
10,554.2287500000001,13.774030610157057
10,554.2371875000001,13.616886226560199
10,554.245625,13.647327995520035
10,554.2540625,13.65094000325782
10,554.2625,13.671332244434163
10,554.2709375000001,13.652582222517653
10,554.2793750000001,13.616471656784258
10,554.2878125000001,13.603780980507281
10,554.2962500000001,13.594290691926723
10,554.3046875000001,13.465974957835215
10,554.313125,13.452061761982716
10,554.3215625,13.530936418864915
10,554.33,13.413716748965488
10,554.3384375,13.598420607928807
10,554.3468750000001,13.342480930362022
10,554.3553125000001,13.495094938289572
10,554.3637500000001,13.374477461728883
10,554.3721875000001,13.449225649875794
10,554.380625,13.398157843760261
10,554.3890625,13.368323737625339
10,554.3975,13.404435116066512
10,554.4059375,13.437990771997553
10,554.4143750000001,13.325741344619669
10,554.4228125000001,13.309002272186866
10,554.4312500000001,13.312711014016353
10,554.4396875000001,13.374443544376355
10,554.448125,13.35276918795831
10,554.4565625,13.289101448014335
10,554.465,13.258820311863941
10,554.4734375,13.246215182783498
10,554.4818750000001,13.222391425923732
10,554.4903125000001,13.348937851335188
10,554.4987500000001,13.307694535732496
10,554.5071875000001,13.344855583065405
10,554.515625,13.219206214636559
10,554.5240625,13.344181325561731
10,554.5325,13.249044440279318
10,554.5409375,13.229937373390253
10,554.549375,13.247959102716944
10,554.5578125000001,13.201457003363627
10,554.5662500000001,13.233552482700722
10,554.5746875,13.14449732904309
10,554.583125,13.176996671461948
10,554.5915625,13.164729133312061
10,554.6,13.162923572565228
10,554.6084375,13.216536788343639
10,554.616875,13.154817690591186
10,554.6253125000001,13.215888350442789
10,554.6337500000001,13.225971834984575
10,554.6421875,13.165787266666122
10,554.650625,13.24343116960922
10,554.6590625,13.111692566536357
10,554.6675,13.197391782783113
10,554.6759375,12.902448850379487
10,554.684375,13.02403986805678
10,554.6928125000001,12.97724250605679
10,554.7012500000001,12.93693105574147
10,554.7096875,12.945945621418492
10,554.718125,13.020908448710642
10,554.7265625,12.953317049272286
10,554.735,12.957087575470686
10,554.7434375,12.950830578594879
10,554.751875,13.002030380016885
10,554.7603125,13.055550952296592
10,554.7687500000001,12.925387633382261
10,554.7771875,12.955963727084939
10,554.785625,12.94732866176338
10,554.7940625,12.96301339834374
10,554.8025,13.043547882638348
10,554.8109375,12.94385104098751
10,554.819375,12.89457168556897
10,554.8278125,12.972187132720178
10,554.8362500000001,12.939720563003686
10,554.8446875,12.927592510784674
10,554.853125,12.937242080867948
10,554.8615625,12.993753017896369
10,554.87,12.852673355711518
10,554.8784375,12.913665740307763
10,554.886875,12.90167217536422
10,554.8953125,12.769616913929658
10,554.9037500000001,12.923356133055886
10,554.9121875,12.85062402316499
10,554.920625,12.86452973518176
10,554.9290625,12.930930907198194
10,554.9375,12.912868984311796
10,554.9459375,12.843576959228377
10,554.954375,12.911138560900971
10,554.9628125,12.90200419648453
10,554.97125,12.885570704273823
10,554.9796875,13.003816909667265
10,554.988125,12.86642069727459
10,554.9965625,12.882382116061786
10,555.005,12.945740262607586
10,555.0134375,12.83466707428508
10,555.021875,12.809581332162818
10,555.0303125,12.806690101718766
10,555.03875,12.913005966899561
10,555.0471875,12.864675029869023
10,555.055625,12.811411464472577
10,555.0640625,12.908008691588789
10,555.0725,12.869187157458029
10,555.0809375,12.889612120503134
10,555.089375,12.717667024579105
10,555.0978125,12.806901477755165
10,555.10625,12.634353087071156
10,555.1146875,12.644116402543407
10,555.123125,12.678431928819851
10,555.1315625,12.64881413364249
10,555.14,12.596502508891557
10,555.1484375,12.672160174952275
10,555.156875,12.608387847374471
10,555.1653125,12.691730687138556
10,555.1737499999999,12.653213228545674
10,555.1821874999999,12.608017881738895
10,555.190625,12.746101849949032
10,555.1990625,12.665827871976616
10,555.2075,12.685214040977623
10,555.2159375,12.67602801775877
10,555.224375,12.6833328436158
10,555.2328125,12.694106858135806
10,555.2412499999999,12.76978288400727
10,555.2496874999999,12.746334694693006
10,555.258125,12.69781137799335
10,555.2665625,12.730804381469808
10,555.275,12.702303151895256
10,555.2834375,12.730725214803167
10,555.291875,12.724714979313196
10,555.3003125,12.736265616422278
10,555.3087499999999,12.768732482160788
10,555.3171874999999,12.634472873540043
10,555.325625,12.67378910032108
10,555.3340625,12.682499505011517
10,555.3425,12.729064072884237
10,555.3509375,12.755846257600838
10,555.359375,12.656813994129358
10,555.3678125,12.655254383429336
10,555.3762499999999,12.766330588680173
10,555.3846874999999,12.585400587663804
10,555.3931249999999,12.770622053139451
10,555.4015625,12.634986714706704
10,555.41,12.68644460553488
10,555.4184375,12.677659510286363
10,555.426875,12.66223628102324
10,555.4353125,12.718718973160428
10,555.4437499999999,12.780400725916005
10,555.4521874999999,12.70288161750669
10,555.4606249999999,12.672109079641924
10,555.4690625,12.660766952050666
10,555.4775,12.738472604550989
10,555.4859375,12.714621050584004
10,555.494375,12.67305955291195
10,555.5028125,12.712652010374596
10,555.5112499999999,12.714701627800808
10,555.5196874999999,12.718249824539862
10,555.5281249999999,12.770030875922112
10,555.5365625,12.664622861943087
10,555.545,12.760732937712055
10,555.5534375,12.879371204502002
10,555.561875,12.772406931898827
10,555.5703125,12.673709268258467
10,555.5787499999999,12.743528362811123
10,555.5871874999999,12.771445943020401
10,555.5956249999999,12.682959691572478
10,555.6040624999999,12.767071401950336
10,555.6125,12.709353759757953
10,555.6209375,12.710377699489257
10,555.629375,12.783524807758015
10,555.6378125,12.551207873739974
10,555.6462499999999,12.529994366038064
10,555.6546874999999,12.619819122301264
10,555.6631249999999,12.63582533359959
10,555.6715624999999,12.632719616334063
10,555.68,12.593979331124137
10,555.6884375,12.57924855309546
10,555.696875,12.6069050309389
10,555.7053125,12.593534899221611
10,555.7137499999999,12.512814884563593
10,555.7221874999999,12.502997804420973
10,555.7306249999999,12.703467444188197
10,555.7390624999999,12.598890631498719
10,555.7475,12.668132913727446
10,555.7559375,12.628026323768177
10,555.764375,12.625547212492217
10,555.7728124999999,12.642490853396964
10,555.7812499999999,12.576245322966765
10,555.7896874999999,12.650439015585995
10,555.7981249999999,12.711884713516987
10,555.8065624999999,12.719912186738716
10,555.8149999999999,12.640332579851137
10,555.8234375,12.62162506719587
10,555.831875,12.667534406830127
10,555.8403124999999,12.756310895539231
10,555.8487499999999,12.695004944815514
10,555.8571874999999,12.66824493594886
10,555.8656249999999,12.765495820937051
10,555.8740624999999,12.714955282993206
10,555.8824999999999,12.712910960004514
10,555.8909375,12.62802162058199
10,555.899375,12.775085358353854
10,555.9078124999999,12.753526747047015
10,555.9162499999999,12.743643733784614
10,555.9246874999999,12.814009883946254
10,555.9331249999999,12.820556674232261
10,555.9415624999999,12.750672912405594
10,555.9499999999999,12.72329615707
10,555.9584375,12.823819194118663
10,555.966875,12.78165287463353
10,555.9753124999999,12.793575860900027
10,555.9837499999999,12.869298336627914
10,555.9921874999999,12.835401373515861
10,556.0006249999999,12.851915490110816
10,556.0090624999999,12.802478351961692
10,556.0174999999999,12.875953459170008
10,556.0259374999999,12.798567280161599
10,556.034375,12.890862480209888
10,556.0428124999999,12.777099865712014
10,556.0512499999999,12.823920712092836
10,556.0596874999999,12.806117889171846
10,556.0681249999999,12.81680140232
10,556.0765624999999,12.839666679299206
10,556.0849999999999,12.85112571195029
10,556.0934374999999,12.888056712566694
10,556.101875,12.901943727667918
10,556.1103124999998,12.858411031141737
10,556.1187499999999,12.903704368324783
10,556.1271874999999,12.96080925192564
10,556.1356249999999,12.948812901182304
10,556.1440624999999,12.956869130688847
10,556.1524999999999,12.99800255196323
10,556.1609374999999,12.994214769232748
10,556.169375,12.955772720579452
10,556.1778124999998,13.023114730349642
10,556.1862499999999,13.00870185031702
10,556.1946874999999,12.991780948395151
10,556.2031249999999,12.958658867185132
10,556.2115624999999,13.040368329523636
10,556.2199999999999,12.996493636049745
10,556.2284374999999,13.052896262446373
10,556.2368749999999,13.030914237967307
10,556.2453124999998,12.984490365878736
10,556.2537499999999,13.049950574137071
10,556.2621874999999,13.050346828709023
10,556.2706249999999,13.0590153281675
10,556.2790624999999,13.058170108352252
10,556.2874999999999,13.072650961493325
10,556.2959374999999,13.112980561605193
10,556.3043749999999,13.030373458045766
10,556.3128124999998,13.20300126127341
10,556.3212499999998,13.106581323543017
10,556.3296874999999,13.117405719196956
10,556.3381249999999,13.177348806436342
10,556.3465624999999,13.23282198499704
10,556.3549999999999,13.097673154399036
10,556.3634374999999,13.226145908997548
10,556.3718749999999,13.22841099575445
10,556.3803124999998,13.28986856113446
10,556.3887499999998,13.21580794859484
10,556.3971874999999,13.30370078126465
10,556.4056249999999,12.965939658712633
10,556.4140624999999,12.941432378896303
10,556.4224999999999,12.895371642740862
10,556.4309374999999,12.93426618217569
10,556.4393749999999,12.922422086603735
10,556.4478124999998,13.020638517605905
10,556.4562499999998,12.984391558327234
10,556.4646874999999,12.956727244633841
10,556.4731249999999,13.075313236893086
10,556.4815624999999,12.989173858833343
10,556.4899999999999,12.953272897166704
10,556.4984374999999,13.059448319275422
10,556.5068749999998,13.068116264228793
10,556.5153124999998,13.038944763727935
10,556.5237499999998,13.163708841783858
10,556.5321874999998,13.12425004031204
10,556.5406249999999,13.108971226275555
10,556.5490624999999,13.029986238437006
10,556.5574999999999,13.046857009267365
10,556.5659374999999,13.048819624029992
10,556.5743749999998,13.05524045473623
10,556.5828124999998,13.100049985879263
10,556.5912499999998,13.079443721040896
10,556.5996874999998,13.06328424081464
10,556.6081249999999,13.170278607003988
10,556.6165624999999,13.122953400019146
10,556.6249999999999,13.152527534090892
10,556.6334374999999,13.147312061678639
10,556.6418749999998,13.24775746612137
10,556.6503124999998,13.220671312905894
10,556.6587499999998,13.240906008113866
10,556.6671874999998,13.118157882322057
10,556.6756249999999,13.09451411410653
10,556.6840624999999,13.222512584722175
10,556.6924999999999,13.305196897936863
10,556.7009374999999,13.21653694269193
10,556.7093749999998,13.2327675314108
10,556.7178124999998,13.2509062303773
10,556.7262499999998,13.318884425791602
10,556.7346874999998,13.249745313779398
10,556.7431249999998,13.296790437766349
10,556.7515624999999,13.226956185759756
10,556.7599999999999,13.388751861717173
10,556.7684374999999,13.352637029628093
10,556.7768749999998,13.32281604500434
10,556.7853124999998,13.309912423548704
10,556.7937499999998,13.352363810312548
10,556.8021874999998,13.356040767453953
10,556.8106249999998,13.347209148851462
10,556.8190624999999,13.436111333341715
10,556.8274999999999,13.437907574589392
10,556.8359374999999,13.392682605963188
10,556.8443749999998,13.45541219007558
10,556.8528124999998,13.445134158386237
10,556.8612499999998,13.509407600382161
10,556.8696874999998,13.476607298699022
10,556.8781249999998,13.496360146710007
10,556.8865624999999,13.568321446310996
10,556.8949999999999,13.474817480641049
10,556.9034374999999,13.493241414786619
10,556.9118749999998,13.477459171980573
10,556.9203124999998,13.468115079492634
10,556.9287499999998,13.538163014547631
10,556.9371874999998,13.573212720364898
10,556.9456249999998,13.651913471632437
10,556.9540624999998,13.49836440078425
10,556.9624999999999,13.54348299453704
10,556.9709374999999,13.551423551502701
10,556.9793749999998,13.628150702753302
10,556.9878124999998,13.588270798933207
10,556.9962499999998,13.608601615086947
10,557.0046874999998,13.659402357416578
10,557.0131249999998,13.650340692400034
10,557.0215624999998,13.719251464247277
10,557.0299999999999,13.710653187935346
10,557.0384374999999,13.799738065277205
10,557.0468749999998,13.596781532181154
10,557.0553124999998,13.718489395074812
10,557.0637499999998,13.766245536972624
10,557.0721874999998,13.805945925411034
10,557.0806249999998,13.867391410240995
10,557.0890624999998,13.759121281463742
10,557.0974999999999,13.772428848066196
10,557.1059374999998,13.764313983746229
10,557.1143749999998,13.756026668479151
10,557.1228124999998,13.791246105616056
10,557.1312499999998,13.83597426098534
10,557.1396874999998,13.910642307367059
10,557.1481249999998,13.88716236261259
10,557.1565624999998,13.907429083021754
10,557.1649999999998,13.78342831420926
10,557.1734374999997,13.880455938921981
10,557.1818749999998,13.800026387778765
10,557.1903124999998,13.859803198561034
10,557.1987499999998,13.900944170864468
10,557.2071874999998,13.868771950173398
10,557.2156249999998,14.048530301394493
10,557.2240624999998,13.97378902148157
10,557.2324999999998,13.98173562230942
10,557.2409374999997,14.047167154908779
10,557.2493749999998,14.091707475012917
10,557.2578124999998,13.95215546140608
10,557.2662499999998,14.095293614037752
10,557.2746874999998,14.076260750284865
10,557.2831249999998,14.027689795381312
10,557.2915624999998,14.097653577521454
10,557.2999999999998,14.020049341950466
10,557.3084374999997,14.066694341671715
10,557.3168749999998,14.221516198727292
10,557.3253124999998,14.144964150374882
10,557.3337499999998,14.0416984177432
10,557.3421874999998,14.121777943313461
10,557.3506249999998,14.197224439913425
10,557.3590624999998,14.259534389244608
10,557.3674999999998,14.155286459850426
10,557.3759374999997,14.328631453239836
10,557.3843749999997,14.245170293430691
10,557.3928124999998,14.30769055833636
10,557.4012499999998,14.368366267311565
10,557.4096874999998,14.380328024260345
10,557.4181249999998,14.362111322859825
10,557.4265624999998,14.434480535535338
10,557.4349999999998,14.347918975865845
10,557.4434374999997,14.331966562946906
10,557.4518749999997,14.353592790097748
10,557.4603124999998,14.480639039971809
10,557.4687499999998,14.460252719749805
10,557.4771874999998,14.366734184373934
10,557.4856249999998,14.412145808190669
10,557.4940624999998,14.560919905370282
10,557.5024999999998,14.639915137461958
10,557.5109374999997,14.539184699688604
10,557.5193749999997,14.631025296214643
10,557.5278124999998,14.607950894942224
10,557.5362499999998,14.614220094954748
10,557.5446874999998,14.683690865275578
10,557.5531249999998,14.715014548496116
10,557.5615624999998,14.580021946490083
10,557.5699999999998,14.719271203900693
10,557.5784374999997,14.516194230923992
10,557.5868749999997,14.665183228643922
10,557.5953124999997,14.689870248530868
10,557.6037499999998,14.710780685391233
10,557.6121874999998,14.68569568061806
10,557.6206249999998,14.788918280758436
10,557.6290624999998,14.673121484214816
10,557.6374999999998,14.803226356058195
10,557.6459374999997,14.869559592726837
10,557.6543749999997,14.821683310188822
10,557.6628124999997,14.925727878505453
10,557.6712499999998,14.823766675254936
10,557.6796874999998,14.907154272513644
10,557.6881249999998,14.977101646186387
10,557.6965624999998,14.939918091316924
10,557.7049999999997,14.954844380017201
10,557.7134374999997,15.038170131376537
10,557.7218749999997,15.049688965065465
10,557.7303124999997,14.977736622507841
10,557.7387499999998,14.954967627168507
10,557.7471874999998,15.136315019601819
10,557.7556249999998,15.024769001157958
10,557.7640624999998,15.023656169402576
10,557.7724999999997,15.083051114652507
10,557.7809374999997,14.997044098712582
10,557.7893749999997,15.18258781595345
10,557.7978124999997,15.13832420523911
10,557.8062499999997,15.18251767276645
10,557.8146874999998,15.249304939038558
10,557.8231249999998,15.271894449699424
10,557.8315624999998,15.176316974607653
10,557.8399999999997,15.161784438146727
10,557.8484374999997,15.268298301509262
10,557.8568749999997,15.298813965487927
10,557.8653124999997,15.382405207666656
10,557.8737499999997,15.265825381745803
10,557.8821874999998,15.22911872673909
10,557.8906249999998,15.33225792075094
10,557.8990624999998,15.483335091259248
10,557.9074999999997,15.504057811446218
10,557.9159374999997,15.34298514250124
10,557.9243749999997,15.416397122091151
10,557.9328124999997,15.462183849472535
10,557.9412499999997,15.597419444532067
10,557.9496874999998,15.350734248626084
10,557.9581249999998,15.516228761226584
10,557.9665624999998,15.51964738470152
10,557.9749999999997,15.655629159630756
10,557.9834374999997,15.569821207577432
10,557.9918749999997,15.526434120057873
10,558.0003124999997,15.585449822551297
10,558.0087499999997,15.619430689701012
10,558.0171874999997,15.675131402052925
10,558.0256249999998,15.72433226868397
10,558.0340624999998,15.756047223064128
10,558.0424999999997,15.819082206478845
10,558.0509374999997,15.712742737450347
10,558.0593749999997,15.751316118142189
10,558.0678124999997,15.808300039710797
10,558.0762499999997,15.726197724192923
10,558.0846874999997,15.909261269312132
10,558.0931249999998,15.83526007261264
10,558.1015624999998,15.922491057548406
10,558.1099999999997,15.942893999002973
10,558.1184374999997,15.82902715700648
10,558.1268749999997,15.937248117860392
10,558.1353124999997,15.968941769697638
10,558.1437499999997,15.880709918096304
10,558.1521874999997,15.89978909484465
10,558.1606249999998,16.133697827660374
10,558.1690624999998,16.07881544176639
10,558.1774999999997,16.13177038825983
10,558.1859374999997,16.097652167775355
10,558.1943749999997,16.105404776385498
10,558.2028124999997,16.12925530029632
10,558.2112499999997,15.9365943888535
10,558.2196874999997,16.055380978965655
10,558.2281249999997,16.159883064143607
10,558.2365624999998,16.11418267085765
10,558.2449999999997,16.259936024394108
10,558.2534374999997,16.372629665191607
10,558.2618749999997,16.213952735164774
10,558.2703124999997,16.49786652911867
10,558.2787499999997,16.392533350207067
10,558.2871874999997,16.296314443388106
10,558.2956249999997,16.34656321343405
10,558.3040624999996,16.235832237847255
10,558.3124999999997,16.320765967554802
10,558.3209374999997,16.398454977854353
10,558.3293749999997,16.37786909569637
10,558.3378124999997,16.5227274091746
10,558.3462499999997,16.44145257386511
10,558.3546874999997,16.448606939634313
10,558.3631249999997,16.64662571795471
10,558.3715624999996,16.559007190721434
10,558.3799999999997,16.62952772267812
10,558.3884374999997,16.579837002452575
10,558.3968749999997,16.746241695297687
10,558.4053124999997,16.64309975741095
10,558.4137499999997,16.588188526068688
10,558.4221874999997,16.69600420892126
10,558.4306249999997,16.691872773024514
10,558.4390624999996,16.719571980779644
10,558.4474999999996,16.787245490612257
10,558.4559374999997,16.772542013905998
10,558.4643749999997,16.694582922453915
10,558.4728124999997,16.683781138830152
10,558.4812499999997,16.731142446644363
10,558.4896874999997,16.896956851254163
10,558.4981249999997,16.96260053954139
10,558.5065624999996,17.000454314253446
10,558.5149999999996,16.9444172016162
10,558.5234374999997,16.90667328434715
10,558.5318749999997,16.95390799108996
10,558.5403124999997,16.961343529658226
10,558.5487499999997,16.965888950720718
10,558.5571874999997,17.11498104116477
10,558.5656249999997,16.884384402313295
10,558.5740624999996,17.1584189111976
10,558.5824999999996,17.63472630497629
10,558.5909374999997,17.59961224636556
10,558.5993749999997,17.78650303167056
10,558.6078124999997,17.776918896152768
10,558.6162499999997,17.679808792847428
10,558.6246874999997,17.873889001347855
10,558.6331249999997,17.743861366272704
10,558.6415624999996,17.928095692314386
10,558.6499999999996,17.790470189069026
10,558.6584374999996,17.95788761954836
10,558.6668749999997,17.948112797811014
10,558.6753124999997,17.881694369822863
10,558.6837499999997,18.02247294839439
10,558.6921874999997,18.127961283967096
10,558.7006249999997,18.058647784390597
10,558.7090624999996,18.120286842536316
10,558.7174999999996,18.058838659892295
10,558.7259374999996,18.104774485582126
10,558.7343749999997,18.18236523928246
10,558.7428124999997,18.162073215793527
10,558.7512499999997,18.31125786372231
10,558.7596874999997,18.31567578326782
10,558.7681249999997,18.273650127873037
10,558.7765624999996,18.341881490437355
10,558.7849999999996,18.224757141072605
10,558.7934374999996,18.43618915728988
10,558.8018749999997,18.44342582832953
10,558.8103124999997,18.458160258106656
10,558.8187499999997,18.362599742465022
10,558.8271874999997,18.448548447835744
10,558.8356249999997,18.69988951182891
10,558.8440624999996,18.560214261630147
10,558.8524999999996,18.663481683840814
10,558.8609374999996,18.578996798444017
10,558.8693749999996,18.557311973586334
10,558.8778124999997,18.744313537182023
10,558.8862499999997,18.767085286159986
10,558.8946874999997,18.72532099339005
10,558.9031249999996,18.712157439351518
10,558.9115624999996,18.881280039156213
10,558.9199999999996,18.941686828284777
10,558.9284374999996,18.902557305588275
10,558.9368749999996,19.02326487937414
10,558.9453124999997,18.8731839522808
10,558.9537499999997,18.914872754659246
10,558.9621874999997,18.991666496170666
10,558.9706249999997,18.98707167671854
10,558.9790624999996,18.93490652814438
10,558.9874999999996,19.058941874743336
10,558.9959374999996,19.34274671010245
10,559.0043749999996,19.035305496161754
10,559.0128124999997,19.268228301617558
10,559.0212499999997,19.269870177798396
10,559.0296874999997,19.274173630736247
10,559.0381249999996,19.288780610433466
10,559.0465624999996,19.307502662209497
10,559.0549999999996,19.219108966601976
10,559.0634374999996,19.38804070816911
10,559.0718749999996,19.515107442476037
10,559.0803124999996,19.472677502469864
10,559.0887499999997,19.389417820759242
10,559.0971874999997,19.471120883635308
10,559.1056249999996,19.531625070741857
10,559.1140624999996,19.386128150197408
10,559.1224999999996,19.495333839726708
10,559.1309374999996,19.487570071470877
10,559.1393749999996,19.538682736063958
10,559.1478124999996,19.743673449740818
10,559.1562499999997,19.703402322475178
10,559.1646874999997,19.795208844862294
10,559.1731249999996,19.804024611437388
10,559.1815624999996,19.848696005163163
10,559.1899999999996,19.814179632375325
10,559.1984374999996,19.908135055966305
10,559.2068749999996,19.969808852396202
10,559.2153124999996,20.052560929463645
10,559.2237499999997,19.935453423311156
10,559.2321874999997,20.07101503949424
10,559.2406249999996,20.079291642735647
10,559.2490624999996,20.04377825922892
10,559.2574999999996,19.97521763562382
10,559.2659374999996,20.092595816621678
10,559.2743749999996,20.1437659241928
10,559.2828124999996,20.360135102672636
10,559.2912499999996,20.26742801287992
10,559.2996874999997,20.449484088470566
10,559.3081249999996,20.22305341891559
10,559.3165624999996,20.23456841567189
10,559.3249999999996,20.367424889113554
10,559.3334374999996,20.28585247966368
10,559.3418749999996,20.489593083980203
10,559.3503124999996,21.035616616674027
10,559.3587499999996,21.1920086084198
10,559.3671874999997,21.09753184725274
10,559.3756249999996,21.334602184010627
10,559.3840624999996,21.156172624194024
10,559.3924999999996,21.31108439867785
10,559.4009374999996,21.444565970900207
10,559.4093749999996,21.405122456487504
10,559.4178124999996,21.359519680754516
10,559.4262499999996,21.443724637646117
10,559.4346874999997,21.552691113181417
10,559.4431249999996,21.54996787088012
10,559.4515624999996,21.64034765581044
10,559.4599999999996,21.583522019148155
10,559.4684374999996,21.648462857482652
10,559.4768749999996,21.545496485452706
10,559.4853124999996,21.713937899295043
10,559.4937499999996,21.739049039110732
10,559.5021874999996,21.730419815999348
10,559.5106249999995,22.043876397579346
10,559.5190624999996,21.556887777468212
10,559.5274999999996,22.194229230667485
10,559.5359374999996,21.86498858269995
10,559.5443749999996,22.212101860048573
10,559.5528124999996,21.948699585229363
10,559.5612499999996,21.978245464062066
10,559.5696874999996,22.007868122089132
10,559.5781249999995,22.160587923589986
10,559.5865624999996,21.99132080293492
10,559.5949999999996,22.193168974660104
10,559.6034374999996,22.140427876944482
10,559.6118749999996,22.374761610121208
10,559.6203124999996,22.156808759662912
10,559.6287499999996,22.543819856138615
10,559.6371874999995,22.482173867806775
10,559.6456249999995,22.404849434026623
10,559.6540624999996,22.531360461284528
10,559.6624999999996,22.5668119631357
10,559.6709374999996,22.40808686269032
10,559.6793749999996,22.533649327741937
10,559.6878124999996,22.672595003664448
10,559.6962499999996,22.92824711416467
10,559.7046874999995,22.65791003910553
10,559.7131249999995,22.80925758603171
10,559.7215624999995,22.90332119275156
10,559.7299999999996,22.825078458248075
10,559.7384374999996,23.06538489781431
10,559.7468749999996,23.012707052581717
10,559.7553124999996,23.065327395804708
10,559.7637499999996,23.180893442465404
10,559.7721874999995,23.0809698080563
10,559.7806249999995,23.003538246597806
10,559.7890624999995,23.276123954862783
10,559.7974999999996,23.17028165318476
10,559.8059374999996,23.35437525255084
10,559.8143749999996,23.276649270752234
10,559.8228124999996,23.67985103679856
10,559.8312499999996,23.45962309513794
10,559.8396874999995,23.49534745124006
10,559.8481249999995,23.679535364733322
10,559.8565624999995,23.61765624175562
10,559.8649999999996,23.55214926441911
10,559.8734374999996,23.795201037590672
10,559.8818749999996,23.653466052925385
10,559.8903124999996,24.457885300674075
10,559.8987499999996,24.686652809067805
10,559.9071874999995,24.526960916299707
10,559.9156249999995,24.539869011870994
10,559.9240624999995,24.68152505156765
10,559.9324999999995,24.61889229643214
10,559.9409374999996,24.747760795435337
10,559.9493749999996,24.695802266478424
10,559.9578124999996,25.067339552514873
10,559.9662499999996,24.962695744771988
10,559.9746874999995,25.001851927249376
10,559.9831249999995,25.02534825002473
10,559.9915624999995,24.98021950455682
10,559.9999999999995,25.273547410067323
10,560.0084374999996,24.994187655197635
10,560.0168749999996,25.00964106292252
10,560.0253124999996,25.130855784799977
10,560.0337499999996,25.386604697257578
10,560.0421874999995,25.412949865609793
10,560.0506249999995,25.356330223724378
10,560.0590624999995,25.564107313412627
10,560.0674999999995,25.51886546781991
10,560.0759374999996,25.434101312993022
10,560.0843749999996,25.743427870089175
10,560.0928124999996,25.785953681255908
10,560.1012499999996,25.70379906685402
10,560.1096874999995,25.986317587711962
10,560.1181249999995,25.68714540593293
10,560.1265624999995,25.906036375363907
10,560.1349999999995,25.89486051863515
10,560.1434374999995,26.02180481719666
10,560.1518749999996,26.141227255563262
10,560.1603124999996,26.249633745202157
10,560.1687499999996,26.233571649306032
10,560.1771874999995,26.30655681591828
10,560.1856249999995,26.363770684251488
10,560.1940624999995,26.505634920242304
10,560.2024999999995,26.468622417935673
10,560.2109374999995,26.497846628286055
10,560.2193749999996,26.3724593259644
10,560.2278124999996,26.533414139631013
10,560.2362499999995,26.413988388313154
10,560.2446874999995,26.840721817350428
10,560.2531249999995,26.696185792386018
10,560.2615624999995,27.040579689364577
10,560.2699999999995,27.017618839397905
10,560.2784374999995,27.074426650665544
10,560.2868749999996,26.980793910930426
10,560.2953124999996,27.2428411765528
10,560.3037499999995,27.24379518750782
10,560.3121874999995,27.186094094833376
10,560.3206249999995,27.874835129658962
10,560.3290624999995,28.079557476574788
10,560.3374999999995,28.060728845924483
10,560.3459374999995,28.203535964203564
10,560.3543749999995,28.377918977880583
10,560.3628124999996,28.284148475016273
10,560.3712499999995,28.35851034496376
10,560.3796874999995,28.240284064213583
10,560.3881249999995,28.351318461440265
10,560.3965624999995,28.56959582612152
10,560.4049999999995,28.75945138647784
10,560.4134374999995,28.575041553681096
10,560.4218749999995,28.628750111613062
10,560.4303124999996,29.00076065660414
10,560.4387499999995,28.824681579913015
10,560.4471874999995,28.85759471748067
10,560.4556249999995,29.292762457559313
10,560.4640624999995,28.984806084829803
10,560.4724999999995,29.20153914038746
10,560.4809374999995,29.016271579982845
10,560.4893749999995,29.286585048932935
10,560.4978124999996,29.52226799452066
10,560.5062499999995,29.39828816708883
10,560.5146874999995,29.4526027210675
10,560.5231249999995,29.74950290233718
10,560.5315624999995,29.608663601315445
10,560.5399999999995,29.82210388559811
10,560.5484374999995,29.607345715626607
10,560.5568749999995,29.80012637258472
10,560.5653124999995,30.11518121710146
10,560.5737499999994,29.958979210163097
10,560.5821874999995,30.29692562881922
10,560.5906249999995,29.954197354786068
10,560.5990624999995,29.777001174932224
10,560.6074999999995,30.215454030000693
10,560.6159374999995,30.190124989342685
10,560.6243749999995,30.363407768423002
10,560.6328124999995,30.27435358623034
10,560.6412499999994,30.667806436902275
10,560.6496874999995,30.382611228672033
10,560.6581249999995,30.64271739106332
10,560.6665624999995,30.58961759113135
10,560.6749999999995,30.656762350825886
10,560.6834374999995,31.06518959158713
10,560.6918749999995,31.1743668054278
10,560.7003124999995,31.766273300397945
10,560.7087499999994,32.14317868742901
10,560.7171874999995,32.369189919951936
10,560.7256249999995,32.008006620252644
10,560.7340624999995,32.21785289927736
10,560.7424999999995,32.17280926354971
10,560.7509374999995,32.082552405384355
10,560.7593749999995,32.27116452986884
10,560.7678124999995,32.581547980597136
10,560.7762499999994,32.57507271657899
10,560.7846874999994,32.86217560047962
10,560.7931249999995,32.62895724852738
10,560.8015624999995,32.5186196615627
10,560.8099999999995,32.73562489389447
10,560.8184374999995,32.86896540131604
10,560.8268749999995,33.00801936567458
10,560.8353124999994,32.61963633366659
10,560.8437499999994,33.51487572543691
10,560.8521874999994,33.257736783993096
10,560.8606249999995,33.314322138917866
10,560.8690624999995,33.725410434061494
10,560.8774999999995,33.6043397298627
10,560.8859374999995,33.01905270985837
10,560.8943749999995,33.359560913058885
10,560.9028124999994,34.10647955978962
10,560.9112499999994,33.69317482125866
10,560.9196874999994,34.15543136039164
10,560.9281249999995,33.287728019050206
10,560.9365624999995,33.863536529169075
10,560.9449999999995,34.091538273819936
10,560.9534374999995,34.08438023865987
10,560.9618749999995,34.1729576862866
10,560.9703124999994,34.46224629456825
10,560.9787499999994,34.02788394991246
10,560.9871874999994,34.7147848223183
10,560.9956249999994,34.51719413658245
10,561.0040624999995,34.5797321592156
10,561.0124999999995,34.65156286836908
10,561.0209374999995,34.97491591081792
10,561.0293749999995,36.42672079154222
10,561.0378124999994,36.44475907098226
10,561.0462499999994,36.53011705433922
10,561.0546874999994,36.72444841954138
10,561.0631249999994,36.663890021494424
10,561.0715624999995,36.75535800768333
10,561.0799999999995,37.06587444496126
10,561.0884374999995,36.97962838362279
10,561.0968749999995,37.058382935108874
10,561.1053124999994,37.47980439190198
10,561.1137499999994,36.81267190197312
10,561.1221874999994,36.962801513086816
10,561.1306249999994,37.517689371000685
10,561.1390624999995,38.16147095541254
10,561.1474999999995,37.49935073738165
10,561.1559374999995,38.48116302102476
10,561.1643749999995,37.780411230031184
10,561.1728124999994,38.270071120495366
10,561.1812499999994,38.30302179447982
10,561.1896874999994,38.85471684185595
10,561.1981249999994,38.3510326620784
10,561.2065624999994,38.55237379567765
10,561.2149999999995,38.666739805240034
10,561.2234374999995,39.27252019178624
10,561.2318749999995,39.449069723508046
10,561.2403124999994,39.36962398231443
10,561.2487499999994,38.72355288030736
10,561.2571874999994,39.438558023144175
10,561.2656249999994,39.39426859268415
10,561.2740624999994,39.34643166967078
10,561.2824999999995,39.46768382473374
10,561.2909374999995,39.62962687938972
10,561.2993749999995,40.07261199567464
10,561.3078124999994,40.3874223487496
10,561.3162499999994,39.94433500055318
10,561.3246874999994,39.862898635029815
10,561.3331249999994,39.839336989021
10,561.3415624999994,41.00419904145485
10,561.3499999999995,41.42658197699292
10,561.3584374999995,41.76130563709713
10,561.3668749999995,41.839068205526196
10,561.3753124999994,42.01506808342115
10,561.3837499999994,42.022891993759174
10,561.3921874999994,42.21637274291798
10,561.4006249999994,42.88478885542452
10,561.4090624999994,42.20443308976635
10,561.4174999999994,42.33020265668145
10,561.4259374999995,42.86924611584387
10,561.4343749999994,42.99548602428384
10,561.4428124999994,42.79379147978786
10,561.4512499999994,43.06850480542644
10,561.4596874999994,42.714317813470835
10,561.4681249999994,43.01499128320001
10,561.4765624999994,43.62705607643524
10,561.4849999999994,42.88697870187117
10,561.4934374999995,43.60790108682887
10,561.5018749999994,43.910327550142526
10,561.5103124999994,44.1810642600602
10,561.5187499999994,43.83109924664992
10,561.5271874999994,43.66821581332313
10,561.5356249999994,43.92230746559162
10,561.5440624999994,44.25853479777116
10,561.5524999999994,44.84289112976604
10,561.5609374999995,45.204881052043206
10,561.5693749999994,44.906890662421944
10,561.5778124999994,44.73686773896554
10,561.5862499999994,45.46000222576159
10,561.5946874999994,45.88939093391747
10,561.6031249999994,44.92017103982201
10,561.6115624999994,44.957479072129445
10,561.6199999999994,46.64975796109809
10,561.6284374999994,46.93642979357348
10,561.6368749999993,46.668534287213916
10,561.6453124999994,47.44293361697714
10,561.6537499999994,47.30891880293142
10,561.6621874999994,47.73200093633484
10,561.6706249999994,47.517593352772494
10,561.6790624999994,47.570906315701414
10,561.6874999999994,47.638211421762804
10,561.6959374999994,47.893827481728096
10,561.7043749999993,47.22146223678633
10,561.7128124999994,47.5405624993637
10,561.7212499999994,48.055498975072865
10,561.7296874999994,48.02846280026676
10,561.7381249999994,47.48148752432492
10,561.7465624999994,48.35200910721105
10,561.7549999999994,48.46894641575859
10,561.7634374999994,48.78599374061691
10,561.7718749999993,48.03876965485869
10,561.7803124999994,48.28650599055761
10,561.7887499999994,48.54565119011343
10,561.7971874999994,48.845683986956374
10,561.8056249999994,49.188069694946826
10,561.8140624999994,49.15629403003064
10,561.8224999999994,49.08941427418291
10,561.8309374999994,49.08267879527218
10,561.8393749999993,50.31575913683902
10,561.8478124999993,49.2966454545078
10,561.8562499999994,49.675424460241544
10,561.8646874999994,50.24209916027444
10,561.8731249999994,49.755654505051645
10,561.8815624999994,50.03887334601074
10,561.8899999999994,51.66586564994578
10,561.8984374999994,51.79030062484826
10,561.9068749999993,52.1801206897101
10,561.9153124999993,52.63433442639849
10,561.9237499999994,53.1296207357457
10,561.9321874999994,52.91942945243372
10,561.9406249999994,53.13332808381294
10,561.9490624999994,52.772225606682426
10,561.9574999999994,52.8953830812368
10,561.9659374999994,52.903147076890974
10,561.9743749999993,53.69297873578757
10,561.9828124999993,53.81361113041722
10,561.9912499999994,53.67098898383808
10,561.9996874999994,54.615316144198516
10,562.0081249999994,54.16217393559984
10,562.0165624999994,54.91774417627661
10,562.0249999999994,55.45095468966135
10,562.0334374999994,54.66352096731361
10,562.0418749999993,54.87176317488858
10,562.0503124999993,56.461611257235894
10,562.0587499999993,55.40662491076199
10,562.0671874999994,55.456858268778255
10,562.0756249999994,55.62459674277376
10,562.0840624999994,56.20852947657782
10,562.0924999999994,56.50643323671641
10,562.1009374999994,55.48180235723347
10,562.1093749999993,57.53590957324123
10,562.1178124999993,55.921079685614224
10,562.1262499999993,57.22605845494936
10,562.1346874999994,59.177506342161074
10,562.1431249999994,58.933141169379795
10,562.1515624999994,59.79426698239857
10,562.1599999999994,59.686551900743304
10,562.1684374999993,60.276914982890474
10,562.1768749999993,60.59685595891453
10,562.1853124999993,59.84252262317831
10,562.1937499999993,59.89244008185934
10,562.2021874999994,60.080988368824876
10,562.2106249999994,60.61348781663453
10,562.2190624999994,61.26971574012278
10,562.2274999999994,61.44038063860003
10,562.2359374999993,61.65474770876699
10,562.2443749999993,62.14472614067274
10,562.2528124999993,61.764180219713204
10,562.2612499999993,62.29951196799132
10,562.2696874999993,61.45667262564427
10,562.2781249999994,63.47005638964266
10,562.2865624999994,64.25917645777714
10,562.2949999999994,63.408109110402016
10,562.3034374999993,64.00102872022853
10,562.3118749999993,63.75722791528424
10,562.3203124999993,64.01860311972712
10,562.3287499999993,65.1360328175441
10,562.3371874999993,64.80465679213124
10,562.3456249999994,65.38979904806085
10,562.3540624999994,65.10947287698669
10,562.3624999999994,65.62934574231964
10,562.3709374999993,65.4211233823052
10,562.3793749999993,68.9821525139059
10,562.3878124999993,69.19122269178665
10,562.3962499999993,69.44219975109593
10,562.4046874999993,69.33941664775821
10,562.4131249999994,69.48041359180753
10,562.4215624999994,70.64060496301327
10,562.4299999999994,69.83714806702311
10,562.4384374999993,71.02815955096429
10,562.4468749999993,69.89176983280916
10,562.4553124999993,70.61654187389746
10,562.4637499999993,71.60057429107115
10,562.4721874999993,71.88365589335608
10,562.4806249999993,72.05446952479606
10,562.4890624999994,71.99226041582999
10,562.4974999999994,73.08750849641368
10,562.5059374999993,72.84407811545405
10,562.5143749999993,72.35380030485715
10,562.5228124999993,73.53841310736118
10,562.5312499999993,74.1573911280123
10,562.5396874999993,73.56561907926626
10,562.5481249999993,73.99222168563472
10,562.5565624999994,74.91981381127968
10,562.5649999999994,75.27190108102963
10,562.5734374999993,75.98781943208732
10,562.5818749999993,75.63888007633636
10,562.5903124999993,76.26087250655908
10,562.5987499999993,78.3598452696511
10,562.6071874999993,77.75034369766202
10,562.6156249999993,80.11584577857813
10,562.6240624999994,79.86803148334522
10,562.6324999999994,80.97671174456167
10,562.6409374999993,81.05733061964187
10,562.6493749999993,81.9063143759444
10,562.6578124999993,82.7828079765068
10,562.6662499999993,82.4831447316324
10,562.6746874999993,84.97987926150496
10,562.6831249999993,82.36692843799169
10,562.6915624999993,84.19110451602334
10,562.6999999999994,84.71230093367144
10,562.7084374999993,85.96672896643713
10,562.7168749999993,85.89132606322221
10,562.7253124999993,87.8293320596213
10,562.7337499999993,88.81138269336829
10,562.7421874999993,87.53549814413672
10,562.7506249999993,89.75190580098199
10,562.7590624999993,90.55443748865041
10,562.7674999999992,89.84333365066276
10,562.7759374999993,89.90044860658678
10,562.7843749999993,90.39112487681042
10,562.7928124999993,91.03803792511715
10,562.8012499999993,92.91728271890742
10,562.8096874999993,91.82451787395944
10,562.8181249999993,95.65658173857777
10,562.8265624999993,95.4178343562349
10,562.8349999999992,97.53257203555225
10,562.8434374999993,95.97054593025935
10,562.8518749999993,97.30216773766647
10,562.8603124999993,98.27225943913538
10,562.8687499999993,101.64819082497206
10,562.8771874999993,103.33704247489126
10,562.8856249999993,102.11381573287046
10,562.8940624999993,101.82218679192827
10,562.9024999999992,101.63834531817616
10,562.9109374999992,103.1323308720867
10,562.9193749999993,106.03475280392672
10,562.9278124999993,105.1746622496313
10,562.9362499999993,105.8454338459029
10,562.9446874999993,106.47705665463857
10,562.9531249999993,108.36899183875143
10,562.9615624999993,111.21773866470913
10,562.9699999999992,110.14135515388051
10,562.9784374999992,111.41924088019198
10,562.9868749999993,113.81777400112215
10,562.9953124999993,112.75011301259286
10,563.0037499999993,112.03557190576198
10,563.0121874999993,115.33615658772666
10,563.0206249999993,116.27483253919524
10,563.0290624999993,117.73156312200148
10,563.0374999999992,121.33965874066917
10,563.0459374999992,122.91241022706431
10,563.0543749999993,125.19604512187732
10,563.0628124999993,124.29366669732124
10,563.0712499999993,125.5012769486391
10,563.0796874999993,124.19002797511122
10,563.0881249999993,129.8106800257567
10,563.0965624999993,128.09344305803796
10,563.1049999999992,130.50303161441371
10,563.1134374999992,132.48657255272738
10,563.1218749999992,134.9123734849017
10,563.1303124999993,133.49798132209582
10,563.1387499999993,136.56764051701668
10,563.1471874999993,135.52879952178924
10,563.1556249999993,138.4692037054581
10,563.1640624999993,136.68271034434727
10,563.1724999999992,141.3409930582546
10,563.1809374999992,143.3040949016
10,563.1893749999992,145.54929305880833
10,563.1978124999993,146.30129282330415
10,563.2062499999993,144.9624332452769
10,563.2146874999993,145.56978842786825
10,563.2231249999993,149.80891255630524
10,563.2315624999993,154.84804416844167
10,563.2399999999992,159.0014770970084
10,563.2484374999992,161.0152088968449
10,563.2568749999992,160.96231950111073
10,563.2653124999993,164.97027649295288
10,563.2737499999993,167.46479771424623
10,563.2821874999993,167.43342350415395
10,563.2906249999993,171.81479354473944
10,563.2990624999993,169.4603729889733
10,563.3074999999992,174.10469237280842
10,563.3159374999992,176.66574791185957
10,563.3243749999992,177.86074775521638
10,563.3328124999992,176.4497641690269
10,563.3412499999993,182.12123516939187
10,563.3496874999993,180.27771081094266
10,563.3581249999993,187.91389738794675
10,563.3665624999992,189.90224154637838
10,563.3749999999992,187.17729815433026
10,563.3834374999992,191.99344596571171
10,563.3918749999992,197.02730251744293
10,563.4003124999992,197.45356480067412
10,563.4087499999993,198.08256729331728
10,563.4171874999993,210.38519733465367
10,563.4256249999993,216.24643013536095
10,563.4340624999992,214.39861448931728
10,563.4424999999992,219.3612722748516
10,563.4509374999992,226.45402441024828
10,563.4593749999992,231.04755622252975
10,563.4678124999992,228.0391320278212
10,563.4762499999993,233.71071320323148
10,563.4846874999993,237.89156142381518
10,563.4931249999993,243.70916089542123
10,563.5015624999992,237.9402133314368
10,563.5099999999992,250.4123034725165
10,563.5184374999992,242.2583361817485
10,563.5268749999992,253.75043437790933
10,563.5353124999992,268.75303083278556
10,563.5437499999992,263.19858506225887
10,563.5521874999993,263.17865112897687
10,563.5606249999993,269.2625789145347
10,563.5690624999992,267.198166727077
10,563.5774999999992,277.7857472066451
10,563.5859374999992,278.6275689675225
10,563.5943749999992,280.4962731076832
10,563.6028124999992,294.06447477964895
10,563.6112499999992,311.56512191308104
10,563.6196874999993,320.2656591285168
10,563.6281249999993,314.60573521679
10,563.6365624999992,325.83304347504753
11,540.9806451612906,243.8562680387769
11,540.9880645161293,242.8255181481519
11,540.995483870968,232.67888189521187
11,541.0029032258067,239.49814360963222
11,541.0103225806454,234.65300626358274
11,541.0177419354841,234.19534835340053
11,541.0251612903228,222.03039550211736
11,541.0325806451615,226.7403017526416
11,541.0400000000002,221.60577358308623
11,541.047419354839,221.56414331814895
11,541.0548387096777,220.09251631895265
11,541.0622580645164,207.58015637525344
11,541.0696774193551,207.01733368704552
11,541.0770967741938,205.8006055709508
11,541.0845161290325,205.2250586262413
11,541.0919354838712,193.92501059987345
11,541.0993548387099,194.47730365767032
11,541.1067741935486,188.9618701071498
11,541.1141935483873,193.27378681723076
11,541.121612903226,187.58186827929882
11,541.1290322580647,185.88102189566948
11,541.1364516129034,183.86789914179462
11,541.1438709677421,176.8072871476527
11,541.1512903225808,178.85519198329996
11,541.1587096774196,176.47519105615905
11,541.1661290322583,171.03095091331167
11,541.173548387097,173.81147354437442
11,541.1809677419358,171.31294986884524
11,541.1883870967745,163.74317320577978
11,541.1958064516132,167.3426476704932
11,541.2032258064519,161.32411007959416
11,541.2106451612906,160.29862551628767
11,541.2180645161293,155.20362036635697
11,541.225483870968,155.4424667866194
11,541.2329032258067,152.65649324671043
11,541.2403225806454,152.47790433111362
11,541.2477419354841,149.46277007042872
11,541.2551612903228,151.47161977532585
11,541.2625806451615,149.22777392985813
11,541.2700000000002,144.37025905264673
11,541.2774193548389,147.22970122698007
11,541.2848387096776,146.15967922141567
11,541.2922580645163,139.6769743414487
11,541.299677419355,139.76689054824584
11,541.3070967741938,136.56233480386084
11,541.3145161290325,137.30769225950297
11,541.3219354838712,133.89836102644784
11,541.32935483871,129.17217789191753
11,541.3367741935486,127.94673151509606
11,541.3441935483874,132.56652089344132
11,541.351612903226,131.9305953850785
11,541.3590322580648,129.33947017052137
11,541.3664516129035,127.51122129250982
11,541.3738709677422,127.41363101955534
11,541.3812903225809,124.8961254218243
11,541.3887096774196,125.09338849946258
11,541.3961290322583,121.22613992569687
11,541.403548387097,119.36867060137385
11,541.4109677419357,119.70134947641236
11,541.4183870967744,117.6246220180091
11,541.4258064516131,117.59351452775404
11,541.4332258064518,116.4914915482006
11,541.4406451612906,114.55207287849478
11,541.4480645161293,112.49431165707729
11,541.455483870968,112.65479083979142
11,541.4629032258067,113.1688137561934
11,541.4703225806454,108.84385173216225
11,541.4777419354841,109.08274771482243
11,541.4851612903228,108.22164313135558
11,541.4925806451615,108.0403387624767
11,541.5000000000002,106.08308898102275
11,541.5074193548389,105.27466363940266
11,541.5148387096776,103.79816390102437
11,541.5222580645163,104.02707778116722
11,541.529677419355,104.23387212355124
11,541.5370967741937,103.97387347044763
11,541.5445161290324,100.85707596067596
11,541.5519354838711,98.3108822279857
11,541.5593548387099,97.96240058921178
11,541.5667741935487,97.67215718327019
11,541.5741935483874,96.89219958964541
11,541.5816129032261,95.12843697397838
11,541.5890322580648,96.63780517477485
11,541.5964516129035,93.98302956023885
11,541.6038709677422,94.29366965175197
11,541.6112903225809,92.83760440201593
11,541.6187096774196,93.12229842505289
11,541.6261290322583,91.05000145135241
11,541.633548387097,89.48307516227514
11,541.6409677419357,90.09559860129247
11,541.6483870967744,89.59393634844628
11,541.6558064516131,87.23582257457039
11,541.6632258064518,87.04239239922732
11,541.6706451612905,87.40625620927479
11,541.6780645161292,85.19169321721273
11,541.6854838709679,84.87704942032045
11,541.6929032258067,83.74859083737626
11,541.7003225806454,83.30432063416092
11,541.7077419354841,81.96670376421821
11,541.7151612903228,81.67205297412781
11,541.7225806451615,82.14265176105987
11,541.7300000000002,79.64890130350912
11,541.737419354839,80.57961147250593
11,541.7448387096777,79.1312076421755
11,541.7522580645164,78.94598360327647
11,541.7596774193551,77.3357265199514
11,541.7670967741938,78.49959620565475
11,541.7745161290325,76.60104313386385
11,541.7819354838712,76.02976078096468
11,541.7893548387099,76.65518093760329
11,541.7967741935486,74.98110594813787
11,541.8041935483873,73.80698119948785
11,541.811612903226,74.2789468280789
11,541.8190322580647,72.45752333996609
11,541.8264516129035,72.80532208786053
11,541.8338709677422,72.73016169173485
11,541.8412903225809,72.07450009898974
11,541.8487096774196,71.78425979105148
11,541.8561290322583,71.01958912642448
11,541.863548387097,70.77236728820859
11,541.8709677419357,69.38985626762378
11,541.8783870967744,70.44331556864756
11,541.8858064516131,69.02812922575275
11,541.8932258064518,69.26730830332129
11,541.9006451612905,67.98683817638363
11,541.9080645161292,67.26973020745079
11,541.9154838709679,67.32821495286186
11,541.9229032258066,66.39508083116641
11,541.9303225806453,66.42868322608635
11,541.937741935484,66.57492859692758
11,541.9451612903227,65.59179228477412
11,541.9525806451616,64.83510317500728
11,541.9600000000003,64.45493440895359
11,541.967419354839,63.92938925951748
11,541.9748387096777,62.3518533060575
11,541.9822580645164,62.8115916151291
11,541.9896774193551,63.61737881160796
11,541.9970967741938,62.86578093444963
11,542.0045161290325,62.20554688985562
11,542.0119354838712,61.329004407703934
11,542.0193548387099,61.32597687522511
11,542.0267741935486,61.82116749482673
11,542.0341935483873,61.131222396370035
11,542.041612903226,60.37147867651401
11,542.0490322580647,60.13010139874587
11,542.0564516129034,60.408207712921715
11,542.0638709677421,58.25757027054309
11,542.0712903225808,59.03105679173898
11,542.0787096774195,57.43183330133126
11,542.0861290322583,58.61149846383714
11,542.093548387097,57.88289731266073
11,542.1009677419357,57.16879342817385
11,542.1083870967744,57.51638062169915
11,542.1158064516131,56.20590134722748
11,542.1232258064518,56.733824250693175
11,542.1306451612905,55.55478493423598
11,542.1380645161292,55.87471200514419
11,542.145483870968,56.161546896433784
11,542.1529032258067,55.35435265127132
11,542.1603225806454,55.509947927023646
11,542.1677419354841,54.01557989620794
11,542.1751612903228,53.88103993181283
11,542.1825806451615,54.56379074100222
11,542.1900000000002,55.01293728711707
11,542.1974193548389,53.38325669093611
11,542.2048387096776,53.00984534380433
11,542.2122580645164,53.40347959396568
11,542.2196774193551,51.82687880353807
11,542.2270967741938,52.31149015835142
11,542.2345161290325,51.80060174243549
11,542.2419354838712,51.08469305250244
11,542.2493548387099,51.59483944842222
11,542.2567741935486,50.839473629906166
11,542.2641935483873,50.888460032363746
11,542.271612903226,50.771972438500796
11,542.2790322580647,50.50038819674479
11,542.2864516129034,50.317295529205836
11,542.2938709677421,50.17946092474511
11,542.3012903225808,49.50510546127156
11,542.3087096774195,50.14434969028553
11,542.3161290322582,49.74172120491133
11,542.3235483870969,48.3264464270632
11,542.3309677419356,48.532204779970904
11,542.3383870967743,48.95294757353827
11,542.3458064516132,48.914775682201835
11,542.3532258064519,48.478226044069984
11,542.3606451612906,48.51786669456427
11,542.3680645161293,48.02246480717157
11,542.375483870968,46.801928550756344
11,542.3829032258067,46.41254241808496
11,542.3903225806454,46.66784627488828
11,542.3977419354841,47.229400497888555
11,542.4051612903228,46.589566341917745
11,542.4125806451615,46.337314870811724
11,542.4200000000002,45.82546581546759
11,542.4274193548389,45.488307110087156
11,542.4348387096776,45.11088759853091
11,542.4422580645163,45.64191231727437
11,542.449677419355,44.8755557380435
11,542.4570967741937,44.613205982295625
11,542.4645161290324,44.47693616705985
11,542.4719354838712,44.0217709583246
11,542.4793548387099,44.141961774464974
11,542.4867741935486,44.29387447731355
11,542.4941935483873,43.368366296557966
11,542.501612903226,43.8070618655749
11,542.5090322580647,43.480118953634154
11,542.5164516129034,43.12855365270459
11,542.5238709677421,42.98080524560948
11,542.5312903225808,43.00043886413585
11,542.5387096774195,42.37689107451842
11,542.5461290322582,42.70004080376298
11,542.553548387097,42.241031116905674
11,542.5609677419357,41.77062456140393
11,542.5683870967744,41.77354874658323
11,542.5758064516131,41.42647000467045
11,542.5832258064518,40.98378885266609
11,542.5906451612905,41.067513531293756
11,542.5980645161293,41.07304447361648
11,542.605483870968,41.59729081877011
11,542.6129032258067,40.39633675291515
11,542.6203225806454,40.52618113090296
11,542.6277419354841,40.47876323196611
11,542.6351612903228,39.9110447813572
11,542.6425806451615,39.54061630569479
11,542.6500000000002,39.985627446478276
11,542.6574193548389,39.38249000621723
11,542.6648387096776,39.06286516433443
11,542.6722580645163,38.77854810636478
11,542.679677419355,38.75502758420622
11,542.6870967741937,38.937641289357245
11,542.6945161290324,39.105015047660196
11,542.7019354838711,38.24980709623883
11,542.7093548387098,38.44170650484034
11,542.7167741935485,37.621038076877916
11,542.7241935483872,37.758481074036425
11,542.731612903226,37.226407266631746
11,542.7390322580648,37.48212386402298
11,542.7464516129035,37.15919173787215
11,542.7538709677422,36.84109085699963
11,542.7612903225809,36.59327757479502
11,542.7687096774196,36.80885690642971
11,542.7761290322583,36.84495067197602
11,542.783548387097,36.5519748531482
11,542.7909677419357,36.12755572922481
11,542.7983870967744,35.81002167439657
11,542.8058064516131,35.649511904939324
11,542.8132258064518,35.87441331354532
11,542.8206451612905,35.340057006303
11,542.8280645161292,35.22165872999922
11,542.8354838709679,34.646291982003426
11,542.8429032258066,34.98596925130294
11,542.8503225806453,35.24962315710669
11,542.8577419354841,35.18136661211797
11,542.8651612903228,34.415329104158495
11,542.8725806451615,34.65901213764809
11,542.8800000000002,34.51001268704318
11,542.8874193548389,34.22225096788187
11,542.8948387096776,34.198601290366504
11,542.9022580645163,33.77358612792858
11,542.909677419355,33.772196356736124
11,542.9170967741937,33.59387739531101
11,542.9245161290324,33.69567993897908
11,542.9319354838711,33.42551976309058
11,542.9393548387098,33.570769848992946
11,542.9467741935485,33.08267305735319
11,542.9541935483873,32.995701979687006
11,542.961612903226,32.77285469169916
11,542.9690322580647,32.94103154114805
11,542.9764516129034,32.64974029377301
11,542.9838709677421,32.74646475141367
11,542.9912903225809,32.34858894459895
11,542.9987096774196,32.70109486873474
11,543.0061290322583,32.01733216553734
11,543.013548387097,32.329545136011355
11,543.0209677419357,31.985340917353764
11,543.0283870967744,32.11233564934282
11,543.0358064516131,31.833463069479674
11,543.0432258064518,31.727043671655327
11,543.0506451612905,31.51119017250601
11,543.0580645161292,31.62759251661154
11,543.0654838709679,31.65861954237591
11,543.0729032258066,31.710332396158886
11,543.0803225806453,31.218922275799684
11,543.087741935484,30.921663254839785
11,543.0951612903227,30.66068217507013
11,543.1025806451614,30.530122264838674
11,543.1100000000001,30.887891267703388
11,543.117419354839,30.98454999846364
11,543.1248387096776,30.517825894609523
11,543.1322580645163,30.541842778796838
11,543.139677419355,30.403084381710006
11,543.1470967741938,30.129349098286283
11,543.1545161290325,29.82538558678813
11,543.1619354838712,29.72513562543983
11,543.1693548387099,30.399165637970402
11,543.1767741935486,29.971676266538527
11,543.1841935483873,29.49189687483161
11,543.191612903226,29.767117484009116
11,543.1990322580647,29.490137692051338
11,543.2064516129034,29.9142049715262
11,543.2138709677421,29.33734087107206
11,543.2212903225808,29.357310229958003
11,543.2287096774195,29.25078957322712
11,543.2361290322582,28.992215377141427
11,543.2435483870969,29.24548429691806
11,543.2509677419357,29.110358328910223
11,543.2583870967744,29.08370494660699
11,543.2658064516131,28.781884274735305
11,543.2732258064518,28.686899233935318
11,543.2806451612905,28.44463047700324
11,543.2880645161292,28.461306806344048
11,543.2954838709679,28.181882531116454
11,543.3029032258066,28.793541132160886
11,543.3103225806453,28.165796721542304
11,543.317741935484,28.155886986999384
11,543.3251612903227,28.139326047148316
11,543.3325806451614,27.724151603226733
11,543.3400000000001,28.032989746041288
11,543.3474193548388,27.988565001476122
11,543.3548387096776,27.468807535179213
11,543.3622580645163,27.866655100251254
11,543.369677419355,27.734801185621283
11,543.3770967741938,27.68569973486916
11,543.3845161290325,27.505007360101267
11,543.3919354838712,27.37854932561703
11,543.3993548387099,27.257552640650136
11,543.4067741935486,27.28971702659724
11,543.4141935483873,27.039876692550102
11,543.421612903226,27.101590184114
11,543.4290322580647,27.2725098471581
11,543.4364516129034,26.693848937847147
11,543.4438709677421,27.002465841070304
11,543.4512903225808,26.68741435313354
11,543.4587096774195,26.52477354501645
11,543.4661290322582,26.546000618071563
11,543.4735483870969,26.455823216140004
11,543.4809677419356,26.697362904159085
11,543.4883870967743,26.475994285752446
11,543.495806451613,26.305422302611884
11,543.5032258064518,26.213650784886802
11,543.5106451612905,26.383338886556192
11,543.5180645161292,25.919075463622864
11,543.525483870968,26.085671543593776
11,543.5329032258066,25.869460606843433
11,543.5403225806454,25.561493215553618
11,543.547741935484,25.76802475852444
11,543.5551612903228,25.75845430015012
11,543.5625806451615,25.70894847113336
11,543.5700000000002,25.541008189818573
11,543.5774193548389,25.285049848700048
11,543.5848387096776,25.305723594728693
11,543.5922580645163,25.162948759727612
11,543.599677419355,24.860267887526234
11,543.6070967741937,25.037768609975277
11,543.6145161290324,25.060023821472278
11,543.6219354838711,25.083966458168597
11,543.6293548387098,24.94828880469254
11,543.6367741935486,24.861967967859407
11,543.6441935483873,24.626184518765392
11,543.651612903226,24.606700273902636
11,543.6590322580647,24.33406621475779
11,543.6664516129034,24.229796090922598
11,543.6738709677421,24.47818407532024
11,543.6812903225808,24.412298734806996
11,543.6887096774195,24.06631097979751
11,543.6961290322582,24.04076271899445
11,543.7035483870969,24.144454055137494
11,543.7109677419356,23.99647459056182
11,543.7183870967743,24.25018673206625
11,543.725806451613,23.825829796168748
11,543.7332258064517,23.80823135494477
11,543.7406451612904,23.535067874452835
11,543.7480645161291,23.7104919722791
11,543.7554838709679,23.472452446658565
11,543.7629032258067,23.49264037244496
11,543.7703225806454,23.508226962802286
11,543.7777419354841,23.443790235299808
11,543.7851612903228,23.256924637704884
11,543.7925806451615,22.994367686996554
11,543.8000000000002,23.267357159639445
11,543.8074193548389,22.966947559376692
11,543.8148387096776,23.029273630202045
11,543.8222580645163,22.938771004035857
11,543.829677419355,22.844884246555658
11,543.8370967741937,22.697675523828362
11,543.8445161290324,22.78298874378296
11,543.8519354838711,22.623180630745562
11,543.8593548387098,22.44158711675706
11,543.8667741935485,22.737399061708167
11,543.8741935483872,22.537217858455968
11,543.8816129032259,22.280082710624338
11,543.8890322580646,22.434776736849948
11,543.8964516129034,22.14963744567543
11,543.9038709677421,22.228021991202784
11,543.9112903225808,22.17359825756555
11,543.9187096774195,22.09105149150832
11,543.9261290322582,21.981773253283354
11,543.933548387097,22.014988765135445
11,543.9409677419357,21.816418318354643
11,543.9483870967744,21.728131673545853
11,543.9558064516131,21.70571260057559
11,543.9632258064518,21.707729244542556
11,543.9706451612905,21.552058230858904
11,543.9780645161292,21.553081059533383
11,543.9854838709679,21.44790815546574
11,543.9929032258066,21.699770623847225
11,544.0003225806453,21.337153871436687
11,544.007741935484,21.214064491565217
11,544.0151612903227,21.239588109010832
11,544.0225806451615,21.308076607649856
11,544.0300000000002,21.00423710988596
11,544.0374193548389,21.11590582272787
11,544.0448387096776,20.961317732072146
11,544.0522580645163,20.8849138119198
11,544.059677419355,20.878150035940408
11,544.0670967741937,20.83545670132432
11,544.0745161290324,20.658826958575485
11,544.0819354838711,20.741825588608165
11,544.0893548387098,20.661456032879588
11,544.0967741935485,20.453601508086894
11,544.1041935483872,20.58889458836948
11,544.1116129032259,20.60517657691139
11,544.1190322580646,20.45476078198069
11,544.1264516129033,20.45857475566861
11,544.133870967742,20.344651008631786
11,544.1412903225807,20.55836427954161
11,544.1487096774194,20.246234694633845
11,544.1561290322583,20.352522801426257
11,544.163548387097,20.15685089109055
11,544.1709677419357,19.82097263179876
11,544.1783870967744,19.72932534245981
11,544.1858064516131,19.831068822156944
11,544.1932258064518,19.75727118924037
11,544.2006451612905,19.91094942191666
11,544.2080645161292,19.80228301877143
11,544.2154838709679,19.64769691418506
11,544.2229032258066,19.415031058545463
11,544.2303225806453,19.734038315240138
11,544.237741935484,19.44132475274868
11,544.2451612903227,19.46141904749036
11,544.2525806451614,19.454033894237377
11,544.2600000000001,19.396215890882782
11,544.2674193548388,19.17699731570577
11,544.2748387096775,19.424030486840344
11,544.2822580645163,19.301389131480562
11,544.289677419355,19.139270354038747
11,544.2970967741937,19.137498506502585
11,544.3045161290324,19.060492373079352
11,544.3119354838711,19.05172355544962
11,544.3193548387098,19.16109024467478
11,544.3267741935485,18.993627895085286
11,544.3341935483872,18.88310290993029
11,544.341612903226,19.01182938544282
11,544.3490322580647,18.961161381797226
11,544.3564516129034,18.868298163152428
11,544.3638709677421,18.690066633523358
11,544.3712903225808,18.743067508441815
11,544.3787096774195,18.581251244099814
11,544.3861290322582,18.509247411374375
11,544.3935483870969,18.51996348254691
11,544.4009677419356,18.67954489784791
11,544.4083870967744,18.602088025457928
11,544.4158064516131,18.575738571559597
11,544.4232258064518,18.30793109082019
11,544.4306451612905,18.549445852808994
11,544.4380645161292,18.494116660803734
11,544.4454838709679,18.374600458035616
11,544.4529032258066,18.41996942482099
11,544.4603225806453,18.258363078443196
11,544.467741935484,18.220004530099963
11,544.4751612903227,18.097533653569794
11,544.4825806451614,18.05237568039876
11,544.4900000000001,18.13451163968861
11,544.4974193548388,18.033874978109175
11,544.5048387096775,17.982463301033683
11,544.5122580645162,18.012877072421233
11,544.5196774193549,17.934544401455078
11,544.5270967741936,17.999362368207834
11,544.5345161290323,17.919480378668013
11,544.5419354838712,17.7623234748553
11,544.5493548387099,17.837338593302775
11,544.5567741935486,17.923361055876253
11,544.5641935483873,17.875099274499593
11,544.571612903226,17.88277663411529
11,544.5790322580647,17.69441449301269
11,544.5864516129034,17.618867939314875
11,544.5938709677421,17.70948146561121
11,544.6012903225808,17.6113133364679
11,544.6087096774195,17.421522468558457
11,544.6161290322582,17.40811951832122
11,544.6235483870969,17.566563089887957
11,544.6309677419356,17.473493187535947
11,544.6383870967743,17.42592197158327
11,544.645806451613,17.317141829181157
11,544.6532258064517,17.517281933112628
11,544.6606451612904,17.308157267213904
11,544.6680645161292,17.36393664006133
11,544.6754838709679,17.322132500897645
11,544.6829032258066,17.265611817560806
11,544.6903225806453,17.170980324860682
11,544.697741935484,17.033296522796892
11,544.7051612903227,17.20214459767978
11,544.7125806451614,17.05230415535211
11,544.7200000000001,17.12719087536313
11,544.7274193548388,17.245994000497273
11,544.7348387096775,17.02840297592189
11,544.7422580645162,17.107183798192313
11,544.749677419355,17.055268431823404
11,544.7570967741937,16.936343551211028
11,544.7645161290324,16.998303912073442
11,544.7719354838711,16.89845054396673
11,544.7793548387098,16.93067849893819
11,544.7867741935485,16.808504154093452
11,544.7941935483872,16.773190427320415
11,544.801612903226,16.885891818030714
11,544.8090322580647,16.82251249363389
11,544.8164516129034,16.712086267670273
11,544.8238709677421,16.760257389882394
11,544.8312903225808,16.722245129854446
11,544.8387096774195,16.697021911995847
11,544.8461290322582,16.650352259411967
11,544.8535483870969,16.727668426733192
11,544.8609677419356,16.76070085461371
11,544.8683870967743,16.538635451603167
11,544.875806451613,16.527183754073505
11,544.8832258064517,16.373644734612377
11,544.8906451612904,16.468272577602157
11,544.8980645161291,16.561279931782504
11,544.9054838709678,16.40965077474351
11,544.9129032258065,16.39363098265569
11,544.9203225806452,16.400277730656246
11,544.927741935484,16.48599674265119
11,544.9351612903228,16.367057227100144
11,544.9425806451615,16.38596219832162
11,544.9500000000002,16.30820993418484
11,544.9574193548389,16.336551012978887
11,544.9648387096776,16.266977558595535
11,544.9722580645163,16.23642926148022
11,544.979677419355,16.21501640072069
11,544.9870967741937,16.114424914520868
11,544.9945161290324,16.14575700492511
11,545.0019354838711,16.04603289288518
11,545.0093548387098,16.197587156013974
11,545.0167741935485,16.184176889276493
11,545.0241935483872,16.201568741388105
11,545.0316129032259,16.11209494540504
11,545.0390322580646,16.01494240310877
11,545.0464516129033,15.966653483381743
11,545.053870967742,16.016717415081146
11,545.0612903225808,16.03682830432338
11,545.0687096774195,15.965331840871189
11,545.0761290322582,15.952583343986282
11,545.0835483870969,15.848232170388599
11,545.0909677419356,15.926491885057144
11,545.0983870967743,15.857037095709178
11,545.105806451613,15.927200527831134
11,545.1132258064517,15.826062881290797
11,545.1206451612904,15.810947942066257
11,545.1280645161291,15.975851809850182
11,545.1354838709678,15.72216798475766
11,545.1429032258065,15.817727677460182
11,545.1503225806453,15.666200524037583
11,545.157741935484,15.723360313283509
11,545.1651612903227,15.641837194044308
11,545.1725806451614,15.709445188577586
11,545.1800000000001,15.735602995011366
11,545.1874193548389,15.654345835667028
11,545.1948387096776,15.597771062274058
11,545.2022580645163,15.568242854977935
11,545.209677419355,15.730722794606555
11,545.2170967741937,15.566435777127955
11,545.2245161290324,15.539162388597513
11,545.2319354838711,15.618643493570872
11,545.2393548387098,15.386334871278075
11,545.2467741935485,15.474690634726219
11,545.2541935483872,15.623253810386839
11,545.2616129032259,15.549841258917859
11,545.2690322580646,15.465568588643814
11,545.2764516129033,15.40053111072755
11,545.283870967742,15.453997868684015
11,545.2912903225807,15.471351268176175
11,545.2987096774194,15.417367063843086
11,545.3061290322581,15.385596062334342
11,545.313548387097,15.441423561722669
11,545.3209677419356,15.407091652700366
11,545.3283870967743,15.316598855484616
11,545.335806451613,15.369592427786936
11,545.3432258064518,15.279064005840509
11,545.3506451612905,15.152710662235668
11,545.3580645161292,15.277351469075077
11,545.3654838709679,15.294553067742244
11,545.3729032258066,15.157229393046618
11,545.3803225806453,15.248328564609753
11,545.387741935484,15.18121050893455
11,545.3951612903227,15.056855852485564
11,545.4025806451614,15.199150919758772
11,545.4100000000001,14.990263644426976
11,545.4174193548388,15.156378102294687
11,545.4248387096775,15.009172121210803
11,545.4322580645162,15.066744997590101
11,545.4396774193549,15.07722823274377
11,545.4470967741937,15.037383257126507
11,545.4545161290324,14.989943495368378
11,545.4619354838711,15.005923042647918
11,545.4693548387098,14.912781022790691
11,545.4767741935485,14.991122904709622
11,545.4841935483872,15.079589959332091
11,545.4916129032259,14.847737981639263
11,545.4990322580646,14.936248542684117
11,545.5064516129033,14.869499598353134
11,545.513870967742,14.884994030868393
11,545.5212903225807,14.930377081578065
11,545.5287096774194,14.825780673530964
11,545.5361290322581,14.989996922357147
11,545.5435483870968,14.81294768904542
11,545.5509677419356,14.827184360731586
11,545.5583870967743,14.668883917063145
11,545.565806451613,14.884028630631395
11,545.5732258064518,14.680524148849754
11,545.5806451612905,14.798364522819073
11,545.5880645161292,14.717492889522038
11,545.5954838709679,14.787171005679513
11,545.6029032258066,14.691546479842224
11,545.6103225806453,14.749810317926437
11,545.617741935484,14.67037586930015
11,545.6251612903227,14.651695219619956
11,545.6325806451614,14.734889342228076
11,545.6400000000001,14.6716595150837
11,545.6474193548388,14.555028809912569
11,545.6548387096775,14.722022271097295
11,545.6622580645162,14.608467260406893
11,545.6696774193549,14.4917668250924
11,545.6770967741936,14.609615963843957
11,545.6845161290323,14.511524702414443
11,545.691935483871,14.491412992530584
11,545.6993548387097,14.484160920086625
11,545.7067741935485,14.461529749588166
11,545.7141935483872,14.534772014964926
11,545.721612903226,14.509258033655092
11,545.7290322580646,14.50558105818179
11,545.7364516129034,14.435607399707242
11,545.743870967742,14.394991170406868
11,545.7512903225808,14.441706957438594
11,545.7587096774195,14.387659227301462
11,545.7661290322582,14.276000784706913
11,545.7735483870969,14.48172064485736
11,545.7809677419356,14.296979907929273
11,545.7883870967743,14.382539345600424
11,545.795806451613,14.411520488089803
11,545.8032258064517,14.344610881416218
11,545.8106451612904,14.26852577193285
11,545.8180645161291,14.30921842167678
11,545.8254838709678,14.305441789373786
11,545.8329032258066,14.272004968697368
11,545.8403225806453,14.167060475386467
11,545.847741935484,14.213020337871852
11,545.8551612903227,14.281177536929476
11,545.8625806451614,14.313980287071004
11,545.8700000000001,14.19383920813136
11,545.8774193548388,14.190962672741803
11,545.8848387096775,14.33455704921291
11,545.8922580645162,14.17419576513934
11,545.8996774193549,14.196809384562878
11,545.9070967741936,14.068106433224271
11,545.9145161290323,14.216187777673746
11,545.921935483871,14.13097787687289
11,545.9293548387097,14.2265088110931
11,545.9367741935484,14.188364827484206
11,545.9441935483871,14.110905498192787
11,545.9516129032259,14.079633244094335
11,545.9590322580646,14.06494131247025
11,545.9664516129034,14.11175398262864
11,545.9738709677421,14.051040620020252
11,545.9812903225808,14.099605553578334
11,545.9887096774195,13.783658988214821
11,545.9961290322582,13.98205440679924
11,546.0035483870969,13.874566166777873
11,546.0109677419356,13.882478940511385
11,546.0183870967743,13.87516765978528
11,546.025806451613,13.920915427180645
11,546.0332258064517,13.902672071901458
11,546.0406451612904,13.877114030143385
11,546.0480645161291,13.880647959556411
11,546.0554838709678,13.866187327154353
11,546.0629032258065,13.902177346492302
11,546.0703225806452,13.771821419498195
11,546.0777419354839,13.8204288505364
11,546.0851612903226,13.875338008154595
11,546.0925806451614,13.762203644209878
11,546.1000000000001,13.81447981808342
11,546.1074193548388,13.773766565835373
11,546.1148387096775,13.738848463343247
11,546.1222580645162,13.840700885243278
11,546.129677419355,13.778048885611556
11,546.1370967741937,13.775851288397849
11,546.1445161290324,13.817367694680826
11,546.1519354838711,13.784784056844988
11,546.1593548387098,13.77200423150678
11,546.1667741935485,13.789015084287513
11,546.1741935483872,13.75618008202278
11,546.1816129032259,13.617521067297456
11,546.1890322580646,13.676203587598538
11,546.1964516129033,13.652274495149681
11,546.203870967742,13.712317468504828
11,546.2112903225807,13.601713643452062
11,546.2187096774194,13.768636408846385
11,546.2261290322582,13.833840749134609
11,546.2335483870969,13.648539760703878
11,546.2409677419356,13.652349022684938
11,546.2483870967743,13.5572245139414
11,546.255806451613,13.748899790592036
11,546.2632258064517,13.656280682688362
11,546.2706451612904,13.699470841820865
11,546.2780645161291,13.600843838350636
11,546.2854838709678,13.525298717674664
11,546.2929032258065,13.534048224963371
11,546.3003225806452,13.608284307994289
11,546.3077419354839,13.650298377700878
11,546.3151612903226,13.667384896005503
11,546.3225806451613,13.726738027768487
11,546.33,13.661247588215131
11,546.3374193548387,13.602868661724585
11,546.3448387096774,13.6008326844216
11,546.3522580645163,13.43065075546068
11,546.359677419355,13.397329899461102
11,546.3670967741937,13.381136899761005
11,546.3745161290324,13.520142220295302
11,546.3819354838711,13.443208247458635
11,546.3893548387098,13.354732088517734
11,546.3967741935485,13.37920404787294
11,546.4041935483872,13.385180607522882
11,546.4116129032259,13.425624155065245
11,546.4190322580646,13.48483524480964
11,546.4264516129033,13.350954406244743
11,546.433870967742,13.359572076526328
11,546.4412903225807,13.354312129312794
11,546.4487096774194,13.282831279890072
11,546.4561290322581,13.379305958531521
11,546.4635483870968,13.306104097640436
11,546.4709677419355,13.393938745327985
11,546.4783870967743,13.448562845877984
11,546.485806451613,13.320472885618344
11,546.4932258064517,13.28936524148531
11,546.5006451612904,13.313585148173019
11,546.5080645161291,13.392809571519177
11,546.5154838709678,13.35282036021031
11,546.5229032258065,13.306961038012558
11,546.5303225806452,13.25535557618329
11,546.537741935484,13.301456382566915
11,546.5451612903227,13.399348964504835
11,546.5525806451614,13.35556360449961
11,546.5600000000001,13.304773170321337
11,546.5674193548388,13.216677563379795
11,546.5748387096775,13.308291369901994
11,546.5822580645162,13.282795800793957
11,546.5896774193549,13.288684008925951
11,546.5970967741936,13.429566334716544
11,546.6045161290323,13.302933104701394
11,546.6119354838711,13.263686979780289
11,546.6193548387098,13.258421902892126
11,546.6267741935485,13.306431136565363
11,546.6341935483872,13.29312414010862
11,546.6416129032259,13.172912039270797
11,546.6490322580646,13.27955572592044
11,546.6564516129033,13.182000994167055
11,546.663870967742,13.3082526399926
11,546.6712903225807,13.233037734476623
11,546.6787096774194,13.250883257344473
11,546.6861290322581,13.24662391078841
11,546.6935483870968,13.28362737628466
11,546.7009677419355,13.22199943383834
11,546.7083870967742,13.307048961842266
11,546.7158064516129,13.249450666587949
11,546.7232258064516,13.255576988192209
11,546.7306451612903,13.226978900585571
11,546.7380645161292,13.359081401868915
11,546.7454838709679,13.229469318491434
11,546.7529032258066,13.213006749123362
11,546.7603225806453,13.31256721818434
11,546.767741935484,13.259276906434527
11,546.7751612903227,13.216376831711226
11,546.7825806451614,13.050112027159892
11,546.7900000000001,12.98806845035284
11,546.7974193548388,13.019705827436331
11,546.8048387096775,13.096831652610287
11,546.8122580645162,13.057707938351593
11,546.8196774193549,13.098225839552018
11,546.8270967741936,13.05936031074666
11,546.8345161290323,13.072865472758577
11,546.841935483871,13.028133543825973
11,546.8493548387097,13.040962579894504
11,546.8567741935484,13.050489246664329
11,546.8641935483871,12.980933748978762
11,546.8716129032259,13.104429008377467
11,546.8790322580646,13.117756435712998
11,546.8864516129033,13.024703513749063
11,546.893870967742,13.094529824246575
11,546.9012903225807,13.166705087837405
11,546.9087096774194,13.116040018304313
11,546.9161290322581,13.038466361322158
11,546.9235483870968,13.13575554572407
11,546.9309677419355,13.157671562637564
11,546.9383870967742,13.077858011820354
11,546.945806451613,13.092447386703965
11,546.9532258064517,13.068188963863312
11,546.9606451612904,13.14936397967152
11,546.9680645161291,13.108373691736931
11,546.9754838709678,13.1754957729559
11,546.9829032258065,13.133813825420637
11,546.9903225806452,13.132121224384388
11,546.997741935484,13.18375291756172
11,547.0051612903227,13.094494586381765
11,547.0125806451614,13.193460569620653
11,547.0200000000001,13.17408649950433
11,547.0274193548388,13.109890215421114
11,547.0348387096775,13.210239605764235
11,547.0422580645162,13.317222966123582
11,547.0496774193549,13.18197047240735
11,547.0570967741936,13.127341777708596
11,547.0645161290323,13.13246314422807
11,547.071935483871,13.09917325320931
11,547.0793548387097,13.211141630384205
11,547.0867741935484,13.17228591543064
11,547.0941935483871,13.247301522826708
11,547.1016129032258,13.20939875978572
11,547.1090322580645,13.223992621915706
11,547.1164516129032,13.15792246134569
11,547.123870967742,13.164575549486468
11,547.1312903225808,13.298189654139339
11,547.1387096774195,13.136786553924177
11,547.1461290322582,13.193493739719429
11,547.1535483870969,13.297681629368403
11,547.1609677419356,13.285974766337622
11,547.1683870967743,13.15136456582616
11,547.175806451613,13.295451147365213
11,547.1832258064517,13.311496945797069
11,547.1906451612904,13.267555681364978
11,547.1980645161291,13.264921997376113
11,547.2054838709678,13.29383828288438
11,547.2129032258065,13.185259685429571
11,547.2203225806452,13.197469075356459
11,547.2277419354839,13.21148933275353
11,547.2351612903226,13.210491168556432
11,547.2425806451613,13.343851575847001
11,547.25,13.32696751539059
11,547.2574193548388,13.314306030360575
11,547.2648387096775,13.152461637858819
11,547.2722580645162,13.294038477001262
11,547.2796774193549,13.41530723355252
11,547.2870967741936,13.414176534499013
11,547.2945161290323,13.298695335251757
11,547.301935483871,13.333476784622333
11,547.3093548387097,13.383013342986882
11,547.3167741935484,13.312700632718053
11,547.3241935483871,13.202192128349722
11,547.3316129032258,13.371852347681411
11,547.3390322580645,13.061175997454821
11,547.3464516129033,13.155618200334574
11,547.353870967742,13.15126414568146
11,547.3612903225807,13.162868900281193
11,547.3687096774194,13.093734634607397
11,547.3761290322581,13.15628190645982
11,547.3835483870969,13.141482895458337
11,547.3909677419356,13.204390867182726
11,547.3983870967743,13.221274411385616
11,547.405806451613,13.1544637710563
11,547.4132258064517,13.198727351726113
11,547.4206451612904,13.203175402201165
11,547.4280645161291,13.199503208834534
11,547.4354838709678,13.181406363721528
11,547.4429032258065,13.167709004657613
11,547.4503225806452,13.223409992055062
11,547.4577419354839,13.162184128093386
11,547.4651612903226,13.064378143191767
11,547.4725806451613,13.197371181547929
11,547.48,13.215032891036158
11,547.4874193548387,13.219757623643208
11,547.4948387096774,13.207679242124831
11,547.5022580645161,13.16929911921916
11,547.5096774193548,13.188930858519374
11,547.5170967741936,13.283862734185197
11,547.5245161290323,13.262569275377947
11,547.531935483871,13.219670372608363
11,547.5393548387098,13.170924769764044
11,547.5467741935485,13.209456020116228
11,547.5541935483872,13.264302758358813
11,547.5616129032259,13.317060859005226
11,547.5690322580646,13.354433369603262
11,547.5764516129033,13.35240547557114
11,547.583870967742,13.197792841916241
11,547.5912903225807,13.23440879631038
11,547.5987096774194,13.420993012664697
11,547.6061290322581,13.323841714510111
11,547.6135483870968,13.371658011581962
11,547.6209677419355,13.37127022694025
11,547.6283870967742,13.319154441287694
11,547.6358064516129,13.346313738480939
11,547.6432258064517,13.36453380428712
11,547.6506451612904,13.357392589688466
11,547.6580645161291,13.300599389172902
11,547.6654838709678,13.378454571615435
11,547.6729032258065,13.347757952135384
11,547.6803225806452,13.495629836118596
11,547.6877419354839,13.40258521002571
11,547.6951612903226,13.424358270678262
11,547.7025806451613,13.525868540939605
11,547.71,13.488817670825869
11,547.7174193548387,13.376011222479278
11,547.7248387096774,13.342696706322059
11,547.7322580645161,13.383834607196677
11,547.7396774193548,13.446255961194124
11,547.7470967741936,13.483659279225597
11,547.7545161290323,13.487255644253294
11,547.761935483871,13.575918905934044
11,547.7693548387097,13.508423594597746
11,547.7767741935485,13.49070448140493
11,547.7841935483872,13.507899590715244
11,547.7916129032259,13.487487953919983
11,547.7990322580646,13.563059050157447
11,547.8064516129033,13.514899934834546
11,547.813870967742,13.526075452561669
11,547.8212903225807,13.533993177591706
11,547.8287096774194,13.463142958255862
11,547.8361290322581,13.445366232622643
11,547.8435483870968,13.540266203859547
11,547.8509677419355,13.668678963587634
11,547.8583870967742,13.641600449714884
11,547.8658064516129,13.55019869275091
11,547.8732258064516,13.577503706047356
11,547.8806451612903,13.561582987245128
11,547.888064516129,13.643642895470418
11,547.8954838709677,13.617712050055546
11,547.9029032258065,13.740230186039506
11,547.9103225806452,13.6113034169237
11,547.917741935484,13.647111013115321
11,547.9251612903226,13.730766459348777
11,547.9325806451614,13.733902343816066
11,547.94,13.662037959404495
11,547.9474193548388,13.707783238539387
11,547.9548387096775,13.661107008088335
11,547.9622580645162,13.720181696345595
11,547.9696774193549,13.766985681251771
11,547.9770967741936,13.753899810520295
11,547.9845161290323,13.754244277563556
11,547.991935483871,13.708698406819412
11,547.9993548387097,13.71671778631744
11,548.0067741935484,13.771126549067214
11,548.0141935483871,13.797352305441517
11,548.0216129032258,13.91256258447486
11,548.0290322580645,13.796293475118038
11,548.0364516129033,13.776278644081714
11,548.043870967742,13.889742975798361
11,548.0512903225807,13.790824704479535
11,548.0587096774194,13.834275330756995
11,548.0661290322581,13.827108010301611
11,548.0735483870968,13.888957478050427
11,548.0809677419355,13.874659937490232
11,548.0883870967742,13.970088270293855
11,548.0958064516129,13.898358412921755
11,548.1032258064516,13.93930213714303
11,548.1106451612903,13.927669764489336
11,548.118064516129,13.887681463263005
11,548.1254838709677,14.020346842661976
11,548.1329032258064,13.989994272619546
11,548.1403225806451,14.036084736219786
11,548.1477419354839,14.007066089731051
11,548.1551612903226,14.063942690192745
11,548.1625806451614,14.058342051097233
11,548.1700000000001,13.99870622552124
11,548.1774193548388,14.186290720805692
11,548.1848387096775,14.073493794700585
11,548.1922580645162,14.112806554071248
11,548.1996774193549,14.166740995072656
11,548.2070967741936,14.08139573894167
11,548.2145161290323,14.21072051314071
11,548.221935483871,14.156740206929303
11,548.2293548387097,14.215939902702939
11,548.2367741935484,14.124017465334004
11,548.2441935483871,14.083827633880029
11,548.2516129032258,14.23212706973827
11,548.2590322580645,14.231543750167667
11,548.2664516129032,14.249862837090648
11,548.2738709677419,14.130927299325725
11,548.2812903225806,14.257279377172399
11,548.2887096774194,14.39887512329216
11,548.2961290322581,14.324745537021078
11,548.3035483870968,14.29776426452783
11,548.3109677419355,14.319168965211594
11,548.3183870967742,14.43815750532287
11,548.325806451613,14.269296072082618
11,548.3332258064517,14.32480023224779
11,548.3406451612904,14.333613040741431
11,548.348064516129,14.315050658982827
11,548.3554838709678,14.43712556704575
11,548.3629032258065,14.469906122357626
11,548.3703225806452,14.440044935748709
11,548.3777419354839,14.420040229978083
11,548.3851612903226,14.433521752394617
11,548.3925806451613,14.362332362582316
11,548.4,14.418430547409796
11,548.4074193548387,14.493326875932654
11,548.4148387096774,14.628322454526463
11,548.4222580645162,14.537979448804501
11,548.4296774193549,14.609112751492512
11,548.4370967741936,14.605224067453326
11,548.4445161290323,14.466567137702658
11,548.451935483871,14.595719588938413
11,548.4593548387097,14.70240159082344
11,548.4667741935484,14.56116193258254
11,548.4741935483871,14.599140568515319
11,548.4816129032258,14.661658166078814
11,548.4890322580645,14.606013852336863
11,548.4964516129032,14.60267061918193
11,548.5038709677419,14.752799963995459
11,548.5112903225806,14.751927834959439
11,548.5187096774193,14.692968276077359
11,548.526129032258,14.646255417469932
11,548.5335483870967,14.789578147884004
11,548.5409677419354,14.753973394202417
11,548.5483870967743,14.816565244894166
11,548.555806451613,14.76164062162427
11,548.5632258064517,14.97918635103956
11,548.5706451612904,14.857446110341648
11,548.5780645161291,14.906318326493121
11,548.5854838709678,14.917628740404753
11,548.5929032258065,14.928615416686965
11,548.6003225806452,14.949266647486102
11,548.6077419354839,14.87906287376786
11,548.6151612903226,14.988565458108198
11,548.6225806451613,15.095626882323694
11,548.63,14.904556720007006
11,548.6374193548387,15.032542366907649
11,548.6448387096774,14.97819461372462
11,548.6522580645161,15.10882992515778
11,548.6596774193548,15.041390864106548
11,548.6670967741935,15.041506058227766
11,548.6745161290322,15.232061291202045
11,548.681935483871,15.17743771441595
11,548.6893548387097,15.228744439622169
11,548.6967741935484,15.07468064265485
11,548.7041935483871,15.244884097909926
11,548.7116129032258,15.266390465778084
11,548.7190322580645,15.301857750563048
11,548.7264516129032,15.234593792016662
11,548.733870967742,15.293632878571545
11,548.7412903225807,15.326953716980148
11,548.7487096774194,15.34748734258992
11,548.7561290322581,15.328836324536722
11,548.7635483870968,15.412560910774332
11,548.7709677419355,15.42268221118453
11,548.7783870967742,15.379669501918231
11,548.7858064516129,15.352800046248818
11,548.7932258064516,15.453120402947084
11,548.8006451612903,15.396572503028292
11,548.8080645161291,15.435887082921882
11,548.8154838709678,15.488540046862738
11,548.8229032258065,15.54081296456242
11,548.8303225806452,15.556005308650795
11,548.8377419354839,15.62147446281207
11,548.8451612903226,15.554974313125207
11,548.8525806451613,15.600270360828898
11,548.86,15.524778291075041
11,548.8674193548387,15.812523228875714
11,548.8748387096774,15.619479817088967
11,548.8822580645161,15.77321670967426
11,548.8896774193548,15.73150794503234
11,548.8970967741935,15.78400980561236
11,548.9045161290322,15.79434557165167
11,548.9119354838709,15.753411155231856
11,548.9193548387096,15.842509385352036
11,548.9267741935483,15.811212302511414
11,548.934193548387,15.80192359065388
11,548.9416129032259,15.787587964232788
11,548.9490322580646,15.790080946317197
11,548.9564516129033,15.898395694879442
11,548.963870967742,15.941929351731847
11,548.9712903225807,15.91152655828559
11,548.9787096774194,16.00524398048025
11,548.9861290322581,15.959344307740002
11,548.9935483870968,16.061461297504948
11,549.0009677419355,15.954091105621494
11,549.0083870967742,16.01207281440628
11,549.0158064516129,16.19636497744554
11,549.0232258064516,16.0547254777191
11,549.0306451612903,16.14825398025975
11,549.038064516129,16.205374729846245
11,549.0454838709677,16.185772333459937
11,549.0529032258064,16.042255898422766
11,549.0603225806451,16.324403742224966
11,549.0677419354839,16.288088533688217
11,549.0751612903226,16.20269236798578
11,549.0825806451613,16.260583176725575
11,549.09,16.215093032580675
11,549.0974193548387,16.344500729338932
11,549.1048387096774,16.270993188008948
11,549.1122580645161,16.508569430578415
11,549.1196774193548,16.339570279463093
11,549.1270967741935,16.447342831039823
11,549.1345161290322,16.610316778355347
11,549.141935483871,16.516424129463392
11,549.1493548387097,16.490548759735496
11,549.1567741935484,16.54728679516872
11,549.1641935483871,16.630567971566617
11,549.1716129032258,16.592331361075164
11,549.1790322580645,16.644286506002835
11,549.1864516129032,16.5511444998262
11,549.193870967742,16.596001038565117
11,549.2012903225807,16.73615940140702
11,549.2087096774194,16.64410186934769
11,549.2161290322581,16.79776883044294
11,549.2235483870968,16.852721872565535
11,549.2309677419355,16.705096448188954
11,549.2383870967742,16.89101671860036
11,549.2458064516129,16.862802030756338
11,549.2532258064516,16.91367811950016
11,549.2606451612903,16.89983518034868
11,549.268064516129,16.789859217840306
11,549.2754838709677,16.85365281991916
11,549.2829032258064,16.898247394693986
11,549.2903225806451,16.84987347939293
11,549.2977419354838,16.999829065907466
11,549.3051612903225,17.005579992311368
11,549.3125806451612,17.035826634683232
11,549.3199999999999,17.058370235271763
11,549.3274193548388,17.35137672891625
11,549.3348387096775,17.10274257629304
11,549.3422580645162,17.10722445373138
11,549.3496774193549,17.117932806109643
11,549.3570967741936,17.25847276622615
11,549.3645161290323,17.096987913004316
11,549.371935483871,17.304773478159618
11,549.3793548387097,17.31845008100727
11,549.3867741935484,17.40478142912031
11,549.3941935483871,17.4018986555143
11,549.4016129032258,17.298089245616804
11,549.4090322580645,17.361613928992995
11,549.4164516129032,17.469787809515275
11,549.4238709677419,17.477379213990563
11,549.4312903225806,17.582923730520076
11,549.4387096774193,17.547527317798725
11,549.446129032258,17.412821199091876
11,549.4535483870968,17.378574583419358
11,549.4609677419355,17.636156286059357
11,549.4683870967742,17.58834154032905
11,549.4758064516129,17.788134107886638
11,549.4832258064516,17.755094724222328
11,549.4906451612903,17.600921319745495
11,549.498064516129,17.685280088148975
11,549.5054838709677,17.86964088964791
11,549.5129032258064,17.71064229080807
11,549.5203225806451,17.82971970021035
11,549.5277419354838,17.731940054487595
11,549.5351612903225,17.874191302096058
11,549.5425806451613,17.937551391699976
11,549.55,17.93332951857474
11,549.5574193548387,17.805062707068668
11,549.5648387096774,17.90397416522564
11,549.5722580645161,18.10229106853986
11,549.5796774193548,18.046335362263626
11,549.5870967741936,18.124331021562362
11,549.5945161290323,18.04798000594367
11,549.601935483871,18.201984708335416
11,549.6093548387097,18.052916667531733
11,549.6167741935484,18.09879795269115
11,549.6241935483871,18.03104766053098
11,549.6316129032258,18.21015771083477
11,549.6390322580645,17.987638961804166
11,549.6464516129032,18.129277455979008
11,549.6538709677419,18.283443091158656
11,549.6612903225806,18.19657173437057
11,549.6687096774193,18.216985871670477
11,549.676129032258,18.323161649247105
11,549.6835483870967,18.41052716883059
11,549.6909677419354,18.419070390507503
11,549.6983870967741,18.37581936067428
11,549.7058064516128,18.544920837542925
11,549.7132258064516,18.38499750631
11,549.7206451612903,18.411637813184694
11,549.728064516129,18.35651562160968
11,549.7354838709678,18.443998890437122
11,549.7429032258065,18.405085841427738
11,549.7503225806452,18.686623880320244
11,549.7577419354839,18.67602518123169
11,549.7651612903226,18.731961836601183
11,549.7725806451613,18.607919446266457
11,549.78,18.712439119133748
11,549.7874193548387,18.642348871334534
11,549.7948387096774,18.920494765386067
11,549.8022580645161,18.82627790628595
11,549.8096774193548,18.811052899263814
11,549.8170967741935,18.953294759559082
11,549.8245161290322,18.834751302931576
11,549.8319354838709,18.861056469900547
11,549.8393548387096,19.14535767019286
11,549.8467741935484,18.855596038894987
11,549.8541935483871,19.096749942581233
11,549.8616129032258,18.952849577963118
11,549.8690322580645,19.083046602656243
11,549.8764516129032,19.139545060477282
11,549.8838709677419,19.121220277605996
11,549.8912903225806,19.21268407033269
11,549.8987096774193,19.180108750099272
11,549.906129032258,19.147831515247145
11,549.9135483870967,19.359920129536032
11,549.9209677419354,19.2076177200122
11,549.9283870967741,19.529823834388083
11,549.9358064516128,19.54264159995611
11,549.9432258064516,19.328723893755683
11,549.9506451612903,19.534987330119566
11,549.958064516129,19.57423364824231
11,549.9654838709677,19.61828919435142
11,549.9729032258065,19.54496440493477
11,549.9803225806452,19.567055860452733
11,549.9877419354839,19.691256774569418
11,549.9951612903226,19.66444016560234
11,550.0025806451613,20.230293358737946
11,550.01,20.326535103246524
11,550.0174193548387,20.382784038868934
11,550.0248387096774,20.315480418068073
11,550.0322580645161,20.267028053733
11,550.0396774193548,20.428994018451633
11,550.0470967741935,20.526471738965153
11,550.0545161290322,20.485670350849738
11,550.0619354838709,20.43640490575487
11,550.0693548387096,20.56457002575017
11,550.0767741935483,20.601783917269525
11,550.084193548387,20.55047144374792
11,550.0916129032257,20.62870069418995
11,550.0990322580644,20.534270871181487
11,550.1064516129032,20.7508774020688
11,550.113870967742,20.880563560034826
11,550.1212903225806,20.77577554564255
11,550.1287096774194,20.868195914357248
11,550.136129032258,20.99888977092297
11,550.1435483870968,20.890725150452624
11,550.1509677419355,20.94079224582469
11,550.1583870967742,20.996198751866785
11,550.1658064516129,21.02671273068541
11,550.1732258064516,21.318551779615714
11,550.1806451612903,21.266341771831993
11,550.188064516129,21.224137178058108
11,550.1954838709677,21.239395337409377
11,550.2029032258064,21.37127331937593
11,550.2103225806451,21.20867269481314
11,550.2177419354838,21.2568297534816
11,550.2251612903225,21.23916225837397
11,550.2325806451613,21.46264814380063
11,550.24,21.475218713867868
11,550.2474193548387,21.465290398940887
11,550.2548387096774,21.771013299124625
11,550.2622580645161,21.56740441405936
11,550.2696774193548,21.58829449035512
11,550.2770967741935,21.582943992874206
11,550.2845161290322,21.852039875247428
11,550.2919354838709,21.675040113684002
11,550.2993548387096,21.726006206090783
11,550.3067741935483,21.77100749030622
11,550.314193548387,21.674915535861185
11,550.3216129032257,21.63697701595565
11,550.3290322580644,22.170432132199906
11,550.3364516129031,22.094082365759412
11,550.3438709677419,22.243623248048067
11,550.3512903225806,21.838149202247216
11,550.3587096774194,22.140876336424665
11,550.3661290322581,22.092196032189797
11,550.3735483870968,22.125393501423975
11,550.3809677419355,22.156713131331735
11,550.3883870967742,22.171548034007966
11,550.3958064516129,22.333369213010798
11,550.4032258064516,22.310584126052458
11,550.4106451612903,22.466812811762363
11,550.418064516129,22.481540838093686
11,550.4254838709677,22.386427847803375
11,550.4329032258064,22.375105079406435
11,550.4403225806451,22.68118348329792
11,550.4477419354838,22.861768953180224
11,550.4551612903225,22.809342312879547
11,550.4625806451612,22.82240892001854
11,550.4699999999999,22.736349769196554
11,550.4774193548386,22.81479429392785
11,550.4848387096773,22.8771959807616
11,550.4922580645161,22.716858022618943
11,550.4996774193548,22.954994946303152
11,550.5070967741935,22.900571872578276
11,550.5145161290322,23.074695156528886
11,550.521935483871,23.121570967517236
11,550.5293548387097,23.24302096467139
11,550.5367741935484,23.169142548731127
11,550.544193548387,23.24566746181405
11,550.5516129032258,23.361276832694394
11,550.5590322580645,23.155311057406095
11,550.5664516129032,24.283691780727334
11,550.5738709677419,24.18392454238653
11,550.5812903225806,24.501022630540703
11,550.5887096774193,24.353813012167436
11,550.596129032258,24.527380772568982
11,550.6035483870967,24.357207737217777
11,550.6109677419354,24.343721644339432
11,550.6183870967742,24.529802775661274
11,550.6258064516129,24.269394933844115
11,550.6332258064516,24.70850648961464
11,550.6406451612903,24.58763411975635
11,550.648064516129,24.526387111835835
11,550.6554838709677,24.491916654948906
11,550.6629032258064,24.749199186756545
11,550.6703225806451,24.834535399923762
11,550.6777419354838,24.855485264952982
11,550.6851612903225,24.841115524423895
11,550.6925806451612,24.978313362156456
11,550.6999999999999,24.89767766004914
11,550.7074193548386,25.319840806507635
11,550.7148387096773,25.178317311149573
11,550.722258064516,25.08470268196418
11,550.7296774193547,25.195234650296683
11,550.7370967741934,25.37051063744177
11,550.7445161290323,25.495617506034744
11,550.751935483871,25.338939917282662
11,550.7593548387097,25.607312453357935
11,550.7667741935484,25.70653803553532
11,550.7741935483871,25.73524143940415
11,550.7816129032258,25.77133262839926
11,550.7890322580645,25.773496165519287
11,550.7964516129032,25.93152859000338
11,550.8038709677419,25.809853314489406
11,550.8112903225806,25.860221102649067
11,550.8187096774193,25.90472310675313
11,550.826129032258,25.82872817914939
11,550.8335483870967,25.92389955657513
11,550.8409677419354,26.221586473675206
11,550.8483870967741,26.253142440530915
11,550.8558064516128,26.2239543975602
11,550.8632258064515,26.230310887177374
11,550.8706451612902,26.714492347935558
11,550.878064516129,26.508742968752077
11,550.8854838709677,26.58376472769321
11,550.8929032258064,26.62931728740041
11,550.9003225806451,26.467317334821743
11,550.9077419354838,26.57780285970859
11,550.9151612903225,26.837089071251317
11,550.9225806451612,26.870824879867268
11,550.93,27.053450197645766
11,550.9374193548387,27.156276428021794
11,550.9448387096774,27.275897343641127
11,550.9522580645161,26.860122854894627
11,550.9596774193548,27.159582770762583
11,550.9670967741935,27.270644626631682
11,550.9745161290322,27.324885022142592
11,550.9819354838709,27.288390348418325
11,550.9893548387096,27.382449431239888
11,550.9967741935483,27.924892783200878
11,551.0041935483871,28.423910592160027
11,551.0116129032258,28.734868967406747
11,551.0190322580645,28.580685223925652
11,551.0264516129032,28.340606497642497
11,551.0338709677419,28.942858071389605
11,551.0412903225806,28.899763127488807
11,551.0487096774193,28.665851902192344
11,551.056129032258,28.722802237546663
11,551.0635483870967,28.998513899913068
11,551.0709677419354,29.009508524681213
11,551.0783870967741,28.91464680936326
11,551.0858064516128,29.18933206805078
11,551.0932258064515,29.14848006746204
11,551.1006451612902,29.687815865307584
11,551.1080645161289,29.528109750981958
11,551.1154838709676,29.38740723515326
11,551.1229032258063,29.76348391070585
11,551.130322580645,29.63987036746435
11,551.1377419354839,29.722332513103467
11,551.1451612903226,29.56666417666314
11,551.1525806451613,29.693651105924427
11,551.16,30.174287368030214
11,551.1674193548387,30.172002146808467
11,551.1748387096774,29.91279058930564
11,551.1822580645161,30.404690318342276
11,551.1896774193548,30.118332719013566
11,551.1970967741935,30.308762165028188
11,551.2045161290322,30.061705898127588
11,551.2119354838709,30.448148906637414
11,551.2193548387096,30.3745724772618
11,551.2267741935483,30.702949447346626
11,551.234193548387,30.816018417043296
11,551.2416129032257,30.92799920784147
11,551.2490322580644,30.95333152552222
11,551.2564516129031,30.833487420418287
11,551.2638709677419,30.941270044375994
11,551.2712903225806,31.00358680991026
11,551.2787096774193,31.21014030295827
11,551.286129032258,31.171169144158792
11,551.2935483870967,31.204671125495764
11,551.3009677419354,31.36708288623461
11,551.3083870967741,31.38572151799394
11,551.3158064516128,31.617826763305683
11,551.3232258064515,31.524575093848853
11,551.3306451612902,31.98620861658595
11,551.338064516129,32.050166659661464
11,551.3454838709677,31.7979220874728
11,551.3529032258064,31.691563299446525
11,551.3603225806451,33.28354299935215
11,551.3677419354838,33.049740276773264
11,551.3751612903225,33.16022004950574
11,551.3825806451612,33.20959012347491
11,551.3899999999999,33.10779015377795
11,551.3974193548387,33.49215103024081
11,551.4048387096774,33.21737843043458
11,551.4122580645161,33.66530679310484
11,551.4196774193548,33.96157733769284
11,551.4270967741935,33.7768465717281
11,551.4345161290322,33.92951419906803
11,551.4419354838709,33.7787438428079
11,551.4493548387096,34.14380077232829
11,551.4567741935483,34.538237336849754
11,551.464193548387,34.350160578041574
11,551.4716129032257,34.06126690769892
11,551.4790322580644,34.31027682136637
11,551.4864516129031,34.43750965845161
11,551.4938709677418,34.357515396704784
11,551.5012903225805,34.314314896531336
11,551.5087096774192,34.711987495062836
11,551.5161290322579,34.55423386675486
11,551.5235483870968,35.184073473730784
11,551.5309677419355,34.637418622508044
11,551.5383870967742,35.15265360797082
11,551.5458064516129,35.2271835886961
11,551.5532258064516,35.288963900384076
11,551.5606451612903,35.49376000304215
11,551.568064516129,35.15156758006978
11,551.5754838709677,35.42602243955725
11,551.5829032258064,35.676161933740985
11,551.5903225806451,35.92210610898997
11,551.5977419354838,36.19757955942523
11,551.6051612903225,35.64035274671818
11,551.6125806451612,35.87163774106396
11,551.6199999999999,35.99567388543174
11,551.6274193548386,36.37823100367189
11,551.6348387096773,36.186095759649035
11,551.642258064516,36.812494480017676
11,551.6496774193547,36.79252263975651
11,551.6570967741935,36.82729834228713
11,551.6645161290322,37.19385831283022
11,551.6719354838709,38.259656562741
11,551.6793548387096,38.89155403701937
11,551.6867741935483,38.59753004937197
11,551.694193548387,38.68565729355234
11,551.7016129032257,39.153524637460976
11,551.7090322580644,38.90834809283997
11,551.7164516129031,39.501069228876894
11,551.7238709677418,38.88543006664341
11,551.7312903225805,39.421519719676894
11,551.7387096774193,39.688554766769826
11,551.746129032258,39.26758499004037
11,551.7535483870967,40.35011061821907
11,551.7609677419354,40.03218490285987
11,551.7683870967741,40.51184604091402
11,551.7758064516128,40.14313837295158
11,551.7832258064516,40.5867969798444
11,551.7906451612903,40.64041974169915
11,551.798064516129,41.01867462104764
11,551.8054838709677,40.570914925510756
11,551.8129032258064,40.63683126631143
11,551.8203225806451,41.33350277962296
11,551.8277419354838,41.1025068609923
11,551.8351612903225,41.19717774569517
11,551.8425806451612,41.751042079800534
11,551.8499999999999,41.94315174932177
11,551.8574193548386,41.73481377214139
11,551.8648387096773,42.00837115521935
11,551.872258064516,42.04457527599808
11,551.8796774193547,41.310882309598185
11,551.8870967741934,42.454775524322756
11,551.8945161290321,42.96741585664195
11,551.9019354838708,42.77979073794395
11,551.9093548387095,42.157320998576445
11,551.9167741935483,42.89698020796314
11,551.924193548387,42.6618965738023
11,551.9316129032258,43.30144620843332
11,551.9390322580645,43.17117609355492
11,551.9464516129032,43.282922521456875
11,551.9538709677419,43.06208788611117
11,551.9612903225806,45.00383716955364
11,551.9687096774193,44.65062501366215
11,551.976129032258,44.729200433936875
11,551.9835483870967,45.42522813843071
11,551.9909677419354,45.106920893046954
11,551.9983870967741,45.7313170921813
11,552.0058064516128,45.68343971579808
11,552.0132258064515,45.69379870042821
11,552.0206451612902,45.5002312929745
11,552.0280645161289,45.713487708992595
11,552.0354838709676,45.071465531376994
11,552.0429032258064,45.39632398566978
11,552.0503225806451,46.07926880646088
11,552.0577419354838,45.616835413604356
11,552.0651612903225,45.87193915630856
11,552.0725806451612,45.98632025189759
11,552.0799999999999,46.626453577131294
11,552.0874193548386,46.261453781195904
11,552.0948387096773,46.346739238359675
11,552.102258064516,46.19541060684802
11,552.1096774193547,46.75521291991062
11,552.1170967741934,46.29957550388783
11,552.1245161290321,47.27626926357377
11,552.1319354838708,47.34296445891611
11,552.1393548387096,46.59773617686073
11,552.1467741935483,47.32602291840318
11,552.154193548387,47.6195966884125
11,552.1616129032257,48.398952625657905
11,552.1690322580644,47.081890295141235
11,552.1764516129032,47.10274597887697
11,552.1838709677419,48.05953582416548
11,552.1912903225806,47.33315176941999
11,552.1987096774193,47.528806641300896
11,552.206129032258,48.09932027809057
11,552.2135483870967,47.67841764469281
11,552.2209677419354,48.13470390623751
11,552.2283870967741,49.838904631431234
11,552.2358064516128,50.143049300399326
11,552.2432258064515,50.13029460045352
11,552.2506451612902,50.313089046745795
11,552.2580645161289,50.695717220368614
11,552.2654838709676,51.03493195839493
11,552.2729032258063,50.72325622548612
11,552.280322580645,51.66596982285797
11,552.2877419354837,51.05731600940274
11,552.2951612903224,51.179074435817014
11,552.3025806451612,51.441729427533424
11,552.31,51.32332244515276
11,552.3174193548386,51.97245425280959
11,552.3248387096774,50.96913521892378
11,552.332258064516,51.9154243733392
11,552.3396774193548,51.487441679396845
11,552.3470967741935,52.90256957868805
11,552.3545161290322,52.55683717238481
11,552.3619354838709,52.786593922852326
11,552.3693548387096,52.30478730946671
11,552.3767741935483,52.72218273820781
11,552.384193548387,52.783976742766974
11,552.3916129032257,52.55759457970168
11,552.3990322580644,53.106140860053124
11,552.4064516129031,52.779976805998
11,552.4138709677418,54.26447140512101
11,552.4212903225805,53.11185266583859
11,552.4287096774193,53.98707259451586
11,552.436129032258,54.03583764923456
11,552.4435483870967,54.16760053856287
11,552.4509677419354,54.91889189158846
11,552.4583870967741,54.279005228270236
11,552.4658064516128,55.11314463059763
11,552.4732258064515,57.22790684614798
11,552.4806451612902,57.9299181965225
11,552.4880645161289,57.221634290286225
11,552.4954838709676,57.61531551036442
11,552.5029032258063,57.92434642192264
11,552.510322580645,57.88366169307186
11,552.5177419354837,57.48329266079923
11,552.5251612903224,57.31090906022737
11,552.5325806451611,58.229328096832255
11,552.5399999999998,57.93393525062182
11,552.5474193548386,58.303598396182295
11,552.5548387096773,57.98577950678792
11,552.5622580645161,58.944888444055415
11,552.5696774193548,59.19508643389228
11,552.5770967741935,59.19946456364272
11,552.5845161290322,59.89520532789374
11,552.5919354838709,60.17322716159874
11,552.5993548387096,59.49921722759831
11,552.6067741935483,59.58276480062541
11,552.614193548387,60.6282956225237
11,552.6216129032257,60.32982976175304
11,552.6290322580644,61.239595627679684
11,552.6364516129031,60.99408044190705
11,552.6438709677418,61.15404043357625
11,552.6512903225805,60.46542843624503
11,552.6587096774192,61.209612719172235
11,552.6661290322579,61.93040664866383
11,552.6735483870966,62.39107881616078
11,552.6809677419353,61.972084268604554
11,552.6883870967741,62.38120005797677
11,552.6958064516128,63.671870942608635
11,552.7032258064515,64.72696242043565
11,552.7106451612902,64.5331236863927
11,552.718064516129,64.97458029238743
11,552.7254838709677,64.60707819400001
11,552.7329032258064,65.23249086963128
11,552.740322580645,65.74557907678096
11,552.7477419354838,65.79567543736536
11,552.7551612903225,66.77410928512818
11,552.7625806451612,67.20632422831532
11,552.7699999999999,67.18022953238128
11,552.7774193548386,67.82448019066744
11,552.7848387096773,66.22713325414043
11,552.792258064516,68.05466950614239
11,552.7996774193547,68.2579432938332
11,552.8070967741934,68.913550165477
11,552.8145161290322,68.57711542766673
11,552.8219354838709,69.00921880820827
11,552.8293548387096,68.1111580531508
11,552.8367741935483,69.84874211331366
11,552.844193548387,69.92927557664476
11,552.8516129032257,70.907457113591
11,552.8590322580644,69.56442482261113
11,552.8664516129031,70.66310999041202
11,552.8738709677418,70.66130819004384
11,552.8812903225805,71.4672581833082
11,552.8887096774192,70.55402195017405
11,552.8961290322579,71.20899336049833
11,552.9035483870966,72.17930258423598
11,552.9109677419353,72.57156737575262
11,552.918387096774,72.6191548191282
11,552.9258064516127,75.20184612450913
11,552.9332258064514,76.16939614194975
11,552.9406451612901,76.55093401072331
11,552.948064516129,77.47922664125036
11,552.9554838709677,75.82785469992537
11,552.9629032258064,77.21071362719728
11,552.9703225806451,77.78491413637869
11,552.9777419354838,78.98343246715996
11,552.9851612903225,78.6732473333175
11,552.9925806451612,79.22272546597962
11,552.9999999999999,79.74839809635068
11,553.0074193548386,79.49468872766444
11,553.0148387096773,80.66918026833939
11,553.022258064516,80.57306243960481
11,553.0296774193547,82.06528932177044
11,553.0370967741934,83.69678930033216
11,553.0445161290321,81.9428217198757
11,553.0519354838708,82.06623365139333
11,553.0593548387095,82.47840458294682
11,553.0667741935482,83.9759495672327
11,553.074193548387,83.34952995640943
11,553.0816129032257,84.96817111060092
11,553.0890322580644,85.69223009537714
11,553.0964516129031,87.76422820932909
11,553.1038709677418,87.34350329392157
11,553.1112903225805,87.14035389670856
11,553.1187096774192,89.43749324383312
11,553.126129032258,88.04734985474273
11,553.1335483870967,91.21651435816248
11,553.1409677419354,92.1810003352872
11,553.1483870967741,92.42099040521884
11,553.1558064516128,94.70575267355841
11,553.1632258064515,96.35673422352787
11,553.1706451612902,94.06670242470483
11,553.1780645161289,94.41333763700904
11,553.1854838709676,95.4690879957201
11,553.1929032258063,96.26378836110004
11,553.200322580645,97.45048778541222
11,553.2077419354838,98.07840306255322
11,553.2151612903225,98.04948516136852
11,553.2225806451612,99.56888957536303
11,553.2299999999999,100.75829165257201
11,553.2374193548386,101.13036320411537
11,553.2448387096773,102.86729849628293
11,553.252258064516,104.28186520674446
11,553.2596774193547,102.66247093253499
11,553.2670967741934,102.92284490249116
11,553.2745161290321,104.15620527953897
11,553.2819354838708,105.87150627822096
11,553.2893548387095,107.15972043490022
11,553.2967741935482,107.3349368315346
11,553.3041935483869,110.46746138906595
11,553.3116129032256,110.35794414469967
11,553.3190322580643,111.8752429904494
11,553.326451612903,115.21630106450415
11,553.3338709677419,115.39871446252914
11,553.3412903225806,117.30928848022256
11,553.3487096774193,118.71755948283676
11,553.356129032258,117.9895819428168
11,553.3635483870967,120.03704444395674
11,553.3709677419354,121.16996277893153
11,553.3783870967741,121.3205066552959
11,553.3858064516128,124.33482611803824
11,553.3932258064515,122.60920677756593
11,553.4006451612902,124.01848243497372
11,553.4080645161289,122.09533183038532
11,553.4154838709676,126.90430535161371
11,553.4229032258063,129.63035586125514
11,553.430322580645,129.5283534053672
11,553.4377419354837,130.29213819733985
11,553.4451612903224,131.9612167165061
11,553.4525806451611,132.83219438200294
11,553.4599999999998,132.62072543241217
11,553.4674193548386,134.17214022388706
11,553.4748387096773,136.37224783723545
11,553.482258064516,134.35304767048905
11,553.4896774193547,135.8176610643383
11,553.4970967741934,141.71171199009547
11,553.5045161290321,142.89697338565077
11,553.5119354838708,144.7297704577906
11,553.5193548387095,148.4025330668357
11,553.5267741935482,150.06810498944333
11,553.534193548387,154.64259092025335
11,553.5416129032257,153.87472377141637
11,553.5490322580644,153.9633388625198
11,553.5564516129031,158.16202556618543
11,553.5638709677418,161.17398763609302
11,553.5712903225805,159.5576426132298
11,553.5787096774192,159.06403195271562
11,553.5861290322579,169.0992357800845
11,553.5935483870967,163.72741730610832
11,553.6009677419354,166.64071858412507
11,553.6083870967741,169.12168935297728
11,553.6158064516128,173.1577778032367
11,553.6232258064515,171.90328021305152
11,553.6306451612902,173.20267732852093
11,553.6380645161289,180.59707125094076
11,553.6454838709676,174.11003806731898
11,553.6529032258063,182.84324487510997
11,553.660322580645,181.982019141682
11,553.6677419354837,183.38834819022384
11,553.6751612903224,184.95123443938385
11,553.6825806451611,184.7068535918091
11,553.6899999999998,188.2626211492258
11,553.6974193548385,194.92644322003693
11,553.7048387096772,197.9586397647649
11,553.7122580645159,208.33217920851587
11,553.7196774193546,212.93185376613832
11,553.7270967741935,214.74375599969792
11,553.7345161290322,211.11222974766207
11,553.7419354838709,214.89917572977217
11,553.7493548387096,220.1293191491031
11,553.7567741935483,215.8551880170253
11,553.764193548387,216.90265236484635
11,553.7716129032257,233.3695433940381
11,553.7790322580644,228.44282565754287
11,553.7864516129031,243.08682044824164
11,553.7938709677418,238.7805311396082
11,553.8012903225805,236.84131427824317
11,553.8087096774192,244.25963159695064
11,553.8161290322579,251.1589420845945
11,553.8235483870966,241.46370691710533
11,553.8309677419353,250.0368754890282
11,553.838387096774,255.65070863552523
11,553.8458064516127,256.1779711414091
11,553.8532258064515,264.8413978546099
11,553.8606451612902,259.8386087007978
11,553.8680645161289,263.59306091488486
11,553.8754838709676,272.69940256880056
11,553.8829032258063,292.92394681882433
11,553.890322580645,291.13174144027437
11,553.8977419354837,303.54206058273616
11,553.9051612903224,302.06612107018134
11,553.9125806451611,304.84417828711145
11,553.9199999999998,307.76676240178114
11,553.9274193548385,327.4723419172853
11,553.9348387096773,331.06151791204906
11,553.942258064516,325.97775287429073
11,553.9496774193547,334.799839377124
11,553.9570967741934,339.17302031814614
12,530.8699573526116,293.73381519773005
12,530.8796384067764,279.9848399093335
12,530.8893176754959,297.3673760405888
12,530.8989951587703,287.23719958200854
12,530.9086708565993,283.07609814138993
12,530.918344768983,272.60380961309755
12,530.9280168959216,271.10261962515096
12,530.9376872374148,263.57063789213987
12,530.9473557934627,265.62784515625236
12,530.9570225640655,251.7811273610518
12,530.9666875492229,250.21527419567315
12,530.976350748935,248.91637935866922
12,530.986012163202,240.58991263902868
12,530.9956717920236,238.02329944677115
12,531.0053296354,242.75669831165087
12,531.0149856933311,238.67182386596497
12,531.024639965817,230.97824879450357
12,531.0342924528576,225.4940572466941
12,531.0439431544529,223.75272765638533
12,531.0535920706029,226.8090051148027
12,531.0632392013077,215.31454902640823
12,531.0728845465673,211.02514549111348
12,531.0825281063816,207.56543461033834
12,531.0921698807505,213.54790499069514
12,531.1018098696743,209.4288956087185
12,531.1114480731527,204.31683987102022
12,531.1210844911859,197.53882746011143
12,531.1307191237738,197.3298457050934
12,531.1403519709165,196.6129448572606
12,531.1499830326139,194.0370458282227
12,531.159612308866,184.5539151575923
12,531.1692397996729,187.06664514877835
12,531.1788655050345,184.3073005964999
12,531.1884894249508,184.4748342918294
12,531.1981115594219,181.9799931715509
12,531.2077319084477,177.73288365526668
12,531.2173504720283,176.36895012939158
12,531.2269672501636,176.06224886690865
12,531.2365822428536,173.49734507489742
12,531.2461954500984,174.12890436514064
12,531.2558068718979,166.14422132110562
12,531.2654165082521,167.51942913900527
12,531.2750243591611,162.17444016699747
12,531.2846304246248,164.43414100374088
12,531.2942347046431,165.64010837221002
12,531.3038371992163,160.95785929998064
12,531.3134379083442,160.8065014554897
12,531.3230368320268,157.82476780041335
12,531.3326339702642,153.86564152063457
12,531.3422293230564,156.46755761268406
12,531.3518228904031,150.11087411730287
12,531.3614146723047,151.8342605114699
12,531.371004668761,145.85442126761777
12,531.380592879772,146.31381986395917
12,531.3901793053378,147.2930044919243
12,531.3997639454583,142.31443257234375
12,531.4093468001336,144.11033483753477
12,531.4189278693635,139.51897235172936
12,531.4285071531483,135.73399225821862
12,531.4380846514878,135.87956611873736
12,531.4476603643819,136.46913023653107
12,531.4572342918308,133.18890026698335
12,531.4668064338344,132.57484588654674
12,531.4763767903929,132.22464202329115
12,531.485945361506,129.53406324907857
12,531.4955121471738,126.47614364881551
12,531.5050771473965,128.37823430852313
12,531.5146403621737,127.91973063322969
12,531.5242017915058,122.84226743631609
12,531.5337614353926,123.802012586558
12,531.5433192938342,123.96741481312827
12,531.5528753668304,120.91531447526307
12,531.5624296543814,121.68481890856368
12,531.5719821564871,117.64710449311663
12,531.5815328731477,118.87962859185458
12,531.5910818043628,115.22709614889732
12,531.6006289501328,114.03948902148626
12,531.6101743104575,115.31803286441942
12,531.6197178853369,113.14515674855572
12,531.629259674771,111.63778369072966
12,531.6387996787599,107.8605331572433
12,531.6483378973036,107.46587648513906
12,531.6578743304019,107.73623261209319
12,531.6674089780549,106.7370792787946
12,531.6769418402628,105.92189940754378
12,531.6864729170253,104.47029770337485
12,531.6960022083426,104.09419565940775
12,531.7055297142147,103.54391501898162
12,531.7150554346414,102.99346677689502
12,531.7245793696229,103.33888206488882
12,531.7341015191591,100.59428198613847
12,531.7436218832501,99.93296703796445
12,531.7531404618958,96.16820591751163
12,531.7626572550962,96.6920955165542
12,531.7721722628514,97.97887234887303
12,531.7816854851613,95.07110563742644
12,531.791196922026,96.9509221348907
12,531.8007065734454,93.35531196108515
12,531.8102144394194,93.28735369517752
12,531.8197205199483,93.49654358140747
12,531.8292248150318,91.71641499049038
12,531.8387273246701,91.58424403390487
12,531.8482280488632,90.73667289940937
12,531.857726987611,89.61215775143663
12,531.8672241409135,90.08536289907218
12,531.8767195087707,88.9904975684566
12,531.8862130911828,87.47263682522268
12,531.8957048881495,85.97651143541643
12,531.905194899671,86.24301470670022
12,531.9146831257472,84.4352690021561
12,531.924169566378,84.31970539584748
12,531.9336542215638,85.41601765729511
12,531.9431370913042,83.38964911685447
12,531.9526181755992,82.58281283208372
12,531.9620974744491,81.2751153085308
12,531.9715749878537,82.5821351965875
12,531.981050715813,79.4334662351175
12,531.9905246583271,79.64316914449626
12,531.9999968153959,78.57344443356705
12,532.0094671870195,78.56113853285936
12,532.0189357731978,78.0622514030296
12,532.0284025739307,77.74062019794339
12,532.0378675892185,78.0069785050862
12,532.047330819061,76.88363452358894
12,532.0567922634582,75.79558125698101
12,532.0662519224102,75.05269743252916
12,532.0757097959169,74.85708570899851
12,532.0851658839782,73.1281848617153
12,532.0946201865944,74.91779668146546
12,532.1040727037653,73.80443695667209
12,532.113523435491,72.53557467231893
12,532.1229723817713,71.77360303063303
12,532.1324195426064,71.11339358978492
12,532.1418649179961,72.37445433756147
12,532.1513085079407,71.64796586164054
12,532.1607503124401,70.77680046909944
12,532.170190331494,70.39493415611695
12,532.1796285651028,69.72146871301644
12,532.1890650132664,68.65551212704138
12,532.1984996759846,69.50017521527546
12,532.2079325532576,68.92440592175566
12,532.2173636450852,67.98462910804575
12,532.2267929514677,67.47754642143515
12,532.2362204724049,67.01614267500179
12,532.2456462078968,66.7874884916347
12,532.2550701579435,66.55540439692334
12,532.2644923225448,65.76223268650044
12,532.273912701701,64.47808805355658
12,532.2833312954118,65.06387947112138
12,532.2927481036774,63.91062500775273
12,532.3021631264977,65.44341207532791
12,532.3115763638727,64.5420894127248
12,532.3209878158026,62.964727978582225
12,532.330397482287,64.75148921701371
12,532.3398053633264,63.531859138305684
12,532.3492114589203,63.16155550810667
12,532.358615769069,62.41878585474356
12,532.3680182937725,62.469173924937316
12,532.3774190330307,61.60070994732078
12,532.3868179868437,60.99081484475732
12,532.3962151552113,61.22704241661546
12,532.4056105381337,60.023917004901016
12,532.4150041356108,59.29547304855667
12,532.4243959476428,60.22384846896153
12,532.4337859742293,59.474655694574345
12,532.4431742153707,58.506994866881975
12,532.4525606710667,58.87876944752798
12,532.4619453413176,58.38528557928277
12,532.4713282261231,57.8281745051364
12,532.4807093254834,56.984734760202315
12,532.4900886393984,57.48073519934382
12,532.4994661678681,57.21321499672414
12,532.5088419108927,56.701954397426356
12,532.5182158684719,55.99539320296721
12,532.5275880406059,55.72233230841973
12,532.5369584272945,54.77265838887154
12,532.5463270285379,55.024742804049424
12,532.5556938443361,54.75268905763675
12,532.565058874689,55.117544141974456
12,532.5744221195966,54.24988956603582
12,532.5837835790591,54.0943459157951
12,532.5931432530762,53.73190447104781
12,532.602501141648,54.41883092721121
12,532.6118572447746,52.850695958878
12,532.6212115624559,52.22929150617192
12,532.6305640946919,52.34533741964615
12,532.6399148414827,52.62392875276216
12,532.6492638028282,52.148759653819575
12,532.6586109787285,52.65734719512032
12,532.6679563691833,51.60423632130011
12,532.6772999741931,50.80283322945382
12,532.6866417937575,50.58427963261733
12,532.6959818278767,50.29759330777004
12,532.7053200765506,49.98455828948006
12,532.7146565397793,49.854249059421036
12,532.7239912175627,50.05454945470473
12,532.7333241099008,49.72088139528943
12,532.7426552167937,48.93502538828507
12,532.7519845382412,49.60074091941149
12,532.7613120742436,48.75030909182401
12,532.7706378248007,48.99455692141406
12,532.7799617899125,48.58432236540929
12,532.789283969579,47.23403842024227
12,532.7986043638002,47.84872388637494
12,532.8079229725763,47.682033367438585
12,532.817239795907,48.126235940786465
12,532.8265548337924,47.17213264644914
12,532.8358680862327,47.356496186393315
12,532.8451795532276,46.78020145290048
12,532.8544892347772,46.611178718144544
12,532.8637971308817,46.327000579360224
12,532.8731032415409,45.64365444904904
12,532.8824075667548,46.440878093105496
12,532.8917101065233,45.6918468203032
12,532.9010108608467,45.03170893448588
12,532.9103098297248,44.794829586364976
12,532.9196070131576,44.92468249808455
12,532.9289024111451,44.45175344455198
12,532.9381960236875,44.55501542217067
12,532.9474878507845,44.64078022603995
12,532.9567778924362,43.87482918655602
12,532.9660661486428,44.11746271737509
12,532.975352619404,43.86638515921609
12,532.98463730472,43.48043209086404
12,532.9939202045906,43.639204172696495
12,533.0032013190161,43.44029405306772
12,533.0124806479962,42.51768070913425
12,533.0217581915311,43.17662346253363
12,533.0310339496208,42.69687000954473
12,533.0403079222651,42.1796017624505
12,533.0495801094643,41.95918600669957
12,533.0588505112181,42.159995517751284
12,533.0681191275266,41.75259429173944
12,533.07738595839,41.75625366045034
12,533.086651003808,41.650309175538645
12,533.0959142637809,41.194437663255535
12,533.1051757383084,40.40945524642241
12,533.1144354273906,40.46908359482076
12,533.1236933310275,40.95368166317233
12,533.1329494492193,40.021456523959834
12,533.1422037819658,40.2897515564056
12,533.1514563292669,40.11960120358321
12,533.1607070911228,40.691394742567354
12,533.1699560675336,39.85317921337213
12,533.1792032584989,39.299130883297266
12,533.1884486640191,39.242678064139675
12,533.1976922840939,39.37637486429036
12,533.2069341187236,39.131999263694105
12,533.2161741679079,39.1810442785888
12,533.225412431647,38.69099397408768
12,533.2346489099408,38.69851467438103
12,533.2438836027893,38.96115021627828
12,533.2531165101925,38.69924710067771
12,533.2623476321505,38.34891996187557
12,533.2715769686633,37.94495654546209
12,533.2808045197309,38.26475390041685
12,533.290030285353,37.68782986133104
12,533.29925426553,37.96111913430991
12,533.3084764602617,37.96272882990639
12,533.3176968695481,36.95708385617207
12,533.3269154933893,37.395743638315395
12,533.3361323317852,36.461448703624484
12,533.3453473847358,36.75355332219689
12,533.354560652241,36.98415691597579
12,533.3637721343011,36.457958495329194
12,533.372981830916,36.4095888187248
12,533.3821897420855,36.4797744729367
12,533.3913958678098,36.40007987718928
12,533.4006002080889,36.30371606643867
12,533.4098027629227,35.76227101750883
12,533.4190035323112,35.68502015915935
12,533.4282025162544,35.653719200955386
12,533.4373997147524,35.562749124450924
12,533.446595127805,35.83682844430764
12,533.4557887554125,35.05093447967269
12,533.4649805975747,35.31435002372868
12,533.4741706542916,35.14386902985902
12,533.4833589255633,34.89014448436657
12,533.4925454113896,34.68255426852556
12,533.5017301117708,34.39627631647153
12,533.5109130267066,34.21753304183701
12,533.5200941561972,34.22824220105424
12,533.5292735002425,34.58501230887395
12,533.5384510588426,33.96843211389456
12,533.5476268319974,33.337957031346086
12,533.556800819707,33.98892137421478
12,533.5659730219711,33.579504906153524
12,533.5751434387902,33.7372758348317
12,533.5843120701638,32.96791265499561
12,533.5934789160923,33.27632826816747
12,533.6026439765756,33.04415873716404
12,533.6118072516135,32.92547294573086
12,533.6209687412062,32.76366494210298
12,533.6301284453535,32.73987791439392
12,533.6392863640557,32.73773943590091
12,533.6484424973125,32.05918493937129
12,533.6575968451242,31.953843513876386
12,533.6667494074906,32.52313003720059
12,533.6759001844116,32.09004614000545
12,533.6850491758875,31.79647188926346
12,533.694196381918,31.40237298034905
12,533.7033418025032,31.61908829201861
12,533.7124854376433,31.605963577642722
12,533.721627287338,31.49697489951803
12,533.7307673515875,31.279855266813456
12,533.7399056303917,31.003157835834838
12,533.7490421237507,31.326605704997547
12,533.7581768316644,30.67572995425675
12,533.7673097541328,30.675024714465586
12,533.776440891156,30.38001106142082
12,533.7855702427339,30.56808676754677
12,533.7946978088664,30.637129290336297
12,533.8038235895539,30.082778286447713
12,533.812947584796,30.086695069159
12,533.8220697945928,30.094160424831518
12,533.8311902189444,29.879604120394905
12,533.8403088578507,30.06198239255909
12,533.8494257113117,29.628153527218807
12,533.8585407793274,29.936801967239855
12,533.867654061898,29.760675125754997
12,533.8767655590233,29.60427454908117
12,533.8858752707032,29.04604441372241
12,533.8949831969379,29.25516962631488
12,533.9040893377273,29.249342435654786
12,533.9131936930715,29.160984591535925
12,533.9222962629705,28.9095492480725
12,533.9313970474242,28.8376736032786
12,533.9404960464325,28.992877633861855
12,533.9495932599957,28.429920123496426
12,533.9586886881135,28.457943906154515
12,533.9677823307861,28.43980794144291
12,533.9768741880134,28.332089773454207
12,533.9859642597955,28.434319549169274
12,533.9950525461323,28.052964128111483
12,534.0041390470238,28.08202583140901
12,534.0132237624701,27.705345046556204
12,534.0223066924711,27.942078895196936
12,534.0313878370268,27.80008962049246
12,534.0404671961373,27.67923790355594
12,534.0495447698025,27.358433786476766
12,534.0586205580224,27.467662369430254
12,534.0676945607971,27.18683129549734
12,534.0767667781265,27.458442485641832
12,534.0858372100107,27.37111764311193
12,534.0949058564496,27.083694136783745
12,534.1039727174432,27.118211169102587
12,534.1130377929916,26.93381758231441
12,534.1221010830947,26.82530011319976
12,534.1311625877524,26.511914763464468
12,534.140222306965,26.849159279963853
12,534.1492802407323,26.639884042869937
12,534.1583363890543,26.675278077314143
12,534.1673907519311,26.59136654358928
12,534.1764433293625,26.440671381261463
12,534.1854941213488,25.974801254068534
12,534.1945431278898,26.097542062072158
12,534.2035903489855,26.272973852966533
12,534.212635784636,26.204646445282144
12,534.2216794348411,26.06025299912479
12,534.230721299601,25.917834392051336
12,534.2397613789157,25.97054285767111
12,534.248799672785,25.647576417489404
12,534.2578361812091,26.081139698573963
12,534.266870904188,25.346337247992583
12,534.2759038417215,25.68764886759919
12,534.2849349938099,25.36885712153849
12,534.2939643604528,25.20664507037026
12,534.3029919416507,25.372000265367483
12,534.3120177374032,25.51189123871166
12,534.3210417477104,25.20601021183095
12,534.3300639725725,24.892195559879127
12,534.3390844119891,25.103231426547197
12,534.3481030659606,25.038170056197334
12,534.3571199344868,25.007936831642844
12,534.3661350175677,24.965607877100588
12,534.3751483152034,24.893325695517053
12,534.3841598273938,24.73348764449062
12,534.3931695541389,24.98310656140559
12,534.4021774954388,24.353299093179427
12,534.4111836512934,24.64527471463052
12,534.4201880217028,24.581608022435365
12,534.4291906066668,24.446105375956073
12,534.4381914061856,24.35435146995725
12,534.4471904202592,24.33504058959856
12,534.4561876488874,24.160882829042507
12,534.4651830920704,24.120147371953642
12,534.4741767498082,23.98653029410969
12,534.4831686221006,24.1845649546768
12,534.4921587089478,23.938287042498263
12,534.5011470103498,23.915198092277368
12,534.5101335263065,23.89374648464887
12,534.5191182568179,23.93313135496819
12,534.528101201884,23.773260663837675
12,534.537082361505,23.750189077010084
12,534.5460617356806,23.73375189509668
12,534.5550393244109,23.75813914625507
12,534.564015127696,23.636988673542913
12,534.5729891455359,23.4792587263122
12,534.5819613779304,23.554311278625743
12,534.5909318248797,23.420588363838696
12,534.5999004863837,23.32317109099502
12,534.6088673624425,23.26598689238904
12,534.617832453056,23.16359457846747
12,534.6267957582243,22.973625654740065
12,534.6357572779473,23.237158289584446
12,534.644717012225,23.148751441509038
12,534.6536749610574,23.061913226572077
12,534.6626311244446,22.82744540697992
12,534.6715855023865,22.80450662782489
12,534.6805380948831,22.786527498952776
12,534.6894889019345,22.952367380566173
12,534.6984379235406,22.775455305012798
12,534.7073851597015,22.589907467314088
12,534.716330610417,22.665358651948505
12,534.7252742756874,22.540825172569818
12,534.7342161555124,22.414313100117845
12,534.7431562498922,22.24262162655412
12,534.7520945588267,22.442518809370686
12,534.761031082316,22.249745238535386
12,534.76996582036,22.70373513625233
12,534.7788987729588,22.179727031056725
12,534.7878299401121,22.382622159314273
12,534.7967593218204,22.18955169701262
12,534.8056869180833,22.0575471178209
12,534.814612728901,22.07893121223888
12,534.8235367542734,21.78794264035008
12,534.8324589942006,21.938085158685436
12,534.8413794486825,22.2083770542491
12,534.850298117719,21.717217752020343
12,534.8592150013104,21.80725585100895
12,534.8681300994565,21.822073967925114
12,534.8770434121573,21.808590748513556
12,534.8859549394128,21.53069565424017
12,534.8948646812231,21.50858729920322
12,534.9037726375881,21.425901129257927
12,534.9126788085078,21.445076353033954
12,534.9215831939823,21.122716781723792
12,534.9304857940116,21.329506516706676
12,534.9393866085956,21.06003795388274
12,534.9482856377342,21.318710642413723
12,534.9571828814277,21.151930640630347
12,534.9660783396758,21.053777951908096
12,534.9749720124787,21.208820799276936
12,534.9838638998364,21.227360863463026
12,534.9927540017487,20.929855680585444
12,535.0016423182158,21.20344168559218
12,535.0105288492376,21.214469132369683
12,535.0194135948142,21.00176743827734
12,535.0282965549455,21.096024591444355
12,535.0371777296316,20.989139678313723
12,535.0460571188723,20.693352366613937
12,535.0549347226678,20.905937127430807
12,535.063810541018,20.515575590252986
12,535.0726845739231,20.676685989746346
12,535.0815568213827,20.7465053099204
12,535.0904272833973,20.46267991701719
12,535.0992959599664,20.589942485654802
12,535.1081628510904,20.415774920822557
12,535.117027956769,20.54899785359791
12,535.1258912770023,20.584505310464372
12,535.1347528117905,20.279114617487974
12,535.1436125611334,20.312332808563347
12,535.1524705250309,20.373017173264575
12,535.1613267034833,20.249528612585802
12,535.1701810964903,20.332967226451917
12,535.1790337040521,20.298711945858734
12,535.1878845261687,20.157650633491983
12,535.19673356284,20.112774525304957
12,535.2055808140659,20.249497526388417
12,535.2144262798466,20.272343047559588
12,535.2232699601822,20.082590259496666
12,535.2321118550724,19.905161485496226
12,535.2409519645173,19.90504262514058
12,535.249790288517,19.838160074151368
12,535.2586268270713,19.87104049997218
12,535.2674615801806,19.81200713170135
12,535.2762945478444,19.700703044331384
12,535.285125730063,19.672031392601294
12,535.2939551268364,19.47847863639796
12,535.3027827381645,19.562002861448782
12,535.3116085640473,19.45184466901235
12,535.3204326044848,19.569870132232058
12,535.3292548594771,19.394396749421446
12,535.3380753290242,19.238042256318796
12,535.346894013126,19.326741084508495
12,535.3557109117825,19.364598311233987
12,535.3645260249937,19.26162576325394
12,535.3733393527596,19.310579957956122
12,535.3821508950803,19.194309282637636
12,535.3909606519558,19.13950759556242
12,535.399768623386,18.983503870903235
12,535.4085748093709,19.13085221968985
12,535.4173792099105,19.01416341398087
12,535.4261818250048,18.979135372252166
12,535.4349826546539,19.01524010517958
12,535.4437816988578,18.877659975648108
12,535.4525789576163,18.815080672708977
12,535.4613744309297,18.743971736681566
12,535.4701681187977,18.902384170137406
12,535.4789600212205,18.87093709287163
12,535.4877501381981,18.468525206618093
12,535.4965384697302,18.638227691936386
12,535.5053250158172,18.57878563438214
12,535.514109776459,18.54957279888294
12,535.5228927516555,18.64445323139416
12,535.5316739414067,18.612157427998863
12,535.5404533457125,18.554419608510088
12,535.5492309645732,18.574975820429625
12,535.5580067979886,18.60571867603975
12,535.5667808459588,18.467504916580232
12,535.5755531084836,18.396630598204858
12,535.5843235855632,18.266503568074988
12,535.5930922771976,18.174682588017767
12,535.6018591833866,18.064099618328015
12,535.6106243041304,18.22006896088035
12,535.619387639429,18.11420483735819
12,535.6281491892822,18.166413795452666
12,535.6369089536903,18.011724108727964
12,535.6456669326531,18.02338547116952
12,535.6544231261705,18.09893893789135
12,535.6631775342427,17.982704798366857
12,535.6719301568696,17.98878096012563
12,535.6806809940514,17.904219083903644
12,535.6894300457877,17.97019209988646
12,535.6981773120789,17.80170454547125
12,535.7069227929248,17.778973805653166
12,535.7156664883254,17.926568712274168
12,535.7244083982807,17.49996726416514
12,535.7331485227909,17.788432079017394
12,535.7418868618557,17.618060123631583
12,535.7506234154753,17.791591910239127
12,535.7593581836495,17.69991893717798
12,535.7680911663786,17.65608227053852
12,535.7768223636624,17.51229176644512
12,535.7855517755008,17.525874546490506
12,535.7942794018941,17.637202869828652
12,535.8030052428421,17.432272823211225
12,535.8117292983447,17.37426055826829
12,535.8204515684022,17.275836763385676
12,535.8291720530144,17.349350747239882
12,535.8378907521814,17.138420733339604
12,535.846607665903,17.249612216539266
12,535.8553227941793,17.184026100918512
12,535.8640361370104,17.228681114407404
12,535.8727476943964,17.188014084514165
12,535.8814574663369,17.11271971516541
12,535.8901654528322,17.12311128509143
12,535.8988716538822,17.021009567498144
12,535.907576069487,17.068512936854898
12,535.9162786996466,17.186892722247674
12,535.9249795443609,16.905709330850833
12,535.9336786036298,16.99549139560091
12,535.9423758774536,16.88344856029559
12,535.951071365832,16.947433750370568
12,535.9597650687653,16.901970797723184
12,535.9684569862532,16.621056833128858
12,535.9771471182959,16.780198862123473
12,535.9858354648933,16.778857430297194
12,535.9945220260454,16.952108750294098
12,536.0032068017523,16.710158172397037
12,536.0118897920139,16.65741229119427
12,536.0205709968302,16.684908026004447
12,536.0292504162013,16.544625325691406
12,536.0379280501271,16.52645032225766
12,536.0466038986077,16.456342483398927
12,536.0552779616429,16.36008267727146
12,536.063950239233,16.41523314702286
12,536.0726207313777,16.53334784185499
12,536.0812894380772,16.466334807320163
12,536.0899563593314,16.466852983789952
12,536.0986214951404,16.52556587871722
12,536.1072848455041,16.35610959782793
12,536.1159464104225,16.49145518904373
12,536.1246061898956,16.334175214713717
12,536.1332641839235,16.414176318252657
12,536.1419203925062,16.442651000858476
12,536.1505748156436,16.321914962073667
12,536.1592274533357,16.262617946379805
12,536.1678783055825,16.04435172645532
12,536.176527372384,16.15222247758045
12,536.1851746537403,15.986037618122213
12,536.1938201496514,16.153106851867708
12,536.2024638601172,16.198151458710406
12,536.2111057851376,16.119572223018867
12,536.2197459247129,16.20091296218937
12,536.2283842788429,16.01016751553126
12,536.2370208475277,16.015480139380863
12,536.245655630767,15.951005250476458
12,536.2542886285613,15.926060089078739
12,536.2629198409102,15.955530657007019
12,536.2715492678138,15.828268569269047
12,536.2801769092722,15.851430025051945
12,536.2888027652854,15.864259660416272
12,536.2974268358532,15.784961619128385
12,536.3060491209758,15.690320669692067
12,536.3146696206531,15.710228790199837
12,536.3232883348852,15.831186402802508
12,536.331905263672,15.90402056091595
12,536.3405204070135,15.71161627265616
12,536.3491337649098,15.856470232302813
12,536.3577453373608,15.722960908788242
12,536.3663551243666,15.772448931890748
12,536.374963125927,15.709570257320676
12,536.3835693420422,15.680264749391114
12,536.3921737727121,15.683746887726054
12,536.4007764179369,15.625480904389995
12,536.4093772777162,15.454384375827251
12,536.4179763520503,15.67471687848208
12,536.4265736409393,15.66563393696448
12,536.4351691443829,15.47760053807353
12,536.4437628623813,15.675961252582741
12,536.4523547949343,15.32974412672863
12,536.4609449420421,15.4293429069763
12,536.4695333037047,15.36493619690944
12,536.478119879922,15.436370704004142
12,536.486704670694,15.367496967471324
12,536.4952876760208,15.408609175593822
12,536.5038688959023,15.20575747119485
12,536.5124483303385,15.29625609030459
12,536.5210259793295,15.33142718196816
12,536.5296018428752,15.181753475446303
12,536.5381759209756,15.358696176214918
12,536.5467482136307,15.235627093456909
12,536.5553187208407,15.290785150645574
12,536.5638874426053,15.158077202782504
12,536.5724543789247,15.238015580947751
12,536.5810195297988,15.249364691791937
12,536.5895828952276,15.285203585769652
12,536.5981444752113,15.249083019044761
12,536.6067042697496,15.18053650705669
12,536.6152622788426,15.064096711605728
12,536.6238185024904,14.969475746407852
12,536.6323729406929,15.210306241827883
12,536.6409255934501,15.134447744727966
12,536.6494764607621,15.168222734242997
12,536.6580255426288,15.015766800510113
12,536.6665728390503,15.202005929500828
12,536.6751183500265,15.027657635124951
12,536.6836620755574,15.161239202038702
12,536.6922040156431,15.103782182043371
12,536.7007441702835,14.872458592773924
12,536.7092825394786,15.032112059121829
12,536.7178191232285,14.895694807895067
12,536.7263539215331,14.975028891815299
12,536.7348869343924,14.960643784602494
12,536.7434181618065,14.97822872894628
12,536.7519476037753,14.986234192662794
12,536.7604752602988,14.948251357580165
12,536.7690011313771,14.926705727543704
12,536.7775252170102,14.87299412628113
12,536.7860475171979,14.789373428353993
12,536.7945680319403,14.761478549529166
12,536.8030867612375,14.777283567767817
12,536.8116037050895,14.808380395486932
12,536.8201188634962,14.583573352224134
12,536.8286322364577,14.653799034132742
12,536.8371438239737,14.729691661646509
12,536.8456536260446,14.694569333051925
12,536.8541616426703,14.685589218105719
12,536.8626678738507,14.654214404664538
12,536.8711723195858,14.672502305795415
12,536.8796749798755,14.573687272251014
12,536.8881758547201,14.635563932616003
12,536.8966749441195,14.719664856105434
12,536.9051722480734,14.682594412621473
12,536.9136677665822,14.635140404064215
12,536.9221614996458,14.61393758725337
12,536.9306534472639,14.55090314660121
12,536.939143609437,14.508231087935851
12,536.9476319861647,14.492466892580582
12,536.9561185774471,14.647195273438056
12,536.9646033832843,14.592281848379303
12,536.9730864036762,14.567141026158625
12,536.9815676386228,14.520917626823824
12,536.9900470881242,14.45767944122218
12,536.9985247521803,14.488570775543748
12,537.0070006307911,14.672938281460151
12,537.0154747239568,14.503115607938247
12,537.023947031677,14.522401073446726
12,537.0324175539522,14.452528765897213
12,537.0408862907819,14.536890765605378
12,537.0493532421665,14.455204900682574
12,537.0578184081057,14.514395673780948
12,537.0662817885997,14.464407761146374
12,537.0747433836484,14.580946183907963
12,537.083203193252,14.52356865447272
12,537.0916612174101,14.46057715134207
12,537.100117456123,14.544303006416667
12,537.1085719093907,14.341642215943311
12,537.1170245772131,14.448630367166032
12,537.1254754595902,14.432101601739319
12,537.1339245565222,14.414588734993321
12,537.1423718680087,14.491320444307796
12,537.1508173940501,14.21857229657348
12,537.1592611346462,14.329204983158377
12,537.167703089797,14.240352691251196
12,537.1761432595025,14.330268788696932
12,537.1845816437628,14.207206196977852
12,537.1930182425779,14.274587135150176
12,537.2014530559476,14.180158096787231
12,537.2098860838721,14.19715127591012
12,537.2183173263513,14.24408603823653
12,537.2267467833852,14.1694871432154
12,537.235174454974,14.17061872294958
12,537.2436003411174,14.258281217255709
12,537.2520244418155,14.280915136860385
12,537.2604467570684,14.174562078891531
12,537.268867286876,14.275506471679167
12,537.2772860312384,14.096182860280383
12,537.2857029901555,14.070517502161309
12,537.2941181636273,13.999261807341307
12,537.3025315516539,14.117069903368813
12,537.3109431542352,14.134775872669607
12,537.3193529713712,14.146395461079935
12,537.327761003062,14.048875512266394
12,537.3361672493076,14.120693461230443
12,537.3445717101079,14.048842418351008
12,537.3529743854627,14.095958431242586
12,537.3613752753726,14.090348843272503
12,537.3697743798369,14.045826189640497
12,537.3781716988561,14.12729107382036
12,537.38656723243,14.047624484758234
12,537.3949609805587,14.005844935620496
12,537.4033529432421,14.002026144253303
12,537.4117431204802,14.09478549441594
12,537.4201315122731,14.01872284924996
12,537.4285181186207,14.135554990046554
12,537.4369029395231,14.032012634107861
12,537.44528597498,13.93422793627937
12,537.4536672249918,14.03649495563742
12,537.4620466895584,14.050208663032105
12,537.4704243686797,14.067188589303123
12,537.4788002623557,13.984507927718383
12,537.4871743705864,14.04115577313252
12,537.4955466933719,14.05260997407816
12,537.5039172307121,14.169946646188698
12,537.5122859826071,14.027387914289212
12,537.5206529490567,14.05659287024319
12,537.5290181300611,14.012328734692927
12,537.5373815256203,14.075450177007438
12,537.5457431357341,14.14328312574611
12,537.5541029604028,14.09120976539701
12,537.5624609996261,14.001225952947918
12,537.5708172534042,13.861982386471212
12,537.579171721737,13.769429563335157
12,537.5875244046246,13.86594660140491
12,537.5958753020669,13.934830837521272
12,537.6042244140639,13.813568857706946
12,537.6125717406156,13.894870876735562
12,537.6209172817222,13.86695017060439
12,537.6292610373833,13.816510267343197
12,537.6376030075993,13.786318030824384
12,537.64594319237,13.85344975138308
12,537.6542815916955,13.815701647241925
12,537.6626182055757,13.868724871615044
12,537.6709530340106,13.893879605386564
12,537.6792860770003,13.897076635641554
12,537.6876173345446,13.853965914234989
12,537.6959468066436,13.805408443511604
12,537.7042744932975,13.713171344561756
12,537.7126003945061,13.841643787161772
12,537.7209245102695,13.86396741009773
12,537.7292468405875,13.921242367003531
12,537.7375673854602,13.826115092133923
12,537.7458861448878,13.79984339783533
12,537.75420311887,13.800922846161008
12,537.762518307407,13.922968555226078
12,537.7708317104988,13.925328029170737
12,537.7791433281452,13.853872333958547
12,537.7874531603463,13.769089225928598
12,537.7957612071023,13.814320509184016
12,537.804067468413,13.846878277462304
12,537.8123719442783,13.740661354611026
12,537.8206746346985,13.793676301278916
12,537.8289755396734,13.756090012297493
12,537.837274659203,13.816700562706323
12,537.8455719932873,13.918242803365539
12,537.8538675419263,13.825621865494194
12,537.8621613051201,13.875813686095878
12,537.8704532828688,13.877946435613925
12,537.878743475172,13.837821116543694
12,537.88703188203,13.857280474392589
12,537.8953185034428,13.811668033369399
12,537.9036033394102,13.953157657140878
12,537.9118863899324,14.00575128826809
12,537.9201676550094,16.091479629571328
12,537.928447134641,14.197415995641457
12,537.9367248288276,15.368872318314292
12,537.9450007375686,16.345030637945737
12,537.9532748608646,16.88155633357151
12,537.9615471987152,14.48641282754532
12,537.9698177511206,14.110924939993495
12,537.9780865180807,13.918124008807624
12,537.9863534995955,13.913833812097145
12,537.994618695665,13.826138679857813
12,538.0028821062893,13.867907062260963
12,538.0111437314683,13.932489730741848
12,538.0194035712021,13.870065369818883
12,538.0276616254906,13.924526423475053
12,538.0359178943338,13.924239305241422
12,538.0441723777318,13.917521550742947
12,538.0524250756845,13.876475090174308
12,538.060675988192,13.972476944985534
12,538.0689251152542,13.667951442006444
12,538.077172456871,13.814326586921675
12,538.0854180130427,13.819240053452747
12,538.0936617837691,13.75641820969675
12,538.1019037690502,13.692336295687825
12,538.1101439688861,13.846600246787824
12,538.1183823832766,13.772081635281365
12,538.126619012222,13.767065612554026
12,538.134853855722,13.757421705024623
12,538.1430869137769,13.632255962387958
12,538.1513181863863,13.768819425238943
12,538.1595476735506,13.818081703584753
12,538.1677753752696,13.723492363019744
12,538.1760012915433,13.797938215006653
12,538.1842254223718,13.761336433337812
12,538.192447767755,13.676782001883794
12,538.2006683276929,13.803107043734142
12,538.2088871021856,13.817648469745173
12,538.217104091233,13.825153009340545
12,538.2253192948351,13.955168635920842
12,538.233532712992,13.844972473877853
12,538.2417443457036,13.786103432368948
12,538.24995419297,13.89876186874495
12,538.258162254791,13.73504581763768
12,538.2663685311669,13.912257866476462
12,538.2745730220975,13.864404480239589
12,538.2827757275827,13.901698338065366
12,538.2909766476228,13.914645296836223
12,538.2991757822175,13.867618151309555
12,538.307373131367,13.854081837918587
12,538.3155686950712,13.928925779139643
12,538.3237624733301,13.718023683160343
12,538.3319544661438,13.8367810423448
12,538.3401446735122,13.898724007022723
12,538.3483330954355,13.84723764319345
12,538.3565197319133,13.889549949473698
12,538.3647045829459,13.96708018968041
12,538.3728876485333,13.93266554959792
12,538.3810689286754,13.923421562437882
12,538.3892484233722,13.948107938173342
12,538.3974261326238,13.966418593056394
12,538.4056020564301,14.076327696569894
12,538.4137761947911,13.995839675663234
12,538.421948547707,13.986828387511016
12,538.4301191151775,13.998426042262421
12,538.4382878972027,13.98845635604813
12,538.4464548937826,14.108933977628572
12,538.4546201049174,14.070819103043315
12,538.4627835306069,13.96836873617303
12,538.470945170851,14.016390630672541
12,538.4791050256499,14.072145933519161
12,538.4872630950036,13.971809590128627
12,538.495419378912,14.136365177656707
12,538.5035738773751,13.977987159536791
12,538.511726590393,14.015613369430818
12,538.5198775179656,14.141376795665606
12,538.5280266600929,14.002127720192588
12,538.5361740167749,14.173124842417714
12,538.5443195880117,14.225382322841268
12,538.5524633738033,13.997815165261681
12,538.5606053741495,14.128091507116647
12,538.5687455890505,14.065511497099715
12,538.5768840185063,14.132760528896707
12,538.5850206625167,14.136016159652572
12,538.5931555210819,14.233736748054485
12,538.601288594202,14.13137385968007
12,538.6094198818766,14.08585690569684
12,538.617549384106,14.119708850339245
12,538.6256771008901,14.177206817678192
12,538.633803032229,14.14688958960716
12,538.6419271781226,14.268514959952146
12,538.650049538571,14.124165201657943
12,538.6581701135741,14.234729786493105
12,538.6662889031319,14.275902885671504
12,538.6744059072445,14.243955514871132
12,538.6825211259118,14.153967371242388
12,538.6906345591337,14.31008662083911
12,538.6987462069105,14.287270028562984
12,538.706856069242,14.329066719478483
12,538.7149641461283,14.276436605920802
12,538.7230704375693,13.874817760050513
12,538.731174943565,14.002023950680268
12,538.7392776641153,13.923809158451153
12,538.7473785992205,14.05425490734312
12,538.7554777488805,14.07707816592001
12,538.763575113095,13.97177400797493
12,538.7716706918644,14.012803588000352
12,538.7797644851886,14.048298802724881
12,538.7878564930675,13.968321904180986
12,538.795946715501,13.929786409957112
12,538.8040351524893,14.018474467428966
12,538.8121218040324,14.11421659622447
12,538.8202066701301,14.136463552802857
12,538.8282897507827,14.020625941969394
12,538.83637104599,14.087004558175273
12,538.8444505557519,14.098184653171467
12,538.8525282800687,14.039393168733024
12,538.8606042189401,14.033536432204544
12,538.8686783723663,14.154657688908253
12,538.8767507403472,14.271260454888177
12,538.8848213228829,14.034087382752084
12,538.8928901199732,14.108960729900966
12,538.9009571316184,14.15010511977056
12,538.9090223578182,14.196498107113525
12,538.9170857985729,14.140688420775593
12,538.9251474538822,14.091869565637518
12,538.9332073237463,14.146420406781345
12,538.9412654081651,14.237908389891475
12,538.9493217071387,14.204002487867267
12,538.9573762206669,14.156052783748095
12,538.96542894875,14.237340697219357
12,538.9734798913877,14.187210049537262
12,538.9815290485801,14.310020133000572
12,538.9895764203274,14.287793230479853
12,538.9976220066293,14.258270830247566
12,539.005665807486,14.376707023340703
12,539.0137078228973,14.188601042930308
12,539.0217480528636,14.344576057310482
12,539.0297864973844,14.25603792614283
12,539.03782315646,14.223374565365559
12,539.0458580300905,14.360785932977802
12,539.0538911182755,14.226639251928207
12,539.0619224210153,14.228490410161884
12,539.0699519383099,14.385630035644246
12,539.0779796701592,14.260812499685434
12,539.0860056165633,14.265417860698989
12,539.094029777522,14.289081608464777
12,539.1020521530355,14.270014118521305
12,539.1100727431037,14.399416030257061
12,539.1180915477267,14.277693931458085
12,539.1261085669045,14.294325831242547
12,539.1341238006369,14.423811243592313
12,539.1421372489241,14.240762909309085
12,539.150148911766,14.414450862429373
12,539.1581587891626,14.409943893036997
12,539.166166881114,14.354193013352356
12,539.1741731876201,14.53634300057871
12,539.1821777086809,14.507850587901634
12,539.1901804442965,14.463305161603962
12,539.1981813944668,14.443208083107447
12,539.2061805591919,14.575343934490098
12,539.2141779384717,14.613598291857661
12,539.2221735323062,14.507261633715643
12,539.2301673406955,14.57708535654146
12,539.2381593636395,14.527452549325092
12,539.2461496011382,14.58838347567929
12,539.2541380531917,14.685113344299538
12,539.2621247197999,14.509053726397056
12,539.2701096009628,14.59667281066789
12,539.2780926966805,14.61390317442424
12,539.2860740069528,14.691710243972883
12,539.29405353178,14.642694359499446
12,539.3020312711619,14.64300463518252
12,539.3100072250985,14.72145890729003
12,539.3179813935899,14.637496783607999
12,539.325953776636,14.719388516416199
12,539.3339243742367,14.809404857371732
12,539.3418931863923,14.713114252914595
12,539.3498602131026,14.719729725208476
12,539.3578254543676,14.663236511796148
12,539.3657889101873,14.70610434222168
12,539.3737505805618,14.756142676613779
12,539.3817104654911,14.757389117501397
12,539.3896685649751,14.820429506581478
12,539.3976248790137,14.696380987696935
12,539.4055794076071,14.84214988049307
12,539.4135321507553,14.917050057817978
12,539.4214831084582,14.90153774712801
12,539.4294322807158,14.891555429061352
12,539.4373796675283,14.769637812792014
12,539.4453252688953,14.977392952831979
12,539.4532690848172,14.82453001331709
12,539.4612111152937,14.837399248857212
12,539.469151360325,14.833552246680291
12,539.477089819911,15.037222674322397
12,539.4850264940518,15.04374033707938
12,539.4929613827474,14.977877142219421
12,539.5008944859976,14.951394316329402
12,539.5088258038026,15.077025226633612
12,539.5167553361623,15.031907556436872
12,539.5246830830768,14.960131052117731
12,539.5326090445459,14.959829354998185
12,539.5405332205698,15.203299710636394
12,539.5484556111485,14.960792517315424
12,539.5563762162819,15.179161176667318
12,539.56429503597,15.148994998860314
12,539.5722120702129,15.133860188627075
12,539.5801273190104,15.11199051386664
12,539.5880407823628,15.223278724287296
12,539.5959524602698,15.270009939697005
12,539.6038623527317,15.27294207705023
12,539.6117704597482,15.204974903857098
12,539.6196767813194,15.180543023564473
12,539.6275813174454,15.051322593560592
12,539.6354840681262,15.343503047770975
12,539.6433850333617,15.29440819818199
12,539.6512842131518,15.36235861504206
12,539.6591816074969,15.274626514980703
12,539.6670772163965,15.415709254388922
12,539.6749710398509,15.358283891152082
12,539.68286307786,15.309610122485628
12,539.690753330424,15.365343994806635
12,539.6986417975426,15.452122290719942
12,539.7065284792159,15.420490199822204
12,539.714413375444,15.501156775762887
12,539.7222964862268,15.377314205684396
12,539.7301778115643,15.439420228127231
12,539.7380573514566,15.569012971957406
12,539.7459351059036,15.518875180694806
12,539.7538110749055,15.505314829586768
12,539.761685258462,15.515954172218532
12,539.7695576565732,15.568075594618241
12,539.7774282692392,15.599968852879767
12,539.7852970964599,15.58064908158688
12,539.7931641382353,15.78365413956095
12,539.8010293945655,15.576001204136315
12,539.8088928654504,15.618404404598126
12,539.81675455089,15.78731492806873
12,539.8246144508844,15.73271580328072
12,539.8324725654335,15.696225767986194
12,539.8403288945373,15.634770194931754
12,539.8481834381959,15.736890317642398
12,539.8560361964093,15.67432806973697
12,539.8638871691772,15.889322347632012
12,539.8717363565,15.842520724762437
12,539.8795837583775,15.827707496956602
12,539.8874293748098,15.693701242013098
12,539.8952732057968,15.809172962483798
12,539.9031152513385,15.805558849416347
12,539.910955511435,15.929075146041436
12,539.9187939860861,15.872434613276441
12,539.9266306752921,15.983386458914808
12,539.9344655790528,16.088793438515804
12,539.9422986973682,16.03432744958316
12,539.9501300302383,15.959684878789274
12,539.9579595776631,16.06171365765458
12,539.9657873396428,16.164483053033976
12,539.9736133161771,16.007714131390614
12,539.9814375072662,16.173029161915917
12,539.98925991291,16.263846415670987
12,539.9970805331085,16.160518036247733
12,540.0048993678618,16.22089392905939
12,540.0127164171698,16.07124879609781
12,540.0205316810326,16.21747800613165
12,540.02834515945,16.228768942465756
12,540.0361568524222,16.167060448664884
12,540.0439667599492,16.2803686580867
12,540.0517748820308,16.211214514153685
12,540.0595812186673,16.290014384919512
12,540.0673857698584,16.39478421290899
12,540.0751885356043,16.264949881636994
12,540.082989515905,16.295800912428998
12,540.0907887107603,16.40337141853659
12,540.0985861201705,16.359137666153224
12,540.1063817441352,16.49435253127433
12,540.1141755826549,16.472162643114565
12,540.1219676357291,16.605983951497933
12,540.1297579033582,16.532006721538647
12,540.1375463855419,16.525085140334603
12,540.1453330822804,16.41099117511485
12,540.1531179935737,16.631169220907328
12,540.1609011194216,16.62593887271204
12,540.1686824598244,16.535505698532102
12,540.1764620147818,16.561616928114834
12,540.1842397842939,16.75580869181127
12,540.1920157683609,16.641510521704316
12,540.1997899669825,16.660203933469088
12,540.207562380159,16.76892668217091
12,540.21533300789,16.74884829489592
12,540.2231018501759,16.676464615328246
12,540.2308689070164,16.89133875946417
12,540.2386341784118,16.80317595570146
12,540.2463976643618,16.697532008627363
12,540.2541593648666,16.950262985467564
12,540.2619192799261,16.918995819258235
12,540.2696774095405,16.94968115330715
12,540.2774337537094,17.04143051444296
12,540.2851883124331,16.99882269355941
12,540.2929410857116,17.117592430943755
12,540.3006920735448,17.099795793056007
12,540.3084412759328,17.069693291457465
12,540.3161886928754,17.08728677015641
12,540.3239343243728,17.155387760832262
12,540.331678170425,17.124619160664746
12,540.3394202310318,17.229195449921885
12,540.3471605061934,17.278559464782035
12,540.3548989959098,17.314378807408634
12,540.3626357001808,17.334070606524904
12,540.3703706190066,17.223475774419352
12,540.3781037523872,17.3020913023783
12,540.3858351003225,17.292552326312777
12,540.3935646628125,17.415214531418055
12,540.4012924398572,17.54044025867362
12,540.4090184314567,17.381961152586463
12,540.416742637611,17.353281134842423
12,540.4244650583199,17.539153954206895
12,540.4321856935836,17.41280819211676
12,540.439904543402,17.49836609053783
12,540.4476216077752,17.55616465622459
12,540.4553368867031,17.652294597469034
12,540.4630503801858,17.6640388926715
12,540.4707620882231,17.603838279438172
12,540.4784720108153,17.938083124578586
12,540.486180147962,17.53917459451273
12,540.4938864996636,17.68467057290069
12,540.5015910659199,17.913282762970585
12,540.509293846731,17.783246893319635
12,540.5169948420968,17.83251497576369
12,540.5246940520173,17.797577757397754
12,540.5323914764925,17.80865287703357
12,540.5400871155225,17.767223323622147
12,540.5477809691072,17.887155437013487
12,540.5554730372467,17.8830942456042
12,540.5631633199408,17.852225590925567
12,540.5708518171898,18.02128654701993
12,540.5785385289934,18.007611555640125
12,540.5862234553518,18.108297669347756
12,540.5939065962649,17.888456551203923
12,540.6015879517328,18.10205567592679
12,540.6092675217553,18.12191643084326
12,540.6169453063327,17.962484790474825
12,540.6246213054648,18.20083010539427
12,540.6322955191516,18.28700581473113
12,540.6399679473931,18.214716562491738
12,540.6476385901893,18.299939811887775
12,540.6553074475404,18.39897814171766
12,540.6629745194462,18.159801165001063
12,540.6706398059066,18.220507053919206
12,540.6783033069217,18.284294248710708
12,540.6859650224917,18.2759226111543
12,540.6936249526165,18.377202655532457
12,540.7012830972958,18.161185069684535
12,540.70893945653,18.50740057800578
12,540.7165940303189,18.559366132856066
12,540.7242468186624,18.662109162077538
12,540.7318978215608,18.51531174659845
12,540.7395470390139,18.544313279157688
12,540.7471944710218,18.456353796374586
12,540.7548401175843,18.638335976696162
12,540.7624839787015,18.54397447602627
12,540.7701260543736,18.63945882492876
12,540.7777663446004,18.608887086028343
12,540.7854048493818,18.743800385812566
12,540.7930415687181,18.79291129943834
12,540.800676502609,18.719806403583554
12,540.8083096510547,18.911740683433404
12,540.8159410140552,18.960183865294358
12,540.8235705916104,18.99248114258135
12,540.8311983837202,18.877769724141782
12,540.838824390385,18.709326613714566
12,540.8464486116043,18.8617783802378
12,540.8540710473784,18.903274247823454
12,540.8616916977072,18.873164396494733
12,540.8693105625908,19.047047217589455
12,540.8769276420292,18.87961180688502
12,540.8845429360222,18.990042519433423
12,540.89215644457,18.89234720155112
12,540.8997681676725,19.05801349462065
12,540.9073781053297,19.15797370916454
12,540.9149862575417,18.911380629415618
12,540.9225926243084,19.15792084919939
12,540.93019720563,19.033921848556638
12,540.937800001506,19.28544291433218
12,540.9454010119371,19.170187368789556
12,540.9530002369227,19.313599094695206
12,540.9605976764631,19.388694560329675
12,540.9681933305582,19.446797006508355
12,540.9757871992081,19.461494417940287
12,540.9833792824127,19.32599989034499
12,540.990969580172,19.352500267731106
12,540.9985580924861,19.507536981858323
12,541.0061448193549,19.67889316434402
12,541.0137297607785,19.66273635320582
12,541.0213129167568,19.47537513981268
12,541.0288942872897,19.675209549245672
12,541.0364738723774,19.64340755874298
12,541.0440516720199,19.545882847398264
12,541.0516276862172,19.616990637029385
12,541.0592019149691,19.7240222586416
12,541.0667743582758,19.72250868740775
12,541.0743450161373,19.70566140788144
12,541.0819138885533,19.854125142625556
12,541.0894809755242,19.8033262238455
12,541.0970462770499,19.835509794055106
12,541.1046097931303,19.758969069301877
12,541.1121715237654,19.891951605686295
12,541.1197314689551,19.99726278565882
12,541.1272896286997,20.043759081845103
12,541.134846002999,19.860358785865454
12,541.1424005918531,19.987865333894355
12,541.1499533952618,19.999290581325447
12,541.1575044132253,20.029524166312104
12,541.1650536457436,20.350924746949588
12,541.1726010928165,19.94548588145939
12,541.1801467544443,20.42780974264613
12,541.1876906306267,20.20145008069978
12,541.1952327213639,20.14887611921443
12,541.2027730266558,20.406837151911727
12,541.2103115465025,20.23143551118634
12,541.2178482809038,20.31717578587575
12,541.22538322986,20.428726996174895
12,541.2329163933708,20.556568323082534
12,541.2404477714364,20.38946535107902
12,541.2479773640567,20.508511211821197
12,541.2555051712318,20.436967738631832
12,541.2630311929615,20.67880180784312
12,541.2705554292461,20.53351225742103
12,541.2780778800853,21.11924095141835
12,541.2855985454793,21.342535007669248
12,541.293117425428,21.486673109552857
12,541.3006345199316,21.237227902681315
12,541.3081498289897,21.454661512571903
12,541.3156633526027,21.47754673131847
12,541.3231750907703,21.638678165726176
12,541.3306850434927,21.521976904578253
12,541.3381932107699,21.60868690559023
12,541.3456995926017,21.6159601988406
12,541.3532041889883,21.657135111044493
12,541.3607069999297,21.624295037359538
12,541.3682080254258,21.54773195647248
12,541.3757072654766,21.718643120581735
12,541.3832047200822,21.716943451013165
12,541.3907003892424,21.85362355488123
12,541.3981942729574,21.818409321470547
12,541.4056863712271,21.777001648734753
12,541.4131766840517,21.85911246122112
12,541.4206652114309,22.177681098669034
12,541.4281519533648,21.861245511793665
12,541.4356369098535,22.01619405362609
12,541.443120080897,22.10840943625841
12,541.4506014664952,22.351578937018637
12,541.458081066648,22.232665765679194
12,541.4655588813557,22.11190135905576
12,541.473034910618,22.25799329078539
12,541.4805091544351,22.414560336001887
12,541.487981612807,22.328882327176117
12,541.4954522857336,22.36741683915521
12,541.5029211732149,22.40875029162296
12,541.5103882752509,22.442463677119573
12,541.5178535918417,22.268708444669855
12,541.5253171229872,22.558238671943066
12,541.5327788686874,22.509123574432692
12,541.5402388289424,22.635354829090165
12,541.5476970037521,22.702288488733515
12,541.5551533931166,22.555587598858935
12,541.5626079970358,22.834003797642534
12,541.5700608155097,22.68013950435866
12,541.5775118485384,22.939508689323375
12,541.5849610961218,23.043161024483165
12,541.5924085582599,22.92635983745542
12,541.5998542349527,22.99358368747139
12,541.6072981262004,22.999755918168255
12,541.6147402320026,22.993563473991852
12,541.6221805523597,22.98625172446282
12,541.6296190872715,23.079534647317782
12,541.637055836738,23.14222847461351
12,541.6444908007593,22.97583893430546
12,541.6519239793353,23.187799568535688
12,541.659355372466,23.09674403675044
12,541.6667849801515,23.36879361808755
12,541.6742128023917,23.334297297457073
12,541.6816388391867,23.276862166752785
12,541.6890630905364,23.238054189659717
12,541.6964855564407,23.41981969598356
12,541.7039062368999,23.30731781739819
12,541.7113251319138,23.507744199299097
12,541.7187422414823,23.63515076443639
12,541.7261575656057,23.545574681989773
12,541.7335711042839,23.99364709425912
12,541.7409828575167,23.931696705804423
12,541.7483928253042,23.64504846526691
12,541.7558010076465,23.823822855219337
12,541.7632074045436,23.927554052004428
12,541.7706120159953,23.83998547165643
12,541.7780148420018,23.746477133990037
12,541.785415882563,23.90307669443643
12,541.792815137679,24.212939212170884
12,541.8002126073496,24.01383103150409
12,541.8076082915751,24.183568586731504
12,541.8150021903552,24.076892550810943
12,541.8223943036902,24.259054265840533
12,541.8297846315799,24.265841493010416
12,541.8371731740242,24.439126075921834
12,541.8445599310234,24.507349951405086
12,541.8519449025772,24.569862419028812
12,541.8593280886857,24.85812194064672
12,541.8667094893491,24.463482248443345
12,541.8740891045671,25.46564678916725
12,541.8814669343399,25.494762101735564
12,541.8888429786674,25.557501879606573
12,541.8962172375496,25.35252662058711
12,541.9035897109867,25.718223891855015
12,541.9109603989783,25.652277442204063
12,541.9183293015249,25.858234694411806
12,541.925696418626,25.809217017618263
12,541.9330617502819,25.745970794001614
12,541.9404252964927,26.15640868422704
12,541.947787057258,25.801265823213082
12,541.9551470325781,25.982701859264186
12,541.962505222453,25.973924602117492
12,541.9698616268826,26.338565349927663
12,541.977216245867,26.01760397633698
12,541.984569079406,26.442609914321785
12,541.9919201274998,26.229173396634508
12,541.9992693901484,26.19946421626946
12,542.0066168673517,26.3338176200112
12,542.0139625591097,26.334337636811785
12,542.0213064654224,26.434093529990886
12,542.0286485862899,26.667336740136506
12,542.0359889217121,26.446243634282126
12,542.043327471689,26.454917083148207
12,542.0506642362208,26.60085129840101
12,542.0579992153072,26.77760999304151
12,542.0653324089483,26.835991974041317
12,542.0726638171442,26.791939891848195
12,542.0799934398948,26.8901547563533
12,542.0873212772002,26.97866879649266
12,542.0946473290603,26.969544177413958
12,542.1019715954751,27.322889893254704
12,542.1092940764447,27.29180031489105
12,542.116614771969,27.157273972926063
12,542.123933682048,27.139826058394313
12,542.1312508066818,27.40302866788391
12,542.1385661458703,27.548645614454294
12,542.1458796996135,27.54874597543241
12,542.1531914679115,27.693867567219026
12,542.1605014507642,27.4848028602652
12,542.1678096481717,27.630046761641974
12,542.1751160601339,27.706740934887637
12,542.1824206866507,27.538398971421966
12,542.1897235277223,27.55215374393341
12,542.1970245833487,27.63406527996015
12,542.2043238535299,27.90147368184483
12,542.2116213382657,28.095735285395747
12,542.2189170375564,27.873649620498927
12,542.2262109514016,28.228099035817127
12,542.2335030798017,28.38974986463951
12,542.2407934227565,28.165126335706063
12,542.248081980266,28.545968390560336
12,542.2553687523302,28.357131561728842
12,542.2626537389492,28.23729394581082
12,542.269936940123,28.553028239991704
12,542.2772183558515,28.477368065188344
12,542.2844979861346,28.852549519472433
12,542.2917758309726,28.77791660642502
12,542.2990518903653,29.07584269777893
12,542.3063261643126,28.86015172479894
12,542.3135986528148,29.732993280532007
12,542.3208693558717,29.869209627880693
12,542.3281382734833,30.050063848046644
12,542.3354054056497,30.144900235613367
12,542.3426707523707,30.122306846946653
12,542.3499343136465,30.386560742972446
12,542.357196089477,30.04950761845554
12,542.3644560798624,30.080553630414975
12,542.3717142848024,30.23295822903791
12,542.3789707042971,30.38885301385209
12,542.3862253383467,30.2261337837881
12,542.3934781869508,30.384871107255556
12,542.4007292501097,30.76233895809536
12,542.4079785278235,30.750779935290634
12,542.415226020092,30.659524022011418
12,542.4224717269151,30.988904644689395
12,542.429715648293,30.709179539488122
12,542.4369577842256,30.832223512215307
12,542.444198134713,31.09870165237484
12,542.451436699755,30.904102321219533
12,542.4586734793519,31.220141453681197
12,542.4659084735035,31.072937681720198
12,542.4731416822098,31.120378806078083
12,542.4803731054708,31.42985842288984
12,542.4876027432866,31.572891338459044
12,542.4948305956572,31.07874922924814
12,542.5020566625824,31.718699919739038
12,542.5092809440623,31.82791348130946
12,542.516503440097,31.767441406074134
12,542.5237241506866,31.47368675465794
12,542.5309430758307,31.802426818193872
12,542.5381602155296,32.15335641257915
12,542.5453755697832,31.83801666394404
12,542.5525891385917,32.14161738425541
12,542.5598009219548,31.909126707236315
12,542.5670109198727,32.08905420646669
12,542.5742191323452,32.58808962228837
12,542.5814255593726,32.271407783002644
12,542.5886302009546,32.054429132795306
12,542.5958330570915,32.346616684846644
12,542.603034127783,32.721975225033994
12,542.6102334130293,32.83467417967545
12,542.6174309128303,32.81174417801368
12,542.624626627186,32.924475607206325
12,542.6318205560965,33.138527978455805
12,542.6390126995617,33.266338533641864
12,542.6462030575816,32.94395075794045
12,542.6533916301563,33.194822310243445
12,542.6605784172857,33.10530594898172
12,542.6677634189698,34.418968547646124
12,542.6749466352087,34.38621317065773
12,542.6821280660023,34.72682107921869
12,542.6893077113507,34.451290281785525
12,542.6964855712538,34.59059273440559
12,542.7036616457116,34.85555853786477
12,542.7108359347242,35.21398823818974
12,542.7180084382915,34.957788161674
12,542.7251791564134,35.40206258762452
12,542.7323480890902,35.41163669840131
12,542.7395152363217,35.53807693856205
12,542.746680598108,35.47919837142931
12,542.7538441744489,35.71005334013177
12,542.7610059653447,35.72583419753
12,542.768165970795,35.69788960874557
12,542.7753241908002,35.48575676006885
12,542.7824806253601,35.80026322986593
12,542.7896352744748,36.1541060785129
12,542.7967881381442,36.124783231243605
12,542.8039392163682,36.423392812318845
12,542.8110885091471,36.074518459826336
12,542.8182360164807,36.10021325136297
12,542.8253817383691,36.3920885195189
12,542.832525674812,36.60020901062965
12,542.8396678258098,36.3863666829101
12,542.8468081913624,36.51691891761852
12,542.8539467714696,36.80409527819128
12,542.8610835661316,37.04581901870379
12,542.8682185753484,37.33033451217593
12,542.8753517991198,36.69385974198424
12,542.882483237446,37.50125351078308
12,542.8896128903269,37.00494631216392
12,542.8967407577626,37.13554690885094
12,542.9038668397529,37.334507764499925
12,542.9109911362981,37.580187124799
12,542.918113647398,38.081084352153695
12,542.9252343730526,38.04466612593414
12,542.9323533132618,37.38033729507337
12,542.939470468026,38.58488516901977
12,542.9465858373447,38.081960343005086
12,542.9536994212183,37.97932749727303
12,542.9608112196466,38.31604401867286
12,542.9679212326296,37.85784218751044
12,542.9750294601673,38.446807728524035
12,542.9821359022599,40.01564842601986
12,542.989240558907,40.058846565878085
12,542.996343430109,39.70967428601288
12,543.0034445158657,40.25016851720778
12,543.0105438161771,40.07448924356754
12,543.0176413310433,40.38481048222983
12,543.0247370604642,40.667701585074695
12,543.0318310044398,40.2728928304173
12,543.0389231629701,40.73508899116878
12,543.0460135360552,41.00427259896334
12,543.053102123695,40.69255709456278
12,543.0601889258896,41.19386193672227
12,543.067273942639,40.66752283352263
12,543.074357173943,40.79337484670824
12,543.0814386198017,41.46745370251512
12,543.0885182802152,41.37272699441887
12,543.0955961551834,41.46489844981397
12,543.1026722447065,41.8383713961613
12,543.1097465487842,41.4569149019169
12,543.1168190674166,41.62315545143573
12,543.1238898006038,42.126044966870445
12,543.1309587483456,41.90780965393672
12,543.1380259106423,42.07951085560133
12,543.1450912874938,42.134594917421396
12,543.1521548788999,43.09661150519108
12,543.1592166848607,42.64320110976315
12,543.1662767053763,43.1367136861757
12,543.1733349404466,43.17099945263881
12,543.1803913900717,43.06636187444728
12,543.1874460542514,43.74310128587437
12,543.194498932986,44.062387864745965
12,543.2015500262752,43.449178588223795
12,543.2085993341192,43.225946708222
12,543.215646856518,44.07961842318836
12,543.2226925934714,43.535666700623985
12,543.2297365449796,43.92477873541472
12,543.2367787110426,44.187009773401364
12,543.2438190916603,44.28263328199849
12,543.2508576868327,44.629612782864
12,543.2578944965597,46.24964817058908
12,543.2649295208416,45.97673829933207
12,543.2719627596782,45.8657437675515
12,543.2789942130696,46.23793467526867
12,543.2860238810157,46.42847347842993
12,543.2930517635165,46.56922063008726
12,543.3000778605721,46.98186176179878
12,543.3071021721823,47.16917484536207
12,543.3141246983473,46.67034308387077
12,543.3211454390671,46.961553022263686
12,543.3281643943416,47.34810234588535
12,543.3351815641709,47.70512988814682
12,543.3421969485547,47.92230803851034
12,543.3492105474935,47.038513022752575
12,543.3562223609869,48.00035467893334
12,543.363232389035,48.196991667205594
12,543.3702406316379,48.13091348490018
12,543.3772470887956,48.51334592085031
12,543.3842517605079,48.56627484653775
12,543.391254646775,48.97325924663803
12,543.3982557475969,48.52360322525514
12,543.4052550629734,49.3700943863973
12,543.4122525929048,48.75536480040132
12,543.4192483373907,49.68242996300879
12,543.4262422964316,49.71579389191536
12,543.4332344700271,49.57823072657847
12,543.4402248581773,49.769635282290494
12,543.4472134608823,49.91798029853379
12,543.454200278142,50.48793102171488
12,543.4611853099565,49.95650309996001
12,543.4681685563256,50.26460732888941
12,543.4751500172496,50.32263554707028
12,543.4821296927282,50.714777269233416
12,543.4891075827617,51.09659017667885
12,543.4960836873497,50.755804832943156
12,543.5030580064927,51.32833095099763
12,543.5100305401902,52.75039921625217
12,543.5170012884425,53.5941086200966
12,543.5239702512496,52.75657917019079
12,543.5309374286114,52.984861160161294
12,543.537902820528,53.24038141463641
12,543.5448664269992,54.53950599465324
12,543.5518282480252,53.68914818579085
12,543.558788283606,53.85540597726784
12,543.5657465337414,54.34462054466044
12,543.5727029984316,54.798609775095365
12,543.5796576776766,54.891008810679786
12,543.5866105714763,55.08858720253709
12,543.5935616798306,54.899066483069305
12,543.6005110027398,55.51222312336386
12,543.6074585402037,55.28769215085008
12,543.6144042922223,55.718360022520514
12,543.6213482587957,55.745278834991765
12,543.6282904399237,55.82283950747211
12,543.6352308356065,55.23986799348882
12,543.6421694458442,55.77718425895129
12,543.6491062706364,56.139290237927824
12,543.6560413099834,56.9584003172789
12,543.6629745638852,56.63278304153712
12,543.6699060323417,57.769240761642344
12,543.6768357153529,57.49143746092826
12,543.6837636129189,57.15802033887693
12,543.6906897250396,58.02299134060797
12,543.697614051715,57.50256153000472
12,543.7045365929451,58.71216975838743
12,543.71145734873,58.49692503636362
12,543.7183763190698,58.05624626863329
12,543.7252935039642,58.801420072209915
12,543.7322089034133,59.437863563061036
12,543.7391225174171,59.451609109725744
12,543.7460343459757,60.65432603843789
12,543.752944389089,62.0273345664193
12,543.759852646757,61.963612561031724
12,543.7667591189798,62.37955771469646
12,543.7736638057573,61.7965294813453
12,543.7805667070895,62.360614555213694
12,543.7874678229765,62.58627277792269
12,543.7943671534183,62.262373385059945
12,543.8012646984147,62.61028110451062
12,543.808160457966,63.7463329189501
12,543.8150544320719,63.235994970415845
12,543.8219466207325,62.973856861628356
12,543.8288370239479,63.765420943157814
12,543.835725641718,65.11001306144944
12,543.8426124740429,63.78382777605932
12,543.8494975209226,64.58712803103337
12,543.8563807823568,63.904732563577525
12,543.8632622583459,63.86480032453008
12,543.8701419488897,65.31145484089566
12,543.8770198539883,65.32997072278484
12,543.8838959736415,65.78065504529647
12,543.8907703078496,66.72351136731383
12,543.8976428566123,65.34530084890108
12,543.9045136199298,65.97111820307484
12,543.911382597802,66.64384027080513
12,543.918249790229,65.01581607287065
12,543.9251151972106,66.13285369797123
12,543.9319788187471,67.62469060140519
12,543.9388406548383,65.81965771196505
12,543.9457007054841,67.63302197222106
12,543.9525589706848,68.21066967716474
12,543.9594154504401,70.13665443046726
12,543.9662701447502,69.9190114039939
12,543.973123053615,69.69002284314742
12,543.9799741770346,70.50561421735934
12,543.9868235150088,71.7502491768204
12,543.9936710675379,70.36122463703526
12,544.0005168346216,71.43736480703049
12,544.0073608162602,73.83030400931682
12,544.0142030124534,71.55059294859524
12,544.0210434232014,73.70579731451214
12,544.0278820485041,73.0610660744039
12,544.0347188883616,73.058675215056
12,544.0415539427737,72.69237751528678
12,544.0483872117406,73.55135438628047
12,544.0552186952623,73.65658013413523
12,544.0620483933386,73.5408025005683
12,544.0688763059698,74.05960088210969
12,544.0757024331556,74.08865917423901
12,544.0825267748962,74.95737569571887
12,544.0893493311916,75.23491210209977
12,544.0961701020416,76.70173496735497
12,544.1029890874464,75.45223094502553
12,544.109806287406,75.67345949508311
12,544.1166217019202,75.88994605748289
12,544.1234353309892,77.80416463504251
12,544.1302471746129,78.27559986832794
12,544.1370572327913,78.66853356926647
12,544.1438655055246,77.00307000974074
12,544.1506719928125,78.45597325818105
12,544.1574766946552,80.63871921168678
12,544.1642796110526,81.33472568810151
12,544.1710807420047,81.50110193898368
12,544.1778800875117,82.61314121035157
12,544.1846776475732,83.61676436467114
12,544.1914734221896,84.27963380596742
12,544.1982674113606,82.62746602344554
12,544.2050596150865,84.32037003600598
12,544.211850033367,84.20530188609497
12,544.2186386662023,86.39466717343147
12,544.2254255135923,84.91499557298324
12,544.232210575537,85.7096057779623
12,544.2389938520365,87.11768659877822
12,544.2457753430907,88.4703369857235
12,544.2525550486997,87.31597931348206
12,544.2593329688634,88.13988753566827
12,544.2661091035818,88.99596326599
12,544.272883452855,91.14367056930301
12,544.2796560166829,90.79318588189335
12,544.2864267950655,91.80272529482058
12,544.2931957880029,90.38954667527327
12,544.299962995495,91.0510603281971
12,544.3067284175419,93.37254475860509
12,544.3134920541435,92.78392290915363
12,544.3202539052998,93.2351294939284
12,544.3270139710107,94.8460059784949
12,544.3337722512765,96.30470536063329
12,544.3405287460971,95.94702897362785
12,544.3472834554723,96.981068112425
12,544.3540363794023,101.40043358619049
12,544.360787517887,100.801835569626
12,544.3675368709264,103.6028637258113
12,544.3742844385206,101.6233291344989
12,544.3810302206696,103.08218154708904
12,544.3877742173732,104.84092089334628
12,544.3945164286316,103.66554185570129
12,544.4012568544447,104.97055815785517
12,544.4079954948126,109.81803569315227
12,544.4147323497351,106.30150433838654
12,544.4214674192125,107.0005310054987
12,544.4282007032446,108.01836205678143
12,544.4349322018313,109.13016892249135
12,544.4416619149729,107.67563209691828
12,544.4483898426691,111.6117424874123
12,544.4551159849202,110.07181772429368
12,544.4618403417259,113.33054225309402
12,544.4685629130864,113.58386722702149
12,544.4752836990016,112.4361900537177
12,544.4820026994715,116.97596749927048
12,544.4887199144962,120.14797267526647
12,544.4954353440756,118.13933368153369
12,544.5021489882098,118.82531422662102
12,544.5088608468986,118.25874380835906
12,544.5155709201423,118.73246139701745
12,544.5222792079406,121.11483665258385
12,544.5289857102937,125.02074082954417
12,544.5356904272015,126.65269159649802
12,544.5423933586641,128.9662394210176
12,544.5490945046814,128.12738422152634
12,544.5557938652535,131.21848943698998
12,544.5624914403802,134.07678481026016
12,544.5691872300616,133.3739594352298
12,544.5758812342979,133.84496674619686
12,544.5825734530889,135.84108624293623
12,544.5892638864345,138.1158786282568
12,544.595952534335,137.3898070809191
12,544.6026393967902,139.08894850785254
12,544.6093244738,143.09924098037612
12,544.6160077653647,144.3868062398118
12,544.6226892714841,145.86376973662013
12,544.6293689921582,146.34834436839304
12,544.636046927387,144.16655920221524
12,544.6427230771707,143.82692238867097
12,544.6493974415089,148.335458265033
12,544.656070020402,151.39588785545567
12,544.6627408138497,151.3306914266323
12,544.6694098218522,153.97149254728873
12,544.6760770444096,156.3866767586094
12,544.6827424815215,153.66406441614356
12,544.6894061331883,158.1523226683692
12,544.6960679994097,158.38084894988376
12,544.7027280801859,168.33105001364495
12,544.7093863755168,170.43026705737373
12,544.7160428854025,171.67187670854923
12,544.7226976098428,172.74489946265246
12,544.729350548838,174.3047225543206
12,544.7360017023879,174.40709059960855
12,544.7426510704925,178.88246754144978
12,544.7492986531519,179.09022552699753
12,544.7559444503659,182.15552170229802
12,544.7625884621347,184.31351439557048
12,544.7692306884583,183.40603059680308
12,544.7758711293366,187.38625000303765
12,544.7825097847696,187.35760343019422
12,544.7891466547572,187.7500944106769
12,544.7957817392997,194.704263042682
12,544.8024150383969,199.89940480302852
12,544.8090465520489,198.58530895697277
12,544.8156762802556,199.4389344188973
12,544.822304223017,204.41283215021892
12,544.8289303803332,204.31275427667364
12,544.8355547522041,208.10549667186257
12,544.8421773386297,217.98286307892522
12,544.84879813961,214.416402926363
12,544.8554171551451,216.45422907497152
12,544.862034385235,215.03429183681754
12,544.8686498298796,230.2158917441583
12,544.8752634890789,240.48086087736633
12,544.881875362833,241.88318571615133
12,544.8884854511416,240.41082238731178
12,544.8950937540052,245.5813509633414
12,544.9017002714234,244.7473797697331
12,544.9083050033963,250.8254938871062
12,544.9149079499241,262.4088489364486
12,544.9215091110066,255.2087942631538
12,544.9281084866437,267.20895688383115
12,544.9347060768356,269.61842940579
12,544.9413018815823,279.38529106734313
12,544.9478959008836,272.27557404100037
12,544.9544881347398,289.89757460412426
12,544.9610785831507,286.5401726330784
12,544.9676672461162,287.1511964240704
12,544.9742541236366,288.7585591717453
12,544.9808392157116,285.34308953055677
12,544.9874225223414,303.07167042369184
12,544.9940040435259,298.7532145545962
12,545.0005837792652,310.0844023565316
12,545.0071617295591,314.2515729543755
12,545.0137378944079,317.16639505549034
12,545.0203122738113,313.7652049733044
12,545.0268848677696,357.5124949067187
12,545.0334556762825,351.3248678263409
12,545.0400246993502,344.1128948423562
12,545.0465919369726,353.2247827488335
12,545.0531573891496,345.9981237052813
12,545.0597210558816,358.78719335083497
12,545.0662829371682,357.203610113097
12,545.0728430330096,373.5849262554292
13,520.6906118985275,363.8841290612537
13,520.7026614993736,350.1165451295329
13,520.7147077986552,332.59089143733814
13,520.7267507963725,335.782492790706
13,520.7387904925254,326.83197156181296
13,520.7508268871139,325.55247025257813
13,520.7628599801382,321.5252241471707
13,520.7748897715979,313.97828167750237
13,520.7869162614933,303.74136216770916
13,520.7989394498244,301.34830258697343
13,520.810959336591,296.3774976765732
13,520.8229759217933,283.0933296184828
13,520.8349892054312,290.242503118922
13,520.8469991875047,273.0222820091202
13,520.8590058680139,276.0119587466036
13,520.8710092469587,270.2146110950408
13,520.8830093243391,268.8993260388487
13,520.8950061001551,265.50129388554785
13,520.9069995744069,260.42646799357135
13,520.9189897470941,257.56488790340376
13,520.9309766182171,247.14546230371283
13,520.9429601877756,251.01734197414612
13,520.9549404557698,252.59811800933386
13,520.9669174221996,238.625566222235
13,520.978891087065,233.31273334190945
13,520.9908614503661,231.90499196029197
13,521.0028285121027,229.28116302814962
13,521.014792272275,228.5617889871974
13,521.026752730883,226.86329742969275
13,521.0387098879265,216.36679541171517
13,521.0506637434057,224.83752272286347
13,521.0626142973205,217.8526188700416
13,521.074561549671,217.2043112890839
13,521.086505500457,211.22666363362282
13,521.0984461496787,204.20506659007572
13,521.110383497336,196.13808939297348
13,521.122317543429,197.8461426304372
13,521.1342482879575,202.93802754682582
13,521.1461757309216,198.09817026835364
13,521.1580998723215,196.1851362297429
13,521.1700207121569,192.58785319152713
13,521.181938250428,185.76010919340368
13,521.1938524871347,189.1157936123014
13,521.205763422277,186.64391457627372
13,521.2176710558549,184.65335009237577
13,521.2295753878685,184.1903782107825
13,521.2414764183177,179.52471663416355
13,521.2533741472025,174.67798197083633
13,521.265268574523,172.04147541026614
13,521.2771597002791,168.20858779633227
13,521.2890475244708,173.77619284383232
13,521.3009320470981,168.9352357102559
13,521.312813268161,164.80549737790815
13,521.3246911876596,164.38874388026778
13,521.3365658055939,167.232483793026
13,521.3484371219637,162.99029975201964
13,521.3603051367691,162.61530237073282
13,521.3721698500102,159.875562383062
13,521.3840312616869,154.68082516554585
13,521.3958893717993,152.0875936634176
13,521.4077441803472,154.4889955369758
13,521.4195956873308,151.3677829621132
13,521.4314438927499,149.27896610781679
13,521.4432887966049,144.42319660830537
13,521.4551303988953,145.39992602880068
13,521.4669686996214,139.91057706380903
13,521.478803698783,143.07082392849452
13,521.4906353963804,145.25785961666196
13,521.5024637924134,134.45733309776782
13,521.514288886882,136.56985858881168
13,521.5261106797863,134.3045226184329
13,521.537929171126,134.9928753712418
13,521.5497443609015,133.81180756158287
13,521.5615562491126,131.76437809138403
13,521.5733648357593,128.82835391862903
13,521.5851701208417,127.82293206615441
13,521.5969721043597,127.97428629959637
13,521.6087707863132,128.7916635205097
13,521.6205661667025,124.08506457220487
13,521.6323582455274,127.05417975079132
13,521.6441470227878,123.87221712086004
13,521.6559324984839,122.36417940690083
13,521.6677146726156,121.47587194298991
13,521.679493545183,120.5206050184189
13,521.6912691161859,118.46412735845594
13,521.7030413856246,117.98793992344247
13,521.7148103534988,116.55363700114448
13,521.7265760198087,113.94407421950683
13,521.7383383845541,116.61575506839623
13,521.7500974477352,113.30979424668186
13,521.761853209352,111.81134845076602
13,521.7736056694043,109.7901528596069
13,521.7853548278924,109.76306048042287
13,521.797100684816,108.89719072573008
13,521.8088432401752,108.95749109317583
13,521.82058249397,110.29462391064384
13,521.8323184462006,108.04269934143456
13,521.8440510968667,107.66183141097628
13,521.8557804459684,104.37343449530373
13,521.8675064935059,104.34940039749304
13,521.8792292394788,102.82043440530087
13,521.8909486838875,100.93660292151394
13,521.9026648267317,100.58013962282784
13,521.9143776680115,101.88900154019757
13,521.926087207727,98.48932227631335
13,521.9377934458782,98.74110652827297
13,521.949496382465,97.6504026565344
13,521.9611960174873,97.40960850255506
13,521.9728923509454,97.90068393608313
13,521.984585382839,94.54651495546621
13,521.9962751131682,94.91031623655182
13,522.0079615419331,95.76058473047321
13,522.0196446691336,91.38529750263572
13,522.0313244947697,92.61559307766294
13,522.0430010188416,92.3423143218443
13,522.0546742413488,90.52213019605414
13,522.0663441622919,91.51412791357423
13,522.0780107816705,90.00688186329889
13,522.0896740994848,88.68264019736668
13,522.1013341157347,88.65687259463937
13,522.1129908304202,88.30704225938922
13,522.1246442435413,86.16943837108671
13,522.1362943550981,86.2267250544123
13,522.1479411650905,85.53823346816084
13,522.1595846735186,84.73820318948617
13,522.1712248803822,83.13326998412204
13,522.1828617856814,85.32070017168223
13,522.1944953894164,83.37980682277167
13,522.2061256915869,82.22717810296236
13,522.217752692193,81.46800287561685
13,522.2293763912348,80.86979376150197
13,522.2409967887122,80.50056739148212
13,522.2526138846252,79.76538446414249
13,522.2642276789738,79.31436737019574
13,522.2758381717581,78.16736051178326
13,522.287445362978,78.6452386651798
13,522.2990492526336,79.04523536986623
13,522.3106498407247,76.4895780961595
13,522.3222471272516,76.07518867349684
13,522.3338411122139,75.20180854561261
13,522.345431795612,76.19763898442035
13,522.3570191774456,74.19724230850899
13,522.3686032577149,74.3848207934613
13,522.3801840364198,72.61207222131951
13,522.3917615135604,73.66505304979245
13,522.4033356891365,73.05662949700226
13,522.4149065631483,72.14069833478098
13,522.4264741355958,70.51208210858637
13,522.4380384064788,70.18746110266129
13,522.4495993757974,69.89849720722026
13,522.4611570435518,70.08306231342286
13,522.4727114097417,68.88406979626279
13,522.4842624743673,69.4946985138147
13,522.4958102374284,67.75374414172543
13,522.5073546989252,67.86847889174486
13,522.5188958588576,67.0128219177752
13,522.5304337172256,67.69608369043779
13,522.5419682740293,67.38623982005677
13,522.5534995292686,66.53212670384605
13,522.5650274829436,66.71025537371483
13,522.5765521350542,65.51971524552327
13,522.5880734856003,64.6920119888202
13,522.599591534582,64.59362294550282
13,522.6111062819995,64.08184176315879
13,522.6226177278526,62.82944257740235
13,522.6341258721412,63.388079999826495
13,522.6456307148655,63.926883947791154
13,522.6571322560255,62.25483325942319
13,522.6686304956211,61.47797889938306
13,522.6801254336523,61.60267455342057
13,522.691617070119,61.51834172475934
13,522.7031054050215,60.73528762144586
13,522.7145904383596,61.11176753085695
13,522.7260721701333,60.76135786065355
13,522.7375506003426,60.42385132290889
13,522.7490257289875,60.140501494298675
13,522.7604975560681,61.042248814769344
13,522.7719660815843,60.41502833768038
13,522.783431305536,60.208604071921215
13,522.7948932279236,58.361544299638915
13,522.8063518487467,58.67147466266024
13,522.8178071680053,58.76629852518324
13,522.8292591856996,57.55237721359514
13,522.8407079018295,57.79096773814699
13,522.8521533163952,56.747231017141715
13,522.8635954293964,58.24728510760456
13,522.8750342408332,56.51608562771608
13,522.8864697507056,57.41681235340798
13,522.8979019590138,56.64589496091911
13,522.9093308657574,56.59443936779978
13,522.9207564709368,56.084352150006936
13,522.9321787745517,55.04462456038943
13,522.9435977766022,54.665060365361775
13,522.9550134770885,55.18451394724611
13,522.9664258760104,53.93392273310534
13,522.9778349733679,54.26611434875793
13,522.9892407691609,53.983605542716994
13,523.0006432633896,53.731997053857015
13,523.0120424560539,53.11677314930657
13,523.023438347154,53.42163317470268
13,523.0348309366894,52.52003224994292
13,523.0462202246607,53.0042763474912
13,523.0576062110675,52.67784394018028
13,523.06898889591,52.396924455944976
13,523.0803682791882,52.75734515230084
13,523.0917443609019,51.70799378482908
13,523.1031171410511,51.946178845740505
13,523.1144866196362,51.39704940990981
13,523.1258527966568,50.533325356370526
13,523.137215672113,50.499042497055655
13,523.1485752460048,50.503309920812605
13,523.1599315183323,49.7007167504266
13,523.1712844890955,49.79612622906705
13,523.1826341582941,49.864833856769266
13,523.1939805259285,48.81331632300941
13,523.2053235919984,49.71003326873467
13,523.2166633565041,49.24699400373884
13,523.2279998194454,48.824225029564694
13,523.2393329808222,49.12088865195739
13,523.2506628406346,48.09228610312406
13,523.2619893988827,49.07675864243527
13,523.2733126555665,46.830324835484596
13,523.2846326106859,47.781161729886634
13,523.2959492642409,47.08311569578275
13,523.3072626162315,47.87895618126192
13,523.3185726666577,46.777311913501904
13,523.3298794155196,47.07759423130068
13,523.341182862817,47.100279338048054
13,523.3524830085502,47.34913289679969
13,523.363779852719,46.218955043743726
13,523.3750733953233,46.14563281061443
13,523.3863636363633,45.42000039495231
13,523.397650575839,44.91682856717184
13,523.4089342137502,45.123509433330234
13,523.4202145500971,45.07332026521955
13,523.4314915848795,44.83701731198886
13,523.4427653180976,44.11445361775833
13,523.4540357497514,44.17689305685508
13,523.4653028798408,44.30093183482662
13,523.4765667083658,43.84795871878147
13,523.4878272353264,44.09754148274274
13,523.4990844607227,43.71893845442124
13,523.5103383845545,43.269983612298375
13,523.5215890068221,42.70678467667684
13,523.5328363275252,43.11419688172978
13,523.5440803466639,42.47019300935126
13,523.5553210642383,42.11596963619155
13,523.5665584802483,42.270695438109975
13,523.577792594694,42.03553691826738
13,523.5890234075753,41.432710425017575
13,523.6002509188921,41.904612978542474
13,523.6114751286447,41.91233087636052
13,523.6226960368327,40.955573922900484
13,523.6339136434565,40.79901109582125
13,523.6451279485159,40.61286050009035
13,523.656338952011,40.974881816767954
13,523.6675466539416,40.8975855862394
13,523.6787510543079,39.80071299360596
13,523.6899521531097,40.314881470746265
13,523.7011499503473,39.69985747664305
13,523.7123444460204,39.355280926258466
13,523.7235356401292,39.402397751159405
13,523.7347235326736,39.29852436879154
13,523.7459081236536,39.05524358838764
13,523.7570894130693,39.12281852841229
13,523.7682674009205,38.96284853243971
13,523.7794420872075,38.99165777565108
13,523.79061347193,38.517969873322905
13,523.8017815550882,38.25972107883805
13,523.8129463366819,38.74060134801947
13,523.8241078167113,37.94999147560528
13,523.8352659951763,38.21469723333605
13,523.846420872077,37.75726043866948
13,523.8575724474133,37.13914310236481
13,523.8687207211852,37.037206209500035
13,523.8798656933927,37.22088018439051
13,523.8910073640359,37.135068994689554
13,523.9021457331147,37.05214025338935
13,523.9132808006291,36.870499318364004
13,523.9244125665791,36.2740833390514
13,523.9355410309648,36.56954266951084
13,523.9466661937861,36.20195113874763
13,523.957788055043,35.75091927890514
13,523.9689066147356,35.879437942136036
13,523.9800218728637,35.571952446085525
13,523.9911338294276,35.792014082761426
13,524.0022424844269,35.44755552223867
13,524.0133478378619,35.366161936510785
13,524.0244498897326,34.846700432832215
13,524.035548640039,35.247730199338555
13,524.0466440887809,34.62641761581708
13,524.0577362359585,34.44811971366912
13,524.0688250815716,34.75851448868006
13,524.0799106256204,34.28717721979675
13,524.0909928681049,34.60252727740569
13,524.1020718090249,34.36987117400078
13,524.1131474483806,34.04413425067666
13,524.1242197861719,33.76691843293119
13,524.1352888223988,34.71548043139801
13,524.1463545570614,33.5589904565169
13,524.1574169901596,33.35361598869632
13,524.1684761216934,33.41783841071326
13,524.1795319516629,33.55573074755622
13,524.1905844800679,33.50251793199522
13,524.2016337069085,33.18791819206417
13,524.2126796321849,33.13787589575118
13,524.2237222558969,33.2290327607426
13,524.2347615780444,33.078877867706396
13,524.2457975986276,32.75104852459285
13,524.2568303176464,32.78846966199155
13,524.2678597351008,32.44306261220224
13,524.278885850991,32.40978702626714
13,524.2899086653166,32.33831849584555
13,524.3009281780779,32.431432634136854
13,524.3119443892749,32.43091747029221
13,524.3229572989075,31.940235222508846
13,524.3339669069757,32.329411029530526
13,524.3449732134795,31.25476466150069
13,524.355976218419,31.968809027621315
13,524.366975921794,31.764036300704273
13,524.3779723236047,30.95182649404973
13,524.388965423851,31.404222212548678
13,524.399955222533,31.406175924962948
13,524.4109417196506,31.215628125506296
13,524.4219249152038,31.257872888162375
13,524.4329048091927,31.074356215695655
13,524.4438814016171,30.911870121189658
13,524.4548546924772,30.79586925366443
13,524.4658246817729,30.38013682487632
13,524.4767913695042,30.705780890937064
13,524.4877547556712,30.181494594266127
13,524.4987148402738,30.386946321403805
13,524.509671623312,30.447514216276325
13,524.5206251047858,30.453853194783164
13,524.5315752846952,30.062045650410703
13,524.5425221630404,29.886073654224006
13,524.5534657398211,30.31983422230206
13,524.5644060150374,29.950307405805134
13,524.5753429886894,29.71485128100145
13,524.586276660777,29.54977320550413
13,524.5972070313003,29.67482171273526
13,524.6081341002591,29.411641789198946
13,524.6190578676535,29.27760653646911
13,524.6299783334837,28.976734711044234
13,524.6408954977494,28.99864820508628
13,524.6518093604508,29.137816967166447
13,524.6627199215877,28.75860410005431
13,524.6736271811603,28.834241114542543
13,524.6845311391686,28.68632252059886
13,524.6954317956124,28.801653643496042
13,524.7063291504919,28.673723555118684
13,524.717223203807,28.69764734752387
13,524.7281139555578,28.230589258195643
13,524.739001405744,28.285784291684656
13,524.7498855543661,28.216080435533485
13,524.7607664014237,28.254516963281358
13,524.7716439469169,27.803215946183144
13,524.7825181908457,28.457789109925663
13,524.7933891332103,28.281331962159367
13,524.8042567740104,27.870022235484704
13,524.8151211132462,27.808871123015216
13,524.8259821509175,27.495750564211793
13,524.8368398870244,27.658151268666685
13,524.8476943215671,27.312799593071468
13,524.8585454545454,27.26831527412802
13,524.8693932859592,27.055243779198644
13,524.8802378158088,26.96686250999749
13,524.8910790440939,27.21284962378647
13,524.9019169708146,26.843765379003383
13,524.9127515959709,26.73887232612643
13,524.9235829195629,26.637350305898842
13,524.9344109415906,26.91956418922717
13,524.9452356620538,26.491351200951733
13,524.9560570809527,26.258281211728743
13,524.9668751982872,26.654286797266497
13,524.9776900140573,26.257107625030937
13,524.9885015282631,26.36400699195296
13,524.9993097409046,26.418824844058573
13,525.0101146519816,26.421751945266003
13,525.0209162614941,25.8315968760118
13,525.0317145694424,25.885845002406164
13,525.0425095758263,26.001801162170562
13,525.0533012806458,25.831373310315104
13,525.064089683901,25.59900550261388
13,525.0748747855916,25.74157072885924
13,525.0856565857181,25.751109098349133
13,525.0964350842801,25.38250081305959
13,525.1072102812777,25.70392597558019
13,525.117982176711,25.31418244823188
13,525.1287507705799,25.244257179616326
13,525.1395160628845,25.432044251396924
13,525.1502780536246,25.093212788592652
13,525.1610367428003,25.19720650372216
13,525.1717921304117,25.10617245602491
13,525.1825442164587,24.78149409441676
13,525.1932930009414,25.025976277577865
13,525.2040384838597,24.517776395794957
13,525.2147806652135,24.58787260214196
13,525.2255195450031,24.656911913218945
13,525.2362551232283,24.439051325261875
13,525.246987399889,24.34080798571093
13,525.2577163749854,24.44644885977871
13,525.2684420485175,24.201988812350812
13,525.2791644204851,24.09358659749602
13,525.2898834908884,24.27814094380543
13,525.3005992597273,24.48867421211714
13,525.3113117270019,24.034505391418552
13,525.322020892712,24.243597439531353
13,525.3327267568578,23.898912146142067
13,525.3434293194392,23.85739235530352
13,525.3541285804563,23.657592872491904
13,525.3648245399089,23.701111503725237
13,525.3755171977972,23.463960038451855
13,525.3862065541211,23.394017009638198
13,525.3968926088806,23.06900206320533
13,525.4075753620758,23.284687178144193
13,525.4182548137067,23.568265492799455
13,525.428930963773,23.301545070877697
13,525.4396038122751,23.125989590108833
13,525.4502733592128,23.062521052394118
13,525.4609396045861,23.06906140913918
13,525.471602548395,23.062327887985443
13,525.4822621906395,22.842280311673132
13,525.4929185313197,22.96619630732021
13,525.5035715704355,22.767694141546986
13,525.514221307987,22.99109734120168
13,525.524867743974,22.53843234959057
13,525.5355108783966,22.779171174458302
13,525.546150711255,22.68400287437826
13,525.5567872425489,22.693712220825947
13,525.5674204722785,22.588064568517698
13,525.5780504004437,22.418197269271037
13,525.5886770270445,22.368747221234802
13,525.599300352081,22.13947849869462
13,525.609920375553,22.204499691114144
13,525.6205370974607,22.228187092773183
13,525.6311505178039,22.396799766216628
13,525.641760636583,22.062291030872395
13,525.6523674537974,21.78881005569161
13,525.6629709694477,21.95479472532465
13,525.6735711835335,21.786834599929865
13,525.6841680960549,21.826595330305707
13,525.6947617070119,21.87670689388759
13,525.7053520164046,21.733758851311187
13,525.715939024233,21.74244387629493
13,525.726522730497,21.452911752851854
13,525.7371031351965,21.602108853761134
13,525.7476802383317,21.637304567122108
13,525.7582540399026,21.523856062510312
13,525.768824539909,21.468274546447404
13,525.779391738351,21.336632298053853
13,525.7899556352288,21.570941382496255
13,525.800516230542,21.36666913126059
13,525.811073524291,21.048792362240686
13,525.8216275164756,21.110175864743216
13,525.8321782070958,21.16500646800102
13,525.8427255961517,21.064424085783873
13,525.8532696836431,21.071565644287563
13,525.8638104695702,20.988051574271253
13,525.8743479539329,20.903915060438113
13,525.8848821367312,20.94155693439936
13,525.8954130179652,20.932262626568978
13,525.9059405976348,20.779082303895734
13,525.91646487574,20.623364649627483
13,525.9269858522808,20.738895127002323
13,525.9375035272573,20.495150379774326
13,525.9480179006694,20.45329648321002
13,525.9585289725171,20.439521670007192
13,525.9690367428004,20.428977369632047
13,525.9795412115194,20.565803378158947
13,525.990042378674,20.628130839361496
13,526.0005402442642,20.337771915275994
13,526.0110348082901,20.299754463501458
13,526.0215260707515,20.229391443058304
13,526.0320140316486,20.10294798198613
13,526.0424986909813,20.284431332110366
13,526.0529800487498,20.228458960504724
13,526.0634581049537,20.140844474524922
13,526.0739328595934,20.206886615607768
13,526.0844043126685,20.036518323601715
13,526.0948724641794,19.89403116061758
13,526.1053373141259,19.915928191170586
13,526.115798862508,19.947509537549188
13,526.1262571093257,19.86399624759116
13,526.1367120545791,19.991567444358388
13,526.1471636982681,19.770444517263346
13,526.1576120403927,19.609713814469032
13,526.1680570809528,19.594626974243706
13,526.1784988199488,19.80179465631387
13,526.1889372573802,19.68215935179535
13,526.1993723932474,19.361664887560988
13,526.2098042275501,19.5279935776755
13,526.2202327602885,19.481602716651008
13,526.2306579914624,19.493175269148335
13,526.241079921072,19.50520876560689
13,526.2514985491173,19.431915139984042
13,526.2619138755982,19.550508408107618
13,526.2723259005147,19.305248553915874
13,526.2827346238668,19.398705453541076
13,526.2931400456546,19.15531235071246
13,526.303542165878,19.265486226852516
13,526.3139409845369,19.11238458365443
13,526.3243365016316,19.066717151760944
13,526.3347287171617,19.199538323137745
13,526.3451176311277,19.148474817315417
13,526.3555032435291,19.06031076742605
13,526.3658855543663,19.11485708735444
13,526.3762645636391,19.207511387706298
13,526.3866402713475,19.00945640576859
13,526.3970126774915,18.993207844430366
13,526.4073817820711,19.080589200621024
13,526.4177475850863,18.93877015453306
13,526.4281100865372,18.685316289776562
13,526.4384692864237,18.85315984438861
13,526.4488251847458,18.64907557700123
13,526.4591777815036,18.686031797309592
13,526.469527076697,18.90428866534619
13,526.479873070326,18.737568083478045
13,526.4902157623907,18.725941491661175
13,526.5005551528909,18.759241861316948
13,526.5108912418268,18.65214802267354
13,526.5212240291984,18.597518756829217
13,526.5315535150055,18.71090415370559
13,526.5418796992483,18.582788308790374
13,526.5522025819266,18.596807991264694
13,526.5625221630406,18.450791719792278
13,526.5728384425903,18.323872371073037
13,526.5831514205756,18.474041166657848
13,526.5934610969965,18.49192758224267
13,526.603767471853,18.216076301488368
13,526.6140705451452,18.318278860061568
13,526.624370316873,18.483187251303903
13,526.6346667870364,18.10668789545691
13,526.6449599556354,18.426969063799188
13,526.65524982267,18.04013378709406
13,526.6655363881403,18.359190820657567
13,526.6758196520462,18.204109592912037
13,526.6860996143878,18.04742884828309
13,526.6963762751649,18.202335627194454
13,526.7066496343776,18.194722781430542
13,526.7169196920261,18.138186185498128
13,526.7271864481102,18.137986817935666
13,526.7374499026298,18.11419733117183
13,526.7477100555851,18.083735221826853
13,526.757966906976,18.22491445395662
13,526.7682204568025,18.037092631341995
13,526.7784707050647,17.935455558302845
13,526.7887176517625,18.13001165609712
13,526.7989612968959,17.942094105515924
13,526.809201640465,17.93433922752921
13,526.8194386824696,17.800839859700208
13,526.8296724229099,17.667129111578102
13,526.8399028617858,17.78225401631385
13,526.8501299990974,17.71982665939034
13,526.8603538348445,17.66793407129591
13,526.8705743690274,17.60431745259213
13,526.8807916016458,17.678262118843826
13,526.8910055326999,17.535953049227334
13,526.9012161621895,17.686206846163373
13,526.9114234901148,17.643491123152344
13,526.9216275164757,17.47839889932176
13,526.9318282412723,17.768449895665004
13,526.9420256645045,17.637887766248866
13,526.9522197861722,17.488916203953035
13,526.9624106062757,17.374150832657435
13,526.9725981248148,17.70860101610949
13,526.9827823417895,17.3579290106983
13,526.9929632571998,17.44298502904854
13,527.0031408710457,17.384240054079577
13,527.0133151833272,17.432692071621698
13,527.0234861940445,17.47728028326747
13,527.0336539031973,17.129208679980398
13,527.0438183107857,17.310343096746724
13,527.0539794168097,17.366692447692046
13,527.0641372212694,17.170638546020466
13,527.0742917241648,17.490703869501964
13,527.0844429254958,17.253693939864434
13,527.0945908252623,17.253037424664342
13,527.1047354234645,17.07840066289291
13,527.1148767201023,17.174859912528273
13,527.1250147151758,17.16556344799519
13,527.1351494086848,17.22303596194938
13,527.1452808006295,17.041723029312053
13,527.1554088910099,17.17106379380856
13,527.1655336798258,17.10837211568758
13,527.1756551670774,17.03473171369269
13,527.1857733527646,16.91595165865341
13,527.1958882368874,16.902092769338772
13,527.2059998194459,16.829578462157745
13,527.21610810044,16.97237346120429
13,527.2262130798697,16.943591209855455
13,527.236314757735,16.868396527719746
13,527.246413134036,16.86929287105642
13,527.2565082087725,16.902120576902668
13,527.2665999819448,16.799136841635796
13,527.2766884535527,16.904750787250997
13,527.2867736235961,16.77811879744011
13,527.2968554920751,16.687594749375496
13,527.3069340589899,16.731358828829244
13,527.3170093243402,16.645411358516235
13,527.3270812881262,16.711831829350157
13,527.3371499503478,16.71206409503253
13,527.347215311005,16.675066785160098
13,527.3572773700978,16.818913630917518
13,527.3673361276263,16.79646602728226
13,527.3773915835905,16.703830739461694
13,527.3874437379901,16.744693408542197
13,527.3974925908254,16.535391242739372
13,527.4075381420964,16.541395445856494
13,527.4175803918031,16.656192903921553
13,527.4276193399453,16.675128229265766
13,527.4376549865232,16.603215913201304
13,527.4476873315366,16.563676065347472
13,527.4577163749857,16.500862990285302
13,527.4677421168705,16.47309215095359
13,527.4777645571908,16.258227230253382
13,527.4877836959467,16.417998503019053
13,527.4977995331384,16.4994150376656
13,527.5078120687656,16.406493989434036
13,527.5178213028285,16.44241074761237
13,527.527827235327,16.32281575030364
13,527.5378298662611,16.309815909453803
13,527.5478291956308,16.336403124415007
13,527.5578252234362,16.094825826221502
13,527.5678179496772,16.172123729596475
13,527.5778073743538,16.17497078625829
13,527.587793497466,16.211566900338607
13,527.5977763190139,16.15757627997541
13,527.6077558389974,16.24902789371115
13,527.6177320574164,16.063806255206085
13,527.6277049742713,16.269141823876307
13,527.6376745895616,16.000129849291806
13,527.6476409032877,16.073456755080155
13,527.6576039154493,16.144247329834233
13,527.6675636260464,16.086949403286482
13,527.6775200350794,16.161663283841033
13,527.6874731425479,16.11304490253772
13,527.697422948452,16.100248712717292
13,527.7073694527918,16.049600093074066
13,527.7173126555671,16.168889186351272
13,527.7272525567781,15.958196559224506
13,527.7371891564247,16.087145454569175
13,527.747122454507,15.890981687875293
13,527.757052451025,15.918423508462988
13,527.7669791459784,15.988252125698295
13,527.7769025393675,15.83264915157686
13,527.7868226311923,15.949272077430678
13,527.7967394214527,15.926078502718173
13,527.8066529101487,15.83984590199156
13,527.8165630972803,16.03964535329868
13,527.8264699828476,15.829071475726272
13,527.8363735668505,15.836931985845602
13,527.846273849289,15.949405877946864
13,527.8561708301631,15.876916005991387
13,527.866064509473,15.867456132699651
13,527.8759548872183,15.804174179260436
13,527.8858419633993,15.648812076712934
13,527.8957257380159,15.887468107728036
13,527.9056062110683,15.76899349515336
13,527.9154833825561,15.61321480327515
13,527.9253572524797,15.579121604213208
13,527.9352278208388,15.556327841844668
13,527.9450950876336,15.48672721615997
13,527.954959052864,15.630032698201756
13,527.96481971653,15.644406043692273
13,527.9746770786317,15.550574640001336
13,527.9845311391689,15.575834145406194
13,527.9943818981418,15.615948678530991
13,528.0042293555504,15.547670344533826
13,528.0140735113945,15.34741565380747
13,528.0239143656743,15.58292951992666
13,528.0337519183897,15.370768434185866
13,528.0435861695407,15.473080092139051
13,528.0534171191274,15.51097141529051
13,528.0632447671497,15.468705408066091
13,528.0730691136076,15.443338339665953
13,528.0828901585012,15.419997463365025
13,528.0927079018303,15.358967864941647
13,528.1025223435951,15.45634221483221
13,528.1123334837955,15.27254541473358
13,528.1221413224316,15.539700567045042
13,528.1319458595033,15.412821067318847
13,528.1417470950105,15.540620109380358
13,528.1515450289535,15.425100025359047
13,528.161339661332,15.451870733817787
13,528.1711309921461,15.382206739668911
13,528.180919021396,15.266746568784574
13,528.1907037490814,15.476577760993205
13,528.2004851752024,15.250446881339828
13,528.2102632997592,15.40446640786159
13,528.2200381227514,15.374103379960316
13,528.2298096441793,15.401651861769402
13,528.2395778640429,15.236184174823777
13,528.2493427823421,15.19802117673372
13,528.2591043990769,15.236830268034815
13,528.2688627142473,15.266059177239086
13,528.2786177278533,15.253572618975886
13,528.2883694398951,15.260328771780095
13,528.2981178503724,15.264512880624082
13,528.3078629592853,15.314962172273964
13,528.3176047666338,15.265695157849953
13,528.327343272418,15.06021772859475
13,528.3370784766379,14.901062685600555
13,528.3468103792933,14.987071541131797
13,528.3565389803844,14.959422834043925
13,528.3662642799111,15.032935477457903
13,528.3759862778734,15.071408721325906
13,528.3857049742713,14.949669182558026
13,528.3954203691048,14.964370271287526
13,528.405132462374,15.046593152445297
13,528.4148412540789,14.939929120830206
13,528.4245467442194,14.986923854821548
13,528.4342489327954,15.060799036750593
13,528.4439478198071,14.90936862929944
13,528.4536434052544,15.095139830101305
13,528.4633356891374,15.01162194606285
13,528.473024671456,14.935384212212812
13,528.4827103522101,14.999176461937086
13,528.4923927314,14.862625226400674
13,528.5020718090254,14.982447905339473
13,528.5117475850865,14.987008082303017
13,528.5214200595832,14.927858021793881
13,528.5310892325156,14.858270760311811
13,528.5407551038835,14.968090275449269
13,528.5504176736871,14.752210744354317
13,528.5600769419264,14.92836108789436
13,528.5697329086012,14.851609316549698
13,528.5793855737116,14.886148618449296
13,528.5890349372577,14.827950678642177
13,528.5986809992394,14.91721973605359
13,528.6083237596567,14.815579723597311
13,528.6179632185097,14.950097588699013
13,528.6275993757982,14.845718088065762
13,528.6372322315225,14.788363930289108
13,528.6468617856824,14.828336131710055
13,528.6564880382779,14.80921578195671
13,528.6661109893089,14.734619547849078
13,528.6757306387756,14.774929232988843
13,528.6853469866779,14.6986825823987
13,528.694960033016,14.812778476878712
13,528.7045697777895,14.759749142994972
13,528.7141762209988,14.806158055862655
13,528.7237793626437,14.605666200021911
13,528.7333792027241,14.73401671713197
13,528.7429757412402,14.642907780407352
13,528.7525689781919,14.832772972317887
13,528.7621589135792,14.748139085520442
13,528.7717455474022,14.785700748049077
13,528.7813288796609,14.68596425532799
13,528.7909089103551,14.82191439817424
13,528.8004856394849,14.824839220202598
13,528.8100590670505,14.518584843424918
13,528.8196291930516,14.5703552700098
13,528.8291960174882,14.585026236473976
13,528.8387595403607,14.523271273416631
13,528.8483197616687,14.381631363386019
13,528.8578766814122,14.469460214131361
13,528.8674302995914,14.549884985316368
13,528.8769806162063,14.55333108485228
13,528.8865276312569,14.468899813570742
13,528.896071344743,14.505033041214537
13,528.9056117566647,14.554954049639127
13,528.915148867022,14.481203934618534
13,528.9246826758151,14.494958217742846
13,528.9342131830437,14.521307515891483
13,528.943740388708,14.446704207058888
13,528.9532642928078,14.449257443437277
13,528.9627848953434,14.391820881393707
13,528.9723021963144,14.478362045177498
13,528.9818161957212,14.36181108823338
13,528.9913268935636,14.46080439934409
13,529.0008342898416,14.472206587761633
13,529.0103383845552,14.543873715446063
13,529.0198391777044,14.452368283419647
13,529.0293366692894,14.415473485654257
13,529.0388308593099,14.44296536263757
13,529.048321747766,14.528726667438342
13,529.0578093346577,14.54561097763662
13,529.0672936199851,14.483797078100366
13,529.0767746037482,14.473007656327672
13,529.0862522859468,14.447726140787289
13,529.095726666581,14.472901373777686
13,529.1051977456509,14.381143772096719
13,529.1146655231564,14.518380995153684
13,529.1241299990976,14.447759958950558
13,529.1335911734743,14.489789413030378
13,529.1430490462867,14.355040908611034
13,529.1525036175348,14.503411654331568
13,529.1619548872184,14.498914622549222
13,529.1714028553376,14.462899962237476
13,529.1808475218926,14.486045496095507
13,529.1902888868831,14.5235181836329
13,529.1997269503092,14.456264646754056
13,529.209161712171,14.632130910852878
13,529.2185931724683,14.384502476688793
13,529.2280213312014,14.579087812962854
13,529.2374461883701,14.444089078464511
13,529.2468677439743,14.46256677776516
13,529.2562859980143,14.476848193601603
13,529.2657009504898,14.456891519050043
13,529.2751126014009,14.568503789483339
13,529.2845209507477,14.528503368995603
13,529.2939259985301,14.426888306886624
13,529.3033277447481,14.480967405514324
13,529.3127261894018,14.476242987840141
13,529.3221213324911,14.574849049559651
13,529.331513174016,14.426176316226515
13,529.3409017139766,14.528232735350734
13,529.3502869523727,14.480837379619413
13,529.3596688892045,14.43544087414804
13,529.3690475244719,14.307695621571476
13,529.378422858175,14.223210241408108
13,529.3877948903136,14.339104484533443
13,529.3971636208879,14.32298240437087
13,529.4065290498978,14.317542121853101
13,529.4158911773434,14.29592380771196
13,529.4252500032245,14.245847703297143
13,529.4346055275413,14.278852189835694
13,529.4439577502937,14.321351413473225
13,529.4533066714818,14.30468424825554
13,529.4626522911054,14.309532857440718
13,529.4719946091648,14.291952431079988
13,529.4813336256597,14.354701497718695
13,529.4906693405902,14.33629706348124
13,529.5000017539564,14.352682055886735
13,529.5093308657582,14.183675293120654
13,529.5186566759957,14.390453505256067
13,529.5279791846687,14.38627083622695
13,529.5372983917774,14.486887991604101
13,529.5466142973216,14.305664995388982
13,529.5559269013016,14.457514588374115
13,529.5652362037172,14.34768930996931
13,529.5745422045684,14.353269102042002
13,529.5838449038552,14.321618654832378
13,529.5931443015776,14.447602032535888
13,529.6024403977357,14.354805093435653
13,529.6117331923293,14.467224371402299
13,529.6210226853586,14.382409464057469
13,529.6303088768236,14.367276199754519
13,529.6395917667242,14.427127475977962
13,529.6488713550604,14.360962413026494
13,529.6581476418322,14.440194751034728
13,529.6674206270396,14.45064545274745
13,529.6766903106827,14.372719558598865
13,529.6859566927614,14.462542324377402
13,529.6952197732758,14.385212509787129
13,529.7044795522256,14.27048147881455
13,529.7137360296113,14.465030782775752
13,529.7229892054324,14.433985307063903
13,529.7322390796893,14.386128352064688
13,529.7414856523817,14.566564568087223
13,529.7507289235098,14.580608847563859
13,529.7599688930735,14.514162414452349
13,529.7692055610728,14.579458279594366
13,529.7784389275078,14.439901662559025
13,529.7876689923784,14.404436000477855
13,529.7968957556845,14.493490683112702
13,529.8061192174264,14.542980789812399
13,529.8153393776039,14.579453018810009
13,529.824556236217,14.541593964298084
13,529.8337697932657,14.623578832912289
13,529.84298004875,14.53011359366898
13,529.85218700267,14.439526912006297
13,529.8613906550255,14.516105936142562
13,529.8705910058168,14.611774495540649
13,529.8797880550436,14.349929864154104
13,529.8889818027061,14.537889420398631
13,529.8981722488041,14.587399919123591
13,529.9073593933379,14.57953911904924
13,529.9165432363072,14.540606074443843
13,529.9257237777122,14.597229744497803
13,529.9349010175528,14.549433534723041
13,529.944074955829,14.663397789692912
13,529.9532455925408,14.497455357859845
13,529.9624129276883,14.52467560117521
13,529.9715769612715,14.561620627934783
13,529.9807376932902,14.628219500274678
13,529.9898951237445,14.723910645742189
13,529.9990492526344,14.599538293268138
13,530.0082000799601,14.710873787561672
13,530.0173476057213,14.663709014167141
13,530.0264918299182,14.588659343353147
13,530.0356327525507,14.743655425625747
13,530.0447703736188,14.7629994529172
13,530.0539046931225,14.653051125359355
13,530.0630357110618,14.698682505029904
13,530.0721634274369,14.885087036314395
13,530.0812878422474,14.620185357897867
13,530.0904089554937,14.877209933021549
13,530.0995267671756,14.708067805613428
13,530.108641277293,14.437568877270829
13,530.1177524858462,14.365342195362246
13,530.1268603928349,14.422203920954836
13,530.1359649982593,14.405589548098911
13,530.1450663021193,14.514845317294037
13,530.1541643044148,14.483902739425753
13,530.1632590051462,14.420779013208099
13,530.172350404313,14.345909695554019
13,530.1814385019155,14.53930416779058
13,530.1905232979536,14.409716132117088
13,530.1996047924274,14.483014211937606
13,530.2086829853367,14.392038143913403
13,530.2177578766817,14.652762779936543
13,530.2268294664624,14.409956552368476
13,530.2358977546786,14.527436835471457
13,530.2449627413305,14.591512992464992
13,530.254024426418,14.594524970403093
13,530.2630828099411,14.573487596066979
13,530.2721378918999,14.532610922799023
13,530.2811896722943,14.647626424831074
13,530.2902381511243,14.73961441168708
13,530.29928332839,14.552387137527006
13,530.3083252040911,14.624744803012593
13,530.3173637782281,14.61979075914395
13,530.3263990508005,14.598319225359479
13,530.3354310218087,14.667908388997999
13,530.3444596912525,14.519330889174483
13,530.3534850591319,14.629040748840332
13,530.3625071254469,14.615748551819165
13,530.3715258901975,14.741095804393847
13,530.3805413533838,14.694090317538715
13,530.3895535150057,14.597861740064964
13,530.3985623750632,14.67012692104438
13,530.4075679335564,14.633398599351137
13,530.4165701904851,14.469849854460087
13,530.4255691458495,14.62801747416876
13,530.4345647996496,14.797060553410276
13,530.4435571518852,14.664301996167191
13,530.4525462025565,14.632765025817108
13,530.4615319516633,14.75071070693377
13,530.4705143992059,14.67276355303823
13,530.479493545184,14.792467423754522
13,530.4884693895979,14.74939938148651
13,530.4974419324473,14.838358511005667
13,530.5064111737323,14.800795638486813
13,530.5153771134529,14.702005289373952
13,530.5243397516092,14.757869890761249
13,530.5332990882011,14.813650396189566
13,530.5422551232286,14.841407857351607
13,530.5512078566918,14.76765652093415
13,530.5601572885906,14.9005293766016
13,530.569103418925,14.838163066894024
13,530.578046247695,14.825368177313607
13,530.5869857749008,14.72542694505138
13,530.595922000542,14.798845128536755
13,530.604854924619,15.006510593047063
13,530.6137845471314,14.985826428627115
13,530.6227108680796,15.006465081197753
13,530.6316338874634,14.852022256763494
13,530.6405536052829,14.87736423398881
13,530.6494700215379,15.111972501490117
13,530.6583831362285,15.009850115433432
13,530.6672929493549,14.951203621587329
13,530.6761994609168,14.986760446690436
13,530.6851026709144,15.001851103671237
13,530.6940025793475,14.976439168335135
13,530.7028991862163,15.03547877583679
13,530.7117924915208,15.033058415307615
13,530.7206824952608,15.167169522209827
13,530.7295691974365,14.976853900697773
13,530.7384525980477,15.074121607512625
13,530.7473326970947,15.075453910510646
13,530.7562094945772,15.1821594156983
13,530.7650829904954,15.212561024409652
13,530.7739531848492,15.164306896462216
13,530.7828200776387,15.186189929328828
13,530.7916836688637,15.12201163192275
13,530.8005439585245,15.146919112193277
13,530.8094009466207,15.166117712293659
13,530.8182546331527,15.242784868459902
13,530.8271050181203,15.241476478611764
13,530.8359521015234,15.25970713838727
13,530.8447958833623,15.468279946575144
13,530.8536363636367,15.385323702584923
13,530.8624735423467,15.323496551326345
13,530.8713074194925,15.305551619501584
13,530.8801379950738,15.25606805780225
13,530.8889652690907,15.395238300708273
13,530.8977892415433,15.337778651191144
13,530.9066099124315,15.459835936476125
13,530.9154272817553,15.47186236326926
13,530.9242413495148,15.479798450471245
13,530.9330521157099,15.52385706231759
13,530.9418595803405,15.451795439666602
13,530.9506637434068,15.425933998553672
13,530.9594646049088,15.529355732201097
13,530.9682621648464,15.54906893895965
13,530.9770564232197,15.730196346876543
13,530.9858473800284,15.49979677841736
13,530.994635035273,15.607241375790084
13,531.003419388953,15.624493346941986
13,531.0122004410687,15.668782633383591
13,531.02097819162,15.67073013406662
13,531.029752640607,15.592336995765903
13,531.0385237880296,15.60454656178544
13,531.0472916338878,15.705094691416642
13,531.0560561781816,15.723677647947044
13,531.0648174209111,15.595206456263103
13,531.0735753620762,15.741997611880135
13,531.082330001677,15.744945439648436
13,531.0910813397132,15.810680095204384
13,531.0998293761852,15.813648359591355
13,531.1085741110928,15.827041463962356
13,531.117315544436,15.742732619726093
13,531.1260536762148,15.809429070835215
13,531.1347885064293,15.791459659148636
13,531.1435200350794,15.828638291626143
13,531.1522482621651,15.880787400555189
13,531.1609731876865,15.902354562383454
13,531.1696948116435,15.897417429873709
13,531.1784131340361,15.89118762539281
13,531.1871281548644,15.989953413579268
13,531.1958398741282,16.019262399157153
13,531.2045482918277,16.044858480503017
13,531.2132534079627,15.982685449550253
13,531.2219552225336,16.034938188146565
13,531.2306537355398,16.077797069831405
13,531.2393489469819,16.014938738518204
13,531.2480408568595,15.93475860086133
13,531.2567294651727,16.219409950316905
13,531.2654147719215,16.250889140566553
13,531.274096777106,16.057681662398597
13,531.2827754807262,16.18064745561619
13,531.2914508827819,16.24197471787568
13,531.3001229832732,16.34779373337426
13,531.3087917822003,16.223682980218108
13,531.3174572795629,16.30014062390092
13,531.3261194753611,16.376395951683563
13,531.3347783695949,16.296370257450086
13,531.3434339622645,16.40209763178043
13,531.3520862533696,16.441334096002542
13,531.3607352429103,16.363885114530447
13,531.3693809308867,16.40431450484155
13,531.3780233172987,16.494050343856884
13,531.3866624021464,16.566616309035236
13,531.3952981854296,16.554034804445553
13,531.4039306671484,16.412885627683433
13,531.412559847303,16.54185052731427
13,531.4211857258931,16.57672162693976
13,531.4298083029188,16.590872524962755
13,531.4384275783802,16.453440303399027
13,531.4470435522773,16.664791350928212
13,531.4556562246098,16.558850846609346
13,531.4642655953782,16.633201328004123
13,531.472871664582,16.53140570557536
13,531.4814744322215,16.56933942566183
13,531.4900738982966,16.62865306498409
13,531.4986700628074,16.826407472444007
13,531.5072629257538,16.682262214018515
13,531.5158524871358,16.726758537892426
13,531.5244387469535,16.871109479786707
13,531.5330217052067,16.923115442062162
13,531.5416013618956,16.853405690266282
13,531.5501777170201,17.011766136190197
13,531.5587507705802,16.900299142172727
13,531.567320522576,16.990302240285573
13,531.5758869730074,16.9298226056059
13,531.5844501218744,16.990040931200888
13,531.593009969177,16.898342338928526
13,531.6015665149154,16.977971572212454
13,531.6101197590892,16.836313799733198
13,531.6186697016988,17.112298094535923
13,531.627216342744,17.015670749495797
13,531.6357596822247,17.00402478813639
13,531.6442997201411,17.122194526367526
13,531.6528364564931,17.097263235356948
13,531.6613698912809,17.214863559138855
13,531.669900024504,17.06564415921096
13,531.678426856163,17.221128521945065
13,531.6869503862575,17.10167460209272
13,531.6954706147877,17.303772981219502
13,531.7039875417535,17.336331696366397
13,531.7125011671549,17.249366963152134
13,531.7210114909919,17.266126864545644
13,531.7295185132646,17.548542979197443
13,531.7380222339729,17.42178346430938
13,531.7465226531168,17.43834750085441
13,531.7550197706963,17.297034054925717
13,531.7635135867115,17.510128601372728
13,531.7720041011623,17.391676897449788
13,531.7804913140487,17.373664449443474
13,531.7889752253708,17.41592521529564
13,531.7974558351284,17.543237362185046
13,531.8059331433217,17.54078245798865
13,531.8144071499506,17.52315097687404
13,531.8228778550151,17.551946933226496
13,531.8313452585154,17.749979110024974
13,531.8398093604511,17.655159633763745
13,531.8482701608226,17.698764636146095
13,531.8567276596297,17.764221617030056
13,531.8651818568723,17.72310654108443
13,531.8736327525506,17.693902162207912
13,531.8820803466646,17.744470588939745
13,531.890524639214,17.885971198675918
13,531.8989656301993,17.91538502983496
13,531.9074033196201,17.822069871132527
13,531.9158377074765,17.948871814401002
13,531.9242687937685,17.984718363732288
13,531.9326965784962,18.093751879748417
13,531.9411210616596,18.017527786665337
13,531.9495422432585,18.0739927102465
13,531.9579601232931,18.12856889161574
13,531.9663747017632,18.153147085536524
13,531.974785978669,18.137409811210993
13,531.9831939540105,18.319903799393582
13,531.9915986277875,18.085043707572975
13,532.0000000000002,18.071651129207375
13,532.0083980706486,18.3202709463521
13,532.0167928397325,18.344586216001655
13,532.0251843072521,18.212149524704696
13,532.0335724732073,18.49423485297904
13,532.0419573375981,18.351622720668363
13,532.0503389004245,18.139322693595137
13,532.0587171616867,18.442576860086614
13,532.0670921213843,18.515054674121146
13,532.0754637795177,18.410482375551517
13,532.0838321360866,18.26239260053645
13,532.0921971910911,18.45961505977604
13,532.1005589445314,18.402185954556497
13,532.1089173964073,18.636594471577137
13,532.1172725467187,18.546633503118752
13,532.1256243954658,18.647426787309342
13,532.1339729426485,18.499234630444498
13,532.1423181882668,18.591277164847003
13,532.1506601323208,18.623928580080502
13,532.1589987748104,18.86718087746529
13,532.1673341157356,18.560124457231822
13,532.1756661550965,18.840386252447374
13,532.1839948928929,18.57067126072027
13,532.192320329125,18.874183009363655
13,532.2006424637926,18.710335982029537
13,532.208961296896,18.83230120604516
13,532.2172768284349,18.923364936445893
13,532.2255890584096,19.078959247942183
13,532.2338979868198,19.138345146830922
13,532.2422036136657,19.094363642709784
13,532.2505059389471,18.924095920993942
13,532.2588049626642,19.159720466695234
13,532.2671006848169,19.080354278966826
13,532.2753931054052,19.18398091096218
13,532.2836822244292,19.042671563931204
13,532.2919680418888,19.041718457190775
13,532.300250557784,19.20314250005375
13,532.3085297721149,19.294800665509587
13,532.3168056848814,19.53428330305626
13,532.3250782960835,19.365294902097098
13,532.3333476057212,19.361319674654574
13,532.3416136137946,19.316954401403564
13,532.3498763203036,19.498490304241088
13,532.3581357252482,19.339669671523694
13,532.3663918286284,19.413604492825044
13,532.3746446304443,19.474578497585373
13,532.3828941306957,19.395606430285866
13,532.3911403293829,19.81989415004429
13,532.3993832265056,19.54183959016046
13,532.407622822064,19.728655427329585
13,532.415859116058,19.70978261535778
13,532.4240921084876,19.690728422145362
13,532.4323217993528,19.945140426240997
13,532.4405481886537,19.79587316232904
13,532.4487712763902,19.76869525410095
13,532.4569910625623,19.790387158241554
13,532.46520754717,19.808575598803607
13,532.4734207302134,19.943871337297228
13,532.4816306116924,20.030559216142578
13,532.4898371916071,19.997979699361117
13,532.4980404699572,20.149371275914923
13,532.5062404467432,20.086270377388388
13,532.5144371219646,19.991009639604663
13,532.5226304956218,20.360946602632115
13,532.5308205677145,20.100878016711604
13,532.5390073382429,20.05807105454633
13,532.5471908072069,20.267920232155202
13,532.5553709746065,20.171866778640265
13,532.5635478404417,20.285548541350085
13,532.5717214047127,20.276016558787155
13,532.5798916674191,20.263247979831448
13,532.5880586285613,20.361540352247392
13,532.5962222881391,20.47047398335281
13,532.6043826461524,20.413599549778024
13,532.6125397026015,20.459316923067913
13,532.6206934574861,20.65007452254169
13,532.6288439108064,20.587172423475725
13,532.6369910625623,20.61132939613403
13,532.6451349127537,20.472460229248192
13,532.6532754613809,20.67281940405434
13,532.6614127084437,20.702003195601797
13,532.6695466539421,20.6703319380186
13,532.6776772978761,20.73850084632437
13,532.6858046402458,20.84234615197343
13,532.693928681051,20.92323939847715
13,532.7020494202919,20.898023343001732
13,532.7101668579685,20.83141795919821
13,532.7182809940806,21.089085972629388
13,532.7263918286284,20.93388461437634
13,532.7344993616118,21.013219028737325
13,532.7426035930308,20.85105395057227
13,532.7507045228855,20.97605417820352
13,532.7588021511757,20.948239430226554
13,532.7668964779016,20.92050098118586
13,532.7749875030631,21.269947472857623
13,532.7830752266603,21.29898395532636
13,532.7911596486931,21.980673318400058
13,532.7992407691615,21.91428378878111
13,532.8073185880655,21.817667230083817
13,532.8153931054052,21.93815035165724
13,532.8234643211805,21.935309380642398
13,532.8315322353914,22.067502629273985
13,532.8395968480379,22.228819337487266
13,532.8476581591201,22.322910807654534
13,532.8557161686379,22.109152242966704
13,532.8637708765913,22.193618824412667
13,532.8718222829804,22.482781156387805
13,532.879870387805,22.204704483409635
13,532.8879151910653,22.385747916829168
13,532.8959566927613,22.530212414378514
13,532.9039948928928,22.352157820759654
13,532.91202979146,22.66187684993059
13,532.9200613884627,22.614061297801747
13,532.9280896839011,22.518080669380232
13,532.9361146777752,22.649467527013858
13,532.944136370085,22.733377425292804
13,532.9521547608302,22.757075502325545
13,532.9601698500111,22.6249578269508
13,532.9681816376277,22.742988431596064
13,532.9761901236799,22.82052801929723
13,532.9841953081676,23.1008174990857
13,532.9921971910911,22.752891111892666
13,533.0001957724502,22.891977344267833
13,533.0081910522448,23.05517849000818
13,533.0161830304752,23.14627705583447
13,533.024171707141,23.015611345087596
13,533.0321570822426,23.254581413232778
13,533.0401391557798,23.361972657727097
13,533.0481179277526,23.153507441751287
13,533.0560933981611,23.597568939181556
13,533.0640655670052,23.17025405738406
13,533.0720344342849,23.118781278718334
13,533.0800000000002,23.417994087740123
13,533.0879622641511,23.354354226566166
13,533.0959212267377,23.38144806563277
13,533.1038768877598,23.51450576730504
13,533.1118292472177,23.566303095916815
13,533.1197783051111,23.73436170492121
13,533.1277240614402,23.716984896760014
13,533.1356665162049,23.679118444473634
13,533.1436056694052,23.780500890662122
13,533.1515415210412,23.586850424050336
13,533.1594740711128,24.06831712133081
13,533.1674033196199,24.02346523425615
13,533.1753292665628,23.674896007532247
13,533.1832519119412,24.093472751189438
13,533.1911712557553,24.08109110530689
13,533.199087298005,24.16091776232199
13,533.2070000386904,24.015121996729096
13,533.2149094778113,24.303532929539834
13,533.2228156153678,24.333118823913967
13,533.2307184513601,24.260781142092714
13,533.2386179857879,24.29324589063838
13,533.2465142186513,24.367102165259332
13,533.2544071499505,24.292912540517253
13,533.2622967796851,24.40150710939513
13,533.2701831078555,24.721491905165934
13,533.2780661344615,24.779981679816977
13,533.285945859503,24.798595671412095
13,533.2938222829803,24.92776249353865
13,533.3016954048932,24.644711640179978
13,533.3095652252416,24.525168050169228
13,533.3174317440257,24.948951144940168
13,533.3252949612454,25.11042954393782
13,533.3331548769007,25.118524749234165
13,533.3410114909917,25.027024215367966
13,533.3488648035184,24.90236856161086
13,533.3567148144806,24.79000022537528
13,533.3645615238784,25.073742056841123
13,533.3724049317119,25.28228271530133
13,533.380245037981,25.18105292086603
13,533.3880818426857,25.427610426493025
13,533.3959153458261,25.421727273339442
13,533.4037455474021,25.560271693539686
13,533.4115724474136,25.75196228316663
13,533.4193960458609,25.561566885462824
13,533.4272163427438,26.676443269754955
13,533.4350333380622,26.467043920677874
13,533.4428470318163,26.701712519537796
13,533.4506574240061,26.62494568677509
13,533.4584645146315,26.43166708548805
13,533.4662683036925,26.54214771457287
13,533.474068791189,26.828892762010252
13,533.4818659771213,27.244593857047033
13,533.4896598614891,26.89575462500684
13,533.4974504442927,26.958222476011098
13,533.5052377255317,27.20158370022315
13,533.5130217052065,27.294680982283626
13,533.5208023833169,27.109354177932346
13,533.5285797598629,26.847878584339078
13,533.5363538348445,27.244010651117787
13,533.5441246082618,27.740589042653045
13,533.5518920801146,27.6067755185457
13,533.5596562504031,27.461143838049274
13,533.5674171191272,27.755842514987723
13,533.575174686287,27.37933192539709
13,533.5829289518823,27.619527955670254
13,533.5906799159134,27.621432105453923
13,533.59842757838,27.82240570512176
13,533.6061719392823,27.833443131755946
13,533.6139129986201,27.804124994538515
13,533.6216507563936,27.988396516093324
13,533.6293852126028,27.906700446534266
13,533.6371163672475,28.1797231849347
13,533.6448442203279,28.31000383279962
13,533.6525687718439,28.31151129677017
13,533.6602900217955,28.183334704999584
13,533.6680079701828,28.465378500436266
13,533.6757226170057,28.15031882653123
13,533.6834339622642,28.103051806301167
13,533.6911420059583,28.56240669332566
13,533.6988467480882,28.62439047820127
13,533.7065481886535,28.861037538222458
13,533.7142463276546,29.000897909418313
13,533.7219411650912,28.831932081372475
13,533.7296327009634,29.05447968941193
13,533.7373209352713,28.999854808291378
13,533.7450058680148,28.892042938253816
13,533.7526874991939,28.88095323222472
13,533.7603658288087,29.5869314511354
13,533.7680408568592,29.444570718832793
13,533.7757125833452,29.339213264233393
13,533.7833810082668,29.528017338810944
13,533.7910461316242,29.672832954662397
13,533.7987079534171,29.552633203156365
13,533.8063664736455,29.88449447315304
13,533.8140216923097,29.4015370409833
13,533.8216736094095,29.842209290290015
13,533.8293222249449,30.045048046819026
13,533.8369675389159,29.85632417885456
13,533.8446095513226,30.216417787377114
13,533.8522482621648,30.089261245800788
13,533.8598836714427,30.30981314578248
13,533.8675157791563,30.240616618531917
13,533.8751445853055,29.895645375484744
13,533.8827700898903,31.21634722203459
13,533.8903922929106,31.132607836938977
13,533.8980111943667,31.48414305107046
13,533.9056267942584,30.855837846543327
13,533.9132390925856,31.64407647323935
13,533.9208480893486,31.769463425102096
13,533.9284537845472,31.722640865324365
13,533.9360561781813,31.823688949110128
13,533.9436552702512,32.03979519335054
13,533.9512510607565,31.979003489713758
13,533.9588435496976,31.97667005231478
13,533.9664327370742,32.378451970867886
13,533.9740186228865,32.02238480665755
13,533.9816012071344,32.54921111750296
13,533.9891804898181,32.513034974696716
13,533.9967564709372,32.774508116315815
13,534.004329150492,32.888311282819664
13,534.0118985284824,32.64154263682257
13,534.0194646049085,32.603378047112244
13,534.0270273797702,32.61517883733314
13,534.0345868530675,33.49063812392241
13,534.0421430248005,33.00549440462616
13,534.049695894969,33.35238533375646
13,534.0572454635732,33.03329675258613
13,534.0647917306129,33.20851384872305
13,534.0723346960884,33.49243127627001
13,534.0798743599995,33.19593813181547
13,534.0874107223461,33.6761663055443
13,534.0949437831284,33.678543192622485
13,534.1024735423464,33.620184042083885
13,534.11,33.97612642826918
13,534.1175231560892,33.51475016437248
13,534.125043010614,34.39618936292282
13,534.1325595635744,34.02854475980246
13,534.1400728149705,34.29759387100547
13,534.1475827648022,33.805227385991486
13,534.1550894130695,34.25716072209306
13,534.1625927597725,34.041388420631236
13,534.1700928049111,35.03011187232599
13,534.1775895484852,35.080640303917924
13,534.1850829904951,34.85439348473296
13,534.1925731309406,34.82094563459995
13,534.2000599698216,35.01745480967257
13,534.2075435071383,35.076861614412586
13,534.2150237428906,35.37656799367785
13,534.2225006770785,35.26694050306136
13,534.2299743097021,35.5939043068772
13,534.2374446407614,35.0813141537705
13,534.2449116702562,35.13126829149815
13,534.2523753981867,37.075655817355106
13,534.2598358245527,36.78223071514609
13,534.2672929493544,36.59256047667049
13,534.2747467725918,36.94069465785228
13,534.2821972942647,37.26600757019481
13,534.2896445143733,37.5332861283182
13,534.2970884329176,37.252772380293926
13,534.3045290498974,37.44849400386418
13,534.3119663653129,37.52331734558344
13,534.319400379164,38.08735596011189
13,534.3268310914507,37.85523088397749
13,534.334258502173,37.78454910214311
13,534.341682611331,37.99307479104073
13,534.3491034189246,37.86101421888348
13,534.3565209249538,38.46566707327867
13,534.3639351294187,38.69007507036516
13,534.3713460323191,38.61871045066079
13,534.3787536336553,38.64480846867672
13,534.386157933427,38.33613566433414
13,534.3935589316343,38.585535236446944
13,534.4009566282773,38.53608760901148
13,534.4083510233559,38.91261088908035
13,534.4157421168701,39.59318043293329
13,534.42312990882,39.24950093517821
13,534.4305143992054,39.29619911214339
13,534.4378955880265,38.972914912622684
13,534.4452734752833,38.807955230707044
13,534.4526480609757,39.57524291434276
13,534.4600193451037,39.33516621710679
13,534.4673873276672,39.77577232330418
13,534.4747520086665,40.046764369540455
13,534.4821133881013,39.69618921400808
13,534.4894714659719,40.38427473088589
13,534.496826242278,40.06891785037437
13,534.5041777170197,40.86562125025918
13,534.511525890197,40.54914982845667
13,534.51887076181,40.6549766815781
13,534.5262123318587,41.278759648509585
13,534.5335506003429,40.75599073302323
13,534.5408855672628,41.031919745929315
13,534.5482172326183,41.064953378766376
13,534.5555455964094,40.63665746127932
13,534.5628706586361,41.348076231755876
13,534.5701924192986,42.54849135724575
13,534.5775108783965,42.491217803885
13,534.5848260359302,42.627502650633026
13,534.5921378918994,42.68435108217801
13,534.5994464463043,43.23523823740938
13,534.6067516991448,42.882276301924385
13,534.6140536504209,43.39836554255291
13,534.6213523001327,43.03349042195045
13,534.6286476482801,43.90876521294792
13,534.635939694863,43.51737496748633
13,534.6432284398817,44.436698614839536
13,534.650513883336,43.965847433886495
13,534.6577960252258,44.047805901794085
13,534.6650748655513,44.20062596095444
13,534.6723504043125,44.009035118292644
13,534.6796226415092,44.39066955346564
13,534.6868915771416,44.6731882700623
13,534.6941572112097,44.43460088830278
13,534.7014195437133,45.01558672601299
13,534.7086785746526,45.22284502227588
13,534.7159343040275,45.84336302546393
13,534.723186731838,45.22619509125232
13,534.7304358580841,45.356253038516
13,534.7376816827659,45.567759246812955
13,534.7449242058833,46.290481596965854
13,534.7521634274364,46.1300424258253
13,534.759399347425,45.87571388258338
13,534.7666319658492,46.21880677682663
13,534.7738612827092,46.400002550606466
13,534.7810872980046,46.28881858571753
13,534.7883100117358,46.393811602053844
13,534.7955294239026,46.736123250723665
13,534.802745534505,47.259177526515536
13,534.809958343543,46.774769814267756
13,534.8171678510167,46.80750811001101
13,534.824374056926,46.60242760557373
13,534.8315769612709,47.54711485249407
13,534.8387765640514,48.08840245554794
13,534.8459728652676,48.79646915033131
13,534.8531658649193,49.034283358518834
13,534.8603555630068,49.024666716631444
13,534.8675419595298,49.14894532326434
13,534.8747250544885,49.66142901594455
13,534.8819048478828,50.20846454890886
13,534.8890813397127,49.539143426909845
13,534.8962545299783,49.90426133906328
13,534.9034244186794,50.398658894540645
13,534.9105910058162,50.07996582820625
13,534.9177542913886,50.047600938599075
13,534.9249142753966,50.3637452734446
13,534.9320709578403,50.973802034737616
13,534.9392243387197,51.04857242236741
13,534.9463744180346,50.913900858638605
13,534.9535211957851,50.87753463168099
13,534.9606646719712,51.30483809635172
13,534.9678048465931,51.622144422414465
13,534.9749417196505,51.606904184751
13,534.9820752911436,51.32111326455522
13,534.9892055610723,52.06558237863629
13,534.9963325294366,52.05757937872906
13,535.0034561962365,52.18834513454597
13,535.010576561472,51.98299785000082
13,535.0176936251432,52.37402751673989
13,535.02480738725,52.51400566166209
13,535.0319178477924,53.561263373761996
13,535.0390250067705,53.84726791272199
13,535.0461288641842,52.89485212623986
13,535.0532294200335,53.62007451030136
13,535.0603266743185,53.58120708676944
13,535.067420627039,53.09272756531442
13,535.0745112781952,53.88608044763107
13,535.081598627787,54.350314996564194
13,535.0886826758145,54.63639893848446
13,535.0957634222775,54.69044348572529
13,535.1028408671763,55.71781818806801
13,535.1099150105106,55.679191462277586
13,535.1169858522805,56.62302815529184
13,535.1240533924861,56.556461209047235
13,535.1311176311273,56.66408983073
13,535.1381785682041,55.87116796070866
13,535.1452362037165,57.40766999375079
13,535.1522905376646,57.2245487156117
13,535.1593415700484,58.300670376707366
13,535.1663893008676,57.8823122218755
13,535.1734337301226,58.65719471899085
13,535.1804748578132,58.41864249522219
13,535.1875126839394,57.053564597851675
13,535.1945472085013,57.279219133882116
13,535.2015784314987,59.20390031478837
13,535.2086063529317,57.599399219486294
13,535.2156309728005,58.60162252059675
13,535.2226522911049,59.42897093755584
13,535.2296703078448,59.47492671324259
13,535.2366850230204,59.245297413110485
13,535.2436964366316,59.40617509650601
13,535.2507045486784,60.26440327822278
13,535.2577093591609,59.364926381723556
13,535.264710868079,60.524919721461515
13,535.2717090754327,60.30526189785482
13,535.2787039812221,60.376750201516785
13,535.285695585447,60.46865749812021
13,535.2926838881076,61.34525363337418
13,535.2996688892039,60.722676178331895
13,535.3066505887357,61.161875715776965
13,535.3136289867032,60.68352650411041
13,535.3206040831062,60.77632714019336
13,535.3275758779449,62.65924327161898
13,535.3345443712193,63.988412978005044
13,535.3415095629293,63.51633636965877
13,535.3484714530749,63.49030432105182
13,535.3554300416561,64.79225686542378
13,535.362385328673,63.87599859442701
13,535.3693373141255,63.89484693253696
13,535.3762859980136,64.17951801290876
13,535.3832313803373,64.20309233419772
13,535.3901734610967,65.8690726973457
13,535.3971122402917,65.60414798010665
13,535.4040477179223,65.36502029228976
13,535.4109798939885,65.08540084478811
13,535.4179087684903,65.33334942041962
13,535.4248343414279,64.89740919798554
13,535.4317566128009,67.47786367894827
13,535.4386755826097,67.41807313274039
13,535.445591250854,66.52732810894089
13,535.452503617534,66.7492506159377
13,535.4594126826496,67.35970338895089
13,535.466318446201,67.97369102722324
13,535.4732209081877,66.34192318948007
13,535.4801200686103,67.58086356764835
13,535.4870159274684,67.189466752479
13,535.4939084847621,67.7519254405328
13,535.5007977404915,68.66653451342748
13,535.5076836946565,68.3813203230364
13,535.5145663472571,69.5022591055888
13,535.5214456982934,68.89871867316891
13,535.5283217477653,68.08690137252573
13,535.5351944956727,68.65129381333671
13,535.5420639420158,70.72842734650717
13,535.5489300867946,72.13744409702467
13,535.555792930009,71.96562037762679
13,535.562652471659,72.04641804218241
13,535.5695087117447,73.26739549868556
13,535.5763616502659,72.45159916296393
13,535.5832112872228,72.48692564095089
13,535.5900576226153,73.63873609916769
13,535.5969006564434,74.47934859804671
13,535.6037403887073,72.68353565317392
13,535.6105768194066,73.48141816070819
13,535.6174099485416,74.64961931489569
13,535.6242397761123,75.43149871866163
13,535.6310663021185,75.35642299082998
13,535.6378895265603,75.66571964088321
13,535.6447094494379,75.98711038300686
13,535.6515260707511,76.07692088941106
13,535.6583393904998,76.16052035984083
13,535.6651494086842,77.03651025659804
13,535.6719561253043,77.62516177352478
13,535.6787595403599,76.26420053963159
13,535.6855596538512,77.81262677099794
13,535.6923564657781,77.49294295802564
13,535.6991499761406,79.77190899548803
13,535.7059401849388,78.34226589024577
13,535.7127270921725,79.05434723217097
13,535.7195106978419,80.31404724719687
13,535.726291001947,78.5742087405671
13,535.7330680044876,81.43455713804296
13,535.7398417054638,82.56768733341784
13,535.7466121048758,82.65443512718849
13,535.7533792027233,85.77608088121299
13,535.7601429990065,83.53171307250055
13,535.7669034937253,87.20549315112012
13,535.7736606868797,83.64359036344806
13,535.7804145784697,84.96643826267338
13,535.7871651684953,85.94236589682464
13,535.7939124569566,88.90458299953691
13,535.8006564438535,87.93286769433152
13,535.8073971291861,86.89876403340041
13,535.8141345129543,87.10756830380092
13,535.8208685951581,87.59611053405787
13,535.8275993757975,89.161318435814
13,535.8343268548725,90.70603346167707
13,535.8410510323832,90.77381844156692
13,535.8477719083295,91.5395253335169
13,535.8544894827114,92.21009648536304
13,535.861203755529,91.53861448873076
13,535.8679147267821,93.99367550725677
13,535.874622396471,92.73726814232265
13,535.8813267645953,95.34285430190384
13,535.8880278311555,96.25390537664515
13,535.8947255961511,94.91694502280109
13,535.9014200595824,97.82700709166984
13,535.9081112214493,97.45786297744219
13,535.9147990817519,95.50522960385454
13,535.92148364049,96.39353009809403
13,535.9281648976639,103.29916007531556
13,535.9348428532733,101.80668026376414
13,535.9415175073184,104.19941007972858
13,535.9481888597991,103.22492824052297
13,535.9548569107153,102.95986652663974
13,535.9615216600673,106.89293222109157
13,535.9681831078549,106.45831560881973
13,535.974841254078,105.85390698042627
13,535.9814960987369,109.08813905078033
13,535.9881476418313,108.74625203944296
13,535.9947958833613,111.2262563215064
13,536.001440823327,107.81832989066106
13,536.0080824617283,108.84581682121032
13,536.0147207985653,110.77239036391522
13,536.0213558338379,114.67941296841434
13,536.0279875675461,114.51799971340462
13,536.0346159996899,117.84200707169502
13,536.0412411302693,115.3147185519674
13,536.0478629592844,117.7149050569685
13,536.0544814867351,119.01007676862494
13,536.0610967126214,117.07957542918246
13,536.0677086369434,117.59335559438037
13,536.0743172597009,122.84663803444265
13,536.0809225808941,121.91918437444725
13,536.087524600523,126.19034446062908
13,536.0941233185874,123.26378560438499
13,536.1007187350875,128.30780690851478
13,536.1073108500233,128.59544251297146
13,536.1138996633946,130.8924943666591
13,536.1204851752016,131.61990020559932
13,536.1270673854441,132.67469206368594
13,536.1336462941224,133.7464272343188
13,536.1402219012361,133.21242391523788
13,536.1467942067857,135.7898260424454
13,536.1533632107707,140.46181129307567
13,536.1599289131915,139.37865279572588
13,536.1664913140478,140.61575833700428
13,536.1730504133398,136.19096800738086
13,536.1796062110674,141.7925454934626
13,536.1861587072306,142.5447916551534
13,536.1927079018294,145.55687743702893
13,536.1992537948639,145.09800664982004
13,536.205796386334,144.78045939970826
13,536.2123356762397,146.93090181582056
13,536.218871664581,153.3529589674535
13,536.2254043513581,151.68164457179043
13,536.2319337365707,153.06918995949707
13,536.2384598202188,155.03611488235086
13,536.2449826023027,155.6275226196065
13,536.2515020828222,155.54108824156185
13,536.2580182617772,155.93521162513568
13,536.2645311391681,158.210379044479
13,536.2710407149943,168.52150828438178
13,536.2775469892564,165.95772638155984
13,536.284049961954,170.8826232090783
13,536.2905496330872,170.50521078245396
13,536.2970460026561,171.46213982886644
13,536.3035390706606,181.0916580838072
13,536.3100288371006,181.98841513139612
13,536.3165153019764,172.52677810271126
13,536.3229984652878,179.29271598153576
13,536.3294783270347,178.42035200367877
13,536.3359548872173,182.4222900051922
13,536.3424281458356,188.64130995389309
13,536.3488981028895,187.61741161866178
13,536.355364758379,194.63796442432633
13,536.3618281123041,191.04569228813764
13,536.3682881646648,197.7897802236258
13,536.3747449154612,200.43746865935248
13,536.3811983646932,195.86754503603368
13,536.3876485123608,199.55279109536514
13,536.394095358464,200.8179749773076
13,536.4005389030029,196.48592751024728
13,536.4069791459774,208.9602811431998
13,536.4134160873875,210.83516748539856
13,536.4198497272333,212.2967334213282
13,536.4262800655147,226.47907813000708
13,536.4327071022317,224.00584799841866
13,536.4391308373844,232.2848881069713
13,536.4455512709726,230.32386817644976
13,536.4519684029965,238.08300778200032
13,536.458382233456,238.62436223640302
13,536.4647927623511,238.66600717481955
13,536.4711999896818,246.13698938929693
13,536.4776039154483,250.55523714725717
13,536.4840045396503,249.6034098498878
13,536.4904018622879,249.75126846208155
13,536.4967958833612,251.9411144114199
13,536.5031866028701,255.16764292388913
13,536.5095740208146,267.16942145748067
13,536.5159581371947,270.07602573837215
13,536.5223389520105,268.2560179669069
13,536.5287164652618,266.2266150016051
13,536.5350906769489,271.5620379643258
13,536.5414615870716,284.92492225749965
13,536.5478291956298,289.6997293402571
13,536.5541935026237,294.3509429353891
13,536.5605545080532,288.3932847125611
13,536.5669122119184,299.65889342610376
13,536.5732666142192,301.2090313945563
13,536.5796177149556,312.871123059922
13,536.5859655141276,310.0071816086859
13,536.5923100117352,321.0086591515787
13,536.5986512077785,330.46251604457876
13,536.6049891022574,332.2861571326603
13,536.6113236951719,351.75302708061724
13,536.6176549865221,361.1169061103532
13,536.6239829763078,370.76545963087045
13,536.6303076645293,348.6991311922878
13,536.6366290511863,362.9628290063996
13,536.642947136279,382.33510862159306
13,536.6492619198073,386.57178747716904
13,536.6555734017712,377.53259088847767
13,536.6618815821707,378.2543520847941
13,536.6681864610059,378.1918918878765
13,536.6744880382766,380.9766903529378
13,536.680786313983,405.414404857485
13,536.6870812881251,412.59439290464684
13,536.6933729607028,420.4203848432145
13,536.6996613317161,424.3556416445105
13,536.7059464011651,416.8007254259726
13,536.7122281690496,433.1700264614889
13,536.7185066353697,464.6748918542404
